reporting_year,priority_rank,priority_tier,founder_id,founder_ico,founder_name,founder_type,school_count,finm_line_count,finm_operating_czk,finm_investment_czk,finm_total_czk,current_support_school_count,current_attributed_czk,evidence_status,recipient_source_kind,recipient_source_basis,recipient_source_parser_status,recipient_source_url,monitor_url
2024,1,large_multi_school,founder:44992785,44992785,Statutární město Brno,obec,177,10,611236629,7988560,619225189,177,4714855208,recipient_schedule_required,,,,,https://monitor.statnipokladna.gov.cz/api/ukazatele?ic=44992785&obdobi=2412
2024,2,large_multi_school,founder:00064581,00064581,Hlavní město Praha,kraj,160,35,4611809205,443770878,5055580083,160,9110508572,recipient_schedule_required,,,,,https://monitor.statnipokladna.gov.cz/api/ukazatele?ic=00064581&obdobi=2412
2024,3,large_multi_school,founder:70890692,70890692,Moravskoslezský kraj,kraj,153,36,1292348238,367455911,1659804149,153,8938437191,recipient_schedule_required,,,,,https://monitor.statnipokladna.gov.cz/api/ukazatele?ic=70890692&obdobi=2412
2024,4,large_multi_school,founder:70891095,70891095,Středočeský kraj,kraj,151,16,939971476,246198933,1186170409,151,7334759447,recipient_schedule_required,,,,,https://monitor.statnipokladna.gov.cz/api/ukazatele?ic=70891095&obdobi=2412
2024,5,large_multi_school,founder:70888337,70888337,Jihomoravský kraj,kraj,144,40,1309496690,593451263,1902947953,144,7320307275,recipient_schedule_required,,,,,https://monitor.statnipokladna.gov.cz/api/ukazatele?ic=70888337&obdobi=2412
2024,6,large_multi_school,founder:70890650,70890650,Jihočeský kraj,kraj,109,26,832537411,506299261,1338836672,109,4735749559,recipient_schedule_required,,,,,https://monitor.statnipokladna.gov.cz/api/ukazatele?ic=70890650&obdobi=2412
2024,7,large_multi_school,founder:00845451,00845451,Statutární město Ostrava,obec,101,13,519806457,51491493,571297950,101,3754358945,recipient_schedule_required,,,,,https://monitor.statnipokladna.gov.cz/api/ukazatele?ic=00845451&obdobi=2412
2024,8,large_multi_school,founder:60609460,60609460,Olomoucký kraj,kraj,93,24,585081545,87975443,673056988,93,4221926362,recipient_schedule_required,,,,,https://monitor.statnipokladna.gov.cz/api/ukazatele?ic=60609460&obdobi=2412
2024,9,large_multi_school,founder:70891320,70891320,Zlínský kraj,kraj,88,17,587543158,155123660,742666818,88,4008385430,recipient_schedule_required,,,,,https://monitor.statnipokladna.gov.cz/api/ukazatele?ic=70891320&obdobi=2412
2024,10,large_multi_school,founder:70892156,70892156,Ústecký kraj,kraj,79,24,896157293,85903271,982060564,79,4753457738,recipient_schedule_required,,,,,https://monitor.statnipokladna.gov.cz/api/ukazatele?ic=70892156&obdobi=2412
2024,11,large_multi_school,founder:00075370,00075370,Statutární město Plzeň,obec,66,6,287282798,30787060,318069858,66,2101285744,recipient_schedule_required,,,,,https://monitor.statnipokladna.gov.cz/api/ukazatele?ic=00075370&obdobi=2412
2024,12,large_multi_school,founder:70892822,70892822,Pardubický kraj,obec,65,20,411245596,106615378,517860974,65,3255098353,recipient_schedule_required,,,,,https://monitor.statnipokladna.gov.cz/api/ukazatele?ic=70892822&obdobi=2412
2024,13,large_multi_school,founder:70889546,70889546,Královéhradecký kraj,kraj,64,19,640043474,264541608,904585082,64,3585344872,recipient_schedule_required,,,,,https://monitor.statnipokladna.gov.cz/api/ukazatele?ic=70889546&obdobi=2412
2024,14,large_multi_school,founder:70890366,70890366,Plzeňský kraj,kraj,61,25,552547837,487428795,1039976632,61,3603174537,recipient_schedule_required,,,,,https://monitor.statnipokladna.gov.cz/api/ukazatele?ic=70890366&obdobi=2412
2024,15,large_multi_school,founder:00262978,00262978,Statutární město Liberec,obec,54,7,223371120,999439,224370559,54,1510607322,recipient_schedule_required,,,,,https://monitor.statnipokladna.gov.cz/api/ukazatele?ic=00262978&obdobi=2412
2024,16,large_multi_school,founder:00274046,00274046,Statutární město Pardubice,obec,49,9,154976840,1187140,156163980,49,1318400881,recipient_schedule_required,,,,,https://monitor.statnipokladna.gov.cz/api/ukazatele?ic=00274046&obdobi=2412
2024,17,large_multi_school,founder:00081531,00081531,Statutární město Ústí nad Labem,obec,46,5,166048014,1315178,167363192,46,1221214476,recipient_schedule_required,,,,,https://monitor.statnipokladna.gov.cz/api/ukazatele?ic=00081531&obdobi=2412
2024,18,large_multi_school,founder:70890749,70890749,Kraj Vysočina,kraj,45,13,561467956,19747281,581215237,45,2717378397,recipient_schedule_required,,,,,https://monitor.statnipokladna.gov.cz/api/ukazatele?ic=70890749&obdobi=2412
2024,19,large_multi_school,founder:70891508,70891508,Liberecký kraj,kraj,45,12,435110185,26968066,462078251,45,2316126875,recipient_schedule_required,,,,,https://monitor.statnipokladna.gov.cz/api/ukazatele?ic=70891508&obdobi=2412
2024,20,large_multi_school,founder:00063584,00063584,Městská část Praha 4,obec,39,0,0,0,0,39,1473218590,founder_source_required,,,,,https://monitor.statnipokladna.gov.cz/api/ukazatele?ic=00063584&obdobi=2412
2024,21,large_multi_school,founder:00283924,00283924,Statutární město Zlín,obec,35,4,117269902,24764356,142034258,35,1015340808,recipient_schedule_required,,,,,https://monitor.statnipokladna.gov.cz/api/ukazatele?ic=00283924&obdobi=2412
2024,22,large_multi_school,founder:00063703,00063703,Městská část Praha 6,obec,34,0,0,0,0,34,1382840097,founder_source_required,,,,,https://monitor.statnipokladna.gov.cz/api/ukazatele?ic=00063703&obdobi=2412
2024,23,large_multi_school,founder:00063797,00063797,Městská část Praha 8,obec,33,0,0,0,0,33,1230468795,founder_source_required,,,,,https://monitor.statnipokladna.gov.cz/api/ukazatele?ic=00063797&obdobi=2412
2024,24,large_multi_school,founder:00063941,00063941,Městská část Praha 10,obec,33,0,0,0,0,33,149430000,recipient_source_cataloged,approved_school_budget,budgeted,ready,https://praha10.cz/wp-content/uploads/2025/12/Rozpocet-prisp.-organizaci-odboru-skolstvi-na-rok-2024-a-vyhledy-2025-2026-zverejneno-21.12.2023-dopl.-Bajkal.-II.xlsx,https://monitor.statnipokladna.gov.cz/api/ukazatele?ic=00063941&obdobi=2412
2024,25,large_multi_school,founder:00241687,00241687,Městská část Praha 13,obec,32,0,0,0,0,32,917445119,founder_source_required,,,,,https://monitor.statnipokladna.gov.cz/api/ukazatele?ic=00241687&obdobi=2412
2024,26,large_multi_school,founder:00244732,00244732,Statutární město České Budějovice,obec,31,6,253959080,81546285,335505365,31,1298701853,recipient_schedule_required,,,,,https://monitor.statnipokladna.gov.cz/api/ukazatele?ic=00244732&obdobi=2412
2024,27,large_multi_school,founder:00299308,00299308,Statutární město Olomouc,obec,31,5,199642739,36822522,236465261,31,1386723960,recipient_schedule_required,,,,,https://monitor.statnipokladna.gov.cz/api/ukazatele?ic=00299308&obdobi=2412
2024,28,large_multi_school,founder:00297488,00297488,Statutární město Havířov,obec,31,6,176754911,2669278,179424189,31,852661674,recipient_schedule_required,,,,,https://monitor.statnipokladna.gov.cz/api/ukazatele?ic=00297488&obdobi=2412
2024,29,large_multi_school,founder:00268810,00268810,Statutární město Hradec Králové,obec,30,8,214952471,9134532,224087003,30,1246405260,recipient_schedule_required,,,,,https://monitor.statnipokladna.gov.cz/api/ukazatele?ic=00268810&obdobi=2412
2024,30,large_multi_school,founder:00234516,00234516,Statutární město Kladno,obec,28,4,125217255,4958000,130175255,28,1069816160,recipient_schedule_required,,,,,https://monitor.statnipokladna.gov.cz/api/ukazatele?ic=00234516&obdobi=2412
2024,31,large_multi_school,founder:00262340,00262340,Statutární město Jablonec nad Nisou,obec,28,8,98586240,1727816,100314056,28,633597945,recipient_schedule_required,,,,,https://monitor.statnipokladna.gov.cz/api/ukazatele?ic=00262340&obdobi=2412
2024,32,large_multi_school,founder:00300535,00300535,Statutární město Opava,obec,27,7,111359840,20861031,132220871,27,691002603,recipient_schedule_required,,,,,https://monitor.statnipokladna.gov.cz/api/ukazatele?ic=00300535&obdobi=2412
2024,33,large_multi_school,founder:00063631,00063631,Městská část Praha 5,obec,26,0,0,0,0,26,967127479,founder_source_required,,,,,https://monitor.statnipokladna.gov.cz/api/ukazatele?ic=00063631&obdobi=2412
2024,34,large_multi_school,founder:70891168,70891168,Karlovarský kraj,kraj,24,17,294869460,116713951,411583411,24,1430367603,recipient_schedule_required,,,,,https://monitor.statnipokladna.gov.cz/api/ukazatele?ic=70891168&obdobi=2412
2024,35,large_multi_school,founder:00266621,00266621,Statutární město Teplice,obec,24,5,138788098,2569279,141357377,24,683312868,recipient_schedule_required,,,,,https://monitor.statnipokladna.gov.cz/api/ukazatele?ic=00266621&obdobi=2412
2024,36,large_multi_school,founder:00231126,00231126,Městská část Praha 11,obec,24,0,0,0,0,24,1036038840,founder_source_required,,,,,https://monitor.statnipokladna.gov.cz/api/ukazatele?ic=00231126&obdobi=2412
2024,37,large_multi_school,founder:00243132,00243132,Město Příbram,obec,22,6,60392038,3336730,63728768,22,573168956,recipient_schedule_required,,,,,https://monitor.statnipokladna.gov.cz/api/ukazatele?ic=00243132&obdobi=2412
2024,38,large_multi_school,founder:00063517,00063517,Městská část Praha 3,obec,22,0,0,0,0,22,771913461,founder_source_required,,,,,https://monitor.statnipokladna.gov.cz/api/ukazatele?ic=00063517&obdobi=2412
2024,39,large_multi_school,founder:00231151,00231151,Městská část Praha 12,obec,22,0,0,0,0,22,810427937,founder_source_required,,,,,https://monitor.statnipokladna.gov.cz/api/ukazatele?ic=00231151&obdobi=2412
2024,40,multi_school,founder:00296643,00296643,Statutární město Frýdek-Místek,obec,20,6,133725602,3570412,137296014,20,796691241,recipient_schedule_required,,,,,https://monitor.statnipokladna.gov.cz/api/ukazatele?ic=00296643&obdobi=2412
2024,41,multi_school,founder:00290629,00290629,Město Třebíč,obec,19,6,54766168,1120000,55886168,19,548647925,recipient_schedule_required,,,,,https://monitor.statnipokladna.gov.cz/api/ukazatele?ic=00290629&obdobi=2412
2024,42,multi_school,founder:00301825,00301825,Statutární město Přerov,obec,19,6,52937383,2526842,55464225,19,478686103,recipient_schedule_required,,,,,https://monitor.statnipokladna.gov.cz/api/ukazatele?ic=00301825&obdobi=2412
2024,43,multi_school,founder:00260428,00260428,Město Česká Lípa,obec,17,7,88655602,2477206,91132808,17,654357442,recipient_schedule_required,,,,,https://monitor.statnipokladna.gov.cz/api/ukazatele?ic=00260428&obdobi=2412
2024,44,multi_school,founder:00266094,00266094,Statutární město Most,obec,17,6,86556000,324000,86880000,17,834715159,recipient_schedule_required,,,,,https://monitor.statnipokladna.gov.cz/api/ukazatele?ic=00266094&obdobi=2412
2024,45,multi_school,founder:00238295,00238295,Statutární město Mladá Boleslav,obec,17,5,77025515,853417,77878932,17,675657676,recipient_schedule_required,,,,,https://monitor.statnipokladna.gov.cz/api/ukazatele?ic=00238295&obdobi=2412
2024,46,multi_school,founder:00063461,00063461,Městská část Praha 2,obec,17,0,0,0,0,17,598255143,founder_source_required,,,,,https://monitor.statnipokladna.gov.cz/api/ukazatele?ic=00063461&obdobi=2412
2024,47,multi_school,founder:00231312,00231312,Městská část Praha 14,obec,16,0,0,0,0,16,552607265,founder_source_required,,,,,https://monitor.statnipokladna.gov.cz/api/ukazatele?ic=00231312&obdobi=2412
2024,48,multi_school,founder:00261238,00261238,Statutární město Děčín,obec,15,5,105140603,1390760,106531363,15,708936324,recipient_schedule_required,,,,,https://monitor.statnipokladna.gov.cz/api/ukazatele?ic=00261238&obdobi=2412
2024,49,multi_school,founder:00235440,00235440,Město Kolín,obec,15,6,73204322,868608,74072930,15,557642972,recipient_schedule_required,,,,,https://monitor.statnipokladna.gov.cz/api/ukazatele?ic=00235440&obdobi=2412
2024,50,multi_school,founder:00292427,00292427,Město Vyškov,obec,15,5,49953880,4500166,54454046,15,359582323,recipient_schedule_required,,,,,https://monitor.statnipokladna.gov.cz/api/ukazatele?ic=00292427&obdobi=2412
2024,51,multi_school,founder:00288659,00288659,Statutární město Prostějov,obec,14,9,129470089,9115865,138585954,14,668128476,recipient_schedule_required,,,,,https://monitor.statnipokladna.gov.cz/api/ukazatele?ic=00288659&obdobi=2412
2024,52,multi_school,founder:00286010,00286010,Statutární město Jihlava,obec,14,6,90968000,2857000,93825000,14,853586997,recipient_schedule_required,,,,,https://monitor.statnipokladna.gov.cz/api/ukazatele?ic=00286010&obdobi=2412
2024,53,multi_school,founder:00304450,00304450,Město Vsetín,obec,14,4,63834780,12523027,76357807,14,352666109,recipient_schedule_required,,,,,https://monitor.statnipokladna.gov.cz/api/ukazatele?ic=00304450&obdobi=2412
2024,54,multi_school,founder:00253979,00253979,Město Cheb,obec,14,5,59056168,932992,59989160,14,448659993,recipient_schedule_required,,,,,https://monitor.statnipokladna.gov.cz/api/ukazatele?ic=00253979&obdobi=2412
2024,55,multi_school,founder:00272868,00272868,Město Náchod,obec,14,6,49265806,10081716,59347522,14,282690968,recipient_schedule_required,,,,,https://monitor.statnipokladna.gov.cz/api/ukazatele?ic=00272868&obdobi=2412
2024,56,multi_school,founder:00287351,00287351,Město Kroměříž,obec,14,5,48137000,2465000,50602000,14,399753219,recipient_schedule_required,,,,,https://monitor.statnipokladna.gov.cz/api/ukazatele?ic=00287351&obdobi=2412
2024,57,multi_school,founder:00063894,00063894,Městská část Praha 9,obec,14,0,0,0,0,14,527198741,founder_source_required,,,,,https://monitor.statnipokladna.gov.cz/api/ukazatele?ic=00063894&obdobi=2412
2024,58,multi_school,founder:00254657,00254657,Statutární město Karlovy Vary,obec,13,4,65989900,0,65989900,13,690573466,recipient_schedule_required,,,,,https://monitor.statnipokladna.gov.cz/api/ukazatele?ic=00254657&obdobi=2412
2024,59,multi_school,founder:00259586,00259586,Město Sokolov,obec,13,5,55144648,1408056,56552704,13,375106059,recipient_schedule_required,,,,,https://monitor.statnipokladna.gov.cz/api/ukazatele?ic=00259586&obdobi=2412
2024,60,multi_school,founder:00283061,00283061,Město Břeclav,obec,13,4,49134000,3500000,52634000,13,360109150,recipient_schedule_required,,,,,https://monitor.statnipokladna.gov.cz/api/ukazatele?ic=00283061&obdobi=2412
2024,61,multi_school,founder:00279676,00279676,Město Ústí nad Orlicí,obec,13,10,50481504,1387210,51868714,13,228070357,recipient_schedule_required,,,,,https://monitor.statnipokladna.gov.cz/api/ukazatele?ic=00279676&obdobi=2412
2024,62,multi_school,founder:00276227,00276227,Město Turnov,obec,13,6,37849534,100000,37949534,13,317943719,recipient_schedule_required,,,,,https://monitor.statnipokladna.gov.cz/api/ukazatele?ic=00276227&obdobi=2412
2024,63,multi_school,founder:00231355,00231355,Městská část Praha 15,obec,13,0,0,0,0,13,426864385,founder_source_required,,,,,https://monitor.statnipokladna.gov.cz/api/ukazatele?ic=00231355&obdobi=2412
2024,64,multi_school,founder:00297313,00297313,Statutární město Třinec,obec,12,5,78230000,66864000,145094000,12,486782954,recipient_schedule_required,,,,,https://monitor.statnipokladna.gov.cz/api/ukazatele?ic=00297313&obdobi=2412
2024,65,multi_school,founder:00261891,00261891,Statutární město Chomutov,obec,12,7,89429900,1495000,90924900,12,727350869,recipient_schedule_required,,,,,https://monitor.statnipokladna.gov.cz/api/ukazatele?ic=00261891&obdobi=2412
2024,66,multi_school,founder:00293881,00293881,Město Znojmo,obec,12,6,65346290,7276821,72623111,12,556967848,recipient_schedule_required,,,,,https://monitor.statnipokladna.gov.cz/api/ukazatele?ic=00293881&obdobi=2412
2024,67,multi_school,founder:00237051,00237051,Město Mělník,obec,12,7,53799050,356058,54155108,12,334028520,recipient_schedule_required,,,,,https://monitor.statnipokladna.gov.cz/api/ukazatele?ic=00237051&obdobi=2412
2024,68,multi_school,founder:00265209,00265209,Město Louny,obec,12,5,40382498,11347842,51730340,12,336891357,recipient_schedule_required,,,,,https://monitor.statnipokladna.gov.cz/api/ukazatele?ic=00265209&obdobi=2412
2024,69,multi_school,founder:00304387,00304387,Město Valašské Meziříčí,obec,12,3,48685000,0,48685000,12,319696397,recipient_schedule_required,,,,,https://monitor.statnipokladna.gov.cz/api/ukazatele?ic=00304387&obdobi=2412
2024,70,multi_school,founder:00251810,00251810,Město Strakonice,obec,12,4,42578000,1710000,44288000,12,346482323,recipient_schedule_required,,,,,https://monitor.statnipokladna.gov.cz/api/ukazatele?ic=00251810&obdobi=2412
2024,71,multi_school,founder:00265781,00265781,Město Žatec,obec,12,6,41520402,281253,41801655,12,334802996,recipient_schedule_required,,,,,https://monitor.statnipokladna.gov.cz/api/ukazatele?ic=00265781&obdobi=2412
2024,72,multi_school,founder:00261718,00261718,Město Varnsdorf,obec,12,5,28450033,2191622,30641655,12,203610903,recipient_schedule_required,,,,,https://monitor.statnipokladna.gov.cz/api/ukazatele?ic=00261718&obdobi=2412
2024,73,multi_school,founder:00261912,00261912,Město Kadaň,obec,12,5,28522000,120000,28642000,12,284475547,recipient_schedule_required,,,,,https://monitor.statnipokladna.gov.cz/api/ukazatele?ic=00261912&obdobi=2412
2024,74,multi_school,founder:00063410,00063410,Městská část Praha 1,obec,12,0,0,0,0,12,414387417,founder_source_required,,,,,https://monitor.statnipokladna.gov.cz/api/ukazatele?ic=00063410&obdobi=2412
2024,75,multi_school,founder:00297534,00297534,Statutární město Karviná,obec,11,3,100976473,8550000,109526473,11,575911874,recipient_schedule_required,,,,,https://monitor.statnipokladna.gov.cz/api/ukazatele?ic=00297534&obdobi=2412
2024,76,multi_school,founder:00296139,00296139,Město Krnov,obec,11,8,70617552,6206470,76824022,11,292741285,recipient_schedule_required,,,,,https://monitor.statnipokladna.gov.cz/api/ukazatele?ic=00296139&obdobi=2412
2024,77,multi_school,founder:00240702,00240702,Město Říčany,obec,11,6,36321052,420610,36741662,11,288489781,recipient_schedule_required,,,,,https://monitor.statnipokladna.gov.cz/api/ukazatele?ic=00240702&obdobi=2412
2024,78,multi_school,founder:00277444,00277444,Město Svitavy,obec,11,8,30853000,5375000,36228000,11,286305631,recipient_schedule_required,,,,,https://monitor.statnipokladna.gov.cz/api/ukazatele?ic=00277444&obdobi=2412
2024,79,multi_school,founder:00245836,00245836,Město Český Krumlov,obec,11,2,34098000,0,34098000,11,228811862,recipient_schedule_required,,,,,https://monitor.statnipokladna.gov.cz/api/ukazatele?ic=00245836&obdobi=2412
2024,80,multi_school,founder:00297577,00297577,Město Orlová,obec,11,4,28292735,638155,28930890,11,328558259,recipient_schedule_required,,,,,https://monitor.statnipokladna.gov.cz/api/ukazatele?ic=00297577&obdobi=2412
2024,81,multi_school,founder:00270211,00270211,Město Chrudim,obec,11,4,28035912,400000,28435912,11,334567768,recipient_schedule_required,,,,,https://monitor.statnipokladna.gov.cz/api/ukazatele?ic=00270211&obdobi=2412
2024,82,multi_school,founder:00291463,00291463,Město Uherský Brod,obec,11,2,28044992,0,28044992,11,221708060,recipient_schedule_required,,,,,https://monitor.statnipokladna.gov.cz/api/ukazatele?ic=00291463&obdobi=2412
2024,83,multi_school,founder:00063754,00063754,Městská část Praha 7,obec,11,0,0,0,0,11,563158398,founder_source_required,,,,,https://monitor.statnipokladna.gov.cz/api/ukazatele?ic=00063754&obdobi=2412
2024,84,multi_school,founder:00244309,00244309,Město Rakovník,obec,10,5,33562342,3671998,37234340,10,246877706,recipient_schedule_required,,,,,https://monitor.statnipokladna.gov.cz/api/ukazatele?ic=00244309&obdobi=2412
2024,85,multi_school,founder:00271632,00271632,Město Jičín,obec,10,5,33767882,1474297,35242179,10,323882380,recipient_schedule_required,,,,,https://monitor.statnipokladna.gov.cz/api/ukazatele?ic=00271632&obdobi=2412
2024,86,multi_school,founder:00246875,00246875,Město Jindřichův Hradec,obec,10,2,34824000,0,34824000,10,325778220,recipient_schedule_required,,,,,https://monitor.statnipokladna.gov.cz/api/ukazatele?ic=00246875&obdobi=2412
2024,87,multi_school,founder:00278360,00278360,Město Trutnov,obec,9,6,94206364,21063647,115270011,9,495069382,recipient_schedule_required,,,,,https://monitor.statnipokladna.gov.cz/api/ukazatele?ic=00278360&obdobi=2412
2024,88,multi_school,founder:00284891,00284891,Město Hodonín,obec,9,3,53596520,725970,54322490,9,307267327,recipient_schedule_required,,,,,https://monitor.statnipokladna.gov.cz/api/ukazatele?ic=00284891&obdobi=2412
2024,89,multi_school,founder:00240079,00240079,Město Brandýs nad Labem - Stará Boleslav,obec,9,3,47143190,0,47143190,9,346249403,recipient_schedule_required,,,,,https://monitor.statnipokladna.gov.cz/api/ukazatele?ic=00240079&obdobi=2412
2024,90,multi_school,founder:00264334,00264334,Město Roudnice nad Labem,obec,9,4,38899000,450000,39349000,9,276282963,recipient_schedule_required,,,,,https://monitor.statnipokladna.gov.cz/api/ukazatele?ic=00264334&obdobi=2412
2024,91,multi_school,founder:00231401,00231401,Město Benešov,obec,9,6,38501000,0,38501000,9,333212815,recipient_schedule_required,,,,,https://monitor.statnipokladna.gov.cz/api/ukazatele?ic=00231401&obdobi=2412
2024,92,multi_school,founder:00304271,00304271,Město Rožnov pod Radhoštěm,obec,9,5,31010000,2831000,33841000,9,216299601,recipient_schedule_required,,,,,https://monitor.statnipokladna.gov.cz/api/ukazatele?ic=00304271&obdobi=2412
2024,93,multi_school,founder:00279943,00279943,Město Blansko,obec,9,2,32744000,0,32744000,9,269574626,recipient_schedule_required,,,,,https://monitor.statnipokladna.gov.cz/api/ukazatele?ic=00279943&obdobi=2412
2024,94,multi_school,founder:00275336,00275336,Město Rychnov nad Kněžnou,obec,9,5,23749862,6951955,30701817,9,176997072,recipient_schedule_required,,,,,https://monitor.statnipokladna.gov.cz/api/ukazatele?ic=00275336&obdobi=2412
2024,95,multi_school,founder:00236977,00236977,Město Kralupy nad Vltavou,obec,9,5,30589874,0,30589874,9,317569623,recipient_schedule_required,,,,,https://monitor.statnipokladna.gov.cz/api/ukazatele?ic=00236977&obdobi=2412
2024,96,multi_school,founder:00254061,00254061,Město Mariánské Lázně,obec,9,6,24198121,607238,24805359,9,210941100,recipient_schedule_required,,,,,https://monitor.statnipokladna.gov.cz/api/ukazatele?ic=00254061&obdobi=2412
2024,97,multi_school,founder:00279102,00279102,Město Lanškroun,obec,9,6,21980390,443192,22423582,9,180070192,recipient_schedule_required,,,,,https://monitor.statnipokladna.gov.cz/api/ukazatele?ic=00279102&obdobi=2412
2024,98,multi_school,founder:00303461,00303461,Město Šumperk,obec,8,5,56243289,1318809,57562098,8,364202999,recipient_schedule_required,,,,,https://monitor.statnipokladna.gov.cz/api/ukazatele?ic=00303461&obdobi=2412
2024,99,multi_school,founder:00233129,00233129,Město Beroun,obec,8,4,52434775,1808619,54243394,8,336894843,recipient_schedule_required,,,,,https://monitor.statnipokladna.gov.cz/api/ukazatele?ic=00233129&obdobi=2412
2024,100,multi_school,founder:00253014,00253014,Město Tábor,obec,8,6,50075918,3960252,54036170,8,377204158,recipient_schedule_required,,,,,https://monitor.statnipokladna.gov.cz/api/ukazatele?ic=00253014&obdobi=2412
2024,101,multi_school,founder:00266027,00266027,Město Litvínov,obec,8,6,51639714,430000,52069714,8,432489134,recipient_schedule_required,,,,,https://monitor.statnipokladna.gov.cz/api/ukazatele?ic=00266027&obdobi=2412
2024,102,multi_school,founder:00303640,00303640,Město Zábřeh,obec,8,6,38312898,10881766,49194664,8,219438530,recipient_schedule_required,,,,,https://monitor.statnipokladna.gov.cz/api/ukazatele?ic=00303640&obdobi=2412
2024,103,multi_school,founder:00260231,00260231,Město Tachov,obec,8,6,40743225,6642351,47385576,8,197640517,recipient_schedule_required,,,,,https://monitor.statnipokladna.gov.cz/api/ukazatele?ic=00260231&obdobi=2412
2024,104,multi_school,founder:00295892,00295892,Město Bruntál,obec,8,4,44277453,2775238,47052691,8,281438300,recipient_schedule_required,,,,,https://monitor.statnipokladna.gov.cz/api/ukazatele?ic=00295892&obdobi=2412
2024,105,multi_school,founder:00263958,00263958,Město Litoměřice,obec,8,6,45665000,750000,46415000,8,381477206,recipient_schedule_required,,,,,https://monitor.statnipokladna.gov.cz/api/ukazatele?ic=00263958&obdobi=2412
2024,106,multi_school,founder:00300063,00300063,Město Hlučín,obec,8,4,26531800,19854989,46386789,8,209923267,recipient_schedule_required,,,,,https://monitor.statnipokladna.gov.cz/api/ukazatele?ic=00300063&obdobi=2412
2024,107,multi_school,founder:00253901,00253901,Město Aš,obec,8,7,28641848,694840,29336688,8,195290095,recipient_schedule_required,,,,,https://monitor.statnipokladna.gov.cz/api/ukazatele?ic=00253901&obdobi=2412
2024,108,multi_school,founder:00276111,00276111,Město Semily,obec,8,6,28598782,407761,29006543,8,186135955,recipient_schedule_required,,,,,https://monitor.statnipokladna.gov.cz/api/ukazatele?ic=00276111&obdobi=2412
2024,109,multi_school,founder:00279773,00279773,Město Vysoké Mýto,obec,8,6,26275000,833810,27108810,8,211751539,recipient_schedule_required,,,,,https://monitor.statnipokladna.gov.cz/api/ukazatele?ic=00279773&obdobi=2412
2024,110,multi_school,founder:00278653,00278653,Město Česká Třebová,obec,8,4,24779000,120000,24899000,8,217946933,recipient_schedule_required,,,,,https://monitor.statnipokladna.gov.cz/api/ukazatele?ic=00278653&obdobi=2412
2024,111,multi_school,founder:00259438,00259438,Město Kraslice,obec,8,4,24514598,207244,24721842,8,154020019,recipient_schedule_required,,,,,https://monitor.statnipokladna.gov.cz/api/ukazatele?ic=00259438&obdobi=2412
2024,112,multi_school,founder:00285030,00285030,Město Kyjov,obec,8,5,24370608,300000,24670608,8,197059492,recipient_schedule_required,,,,,https://monitor.statnipokladna.gov.cz/api/ukazatele?ic=00285030&obdobi=2412
2024,113,multi_school,founder:00278475,00278475,Město Vrchlabí,obec,8,4,23688338,0,23688338,8,198422738,recipient_schedule_required,,,,,https://monitor.statnipokladna.gov.cz/api/ukazatele?ic=00278475&obdobi=2412
2024,114,multi_school,founder:00261602,00261602,Město Rumburk,obec,8,4,19933000,610000,20543000,8,158178189,recipient_schedule_required,,,,,https://monitor.statnipokladna.gov.cz/api/ukazatele?ic=00261602&obdobi=2412
2024,115,multi_school,founder:00254843,00254843,Město Ostrov,obec,8,3,20286669,0,20286669,8,232661389,recipient_schedule_required,,,,,https://monitor.statnipokladna.gov.cz/api/ukazatele?ic=00254843&obdobi=2412
2024,116,multi_school,founder:00239402,00239402,Město Lysá nad Labem,obec,8,6,19605000,100000,19705000,8,193732119,recipient_schedule_required,,,,,https://monitor.statnipokladna.gov.cz/api/ukazatele?ic=00239402&obdobi=2412
2024,117,multi_school,founder:00232947,00232947,Město Vlašim,obec,8,4,18650000,0,18650000,8,174950480,recipient_schedule_required,,,,,https://monitor.statnipokladna.gov.cz/api/ukazatele?ic=00232947&obdobi=2412
2024,118,multi_school,founder:00236195,00236195,Město Kutná Hora,obec,7,8,37566682,12261132,49827814,7,292103860,recipient_schedule_required,,,,,https://monitor.statnipokladna.gov.cz/api/ukazatele?ic=00236195&obdobi=2412
2024,119,multi_school,founder:00298212,00298212,Město Nový Jičín,obec,7,5,43304459,2510400,45814859,7,342092077,recipient_schedule_required,,,,,https://monitor.statnipokladna.gov.cz/api/ukazatele?ic=00298212&obdobi=2412
2024,120,multi_school,founder:00291471,00291471,Město Uherské Hradiště,obec,7,4,39226300,1616000,40842300,7,361911958,recipient_schedule_required,,,,,https://monitor.statnipokladna.gov.cz/api/ukazatele?ic=00291471&obdobi=2412
2024,121,multi_school,founder:00277819,00277819,Město Dvůr Králové nad Labem,obec,7,3,39063063,0,39063063,7,247340331,recipient_schedule_required,,,,,https://monitor.statnipokladna.gov.cz/api/ukazatele?ic=00277819&obdobi=2412
2024,122,multi_school,founder:00298077,00298077,Město Kopřivnice,obec,7,4,36499218,1255382,37754600,7,270641427,recipient_schedule_required,,,,,https://monitor.statnipokladna.gov.cz/api/ukazatele?ic=00298077&obdobi=2412
2024,123,multi_school,founder:00267449,00267449,Město Havlíčkův Brod,obec,7,4,33225000,0,33225000,7,365912843,recipient_schedule_required,,,,,https://monitor.statnipokladna.gov.cz/api/ukazatele?ic=00267449&obdobi=2412
2024,124,multi_school,founder:00277177,00277177,Město Polička,obec,7,10,28842211,3908218,32750429,7,170164886,recipient_schedule_required,,,,,https://monitor.statnipokladna.gov.cz/api/ukazatele?ic=00277177&obdobi=2412
2024,125,multi_school,founder:00235334,00235334,Město Český Brod,obec,7,4,31532168,0,31532168,7,215573231,recipient_schedule_required,,,,,https://monitor.statnipokladna.gov.cz/api/ukazatele?ic=00235334&obdobi=2412
2024,126,multi_school,founder:00234877,00234877,Město Slaný,obec,7,4,29786712,1241650,31028362,7,231254951,recipient_schedule_required,,,,,https://monitor.statnipokladna.gov.cz/api/ukazatele?ic=00234877&obdobi=2412
2024,127,multi_school,founder:00301311,00301311,Město Hranice,obec,7,5,27488000,89990,27577990,7,221667520,recipient_schedule_required,,,,,https://monitor.statnipokladna.gov.cz/api/ukazatele?ic=00301311&obdobi=2412
2024,128,multi_school,founder:00266230,00266230,Město Bílina,obec,7,4,24041497,0,24041497,7,223753276,recipient_schedule_required,,,,,https://monitor.statnipokladna.gov.cz/api/ukazatele?ic=00266230&obdobi=2412
2024,129,multi_school,founder:00278955,00278955,Město Choceň,obec,7,6,23008652,100000,23108652,7,180153697,recipient_schedule_required,,,,,https://monitor.statnipokladna.gov.cz/api/ukazatele?ic=00278955&obdobi=2412
2024,130,multi_school,founder:00299529,00299529,Město Šternberk,obec,7,6,19127000,2410217,21537217,7,193395694,recipient_schedule_required,,,,,https://monitor.statnipokladna.gov.cz/api/ukazatele?ic=00299529&obdobi=2412
2024,131,multi_school,founder:00263991,00263991,Město Lovosice,obec,7,5,20985000,0,20985000,7,167408554,recipient_schedule_required,,,,,https://monitor.statnipokladna.gov.cz/api/ukazatele?ic=00263991&obdobi=2412
2024,132,multi_school,founder:00287113,00287113,Město Bystřice pod Hostýnem,obec,7,3,20140063,70000,20210063,7,127823227,recipient_schedule_required,,,,,https://monitor.statnipokladna.gov.cz/api/ukazatele?ic=00287113&obdobi=2412
2024,133,multi_school,founder:00242098,00242098,Město Dobříš,obec,7,4,19378000,100000,19478000,7,221231789,recipient_schedule_required,,,,,https://monitor.statnipokladna.gov.cz/api/ukazatele?ic=00242098&obdobi=2412
2024,134,multi_school,founder:00295671,00295671,Město Velké Meziříčí,obec,7,2,17998568,0,17998568,7,194337800,recipient_schedule_required,,,,,https://monitor.statnipokladna.gov.cz/api/ukazatele?ic=00295671&obdobi=2412
2024,135,multi_school,founder:00254801,00254801,Město Nejdek,obec,7,3,16382391,0,16382391,7,125764850,recipient_schedule_required,,,,,https://monitor.statnipokladna.gov.cz/api/ukazatele?ic=00254801&obdobi=2412
2024,136,multi_school,founder:00271560,00271560,Město Hořice,obec,7,5,14650000,350000,15000000,7,139037003,recipient_schedule_required,,,,,https://monitor.statnipokladna.gov.cz/api/ukazatele?ic=00271560&obdobi=2412
2024,137,multi_school,founder:00266281,00266281,Město Dubí,obec,7,3,13140897,0,13140897,7,98304414,recipient_schedule_required,,,,,https://monitor.statnipokladna.gov.cz/api/ukazatele?ic=00266281&obdobi=2412
2024,138,multi_school,founder:00262854,00262854,Město Hrádek nad Nisou,obec,7,3,12923185,0,12923185,7,133929421,recipient_schedule_required,,,,,https://monitor.statnipokladna.gov.cz/api/ukazatele?ic=00262854&obdobi=2412
2024,139,multi_school,founder:00231223,00231223,Městská část Praha 17,obec,7,0,0,0,0,7,325555959,founder_source_required,,,,,https://monitor.statnipokladna.gov.cz/api/ukazatele?ic=00231223&obdobi=2412
2024,140,multi_school,founder:00249998,00249998,Město Písek,obec,6,2,64688476,28900124,93588600,6,488477662,recipient_schedule_required,,,,,https://monitor.statnipokladna.gov.cz/api/ukazatele?ic=00249998&obdobi=2412
2024,141,multi_school,founder:00297569,00297569,Město Bohumín,obec,6,4,61253862,2717012,63970874,6,249496520,recipient_schedule_required,,,,,https://monitor.statnipokladna.gov.cz/api/ukazatele?ic=00297569&obdobi=2412
2024,142,multi_school,founder:00261904,00261904,Město Jirkov,obec,6,5,56763000,2999999,59762999,6,314143991,recipient_schedule_required,,,,,https://monitor.statnipokladna.gov.cz/api/ukazatele?ic=00261904&obdobi=2412
2024,143,multi_school,founder:00295841,00295841,Město Žďár nad Sázavou,obec,6,4,46868108,375000,47243108,6,323365852,recipient_schedule_required,,,,,https://monitor.statnipokladna.gov.cz/api/ukazatele?ic=00295841&obdobi=2412
2024,144,multi_school,founder:00248801,00248801,Město Pelhřimov,obec,6,7,33730200,3048000,36778200,6,269637806,recipient_schedule_required,,,,,https://monitor.statnipokladna.gov.cz/api/ukazatele?ic=00248801&obdobi=2412
2024,145,multi_school,founder:00239453,00239453,Město Milovice,obec,6,4,35503500,0,35503500,6,248920898,recipient_schedule_required,,,,,https://monitor.statnipokladna.gov.cz/api/ukazatele?ic=00239453&obdobi=2412
2024,146,multi_school,founder:00287172,00287172,Město Holešov,obec,6,5,30860000,3500000,34360000,6,191798858,recipient_schedule_required,,,,,https://monitor.statnipokladna.gov.cz/api/ukazatele?ic=00287172&obdobi=2412
2024,147,multi_school,founder:00302724,00302724,Město Jeseník,obec,6,8,24533000,7925000,32458000,6,157353801,recipient_schedule_required,,,,,https://monitor.statnipokladna.gov.cz/api/ukazatele?ic=00302724&obdobi=2412
2024,148,multi_school,founder:00281859,00281859,Město Ivančice,obec,6,4,27557200,300000,27857200,6,157245362,recipient_schedule_required,,,,,https://monitor.statnipokladna.gov.cz/api/ukazatele?ic=00281859&obdobi=2412
2024,149,multi_school,founder:00260771,00260771,Město Nový Bor,obec,6,6,23774000,1774165,25548165,6,185629113,recipient_schedule_required,,,,,https://monitor.statnipokladna.gov.cz/api/ukazatele?ic=00260771&obdobi=2412
2024,150,multi_school,founder:00241121,00241121,Město Černošice,obec,6,3,22140951,0,22140951,6,127336519,recipient_schedule_required,,,,,https://monitor.statnipokladna.gov.cz/api/ukazatele?ic=00241121&obdobi=2412
2024,151,multi_school,founder:00240117,00240117,Město Čelákovice,obec,6,3,20958000,0,20958000,6,209842084,recipient_schedule_required,,,,,https://monitor.statnipokladna.gov.cz/api/ukazatele?ic=00240117&obdobi=2412
2024,152,multi_school,founder:00259322,00259322,Město Horní Slavkov,obec,6,4,19549796,1000000,20549796,6,119116616,recipient_schedule_required,,,,,https://monitor.statnipokladna.gov.cz/api/ukazatele?ic=00259322&obdobi=2412
2024,153,multi_school,founder:00272876,00272876,Město Nové Město nad Metují,obec,6,3,19625000,0,19625000,6,174078974,recipient_schedule_required,,,,,https://monitor.statnipokladna.gov.cz/api/ukazatele?ic=00272876&obdobi=2412
2024,154,multi_school,founder:00266418,00266418,Město Krupka,obec,6,6,17985000,1202941,19187941,6,175233538,recipient_schedule_required,,,,,https://monitor.statnipokladna.gov.cz/api/ukazatele?ic=00266418&obdobi=2412
2024,155,multi_school,founder:00273571,00273571,Město Holice,obec,6,7,17615031,323405,17938436,6,127963483,recipient_schedule_required,,,,,https://monitor.statnipokladna.gov.cz/api/ukazatele?ic=00273571&obdobi=2412
2024,156,multi_school,founder:00249831,00249831,Město Milevsko,obec,6,3,15847000,1500000,17347000,6,122338954,recipient_schedule_required,,,,,https://monitor.statnipokladna.gov.cz/api/ukazatele?ic=00249831&obdobi=2412
2024,157,multi_school,founder:00266299,00266299,Město Duchcov,obec,6,2,16646680,0,16646680,6,103162776,recipient_schedule_required,,,,,https://monitor.statnipokladna.gov.cz/api/ukazatele?ic=00266299&obdobi=2412
2024,158,multi_school,founder:00270059,00270059,Město Hlinsko,obec,6,4,14654800,0,14654800,6,154077610,recipient_schedule_required,,,,,https://monitor.statnipokladna.gov.cz/api/ukazatele?ic=00270059&obdobi=2412
2024,159,multi_school,founder:00272566,00272566,Město Červený Kostelec,obec,6,4,14555448,60000,14615448,6,131252534,recipient_schedule_required,,,,,https://monitor.statnipokladna.gov.cz/api/ukazatele?ic=00272566&obdobi=2412
2024,160,multi_school,founder:00295647,00295647,Město Velká Bíteš,obec,6,6,14450673,106140,14556813,6,144041707,recipient_schedule_required,,,,,https://monitor.statnipokladna.gov.cz/api/ukazatele?ic=00295647&obdobi=2412
2024,161,multi_school,founder:00276944,00276944,Město Litomyšl,obec,6,6,12666000,578596,13244596,6,177796832,recipient_schedule_required,,,,,https://monitor.statnipokladna.gov.cz/api/ukazatele?ic=00276944&obdobi=2412
2024,162,multi_school,founder:00262633,00262633,Město Železný Brod,obec,6,5,12392000,250000,12642000,6,96331142,recipient_schedule_required,,,,,https://monitor.statnipokladna.gov.cz/api/ukazatele?ic=00262633&obdobi=2412
2024,163,multi_school,founder:00270903,00270903,Město Skuteč,obec,6,5,9258000,230000,9488000,6,89774392,recipient_schedule_required,,,,,https://monitor.statnipokladna.gov.cz/api/ukazatele?ic=00270903&obdobi=2412
2024,164,multi_school,founder:00231142,00231142,Městská část Praha - Libuš,obec,6,0,0,0,0,6,143372653,founder_source_required,,,,,https://monitor.statnipokladna.gov.cz/api/ukazatele?ic=00231142&obdobi=2412
2024,165,multi_school,founder:00240192,00240192,Městská část Praha 20,obec,6,0,0,0,0,6,238013215,founder_source_required,,,,,https://monitor.statnipokladna.gov.cz/api/ukazatele?ic=00240192&obdobi=2412
2024,166,multi_school,founder:00297437,00297437,Město Český Těšín,obec,5,2,83950233,4467341,88417574,5,368213390,recipient_schedule_required,,,,,https://monitor.statnipokladna.gov.cz/api/ukazatele?ic=00297437&obdobi=2412
2024,167,multi_school,founder:00259349,00259349,Město Chodov,obec,5,5,30339274,27282470,57621744,5,186683670,recipient_schedule_required,,,,,https://monitor.statnipokladna.gov.cz/api/ukazatele?ic=00259349&obdobi=2412
2024,168,multi_school,founder:00301493,00301493,Město Lipník nad Bečvou,obec,5,6,23683867,32952757,56636624,5,120897766,recipient_schedule_required,,,,,https://monitor.statnipokladna.gov.cz/api/ukazatele?ic=00301493&obdobi=2412
2024,169,multi_school,founder:00241610,00241610,Město Roztoky,obec,5,4,42138395,1050000,43188395,5,168114382,recipient_schedule_required,,,,,https://monitor.statnipokladna.gov.cz/api/ukazatele?ic=00241610&obdobi=2412
2024,170,multi_school,founder:00272728,00272728,Město Jaroměř,obec,5,6,31805713,8397317,40203030,5,198762137,recipient_schedule_required,,,,,https://monitor.statnipokladna.gov.cz/api/ukazatele?ic=00272728&obdobi=2412
2024,171,multi_school,founder:00255661,00255661,Město Klatovy,obec,5,3,32951714,5525100,38476814,5,314197439,recipient_schedule_required,,,,,https://monitor.statnipokladna.gov.cz/api/ukazatele?ic=00255661&obdobi=2412
2024,172,multi_school,founder:00236021,00236021,Město Čáslav,obec,5,4,28657207,4176984,32834191,5,210199031,recipient_schedule_required,,,,,https://monitor.statnipokladna.gov.cz/api/ukazatele?ic=00236021&obdobi=2412
2024,173,multi_school,founder:00264466,00264466,Město Štětí,obec,5,9,27873760,1382992,29256752,5,141167764,recipient_schedule_required,,,,,https://monitor.statnipokladna.gov.cz/api/ukazatele?ic=00264466&obdobi=2412
2024,174,multi_school,founder:00261939,00261939,Město Klášterec nad Ohří,obec,5,3,29044531,0,29044531,5,218778888,recipient_schedule_required,,,,,https://monitor.statnipokladna.gov.cz/api/ukazatele?ic=00261939&obdobi=2412
2024,175,multi_school,founder:00259047,00259047,Město Rokycany,obec,5,4,24953225,223218,25176443,5,222059768,recipient_schedule_required,,,,,https://monitor.statnipokladna.gov.cz/api/ukazatele?ic=00259047&obdobi=2412
2024,176,multi_school,founder:00253316,00253316,Město Domažlice,obec,5,5,23786590,142470,23929060,5,233966561,recipient_schedule_required,,,,,https://monitor.statnipokladna.gov.cz/api/ukazatele?ic=00253316&obdobi=2412
2024,177,multi_school,founder:00282707,00282707,Město Tišnov,obec,5,4,22530000,1200000,23730000,5,196800943,recipient_schedule_required,,,,,https://monitor.statnipokladna.gov.cz/api/ukazatele?ic=00282707&obdobi=2412
2024,178,multi_school,founder:00299138,00299138,Město Litovel,obec,5,5,23464000,218000,23682000,5,132771571,recipient_schedule_required,,,,,https://monitor.statnipokladna.gov.cz/api/ukazatele?ic=00299138&obdobi=2412
2024,179,multi_school,founder:00271888,00271888,Město Nová Paka,obec,5,7,18633000,1235000,19868000,5,123338107,recipient_schedule_required,,,,,https://monitor.statnipokladna.gov.cz/api/ukazatele?ic=00271888&obdobi=2412
2024,180,multi_school,founder:00256129,00256129,Město Sušice,obec,5,5,18952000,850000,19802000,5,179140217,recipient_schedule_required,,,,,https://monitor.statnipokladna.gov.cz/api/ukazatele?ic=00256129&obdobi=2412
2024,181,multi_school,founder:00252859,00252859,Město Sezimovo Ústí,obec,5,5,17623239,1785496,19408735,5,133442362,recipient_schedule_required,,,,,https://monitor.statnipokladna.gov.cz/api/ukazatele?ic=00252859&obdobi=2412
2024,182,multi_school,founder:00274101,00274101,Město Přelouč,obec,5,6,17662000,220000,17882000,5,146738610,recipient_schedule_required,,,,,https://monitor.statnipokladna.gov.cz/api/ukazatele?ic=00274101&obdobi=2412
2024,183,multi_school,founder:00257125,00257125,Město Přeštice,obec,5,3,17684000,0,17684000,5,131460186,recipient_schedule_required,,,,,https://monitor.statnipokladna.gov.cz/api/ukazatele?ic=00257125&obdobi=2412
2024,184,multi_school,founder:00280518,00280518,Město Letovice,obec,5,3,16318962,1288400,17607362,5,107459359,recipient_schedule_required,,,,,https://monitor.statnipokladna.gov.cz/api/ukazatele?ic=00280518&obdobi=2412
2024,185,multi_school,founder:00253936,00253936,Město Františkovy Lázně,obec,5,5,14258692,3220266,17478958,5,98019437,recipient_schedule_required,,,,,https://monitor.statnipokladna.gov.cz/api/ukazatele?ic=00253936&obdobi=2412
2024,186,multi_school,founder:00269247,00269247,Město Nový Bydžov,obec,5,6,16985046,329000,17314046,5,144134032,recipient_schedule_required,,,,,https://monitor.statnipokladna.gov.cz/api/ukazatele?ic=00269247&obdobi=2412
2024,187,multi_school,founder:00277037,00277037,Město Moravská Třebová,obec,5,3,16940000,0,16940000,5,146706204,recipient_schedule_required,,,,,https://monitor.statnipokladna.gov.cz/api/ukazatele?ic=00277037&obdobi=2412
2024,188,multi_school,founder:00248789,00248789,Město Pacov,obec,5,9,13907210,2984023,16891233,5,98272149,recipient_schedule_required,,,,,https://monitor.statnipokladna.gov.cz/api/ukazatele?ic=00248789&obdobi=2412
2024,189,multi_school,founder:00279129,00279129,Město Letohrad,obec,5,5,14927092,1600000,16527092,5,122766268,recipient_schedule_required,,,,,https://monitor.statnipokladna.gov.cz/api/ukazatele?ic=00279129&obdobi=2412
2024,190,multi_school,founder:00245941,00245941,Město Kaplice,obec,5,2,16334036,0,16334036,5,131657810,recipient_schedule_required,,,,,https://monitor.statnipokladna.gov.cz/api/ukazatele?ic=00245941&obdobi=2412
2024,191,multi_school,founder:00279072,00279072,Město Králíky,obec,5,5,14085145,105875,14191020,5,79955264,recipient_schedule_required,,,,,https://monitor.statnipokladna.gov.cz/api/ukazatele?ic=00279072&obdobi=2412
2024,192,multi_school,founder:00253081,00253081,Město Veselí nad Lužnicí,obec,5,3,14116574,0,14116574,5,98122810,recipient_schedule_required,,,,,https://monitor.statnipokladna.gov.cz/api/ukazatele?ic=00253081&obdobi=2412
2024,193,multi_school,founder:00278386,00278386,Město Úpice,obec,5,5,13334000,492964,13826964,5,119110681,recipient_schedule_required,,,,,https://monitor.statnipokladna.gov.cz/api/ukazatele?ic=00278386&obdobi=2412
2024,194,multi_school,founder:00279846,00279846,Město Žamberk,obec,5,7,13259000,529000,13788000,5,123070480,recipient_schedule_required,,,,,https://monitor.statnipokladna.gov.cz/api/ukazatele?ic=00279846&obdobi=2412
2024,195,multi_school,founder:00265365,00265365,Město Podbořany,obec,5,3,13702068,0,13702068,5,115029020,recipient_schedule_required,,,,,https://monitor.statnipokladna.gov.cz/api/ukazatele?ic=00265365&obdobi=2412
2024,196,multi_school,founder:00255513,00255513,Město Horažďovice,obec,5,3,12989000,0,12989000,5,115173114,recipient_schedule_required,,,,,https://monitor.statnipokladna.gov.cz/api/ukazatele?ic=00255513&obdobi=2412
2024,197,multi_school,founder:00275905,00275905,Město Lomnice nad Popelkou,obec,5,4,12745000,0,12745000,5,102052621,recipient_schedule_required,,,,,https://monitor.statnipokladna.gov.cz/api/ukazatele?ic=00275905&obdobi=2412
2024,198,multi_school,founder:00270041,00270041,Město Heřmanův Městec,obec,5,4,12539000,0,12539000,5,112680571,recipient_schedule_required,,,,,https://monitor.statnipokladna.gov.cz/api/ukazatele?ic=00270041&obdobi=2412
2024,199,multi_school,founder:63026112,63026112,Obec Vendryně,obec,5,3,11169069,194265,11363334,5,70797312,recipient_schedule_required,,,,,https://monitor.statnipokladna.gov.cz/api/ukazatele?ic=63026112&obdobi=2412
2024,200,multi_school,founder:00260444,00260444,Město Doksy,obec,5,5,9903600,238000,10141600,5,80540797,recipient_schedule_required,,,,,https://monitor.statnipokladna.gov.cz/api/ukazatele?ic=00260444&obdobi=2412
2024,201,multi_school,founder:00253464,00253464,Město Kdyně,obec,5,3,9850000,0,9850000,5,93586205,recipient_schedule_required,,,,,https://monitor.statnipokladna.gov.cz/api/ukazatele?ic=00253464&obdobi=2412
2024,202,multi_school,founder:00289965,00289965,Město Náměšť nad Oslavou,obec,5,4,8560541,119500,8680041,5,100640428,recipient_schedule_required,,,,,https://monitor.statnipokladna.gov.cz/api/ukazatele?ic=00289965&obdobi=2412
2024,203,multi_school,founder:00300292,00300292,Město Kravaře,obec,5,4,8213000,460000,8673000,5,88375656,recipient_schedule_required,,,,,https://monitor.statnipokladna.gov.cz/api/ukazatele?ic=00300292&obdobi=2412
2024,204,multi_school,founder:00261220,00261220,Město Česká Kamenice,obec,5,3,7112000,0,7112000,5,100047870,recipient_schedule_required,,,,,https://monitor.statnipokladna.gov.cz/api/ukazatele?ic=00261220&obdobi=2412
2024,205,multi_school,founder:00240915,00240915,Městská část Praha 22,obec,5,0,0,0,0,5,195510935,founder_source_required,,,,,https://monitor.statnipokladna.gov.cz/api/ukazatele?ic=00240915&obdobi=2412
2024,206,multi_school,founder:00240923,00240923,Městská část Praha 21,obec,5,0,0,0,0,5,156412497,founder_source_required,,,,,https://monitor.statnipokladna.gov.cz/api/ukazatele?ic=00240923&obdobi=2412
2024,207,multi_school,founder:00248266,00248266,Město Humpolec,obec,4,8,34077028,17385589,51462617,4,195263070,recipient_schedule_required,,,,,https://monitor.statnipokladna.gov.cz/api/ukazatele?ic=00248266&obdobi=2412
2024,208,multi_school,founder:00284301,00284301,Město Otrokovice,obec,4,2,42934692,0,42934692,4,227694953,recipient_schedule_required,,,,,https://monitor.statnipokladna.gov.cz/api/ukazatele?ic=00284301&obdobi=2412
2024,209,multi_school,founder:00250627,00250627,Město Prachatice,obec,4,4,24684069,8664242,33348311,4,187753765,recipient_schedule_required,,,,,https://monitor.statnipokladna.gov.cz/api/ukazatele?ic=00250627&obdobi=2412
2024,210,multi_school,founder:00237108,00237108,Město Neratovice,obec,4,5,32927006,199900,33126906,4,244912848,recipient_schedule_required,,,,,https://monitor.statnipokladna.gov.cz/api/ukazatele?ic=00237108&obdobi=2412
2024,211,multi_school,founder:00294900,00294900,Město Nové Město na Moravě,obec,4,5,21008140,3843061,24851201,4,162466738,recipient_schedule_required,,,,,https://monitor.statnipokladna.gov.cz/api/ukazatele?ic=00294900&obdobi=2412
2024,212,multi_school,founder:00303038,00303038,Město Mohelnice,obec,4,3,23635300,1080870,24716170,4,156597289,recipient_schedule_required,,,,,https://monitor.statnipokladna.gov.cz/api/ukazatele?ic=00303038&obdobi=2412
2024,213,multi_school,founder:00298441,00298441,Město Studénka,obec,4,4,23196263,502328,23698591,4,158553411,recipient_schedule_required,,,,,https://monitor.statnipokladna.gov.cz/api/ukazatele?ic=00298441&obdobi=2412
2024,214,multi_school,founder:00241318,00241318,Město Jesenice,obec,4,4,22827632,550986,23378618,4,172522215,recipient_schedule_required,,,,,https://monitor.statnipokladna.gov.cz/api/ukazatele?ic=00241318&obdobi=2412
2024,215,multi_school,founder:00252921,00252921,Město Soběslav,obec,4,3,23339000,35000,23374000,4,150811368,recipient_schedule_required,,,,,https://monitor.statnipokladna.gov.cz/api/ukazatele?ic=00252921&obdobi=2412
2024,216,multi_school,founder:00262587,00262587,Město Tanvald,obec,4,6,21742230,1052770,22795000,4,116555640,recipient_schedule_required,,,,,https://monitor.statnipokladna.gov.cz/api/ukazatele?ic=00262587&obdobi=2412
2024,217,multi_school,founder:00291676,00291676,Město Bučovice,obec,4,4,18064500,2587783,20652283,4,129454344,recipient_schedule_required,,,,,https://monitor.statnipokladna.gov.cz/api/ukazatele?ic=00291676&obdobi=2412
2024,218,multi_school,founder:00296759,00296759,Město Jablunkov,obec,4,4,19912700,150000,20062700,4,122051171,recipient_schedule_required,,,,,https://monitor.statnipokladna.gov.cz/api/ukazatele?ic=00296759&obdobi=2412
2024,219,multi_school,founder:00294136,00294136,Město Bystřice nad Pernštejnem,obec,4,3,19831204,0,19831204,4,125324399,recipient_schedule_required,,,,,https://monitor.statnipokladna.gov.cz/api/ukazatele?ic=00294136&obdobi=2412
2024,220,multi_school,founder:00283347,00283347,Město Mikulov,obec,4,2,19240000,0,19240000,4,117429486,recipient_schedule_required,,,,,https://monitor.statnipokladna.gov.cz/api/ukazatele?ic=00283347&obdobi=2412
2024,221,multi_school,founder:00272523,00272523,Město Broumov,obec,4,4,18237049,174500,18411549,4,130094154,recipient_schedule_required,,,,,https://monitor.statnipokladna.gov.cz/api/ukazatele?ic=00272523&obdobi=2412
2024,222,multi_school,founder:00297372,00297372,Město Vratimov,obec,4,4,18059926,150000,18209926,4,120897326,recipient_schedule_required,,,,,https://monitor.statnipokladna.gov.cz/api/ukazatele?ic=00297372&obdobi=2412
2024,223,multi_school,founder:00299634,00299634,Město Uničov,obec,4,3,17867000,130000,17997000,4,153945830,recipient_schedule_required,,,,,https://monitor.statnipokladna.gov.cz/api/ukazatele?ic=00299634&obdobi=2412
2024,224,multi_school,founder:00245585,00245585,Město Týn nad Vltavou,obec,4,5,15599000,2217916,17816916,4,126471354,recipient_schedule_required,,,,,https://monitor.statnipokladna.gov.cz/api/ukazatele?ic=00245585&obdobi=2412
2024,225,multi_school,founder:00283193,00283193,Město Hustopeče,obec,4,4,14496000,2546379,17042379,4,130989126,recipient_schedule_required,,,,,https://monitor.statnipokladna.gov.cz/api/ukazatele?ic=00283193&obdobi=2412
2024,226,multi_school,founder:00250805,00250805,Město Vimperk,obec,4,2,16927404,0,16927404,4,104107651,recipient_schedule_required,,,,,https://monitor.statnipokladna.gov.cz/api/ukazatele?ic=00250805&obdobi=2412
2024,227,multi_school,founder:00243272,00243272,Město Sedlčany,obec,4,4,16879000,0,16879000,4,136625320,recipient_schedule_required,,,,,https://monitor.statnipokladna.gov.cz/api/ukazatele?ic=00243272&obdobi=2412
2024,228,multi_school,founder:00267538,00267538,Město Chotěboř,obec,4,4,16786746,0,16786746,4,137116842,recipient_schedule_required,,,,,https://monitor.statnipokladna.gov.cz/api/ukazatele?ic=00267538&obdobi=2412
2024,229,multi_school,founder:00247618,00247618,Město Třeboň,obec,4,2,16674919,0,16674919,4,132673617,recipient_schedule_required,,,,,https://monitor.statnipokladna.gov.cz/api/ukazatele?ic=00247618&obdobi=2412
2024,230,multi_school,founder:00289931,00289931,Město Moravské Budějovice,obec,4,5,15780469,344842,16125311,4,133979470,recipient_schedule_required,,,,,https://monitor.statnipokladna.gov.cz/api/ukazatele?ic=00289931&obdobi=2412
2024,231,multi_school,founder:00242748,00242748,Město Mníšek pod Brdy,obec,4,3,15619095,0,15619095,4,134067886,recipient_schedule_required,,,,,https://monitor.statnipokladna.gov.cz/api/ukazatele?ic=00242748&obdobi=2412
2024,232,multi_school,founder:00250996,00250996,Město Blatná,obec,4,3,15134000,461000,15595000,4,113298373,recipient_schedule_required,,,,,https://monitor.statnipokladna.gov.cz/api/ukazatele?ic=00250996&obdobi=2412
2024,233,multi_school,founder:00259314,00259314,Město Habartov,obec,4,5,11060000,4100000,15160000,4,61310636,recipient_schedule_required,,,,,https://monitor.statnipokladna.gov.cz/api/ukazatele?ic=00259314&obdobi=2412
2024,234,multi_school,founder:00298328,00298328,Město Příbor,obec,4,4,14937000,120000,15057000,4,108248386,recipient_schedule_required,,,,,https://monitor.statnipokladna.gov.cz/api/ukazatele?ic=00298328&obdobi=2412
2024,235,multi_school,founder:00237442,00237442,Město Benátky nad Jizerou,obec,4,3,14756091,0,14756091,4,137302610,recipient_schedule_required,,,,,https://monitor.statnipokladna.gov.cz/api/ukazatele?ic=00237442&obdobi=2412
2024,236,multi_school,founder:00260177,00260177,Město Stříbro,obec,4,3,13786800,0,13786800,4,129020690,recipient_schedule_required,,,,,https://monitor.statnipokladna.gov.cz/api/ukazatele?ic=00260177&obdobi=2412
2024,237,multi_school,founder:00257966,00257966,Město Kralovice,obec,4,4,13630000,0,13630000,4,81718281,recipient_schedule_required,,,,,https://monitor.statnipokladna.gov.cz/api/ukazatele?ic=00257966&obdobi=2412
2024,238,multi_school,founder:00268321,00268321,Město Světlá nad Sázavou,obec,4,3,12918549,0,12918549,4,116712699,recipient_schedule_required,,,,,https://monitor.statnipokladna.gov.cz/api/ukazatele?ic=00268321&obdobi=2412
2024,239,multi_school,founder:00292311,00292311,Město Slavkov u Brna,obec,4,4,12850000,0,12850000,4,143274088,recipient_schedule_required,,,,,https://monitor.statnipokladna.gov.cz/api/ukazatele?ic=00292311&obdobi=2412
2024,240,multi_school,founder:00268861,00268861,Město Chlumec nad Cidlinou,obec,4,7,11973698,565702,12539400,4,108507589,recipient_schedule_required,,,,,https://monitor.statnipokladna.gov.cz/api/ukazatele?ic=00268861&obdobi=2412
2024,241,multi_school,founder:00567884,00567884,Město Staré Město,obec,4,3,12131984,405000,12536984,4,109567975,recipient_schedule_required,,,,,https://monitor.statnipokladna.gov.cz/api/ukazatele?ic=00567884&obdobi=2412
2024,242,multi_school,founder:00259454,00259454,Město Kynšperk nad Ohří,obec,4,4,10440997,1000000,11440997,4,80057048,recipient_schedule_required,,,,,https://monitor.statnipokladna.gov.cz/api/ukazatele?ic=00259454&obdobi=2412
2024,243,multi_school,founder:00283258,00283258,Město Klobouky u Brna,obec,4,4,11243400,0,11243400,4,102119721,recipient_schedule_required,,,,,https://monitor.statnipokladna.gov.cz/api/ukazatele?ic=00283258&obdobi=2412
2024,244,multi_school,founder:00257257,00257257,Město Starý Plzenec,obec,4,3,11077700,0,11077700,4,86175085,recipient_schedule_required,,,,,https://monitor.statnipokladna.gov.cz/api/ukazatele?ic=00257257&obdobi=2412
2024,245,multi_school,founder:00243221,00243221,Město Rožmitál pod Třemšínem,obec,4,4,10826000,0,10826000,4,110306090,recipient_schedule_required,,,,,https://monitor.statnipokladna.gov.cz/api/ukazatele?ic=00243221&obdobi=2412
2024,246,multi_school,founder:00242004,00242004,Město Březnice,obec,4,3,10769200,0,10769200,4,64534443,recipient_schedule_required,,,,,https://monitor.statnipokladna.gov.cz/api/ukazatele?ic=00242004&obdobi=2412
2024,247,multi_school,founder:00274879,00274879,Město Dobruška,obec,4,2,10607700,0,10607700,4,112611709,recipient_schedule_required,,,,,https://monitor.statnipokladna.gov.cz/api/ukazatele?ic=00274879&obdobi=2412
2024,248,multi_school,founder:00275808,00275808,Město Jilemnice,obec,4,4,10006202,600000,10606202,4,103475236,recipient_schedule_required,,,,,https://monitor.statnipokladna.gov.cz/api/ukazatele?ic=00275808&obdobi=2412
2024,249,multi_school,founder:00275468,00275468,Město Týniště nad Orlicí,obec,4,4,10132806,60029,10192835,4,89614350,recipient_schedule_required,,,,,https://monitor.statnipokladna.gov.cz/api/ukazatele?ic=00275468&obdobi=2412
2024,250,multi_school,founder:00284882,00284882,Město Dubňany,obec,4,7,8023324,2150000,10173324,4,79846276,recipient_schedule_required,,,,,https://monitor.statnipokladna.gov.cz/api/ukazatele?ic=00284882&obdobi=2412
2024,251,multi_school,founder:00286745,00286745,Město Telč,obec,4,3,9600000,0,9600000,4,113446532,recipient_schedule_required,,,,,https://monitor.statnipokladna.gov.cz/api/ukazatele?ic=00286745&obdobi=2412
2024,252,multi_school,founder:00236667,00236667,Město Zruč nad Sázavou,obec,4,3,8703404,0,8703404,4,83989552,recipient_schedule_required,,,,,https://monitor.statnipokladna.gov.cz/api/ukazatele?ic=00236667&obdobi=2412
2024,253,multi_school,founder:00254819,00254819,Město Nová Role,obec,4,3,8259000,0,8259000,4,56833845,recipient_schedule_required,,,,,https://monitor.statnipokladna.gov.cz/api/ukazatele?ic=00254819&obdobi=2412
2024,254,multi_school,founder:00255076,00255076,Město Toužim,obec,4,4,7980000,0,7980000,4,73482948,recipient_schedule_required,,,,,https://monitor.statnipokladna.gov.cz/api/ukazatele?ic=00255076&obdobi=2412
2024,255,multi_school,founder:00302708,00302708,Město Javorník,obec,4,3,7223000,0,7223000,4,60012440,recipient_schedule_required,,,,,https://monitor.statnipokladna.gov.cz/api/ukazatele?ic=00302708&obdobi=2412
2024,256,multi_school,founder:00274968,00274968,Město Kostelec nad Orlicí,obec,4,3,6967000,0,6967000,4,92183005,recipient_schedule_required,,,,,https://monitor.statnipokladna.gov.cz/api/ukazatele?ic=00274968&obdobi=2412
2024,257,multi_school,founder:00254053,00254053,Město Luby,obec,4,4,5515000,0,5515000,4,46346547,recipient_schedule_required,,,,,https://monitor.statnipokladna.gov.cz/api/ukazatele?ic=00254053&obdobi=2412
2024,258,multi_school,founder:00231274,00231274,Městská část Praha - Dolní Chabry,obec,4,0,0,0,0,4,79534075,founder_source_required,,,,,https://monitor.statnipokladna.gov.cz/api/ukazatele?ic=00231274&obdobi=2412
2024,259,multi_school,founder:00231291,00231291,Městská část Praha - Čakovice,obec,4,0,0,0,0,4,197516035,founder_source_required,,,,,https://monitor.statnipokladna.gov.cz/api/ukazatele?ic=00231291&obdobi=2412
2024,260,multi_school,founder:00231321,00231321,Městská část Praha 18,obec,4,0,0,0,0,4,263550517,founder_source_required,,,,,https://monitor.statnipokladna.gov.cz/api/ukazatele?ic=00231321&obdobi=2412
2024,261,multi_school,founder:00241857,00241857,Městská část Praha - Zbraslav,obec,4,0,0,0,0,4,141070964,founder_source_required,,,,,https://monitor.statnipokladna.gov.cz/api/ukazatele?ic=00241857&obdobi=2412
2024,262,multi_school,founder:00239640,00239640,Město Poděbrady,obec,3,4,36805000,2900000,39705000,3,226902425,recipient_schedule_required,,,,,https://monitor.statnipokladna.gov.cz/api/ukazatele?ic=00239640&obdobi=2412
2024,263,multi_school,founder:00239500,00239500,Město Nymburk,obec,3,1,35715000,0,35715000,3,261744538,recipient_schedule_required,,,,,https://monitor.statnipokladna.gov.cz/api/ukazatele?ic=00239500&obdobi=2412
2024,264,multi_school,founder:00293199,00293199,Město Moravský Krumlov,obec,3,3,20896000,11708500,32604500,3,106809787,recipient_schedule_required,,,,,https://monitor.statnipokladna.gov.cz/api/ukazatele?ic=00293199&obdobi=2412
2024,265,multi_school,founder:00281964,00281964,Město Kuřim,obec,3,3,28125000,416903,28541903,3,185046743,recipient_schedule_required,,,,,https://monitor.statnipokladna.gov.cz/api/ukazatele?ic=00281964&obdobi=2412
2024,266,multi_school,founder:00238309,00238309,Město Mnichovo Hradiště,obec,3,6,23624000,1200000,24824000,3,127183633,recipient_schedule_required,,,,,https://monitor.statnipokladna.gov.cz/api/ukazatele?ic=00238309&obdobi=2412
2024,267,multi_school,founder:00251984,00251984,Město Vodňany,obec,3,4,22401300,560000,22961300,3,175966727,recipient_schedule_required,,,,,https://monitor.statnipokladna.gov.cz/api/ukazatele?ic=00251984&obdobi=2412
2024,268,multi_school,founder:00282651,00282651,Město Šlapanice,obec,3,2,22950000,0,22950000,3,146715945,recipient_schedule_required,,,,,https://monitor.statnipokladna.gov.cz/api/ukazatele?ic=00282651&obdobi=2412
2024,269,multi_school,founder:00296651,00296651,Město Frýdlant nad  Ostravicí,obec,3,4,22371242,325000,22696242,3,151654596,recipient_schedule_required,,,,,https://monitor.statnipokladna.gov.cz/api/ukazatele?ic=00296651&obdobi=2412
2024,270,multi_school,founder:00233242,00233242,Město Hořovice,obec,3,4,19431697,651728,20083425,3,127971194,recipient_schedule_required,,,,,https://monitor.statnipokladna.gov.cz/api/ukazatele?ic=00233242&obdobi=2412
2024,271,multi_school,founder:00246476,00246476,Město Dačice,obec,3,5,18147400,1578100,19725500,3,126259954,recipient_schedule_required,,,,,https://monitor.statnipokladna.gov.cz/api/ukazatele?ic=00246476&obdobi=2412
2024,272,multi_school,founder:00297861,00297861,Město Fulnek,obec,3,3,15601379,3104619,18705998,3,91759200,recipient_schedule_required,,,,,https://monitor.statnipokladna.gov.cz/api/ukazatele?ic=00297861&obdobi=2412
2024,273,multi_school,founder:00256552,00256552,Město Dobřany,obec,3,6,13586916,4517427,18104343,3,115906975,recipient_schedule_required,,,,,https://monitor.statnipokladna.gov.cz/api/ukazatele?ic=00256552&obdobi=2412
2024,274,multi_school,founder:00296538,00296538,Město Brušperk,obec,3,5,15516740,1895250,17411990,3,96951682,recipient_schedule_required,,,,,https://monitor.statnipokladna.gov.cz/api/ukazatele?ic=00296538&obdobi=2412
2024,275,multi_school,founder:00253367,00253367,Město Holýšov,obec,3,3,14971000,0,14971000,3,94834163,recipient_schedule_required,,,,,https://monitor.statnipokladna.gov.cz/api/ukazatele?ic=00253367&obdobi=2412
2024,276,multi_school,founder:00297291,00297291,Město Šenov,obec,3,4,14591000,201700,14792700,3,114790765,recipient_schedule_required,,,,,https://monitor.statnipokladna.gov.cz/api/ukazatele?ic=00297291&obdobi=2412
2024,277,multi_school,founder:00262871,00262871,Město Chrastava,obec,3,4,14424601,0,14424601,3,84729474,recipient_schedule_required,,,,,https://monitor.statnipokladna.gov.cz/api/ukazatele?ic=00262871&obdobi=2412
2024,278,multi_school,founder:00296457,00296457,Město Vrbno pod Pradědem,obec,3,2,14330000,0,14330000,3,65656493,recipient_schedule_required,,,,,https://monitor.statnipokladna.gov.cz/api/ukazatele?ic=00296457&obdobi=2412
2024,279,multi_school,founder:00285315,00285315,Město Strážnice,obec,3,3,13621000,400000,14021000,3,94991274,recipient_schedule_required,,,,,https://monitor.statnipokladna.gov.cz/api/ukazatele?ic=00285315&obdobi=2412
2024,280,multi_school,founder:00241636,00241636,Město Řevnice,obec,3,4,13566120,252000,13818120,3,98441730,recipient_schedule_required,,,,,https://monitor.statnipokladna.gov.cz/api/ukazatele?ic=00241636&obdobi=2412
2024,281,multi_school,founder:00272680,00272680,Město Hronov,obec,3,4,13513000,0,13513000,3,85708469,recipient_schedule_required,,,,,https://monitor.statnipokladna.gov.cz/api/ukazatele?ic=00272680&obdobi=2412
2024,282,multi_school,founder:00233773,00233773,Město Rudná,obec,3,3,13406000,0,13406000,3,108201455,recipient_schedule_required,,,,,https://monitor.statnipokladna.gov.cz/api/ukazatele?ic=00233773&obdobi=2412
2024,283,multi_school,founder:00284459,00284459,Město Slavičín,obec,3,2,13248000,0,13248000,3,95362097,recipient_schedule_required,,,,,https://monitor.statnipokladna.gov.cz/api/ukazatele?ic=00284459&obdobi=2412
2024,284,multi_school,founder:00284220,00284220,Město Napajedla,obec,3,2,13105000,0,13105000,3,98833911,recipient_schedule_required,,,,,https://monitor.statnipokladna.gov.cz/api/ukazatele?ic=00284220&obdobi=2412
2024,285,multi_school,founder:00298891,00298891,Obec Hlubočky,obec,3,3,8256000,4800000,13056000,3,58506391,recipient_schedule_required,,,,,https://monitor.statnipokladna.gov.cz/api/ukazatele?ic=00298891&obdobi=2412
2024,286,multi_school,founder:00304492,00304492,Město Zubří,obec,3,2,13029000,0,13029000,3,75807232,recipient_schedule_required,,,,,https://monitor.statnipokladna.gov.cz/api/ukazatele?ic=00304492&obdobi=2412
2024,287,multi_school,founder:00266558,00266558,Město Osek,obec,3,2,13005089,0,13005089,3,67541283,recipient_schedule_required,,,,,https://monitor.statnipokladna.gov.cz/api/ukazatele?ic=00266558&obdobi=2412
2024,288,multi_school,founder:00250023,00250023,Město Protivín,obec,3,3,11950000,550000,12500000,3,66586181,recipient_schedule_required,,,,,https://monitor.statnipokladna.gov.cz/api/ukazatele?ic=00250023&obdobi=2412
2024,289,multi_school,founder:00286753,00286753,Město Třešť,obec,3,4,12333000,65000,12398000,3,96531905,recipient_schedule_required,,,,,https://monitor.statnipokladna.gov.cz/api/ukazatele?ic=00286753&obdobi=2412
2024,290,multi_school,founder:00300144,00300144,Město Hradec nad Moravicí,obec,3,3,11514398,600000,12114398,3,65551431,recipient_schedule_required,,,,,https://monitor.statnipokladna.gov.cz/api/ukazatele?ic=00300144&obdobi=2412
2024,291,multi_school,founder:00298221,00298221,Město Odry,obec,3,2,12058050,0,12058050,3,117288988,recipient_schedule_required,,,,,https://monitor.statnipokladna.gov.cz/api/ukazatele?ic=00298221&obdobi=2412
2024,292,multi_school,founder:00257770,00257770,Město Horní Bříza,obec,3,2,11900000,0,11900000,3,72006125,recipient_schedule_required,,,,,https://monitor.statnipokladna.gov.cz/api/ukazatele?ic=00257770&obdobi=2412
2024,293,multi_school,founder:00270920,00270920,Město Slatiňany,obec,3,6,11612460,216284,11828744,3,76620877,recipient_schedule_required,,,,,https://monitor.statnipokladna.gov.cz/api/ukazatele?ic=00270920&obdobi=2412
2024,294,multi_school,founder:00248380,00248380,Město Kamenice nad Lipou,obec,3,3,11700000,0,11700000,3,80898116,recipient_schedule_required,,,,,https://monitor.statnipokladna.gov.cz/api/ukazatele?ic=00248380&obdobi=2412
2024,295,multi_school,founder:00296244,00296244,Město Moravský Beroun,obec,3,3,11390454,0,11390454,3,51289379,recipient_schedule_required,,,,,https://monitor.statnipokladna.gov.cz/api/ukazatele?ic=00296244&obdobi=2412
2024,296,multi_school,founder:00239607,00239607,Město Pečky,obec,3,3,11210423,0,11210423,3,100503327,recipient_schedule_required,,,,,https://monitor.statnipokladna.gov.cz/api/ukazatele?ic=00239607&obdobi=2412
2024,297,multi_school,founder:00240966,00240966,Obec Velké Popovice,obec,3,5,10939200,209048,11148248,3,79025119,recipient_schedule_required,,,,,https://monitor.statnipokladna.gov.cz/api/ukazatele?ic=00240966&obdobi=2412
2024,298,multi_school,founder:00241181,00241181,Město Dobřichovice,obec,3,2,11095000,0,11095000,3,92232620,recipient_schedule_required,,,,,https://monitor.statnipokladna.gov.cz/api/ukazatele?ic=00241181&obdobi=2412
2024,299,multi_school,founder:00265403,00265403,Město Postoloprty,obec,3,3,10859000,0,10859000,3,71312743,recipient_schedule_required,,,,,https://monitor.statnipokladna.gov.cz/api/ukazatele?ic=00265403&obdobi=2412
2024,300,multi_school,founder:00235105,00235105,Město Velvary,obec,3,4,10770463,0,10770463,3,77034573,recipient_schedule_required,,,,,https://monitor.statnipokladna.gov.cz/api/ukazatele?ic=00235105&obdobi=2412
2024,301,multi_school,founder:00272949,00272949,Město Police nad Metují,obec,3,3,10720000,0,10720000,3,92234372,recipient_schedule_required,,,,,https://monitor.statnipokladna.gov.cz/api/ukazatele?ic=00272949&obdobi=2412
2024,302,multi_school,founder:00288497,00288497,Město Němčice nad Hanou,obec,3,4,10196614,421252,10617866,3,82585204,recipient_schedule_required,,,,,https://monitor.statnipokladna.gov.cz/api/ukazatele?ic=00288497&obdobi=2412
2024,303,multi_school,founder:00391387,00391387,Město Chlumec,obec,3,2,10481000,0,10481000,3,58425589,recipient_schedule_required,,,,,https://monitor.statnipokladna.gov.cz/api/ukazatele?ic=00391387&obdobi=2412
2024,304,multi_school,founder:00258415,00258415,Město Třemošná,obec,3,3,10400000,0,10400000,3,69108048,recipient_schedule_required,,,,,https://monitor.statnipokladna.gov.cz/api/ukazatele?ic=00258415&obdobi=2412
2024,305,multi_school,founder:00262722,00262722,Město Český Dub,obec,3,3,7750000,2620000,10370000,3,73023015,recipient_schedule_required,,,,,https://monitor.statnipokladna.gov.cz/api/ukazatele?ic=00262722&obdobi=2412
2024,306,multi_school,founder:00286435,00286435,Město Polná,obec,3,3,10348100,0,10348100,3,92183515,recipient_schedule_required,,,,,https://monitor.statnipokladna.gov.cz/api/ukazatele?ic=00286435&obdobi=2412
2024,307,multi_school,founder:00232386,00232386,Město Neveklov,obec,3,4,10323183,0,10323183,3,72836756,recipient_schedule_required,,,,,https://monitor.statnipokladna.gov.cz/api/ukazatele?ic=00232386&obdobi=2412
2024,308,multi_school,founder:00278491,00278491,Město Žacléř,obec,3,4,9873800,408790,10282590,3,46342216,recipient_schedule_required,,,,,https://monitor.statnipokladna.gov.cz/api/ukazatele?ic=00278491&obdobi=2412
2024,309,multi_school,founder:00250830,00250830,Město Volary,obec,3,3,10250000,0,10250000,3,69692564,recipient_schedule_required,,,,,https://monitor.statnipokladna.gov.cz/api/ukazatele?ic=00250830&obdobi=2412
2024,310,multi_school,founder:00253383,00253383,Město Horšovský Týn,obec,3,3,10173000,0,10173000,3,80520146,recipient_schedule_required,,,,,https://monitor.statnipokladna.gov.cz/api/ukazatele?ic=00253383&obdobi=2412
2024,311,multi_school,founder:00259225,00259225,Město Zbiroh,obec,3,3,10170000,0,10170000,3,58652008,recipient_schedule_required,,,,,https://monitor.statnipokladna.gov.cz/api/ukazatele?ic=00259225&obdobi=2412
2024,312,multi_school,founder:00301370,00301370,Město Kojetín,obec,3,3,10161760,0,10161760,3,72395261,recipient_schedule_required,,,,,https://monitor.statnipokladna.gov.cz/api/ukazatele?ic=00301370&obdobi=2412
2024,313,multi_school,founder:00269719,00269719,Město Třebechovice pod Orebem,obec,3,3,10114411,0,10114411,3,81208657,recipient_schedule_required,,,,,https://monitor.statnipokladna.gov.cz/api/ukazatele?ic=00269719&obdobi=2412
2024,314,multi_school,founder:00567892,00567892,Město Kunovice,obec,3,2,10000000,0,10000000,3,77257359,recipient_schedule_required,,,,,https://monitor.statnipokladna.gov.cz/api/ukazatele?ic=00567892&obdobi=2412
2024,315,multi_school,founder:00292281,00292281,Město Rousínov,obec,3,3,9929000,0,9929000,3,94906584,recipient_schedule_required,,,,,https://monitor.statnipokladna.gov.cz/api/ukazatele?ic=00292281&obdobi=2412
2024,316,multi_school,founder:00281247,00281247,Město Velké Opatovice,obec,3,2,9654700,0,9654700,3,63460792,recipient_schedule_required,,,,,https://monitor.statnipokladna.gov.cz/api/ukazatele?ic=00281247&obdobi=2412
2024,317,multi_school,founder:00269557,00269557,Město Smiřice,obec,3,4,9600000,0,9600000,3,57964878,recipient_schedule_required,,,,,https://monitor.statnipokladna.gov.cz/api/ukazatele?ic=00269557&obdobi=2412
2024,318,multi_school,founder:00241407,00241407,Město Libčice nad Vltavou,obec,3,3,9562815,0,9562815,3,69142628,recipient_schedule_required,,,,,https://monitor.statnipokladna.gov.cz/api/ukazatele?ic=00241407&obdobi=2412
2024,319,multi_school,founder:00236527,00236527,Město Uhlířské Janovice,obec,3,4,9511000,40000,9551000,3,83971045,recipient_schedule_required,,,,,https://monitor.statnipokladna.gov.cz/api/ukazatele?ic=00236527&obdobi=2412
2024,320,multi_school,founder:00241831,00241831,Obec Vrané nad Vltavou,obec,3,6,9130000,165667,9295667,3,69746613,recipient_schedule_required,,,,,https://monitor.statnipokladna.gov.cz/api/ukazatele?ic=00241831&obdobi=2412
2024,321,multi_school,founder:00282286,00282286,Město Oslavany,obec,3,3,9024000,88000,9112000,3,73647302,recipient_schedule_required,,,,,https://monitor.statnipokladna.gov.cz/api/ukazatele?ic=00282286&obdobi=2412
2024,322,multi_school,founder:00260576,00260576,Město Jablonné v Podještědí,obec,3,3,9108000,0,9108000,3,76216486,recipient_schedule_required,,,,,https://monitor.statnipokladna.gov.cz/api/ukazatele?ic=00260576&obdobi=2412
2024,323,multi_school,founder:00256455,00256455,Město Blovice,obec,3,6,8775000,279000,9054000,3,80866256,recipient_schedule_required,,,,,https://monitor.statnipokladna.gov.cz/api/ukazatele?ic=00256455&obdobi=2412
2024,324,multi_school,founder:00283703,00283703,Město Velké Pavlovice,obec,3,4,8972956,19424,8992380,3,75269054,recipient_schedule_required,,,,,https://monitor.statnipokladna.gov.cz/api/ukazatele?ic=00283703&obdobi=2412
2024,325,multi_school,founder:00296571,00296571,Obec Čeladná,obec,3,3,8318500,463400,8781900,3,41015941,recipient_schedule_required,,,,,https://monitor.statnipokladna.gov.cz/api/ukazatele?ic=00296571&obdobi=2412
2024,326,multi_school,founder:00260410,00260410,Město Cvikov,obec,3,3,8765000,0,8765000,3,58845060,recipient_schedule_required,,,,,https://monitor.statnipokladna.gov.cz/api/ukazatele?ic=00260410&obdobi=2412
2024,327,multi_school,founder:00270440,00270440,Město Luže,obec,3,4,8506321,250000,8756321,3,54593817,recipient_schedule_required,,,,,https://monitor.statnipokladna.gov.cz/api/ukazatele?ic=00270440&obdobi=2412
2024,328,multi_school,founder:60781688,60781688,Obec Návsí,obec,3,4,8443000,230000,8673000,3,58770940,recipient_schedule_required,,,,,https://monitor.statnipokladna.gov.cz/api/ukazatele?ic=60781688&obdobi=2412
2024,329,multi_school,founder:00240257,00240257,Obec Jirny,obec,3,2,8600000,0,8600000,3,62020707,recipient_schedule_required,,,,,https://monitor.statnipokladna.gov.cz/api/ukazatele?ic=00240257&obdobi=2412
2024,330,multi_school,founder:00277908,00277908,Město Hostinné,obec,3,3,8563096,0,8563096,3,73185529,recipient_schedule_required,,,,,https://monitor.statnipokladna.gov.cz/api/ukazatele?ic=00277908&obdobi=2412
2024,331,multi_school,founder:00231584,00231584,Obec Čerčany,obec,3,5,8122238,380490,8502728,3,75759405,recipient_schedule_required,,,,,https://monitor.statnipokladna.gov.cz/api/ukazatele?ic=00231584&obdobi=2412
2024,332,multi_school,founder:00299511,00299511,Obec Štěpánov,obec,3,2,8446000,0,8446000,3,55615222,recipient_schedule_required,,,,,https://monitor.statnipokladna.gov.cz/api/ukazatele?ic=00299511&obdobi=2412
2024,333,multi_school,founder:00235075,00235075,Město Unhošť,obec,3,3,8364000,0,8364000,3,92646634,recipient_schedule_required,,,,,https://monitor.statnipokladna.gov.cz/api/ukazatele?ic=00235075&obdobi=2412
2024,334,multi_school,founder:00291846,00291846,Město Ivanovice na Hané,obec,3,3,8243410,0,8243410,3,60993897,recipient_schedule_required,,,,,https://monitor.statnipokladna.gov.cz/api/ukazatele?ic=00291846&obdobi=2412
2024,335,multi_school,founder:00244686,00244686,Město Borovany,obec,3,3,8180043,0,8180043,3,74368818,recipient_schedule_required,,,,,https://monitor.statnipokladna.gov.cz/api/ukazatele?ic=00244686&obdobi=2412
2024,336,multi_school,founder:00267759,00267759,Město Ledeč nad Sázavou,obec,3,4,7870000,240000,8110000,3,98115786,recipient_schedule_required,,,,,https://monitor.statnipokladna.gov.cz/api/ukazatele?ic=00267759&obdobi=2412
2024,337,multi_school,founder:00293164,00293164,Město Miroslav,obec,3,3,8019800,55700,8075500,3,64935974,recipient_schedule_required,,,,,https://monitor.statnipokladna.gov.cz/api/ukazatele?ic=00293164&obdobi=2412
2024,338,multi_school,founder:00285498,00285498,Město Vracov,obec,3,3,7657000,0,7657000,3,56438462,recipient_schedule_required,,,,,https://monitor.statnipokladna.gov.cz/api/ukazatele?ic=00285498&obdobi=2412
2024,339,multi_school,founder:00256986,00256986,Město Nepomuk,obec,3,3,7624513,0,7624513,3,76949620,recipient_schedule_required,,,,,https://monitor.statnipokladna.gov.cz/api/ukazatele?ic=00256986&obdobi=2412
2024,340,multi_school,founder:00255921,00255921,Město Nýrsko,obec,3,2,7610000,0,7610000,3,78568257,recipient_schedule_required,,,,,https://monitor.statnipokladna.gov.cz/api/ukazatele?ic=00255921&obdobi=2412
2024,341,multi_school,founder:00283673,00283673,Město Velké Bílovice,obec,3,3,7460000,0,7460000,3,58600636,recipient_schedule_required,,,,,https://monitor.statnipokladna.gov.cz/api/ukazatele?ic=00283673&obdobi=2412
2024,342,multi_school,founder:00278963,00278963,Město Jablonné nad Orlicí,obec,3,4,7296098,0,7296098,3,60495368,recipient_schedule_required,,,,,https://monitor.statnipokladna.gov.cz/api/ukazatele?ic=00278963&obdobi=2412
2024,343,multi_school,founder:00252069,00252069,Město Bechyně,obec,3,2,7200000,0,7200000,3,70266811,recipient_schedule_required,,,,,https://monitor.statnipokladna.gov.cz/api/ukazatele?ic=00252069&obdobi=2412
2024,344,multi_school,founder:00258245,00258245,Město Plasy,obec,3,4,7179000,0,7179000,3,61800237,recipient_schedule_required,,,,,https://monitor.statnipokladna.gov.cz/api/ukazatele?ic=00258245&obdobi=2412
2024,345,multi_school,founder:00302945,00302945,Město Loštice,obec,3,4,6811000,300000,7111000,3,48549460,recipient_schedule_required,,,,,https://monitor.statnipokladna.gov.cz/api/ukazatele?ic=00302945&obdobi=2412
2024,346,multi_school,founder:00250601,00250601,Město Netolice,obec,3,3,6962807,0,6962807,3,46638663,recipient_schedule_required,,,,,https://monitor.statnipokladna.gov.cz/api/ukazatele?ic=00250601&obdobi=2412
2024,347,multi_school,founder:00264474,00264474,Město Terezín,obec,3,3,6850000,85216,6935216,3,53585859,recipient_schedule_required,,,,,https://monitor.statnipokladna.gov.cz/api/ukazatele?ic=00264474&obdobi=2412
2024,348,multi_school,founder:00275191,00275191,Město Opočno,obec,3,4,6557912,90000,6647912,3,61603101,recipient_schedule_required,,,,,https://monitor.statnipokladna.gov.cz/api/ukazatele?ic=00275191&obdobi=2412
2024,349,multi_school,founder:00285536,00285536,Město Ždánice,obec,3,4,6452000,150282,6602282,3,41899440,recipient_schedule_required,,,,,https://monitor.statnipokladna.gov.cz/api/ukazatele?ic=00285536&obdobi=2412
2024,350,multi_school,founder:00253766,00253766,Město Staňkov,obec,3,3,6252082,0,6252082,3,72124710,recipient_schedule_required,,,,,https://monitor.statnipokladna.gov.cz/api/ukazatele?ic=00253766&obdobi=2412
2024,351,multi_school,founder:00263036,00263036,Město Nové Město pod Smrkem,obec,3,4,6203765,5000,6208765,3,55608122,recipient_schedule_required,,,,,https://monitor.statnipokladna.gov.cz/api/ukazatele?ic=00263036&obdobi=2412
2024,352,multi_school,founder:00259250,00259250,Město Březová,obec,3,2,6159000,0,6159000,3,51244861,recipient_schedule_required,,,,,https://monitor.statnipokladna.gov.cz/api/ukazatele?ic=00259250&obdobi=2412
2024,353,multi_school,founder:00266400,00266400,Město Košťany,obec,3,2,6059829,0,6059829,3,39865734,recipient_schedule_required,,,,,https://monitor.statnipokladna.gov.cz/api/ukazatele?ic=00266400&obdobi=2412
2024,354,multi_school,founder:00288632,00288632,Město Plumlov,obec,3,3,5980000,0,5980000,3,67248803,recipient_schedule_required,,,,,https://monitor.statnipokladna.gov.cz/api/ukazatele?ic=00288632&obdobi=2412
2024,355,multi_school,founder:00270199,00270199,Město Chrast,obec,3,4,5793500,150000,5943500,3,78020619,recipient_schedule_required,,,,,https://monitor.statnipokladna.gov.cz/api/ukazatele?ic=00270199&obdobi=2412
2024,356,multi_school,founder:00289426,00289426,Město Hrotovice,obec,3,3,5877800,0,5877800,3,43937927,recipient_schedule_required,,,,,https://monitor.statnipokladna.gov.cz/api/ukazatele?ic=00289426&obdobi=2412
2024,357,multi_school,founder:00572756,00572756,Obec Velká Hleďsebe,obec,3,4,4546107,1181138,5727245,3,15377761,recipient_schedule_required,,,,,https://monitor.statnipokladna.gov.cz/api/ukazatele?ic=00572756&obdobi=2412
2024,358,multi_school,founder:00636037,00636037,Obec Česká Ves,obec,3,2,5717341,0,5717341,3,46354506,recipient_schedule_required,,,,,https://monitor.statnipokladna.gov.cz/api/ukazatele?ic=00636037&obdobi=2412
2024,359,multi_school,founder:00272841,00272841,Město Meziměstí,obec,3,2,5703000,0,5703000,3,35709559,recipient_schedule_required,,,,,https://monitor.statnipokladna.gov.cz/api/ukazatele?ic=00272841&obdobi=2412
2024,360,multi_school,founder:00255050,00255050,Město Teplá,obec,3,3,5561220,0,5561220,3,52360543,recipient_schedule_required,,,,,https://monitor.statnipokladna.gov.cz/api/ukazatele?ic=00255050&obdobi=2412
2024,361,multi_school,founder:00276529,00276529,Město Bystré,obec,3,3,5531744,0,5531744,3,41766027,recipient_schedule_required,,,,,https://monitor.statnipokladna.gov.cz/api/ukazatele?ic=00276529&obdobi=2412
2024,362,multi_school,founder:00276791,00276791,Město Jevíčko,obec,3,3,5496000,0,5496000,3,58748865,recipient_schedule_required,,,,,https://monitor.statnipokladna.gov.cz/api/ukazatele?ic=00276791&obdobi=2412
2024,363,multi_school,founder:00276057,00276057,Město Rokytnice nad Jizerou,obec,3,2,5343150,0,5343150,3,37120508,recipient_schedule_required,,,,,https://monitor.statnipokladna.gov.cz/api/ukazatele?ic=00276057&obdobi=2412
2024,364,multi_school,founder:00303313,00303313,Obec Ruda nad Moravou,obec,3,2,5343000,0,5343000,3,51292255,recipient_schedule_required,,,,,https://monitor.statnipokladna.gov.cz/api/ukazatele?ic=00303313&obdobi=2412
2024,365,multi_school,founder:00303003,00303003,Obec Mikulovice,obec,3,2,5150000,0,5150000,3,20249029,recipient_schedule_required,,,,,https://monitor.statnipokladna.gov.cz/api/ukazatele?ic=00303003&obdobi=2412
2024,366,multi_school,founder:00237078,00237078,Město Mšeno,obec,3,3,3875500,0,3875500,3,46182431,recipient_schedule_required,,,,,https://monitor.statnipokladna.gov.cz/api/ukazatele?ic=00237078&obdobi=2412
2024,367,multi_school,founder:00257851,00257851,Obec Chrást,obec,3,3,3796000,0,3796000,3,44222207,recipient_schedule_required,,,,,https://monitor.statnipokladna.gov.cz/api/ukazatele?ic=00257851&obdobi=2412
2024,368,multi_school,founder:00556912,00556912,Město Chabařovice,obec,3,3,3025000,0,3025000,3,57806165,recipient_schedule_required,,,,,https://monitor.statnipokladna.gov.cz/api/ukazatele?ic=00556912&obdobi=2412
2024,369,multi_school,founder:00277185,00277185,Obec Pomezí,obec,3,3,3004000,0,3004000,3,21336758,recipient_schedule_required,,,,,https://monitor.statnipokladna.gov.cz/api/ukazatele?ic=00277185&obdobi=2412
2024,370,multi_school,founder:00235300,00235300,Obec Cerhenice,obec,3,4,2820000,0,2820000,3,26998205,recipient_schedule_required,,,,,https://monitor.statnipokladna.gov.cz/api/ukazatele?ic=00235300&obdobi=2412
2024,371,multi_school,founder:00276464,00276464,Obec Brněnec,obec,3,2,2443000,0,2443000,3,30191259,recipient_schedule_required,,,,,https://monitor.statnipokladna.gov.cz/api/ukazatele?ic=00276464&obdobi=2412
2024,372,multi_school,founder:00231231,00231231,Městská část Praha - Suchdol,obec,3,0,0,0,0,3,94037908,founder_source_required,,,,,https://monitor.statnipokladna.gov.cz/api/ukazatele?ic=00231231&obdobi=2412
2024,373,multi_school,founder:00231304,00231304,Městská část Praha 19,obec,3,0,0,0,0,3,128181030,founder_source_required,,,,,https://monitor.statnipokladna.gov.cz/api/ukazatele?ic=00231304&obdobi=2412
2024,374,multi_school,founder:00240427,00240427,Obec Líbeznice,obec,2,2,33800000,0,33800000,2,169882225,recipient_schedule_required,,,,,https://monitor.statnipokladna.gov.cz/api/ukazatele?ic=00240427&obdobi=2412
2024,375,multi_school,founder:00240508,00240508,Obec Mukařov,obec,2,4,16669132,10357570,27026702,2,78771136,recipient_schedule_required,,,,,https://monitor.statnipokladna.gov.cz/api/ukazatele?ic=00240508&obdobi=2412
2024,376,multi_school,founder:00262781,00262781,Město Frýdlant,obec,2,3,25550520,0,25550520,2,140711542,recipient_schedule_required,,,,,https://monitor.statnipokladna.gov.cz/api/ukazatele?ic=00262781&obdobi=2412
2024,377,multi_school,founder:00240931,00240931,Město Úvaly,obec,2,4,20092400,4748501,24840901,2,52564923,recipient_schedule_required,,,,,https://monitor.statnipokladna.gov.cz/api/ukazatele?ic=00240931&obdobi=2412
2024,378,multi_school,founder:00241237,00241237,Město Hostivice,obec,2,2,22550243,0,22550243,2,120979984,recipient_schedule_required,,,,,https://monitor.statnipokladna.gov.cz/api/ukazatele?ic=00241237&obdobi=2412
2024,379,multi_school,founder:00260746,00260746,Město Mimoň,obec,2,3,20910000,750000,21660000,2,75963851,recipient_schedule_required,,,,,https://monitor.statnipokladna.gov.cz/api/ukazatele?ic=00260746&obdobi=2412
2024,380,multi_school,founder:00279978,00279978,Město Boskovice,obec,2,2,20819000,0,20819000,2,190135078,recipient_schedule_required,,,,,https://monitor.statnipokladna.gov.cz/api/ukazatele?ic=00279978&obdobi=2412
2024,381,multi_school,founder:00283509,00283509,Město Pohořelice,obec,2,4,19575000,750000,20325000,2,120998428,recipient_schedule_required,,,,,https://monitor.statnipokladna.gov.cz/api/ukazatele?ic=00283509&obdobi=2412
2024,382,multi_school,founder:00272591,00272591,Město Česká Skalice,obec,2,4,15120000,5000000,20120000,2,75289726,recipient_schedule_required,,,,,https://monitor.statnipokladna.gov.cz/api/ukazatele?ic=00272591&obdobi=2412
2024,383,multi_school,founder:00297593,00297593,Město Petřvald,obec,2,4,16816000,3174627,19990627,2,92358991,recipient_schedule_required,,,,,https://monitor.statnipokladna.gov.cz/api/ukazatele?ic=00297593&obdobi=2412
2024,384,multi_school,founder:00297852,00297852,Město Frenštát pod Radhoštěm,obec,2,6,16946886,2593254,19540140,2,144180792,recipient_schedule_required,,,,,https://monitor.statnipokladna.gov.cz/api/ukazatele?ic=00297852&obdobi=2412
2024,385,multi_school,founder:00296317,00296317,Město Rýmařov,obec,2,3,19295000,0,19295000,2,101256117,recipient_schedule_required,,,,,https://monitor.statnipokladna.gov.cz/api/ukazatele?ic=00296317&obdobi=2412
2024,386,multi_school,founder:00297062,00297062,Město Paskov,obec,2,3,18602000,600000,19202000,2,61924483,recipient_schedule_required,,,,,https://monitor.statnipokladna.gov.cz/api/ukazatele?ic=00297062&obdobi=2412
2024,387,multi_school,founder:00244899,00244899,Město Hluboká nad Vltavou,obec,2,3,16567617,1703702,18271319,2,73528285,recipient_schedule_required,,,,,https://monitor.statnipokladna.gov.cz/api/ukazatele?ic=00244899&obdobi=2412
2024,388,multi_school,founder:00259713,00259713,Město Bor,obec,2,4,13139330,4974664,18113994,2,69054436,recipient_schedule_required,,,,,https://monitor.statnipokladna.gov.cz/api/ukazatele?ic=00259713&obdobi=2412
2024,389,multi_school,founder:00297755,00297755,Město Bílovec,obec,2,2,17555564,463000,18018564,2,118752100,recipient_schedule_required,,,,,https://monitor.statnipokladna.gov.cz/api/ukazatele?ic=00297755&obdobi=2412
2024,390,multi_school,founder:00300870,00300870,Město Vítkov,obec,2,4,15204750,2504493,17709243,2,98830458,recipient_schedule_required,,,,,https://monitor.statnipokladna.gov.cz/api/ukazatele?ic=00300870&obdobi=2412
2024,391,multi_school,founder:00260096,00260096,Město Planá,obec,2,4,15016000,2638507,17654507,2,88012267,recipient_schedule_required,,,,,https://monitor.statnipokladna.gov.cz/api/ukazatele?ic=00260096&obdobi=2412
2024,392,multi_school,founder:00282456,00282456,Město Rajhrad,obec,2,3,15960200,1390000,17350200,2,84700398,recipient_schedule_required,,,,,https://monitor.statnipokladna.gov.cz/api/ukazatele?ic=00282456&obdobi=2412
2024,393,multi_school,founder:00509701,00509701,Město Králův Dvůr,obec,2,1,17325000,0,17325000,2,137476727,recipient_schedule_required,,,,,https://monitor.statnipokladna.gov.cz/api/ukazatele?ic=00509701&obdobi=2412
2024,394,multi_school,founder:00241202,00241202,Obec Dolní Břežany,obec,2,3,17100000,0,17100000,2,79800092,recipient_schedule_required,,,,,https://monitor.statnipokladna.gov.cz/api/ukazatele?ic=00241202&obdobi=2412
2024,395,multi_school,founder:00237434,00237434,Město Bělá pod Bezdězem,obec,2,2,16470170,0,16470170,2,74692291,recipient_schedule_required,,,,,https://monitor.statnipokladna.gov.cz/api/ukazatele?ic=00237434&obdobi=2412
2024,396,multi_school,founder:00297615,00297615,Město Rychvald,obec,2,2,16350000,0,16350000,2,88133175,recipient_schedule_required,,,,,https://monitor.statnipokladna.gov.cz/api/ukazatele?ic=00297615&obdobi=2412
2024,397,multi_school,founder:00282103,00282103,Město Modřice,obec,2,2,15726000,0,15726000,2,76865976,recipient_schedule_required,,,,,https://monitor.statnipokladna.gov.cz/api/ukazatele?ic=00282103&obdobi=2412
2024,398,multi_school,founder:00235474,00235474,Město Kostelec nad Černými lesy,obec,2,3,14354000,1207943,15561943,2,100308704,recipient_schedule_required,,,,,https://monitor.statnipokladna.gov.cz/api/ukazatele?ic=00235474&obdobi=2412
2024,399,multi_school,founder:00284653,00284653,Město Vizovice,obec,2,3,15105500,0,15105500,2,85019789,recipient_schedule_required,,,,,https://monitor.statnipokladna.gov.cz/api/ukazatele?ic=00284653&obdobi=2412
2024,400,multi_school,founder:00240478,00240478,Město Mnichovice,obec,2,3,13699661,968430,14668091,2,101180412,recipient_schedule_required,,,,,https://monitor.statnipokladna.gov.cz/api/ukazatele?ic=00240478&obdobi=2412
2024,401,multi_school,founder:00296562,00296562,Obec Bystřice,obec,2,2,13950000,500000,14450000,2,105536691,recipient_schedule_required,,,,,https://monitor.statnipokladna.gov.cz/api/ukazatele?ic=00296562&obdobi=2412
2024,402,multi_school,founder:00258199,00258199,Město Nýřany,obec,2,2,14231000,0,14231000,2,104254303,recipient_schedule_required,,,,,https://monitor.statnipokladna.gov.cz/api/ukazatele?ic=00258199&obdobi=2412
2024,403,multi_school,founder:00282481,00282481,Město Rosice,obec,2,3,13604400,300000,13904400,2,103864911,recipient_schedule_required,,,,,https://monitor.statnipokladna.gov.cz/api/ukazatele?ic=00282481&obdobi=2412
2024,404,multi_school,founder:00296228,00296228,Město Město Albrechtice,obec,2,3,9200400,4232851,13433251,2,49536138,recipient_schedule_required,,,,,https://monitor.statnipokladna.gov.cz/api/ukazatele?ic=00296228&obdobi=2412
2024,405,multi_school,founder:00259098,00259098,Obec Strašice,obec,2,2,13330000,0,13330000,2,49173349,recipient_schedule_required,,,,,https://monitor.statnipokladna.gov.cz/api/ukazatele?ic=00259098&obdobi=2412
2024,406,multi_school,founder:00240559,00240559,Město Odolena Voda,obec,2,2,13251000,0,13251000,2,109348682,recipient_schedule_required,,,,,https://monitor.statnipokladna.gov.cz/api/ukazatele?ic=00240559&obdobi=2412
2024,407,multi_school,founder:00285455,00285455,Město Veselí nad Moravou,obec,2,2,13193600,0,13193600,2,83737107,recipient_schedule_required,,,,,https://monitor.statnipokladna.gov.cz/api/ukazatele?ic=00285455&obdobi=2412
2024,408,multi_school,founder:00241326,00241326,Město Jílové u Prahy,obec,2,2,13069000,0,13069000,2,98782311,recipient_schedule_required,,,,,https://monitor.statnipokladna.gov.cz/api/ukazatele?ic=00241326&obdobi=2412
2024,409,multi_school,founder:00284475,00284475,Město Slušovice,obec,2,3,12164741,676193,12840934,2,61385971,recipient_schedule_required,,,,,https://monitor.statnipokladna.gov.cz/api/ukazatele?ic=00284475&obdobi=2412
2024,410,multi_school,founder:00296589,00296589,Obec Dobrá,obec,2,2,12728000,0,12728000,2,81525092,recipient_schedule_required,,,,,https://monitor.statnipokladna.gov.cz/api/ukazatele?ic=00296589&obdobi=2412
2024,411,multi_school,founder:00241229,00241229,Obec Horoměřice,obec,2,3,12595000,0,12595000,2,62904996,recipient_schedule_required,,,,,https://monitor.statnipokladna.gov.cz/api/ukazatele?ic=00241229&obdobi=2412
2024,412,multi_school,founder:00241041,00241041,Obec Zeleneč,obec,2,4,8595400,3585970,12181370,2,67228511,recipient_schedule_required,,,,,https://monitor.statnipokladna.gov.cz/api/ukazatele?ic=00241041&obdobi=2412
2024,413,multi_school,founder:00261688,00261688,Město Šluknov,obec,2,2,12052000,0,12052000,2,87794011,recipient_schedule_required,,,,,https://monitor.statnipokladna.gov.cz/api/ukazatele?ic=00261688&obdobi=2412
2024,414,multi_school,founder:00257303,00257303,Obec Štěnovice,obec,2,2,11950000,0,11950000,2,70182040,recipient_schedule_required,,,,,https://monitor.statnipokladna.gov.cz/api/ukazatele?ic=00257303&obdobi=2412
2024,415,multi_school,founder:00237418,00237418,Město Bakov nad Jizerou,obec,2,3,11798008,134492,11932500,2,70179600,recipient_schedule_required,,,,,https://monitor.statnipokladna.gov.cz/api/ukazatele?ic=00237418&obdobi=2412
2024,416,multi_school,founder:00298051,00298051,Město Klimkovice,obec,2,4,11013000,701000,11714000,2,69524955,recipient_schedule_required,,,,,https://monitor.statnipokladna.gov.cz/api/ukazatele?ic=00298051&obdobi=2412
2024,417,multi_school,founder:00296481,00296481,Město Zlaté Hory,obec,2,2,11700000,0,11700000,2,47833635,recipient_schedule_required,,,,,https://monitor.statnipokladna.gov.cz/api/ukazatele?ic=00296481&obdobi=2412
2024,418,multi_school,founder:00575917,00575917,Obec Horní Suchá,obec,2,1,11631000,0,11631000,2,67611389,recipient_schedule_required,,,,,https://monitor.statnipokladna.gov.cz/api/ukazatele?ic=00575917&obdobi=2412
2024,419,multi_school,founder:00290939,00290939,Město Hluk,obec,2,3,10794736,692000,11486736,2,55001853,recipient_schedule_required,,,,,https://monitor.statnipokladna.gov.cz/api/ukazatele?ic=00290939&obdobi=2412
2024,420,multi_school,founder:00297666,00297666,Obec Těrlicko,obec,2,1,11480000,0,11480000,2,63845442,recipient_schedule_required,,,,,https://monitor.statnipokladna.gov.cz/api/ukazatele?ic=00297666&obdobi=2412
2024,421,multi_school,founder:00232904,00232904,Město Týnec nad Sázavou,obec,2,3,11352800,0,11352800,2,83124867,recipient_schedule_required,,,,,https://monitor.statnipokladna.gov.cz/api/ukazatele?ic=00232904&obdobi=2412
2024,422,multi_school,founder:00300021,00300021,Obec Háj ve Slezsku,obec,2,3,11149000,180000,11329000,2,44798130,recipient_schedule_required,,,,,https://monitor.statnipokladna.gov.cz/api/ukazatele?ic=00300021&obdobi=2412
2024,423,multi_school,founder:00287245,00287245,Město Chropyně,obec,2,4,10941000,245885,11186885,2,52805385,recipient_schedule_required,,,,,https://monitor.statnipokladna.gov.cz/api/ukazatele?ic=00287245&obdobi=2412
2024,424,multi_school,founder:00274241,00274241,Město Sezemice,obec,2,2,10950000,0,10950000,2,73710807,recipient_schedule_required,,,,,https://monitor.statnipokladna.gov.cz/api/ukazatele?ic=00274241&obdobi=2412
2024,425,multi_school,founder:00262595,00262595,Město Velké Hamry,obec,2,4,10637000,190000,10827000,2,51811644,recipient_schedule_required,,,,,https://monitor.statnipokladna.gov.cz/api/ukazatele?ic=00262595&obdobi=2412
2024,426,multi_school,founder:00245551,00245551,Město Trhové Sviny,obec,2,3,10641730,70000,10711730,2,82338866,recipient_schedule_required,,,,,https://monitor.statnipokladna.gov.cz/api/ukazatele?ic=00245551&obdobi=2412
2024,427,multi_school,founder:00268097,00268097,Město Přibyslav,obec,2,2,10703000,0,10703000,2,79947355,recipient_schedule_required,,,,,https://monitor.statnipokladna.gov.cz/api/ukazatele?ic=00268097&obdobi=2412
2024,428,multi_school,founder:00297461,00297461,Obec Dolní Lutyně,obec,2,2,9370000,1200000,10570000,2,73297166,recipient_schedule_required,,,,,https://monitor.statnipokladna.gov.cz/api/ukazatele?ic=00297461&obdobi=2412
2024,429,multi_school,founder:00241806,00241806,Obec Velké Přílepy,obec,2,2,10564000,0,10564000,2,61870773,recipient_schedule_required,,,,,https://monitor.statnipokladna.gov.cz/api/ukazatele?ic=00241806&obdobi=2412
2024,430,multi_school,founder:00287385,00287385,Obec Kvasice,obec,2,3,10271929,250000,10521929,2,42494899,recipient_schedule_required,,,,,https://monitor.statnipokladna.gov.cz/api/ukazatele?ic=00287385&obdobi=2412
2024,431,multi_school,founder:00240290,00240290,Město Klecany,obec,2,2,10517697,0,10517697,2,85991531,recipient_schedule_required,,,,,https://monitor.statnipokladna.gov.cz/api/ukazatele?ic=00240290&obdobi=2412
2024,432,multi_school,founder:00291480,00291480,Město Uherský Ostroh,obec,2,3,10500000,0,10500000,2,48041123,recipient_schedule_required,,,,,https://monitor.statnipokladna.gov.cz/api/ukazatele?ic=00291480&obdobi=2412
2024,433,multi_school,founder:00299898,00299898,Město Budišov nad Budišovkou,obec,2,4,10200230,243951,10444181,2,44128460,recipient_schedule_required,,,,,https://monitor.statnipokladna.gov.cz/api/ukazatele?ic=00299898&obdobi=2412
2024,434,multi_school,founder:00508870,00508870,Město Kosmonosy,obec,2,2,10275000,0,10275000,2,69754316,recipient_schedule_required,,,,,https://monitor.statnipokladna.gov.cz/api/ukazatele?ic=00508870&obdobi=2412
2024,435,multi_school,founder:00258563,00258563,Obec Zruč-Senec,obec,2,3,10192618,0,10192618,2,56350659,recipient_schedule_required,,,,,https://monitor.statnipokladna.gov.cz/api/ukazatele?ic=00258563&obdobi=2412
2024,436,multi_school,founder:00282979,00282979,Město Židlochovice,obec,2,3,10100000,0,10100000,2,112093240,recipient_schedule_required,,,,,https://monitor.statnipokladna.gov.cz/api/ukazatele?ic=00282979&obdobi=2412
2024,437,multi_school,founder:00261408,00261408,Město Jílové,obec,2,2,10094391,0,10094391,2,69357272,recipient_schedule_required,,,,,https://monitor.statnipokladna.gov.cz/api/ukazatele?ic=00261408&obdobi=2412
2024,438,multi_school,founder:00284611,00284611,Město Valašské Klobouky,obec,2,2,10045000,0,10045000,2,80617418,recipient_schedule_required,,,,,https://monitor.statnipokladna.gov.cz/api/ukazatele?ic=00284611&obdobi=2412
2024,439,multi_school,founder:00283819,00283819,Město Brumov - Bylnice,obec,2,2,10009000,0,10009000,2,73423416,recipient_schedule_required,,,,,https://monitor.statnipokladna.gov.cz/api/ukazatele?ic=00283819&obdobi=2412
2024,440,multi_school,founder:00246174,00246174,Město Velešín,obec,2,2,10004875,0,10004875,2,64427587,recipient_schedule_required,,,,,https://monitor.statnipokladna.gov.cz/api/ukazatele?ic=00246174&obdobi=2412
2024,441,multi_school,founder:00231525,00231525,Město Bystřice,obec,2,2,9538000,0,9538000,2,61776864,recipient_schedule_required,,,,,https://monitor.statnipokladna.gov.cz/api/ukazatele?ic=00231525&obdobi=2412
2024,442,multi_school,founder:00266116,00266116,Obec Obrnice,obec,2,2,9534518,0,9534518,2,36733165,recipient_schedule_required,,,,,https://monitor.statnipokladna.gov.cz/api/ukazatele?ic=00266116&obdobi=2412
2024,443,multi_school,founder:00288365,00288365,Město Konice,obec,2,3,9315000,170000,9485000,2,71682291,recipient_schedule_required,,,,,https://monitor.statnipokladna.gov.cz/api/ukazatele?ic=00288365&obdobi=2412
2024,444,multi_school,founder:00287504,00287504,Město Morkovice - Slížany,obec,2,3,6056000,3428650,9484650,2,53376460,recipient_schedule_required,,,,,https://monitor.statnipokladna.gov.cz/api/ukazatele?ic=00287504&obdobi=2412
2024,445,multi_school,founder:00302899,00302899,Obec Libina,obec,2,4,8578000,852000,9430000,2,51789999,recipient_schedule_required,,,,,https://monitor.statnipokladna.gov.cz/api/ukazatele?ic=00302899&obdobi=2412
2024,446,multi_school,founder:00236951,00236951,Město Kostelec nad Labem,obec,2,2,9201000,0,9201000,2,59229159,recipient_schedule_required,,,,,https://monitor.statnipokladna.gov.cz/api/ukazatele?ic=00236951&obdobi=2412
2024,447,multi_school,founder:00282111,00282111,Obec Mokrá-Horákov,obec,2,2,9170000,0,9170000,2,55089908,recipient_schedule_required,,,,,https://monitor.statnipokladna.gov.cz/api/ukazatele?ic=00282111&obdobi=2412
2024,448,multi_school,founder:00278238,00278238,Město Rtyně v Podkrkonoší,obec,2,2,9040000,0,9040000,2,46848252,recipient_schedule_required,,,,,https://monitor.statnipokladna.gov.cz/api/ukazatele?ic=00278238&obdobi=2412
2024,449,multi_school,founder:00273660,00273660,Město Chvaletice,obec,2,2,9028888,0,9028888,2,39895721,recipient_schedule_required,,,,,https://monitor.statnipokladna.gov.cz/api/ukazatele?ic=00273660&obdobi=2412
2024,450,multi_school,founder:00282618,00282618,Obec Střelice,obec,2,2,8990000,0,8990000,2,60984978,recipient_schedule_required,,,,,https://monitor.statnipokladna.gov.cz/api/ukazatele?ic=00282618&obdobi=2412
2024,451,multi_school,founder:00252654,00252654,Město Planá nad Lužnicí,obec,2,4,7544230,1400000,8944230,2,69092431,recipient_schedule_required,,,,,https://monitor.statnipokladna.gov.cz/api/ukazatele?ic=00252654&obdobi=2412
2024,452,multi_school,founder:00281581,00281581,Obec Bílovice nad Svitavou,obec,2,2,8940000,0,8940000,2,74732357,recipient_schedule_required,,,,,https://monitor.statnipokladna.gov.cz/api/ukazatele?ic=00281581&obdobi=2412
2024,453,multi_school,founder:00291200,00291200,Obec Ostrožská Nová Ves,obec,2,4,6900000,1987839,8887839,2,45607884,recipient_schedule_required,,,,,https://monitor.statnipokladna.gov.cz/api/ukazatele?ic=00291200&obdobi=2412
2024,454,multi_school,founder:00239721,00239721,Město Sadská,obec,2,2,8880000,0,8880000,2,67241233,recipient_schedule_required,,,,,https://monitor.statnipokladna.gov.cz/api/ukazatele?ic=00239721&obdobi=2412
2024,455,multi_school,founder:00287229,00287229,Město Hulín,obec,2,2,8839800,0,8839800,2,75259033,recipient_schedule_required,,,,,https://monitor.statnipokladna.gov.cz/api/ukazatele?ic=00287229&obdobi=2412
2024,456,multi_school,founder:00255611,00255611,Město Janovice nad Úhlavou,obec,2,4,7743636,1056082,8799718,2,44363912,recipient_schedule_required,,,,,https://monitor.statnipokladna.gov.cz/api/ukazatele?ic=00255611&obdobi=2412
2024,457,multi_school,founder:00284823,00284823,Obec Čejkovice,obec,2,3,8631030,140360,8771390,2,38254220,recipient_schedule_required,,,,,https://monitor.statnipokladna.gov.cz/api/ukazatele?ic=00284823&obdobi=2412
2024,458,multi_school,founder:00289531,00289531,Město Jemnice,obec,2,2,8718000,0,8718000,2,68425736,recipient_schedule_required,,,,,https://monitor.statnipokladna.gov.cz/api/ukazatele?ic=00289531&obdobi=2412
2024,459,multi_school,founder:00283916,00283916,Město Fryšták,obec,2,2,8652000,0,8652000,2,51055910,recipient_schedule_required,,,,,https://monitor.statnipokladna.gov.cz/api/ukazatele?ic=00283916&obdobi=2412
2024,460,multi_school,founder:00260622,00260622,Město Kamenický Šenov,obec,2,2,8548000,0,8548000,2,64519835,recipient_schedule_required,,,,,https://monitor.statnipokladna.gov.cz/api/ukazatele?ic=00260622&obdobi=2412
2024,461,multi_school,founder:00284165,00284165,Město Luhačovice,obec,2,2,8452000,0,8452000,2,72742173,recipient_schedule_required,,,,,https://monitor.statnipokladna.gov.cz/api/ukazatele?ic=00284165&obdobi=2412
2024,462,multi_school,founder:00259527,00259527,Město Nové Sedlo,obec,2,2,8445170,0,8445170,2,30500559,recipient_schedule_required,,,,,https://monitor.statnipokladna.gov.cz/api/ukazatele?ic=00259527&obdobi=2412
2024,463,multi_school,founder:00247456,00247456,Město Slavonice,obec,2,2,8443000,0,8443000,2,42911886,recipient_schedule_required,,,,,https://monitor.statnipokladna.gov.cz/api/ukazatele?ic=00247456&obdobi=2412
2024,464,multi_school,founder:00259888,00259888,Město Kladruby,obec,2,2,8406000,0,8406000,2,33574466,recipient_schedule_required,,,,,https://monitor.statnipokladna.gov.cz/api/ukazatele?ic=00259888&obdobi=2412
2024,465,multi_school,founder:00237272,00237272,Město Veltrusy,obec,2,3,7650000,720000,8370000,2,65972299,recipient_schedule_required,,,,,https://monitor.statnipokladna.gov.cz/api/ukazatele?ic=00237272&obdobi=2412
2024,466,multi_school,founder:00280283,00280283,Městys Jedovnice,obec,2,4,6932000,1404000,8336000,2,51738969,recipient_schedule_required,,,,,https://monitor.statnipokladna.gov.cz/api/ukazatele?ic=00280283&obdobi=2412
2024,467,multi_school,founder:00283665,00283665,Město Valtice,obec,2,2,8205016,0,8205016,2,45474702,recipient_schedule_required,,,,,https://monitor.statnipokladna.gov.cz/api/ukazatele?ic=00283665&obdobi=2412
2024,468,multi_school,founder:00240788,00240788,Obec Strančice,obec,2,2,8168000,0,8168000,2,53572124,recipient_schedule_required,,,,,https://monitor.statnipokladna.gov.cz/api/ukazatele?ic=00240788&obdobi=2412
2024,469,multi_school,founder:00240826,00240826,Obec Světice,obec,2,2,8094773,0,8094773,2,39059342,recipient_schedule_required,,,,,https://monitor.statnipokladna.gov.cz/api/ukazatele?ic=00240826&obdobi=2412
2024,470,multi_school,founder:00256706,00256706,Obec Chotěšov,obec,2,3,7112269,972574,8084843,2,45075871,recipient_schedule_required,,,,,https://monitor.statnipokladna.gov.cz/api/ukazatele?ic=00256706&obdobi=2412
2024,471,multi_school,founder:00304476,00304476,Obec Zašová,obec,2,2,8060000,0,8060000,2,47167234,recipient_schedule_required,,,,,https://monitor.statnipokladna.gov.cz/api/ukazatele?ic=00304476&obdobi=2412
2024,472,multi_school,founder:00263931,00263931,Město Libochovice,obec,2,2,8050700,0,8050700,2,67382791,recipient_schedule_required,,,,,https://monitor.statnipokladna.gov.cz/api/ukazatele?ic=00263931&obdobi=2412
2024,473,multi_school,founder:00257893,00257893,Město Kaznějov,obec,2,2,8045000,0,8045000,2,50910505,recipient_schedule_required,,,,,https://monitor.statnipokladna.gov.cz/api/ukazatele?ic=00257893&obdobi=2412
2024,474,multi_school,founder:00282910,00282910,Obec Zbraslav,obec,2,3,3101400,4888159,7989559,2,28830597,recipient_schedule_required,,,,,https://monitor.statnipokladna.gov.cz/api/ukazatele?ic=00282910&obdobi=2412
2024,475,multi_school,founder:00234061,00234061,Město Zdice,obec,2,2,7933000,0,7933000,2,79650271,recipient_schedule_required,,,,,https://monitor.statnipokladna.gov.cz/api/ukazatele?ic=00234061&obdobi=2412
2024,476,multi_school,founder:00233510,00233510,Obec Loděnice,obec,2,2,7914000,0,7914000,2,62559784,recipient_schedule_required,,,,,https://monitor.statnipokladna.gov.cz/api/ukazatele?ic=00233510&obdobi=2412
2024,477,multi_school,founder:00296953,00296953,Obec Mosty u Jablunkova,obec,2,2,7861000,0,7861000,2,50236598,recipient_schedule_required,,,,,https://monitor.statnipokladna.gov.cz/api/ukazatele?ic=00296953&obdobi=2412
2024,478,multi_school,founder:00297429,00297429,Obec Albrechtice,obec,2,2,7420000,435000,7855000,2,41079826,recipient_schedule_required,,,,,https://monitor.statnipokladna.gov.cz/api/ukazatele?ic=00297429&obdobi=2412
2024,479,multi_school,founder:00282740,00282740,Město Újezd u Brna,obec,2,2,7838000,0,7838000,2,57692045,recipient_schedule_required,,,,,https://monitor.statnipokladna.gov.cz/api/ukazatele?ic=00282740&obdobi=2412
2024,480,multi_school,founder:00304131,00304131,Městys Nový Hrozenkov,obec,2,2,7808000,0,7808000,2,38793467,recipient_schedule_required,,,,,https://monitor.statnipokladna.gov.cz/api/ukazatele?ic=00304131&obdobi=2412
2024,481,multi_school,founder:00241245,00241245,Obec Hradištko,obec,2,2,7736000,0,7736000,2,52097731,recipient_schedule_required,,,,,https://monitor.statnipokladna.gov.cz/api/ukazatele?ic=00241245&obdobi=2412
2024,482,multi_school,founder:00271730,00271730,Město Lázně Bělohrad,obec,2,3,7577000,130000,7707000,2,61783726,recipient_schedule_required,,,,,https://monitor.statnipokladna.gov.cz/api/ukazatele?ic=00271730&obdobi=2412
2024,483,multi_school,founder:00262579,00262579,Město Smržovka,obec,2,2,7692494,0,7692494,2,52254433,recipient_schedule_required,,,,,https://monitor.statnipokladna.gov.cz/api/ukazatele?ic=00262579&obdobi=2412
2024,484,multi_school,founder:00255181,00255181,Město Žlutice,obec,2,3,7364079,317062,7681141,2,51992796,recipient_schedule_required,,,,,https://monitor.statnipokladna.gov.cz/api/ukazatele?ic=00255181&obdobi=2412
2024,485,multi_school,founder:00287334,00287334,Město Koryčany,obec,2,3,7489240,61990,7551230,2,37364116,recipient_schedule_required,,,,,https://monitor.statnipokladna.gov.cz/api/ukazatele?ic=00287334&obdobi=2412
2024,486,multi_school,founder:00260118,00260118,Město Přimda,obec,2,2,7533000,0,7533000,2,32465744,recipient_schedule_required,,,,,https://monitor.statnipokladna.gov.cz/api/ukazatele?ic=00260118&obdobi=2412
2024,487,multi_school,founder:00291340,00291340,Obec Strání,obec,2,2,7523000,0,7523000,2,45621113,recipient_schedule_required,,,,,https://monitor.statnipokladna.gov.cz/api/ukazatele?ic=00291340&obdobi=2412
2024,488,multi_school,founder:00287938,00287938,Obec Zdounky,obec,2,2,7486200,0,7486200,2,36139867,recipient_schedule_required,,,,,https://monitor.statnipokladna.gov.cz/api/ukazatele?ic=00287938&obdobi=2412
2024,489,multi_school,founder:00240273,00240273,Obec Kamenice,obec,2,2,7470000,0,7470000,2,73849203,recipient_schedule_required,,,,,https://monitor.statnipokladna.gov.cz/api/ukazatele?ic=00240273&obdobi=2412
2024,490,multi_school,founder:00289507,00289507,Město Jaroměřice nad Rokytnou,obec,2,2,7392550,0,7392550,2,51301654,recipient_schedule_required,,,,,https://monitor.statnipokladna.gov.cz/api/ukazatele?ic=00289507&obdobi=2412
2024,491,multi_school,founder:00275492,00275492,Město Vamberk,obec,2,2,7365000,0,7365000,2,43761957,recipient_schedule_required,,,,,https://monitor.statnipokladna.gov.cz/api/ukazatele?ic=00275492&obdobi=2412
2024,492,multi_school,founder:00282090,00282090,Obec Měnín,obec,2,2,7342233,0,7342233,2,38507764,recipient_schedule_required,,,,,https://monitor.statnipokladna.gov.cz/api/ukazatele?ic=00282090&obdobi=2412
2024,493,multi_school,founder:00278742,00278742,Obec Dolní Dobrouč,obec,2,3,6754083,573247,7327330,2,36967875,recipient_schedule_required,,,,,https://monitor.statnipokladna.gov.cz/api/ukazatele?ic=00278742&obdobi=2412
2024,494,multi_school,founder:00295906,00295906,Město Břidličná,obec,2,2,7309880,0,7309880,2,38375913,recipient_schedule_required,,,,,https://monitor.statnipokladna.gov.cz/api/ukazatele?ic=00295906&obdobi=2412
2024,495,multi_school,founder:00283495,00283495,Město Podivín,obec,2,4,6945036,335000,7280036,2,35565984,recipient_schedule_required,,,,,https://monitor.statnipokladna.gov.cz/api/ukazatele?ic=00283495&obdobi=2412
2024,496,multi_school,founder:00257265,00257265,Město Stod,obec,2,2,7198113,0,7198113,2,81171291,recipient_schedule_required,,,,,https://monitor.statnipokladna.gov.cz/api/ukazatele?ic=00257265&obdobi=2412
2024,497,multi_school,founder:00283339,00283339,Obec Lednice,obec,2,2,7100000,0,7100000,2,42818507,recipient_schedule_required,,,,,https://monitor.statnipokladna.gov.cz/api/ukazatele?ic=00283339&obdobi=2412
2024,498,multi_school,founder:00274011,00274011,Obec Opatovice nad Labem,obec,2,2,7034000,0,7034000,2,50989291,recipient_schedule_required,,,,,https://monitor.statnipokladna.gov.cz/api/ukazatele?ic=00274011&obdobi=2412
2024,499,multi_school,founder:00283321,00283321,Město Lanžhot,obec,2,3,5373200,1630000,7003200,2,44657980,recipient_schedule_required,,,,,https://monitor.statnipokladna.gov.cz/api/ukazatele?ic=00283321&obdobi=2412
2024,500,multi_school,founder:00273643,00273643,Městys Choltice,obec,2,3,5695050,1300000,6995050,2,47915668,recipient_schedule_required,,,,,https://monitor.statnipokladna.gov.cz/api/ukazatele?ic=00273643&obdobi=2412
2024,501,multi_school,founder:00303801,00303801,Obec Hovězí,obec,2,2,6980000,0,6980000,2,38167853,recipient_schedule_required,,,,,https://monitor.statnipokladna.gov.cz/api/ukazatele?ic=00303801&obdobi=2412
2024,502,multi_school,founder:00241156,00241156,Městys Davle,obec,2,2,6970436,0,6970436,2,58657788,recipient_schedule_required,,,,,https://monitor.statnipokladna.gov.cz/api/ukazatele?ic=00241156&obdobi=2412
2024,503,multi_school,founder:00234214,00234214,Město Buštěhrad,obec,2,2,6936000,0,6936000,2,86243638,recipient_schedule_required,,,,,https://monitor.statnipokladna.gov.cz/api/ukazatele?ic=00234214&obdobi=2412
2024,504,multi_school,founder:00290777,00290777,Obec Babice,obec,2,2,6932285,0,6932285,2,34315037,recipient_schedule_required,,,,,https://monitor.statnipokladna.gov.cz/api/ukazatele?ic=00290777&obdobi=2412
2024,505,multi_school,founder:00291731,00291731,Obec Drnovice,obec,2,2,6912000,0,6912000,2,47254747,recipient_schedule_required,,,,,https://monitor.statnipokladna.gov.cz/api/ukazatele?ic=00291731&obdobi=2412
2024,506,multi_school,founder:00296678,00296678,Obec Hnojník,obec,2,1,6906657,0,6906657,2,75587916,recipient_schedule_required,,,,,https://monitor.statnipokladna.gov.cz/api/ukazatele?ic=00296678&obdobi=2412
2024,507,multi_school,founder:00284556,00284556,Obec Štítná nad Vláří - Popov,obec,2,2,6872630,0,6872630,2,32214412,recipient_schedule_required,,,,,https://monitor.statnipokladna.gov.cz/api/ukazatele?ic=00284556&obdobi=2412
2024,508,multi_school,founder:00301078,00301078,Městys Brodek u Přerova,obec,2,3,5892970,974815,6867785,2,34758510,recipient_schedule_required,,,,,https://monitor.statnipokladna.gov.cz/api/ukazatele?ic=00301078&obdobi=2412
2024,509,multi_school,founder:00245721,00245721,Město Zliv,obec,2,2,6820940,0,6820940,2,55782846,recipient_schedule_required,,,,,https://monitor.statnipokladna.gov.cz/api/ukazatele?ic=00245721&obdobi=2412
2024,510,multi_school,founder:00239437,00239437,Město Městec Králové,obec,2,3,6789000,0,6789000,2,51423652,recipient_schedule_required,,,,,https://monitor.statnipokladna.gov.cz/api/ukazatele?ic=00239437&obdobi=2412
2024,511,multi_school,founder:00282928,00282928,Město Zbýšov,obec,2,2,6750000,0,6750000,2,52995110,recipient_schedule_required,,,,,https://monitor.statnipokladna.gov.cz/api/ukazatele?ic=00282928&obdobi=2412
2024,512,multi_school,founder:00292877,00292877,Město Hrušovany nad Jevišovkou,obec,2,2,6740000,0,6740000,2,54324875,recipient_schedule_required,,,,,https://monitor.statnipokladna.gov.cz/api/ukazatele?ic=00292877&obdobi=2412
2024,513,multi_school,founder:00275301,00275301,Město Rokytnice v Orlických horách,obec,2,2,6732000,0,6732000,2,33174887,recipient_schedule_required,,,,,https://monitor.statnipokladna.gov.cz/api/ukazatele?ic=00275301&obdobi=2412
2024,514,multi_school,founder:00270156,00270156,Město Hrochův Týnec,obec,2,2,6721000,0,6721000,2,42427380,recipient_schedule_required,,,,,https://monitor.statnipokladna.gov.cz/api/ukazatele?ic=00270156&obdobi=2412
2024,515,multi_school,founder:00235873,00235873,Obec Velký Osek,obec,2,2,6700000,0,6700000,2,50179750,recipient_schedule_required,,,,,https://monitor.statnipokladna.gov.cz/api/ukazatele?ic=00235873&obdobi=2412
2024,516,multi_school,founder:00259489,00259489,Město Loket,obec,2,3,6331000,350287,6681287,2,38680685,recipient_schedule_required,,,,,https://monitor.statnipokladna.gov.cz/api/ukazatele?ic=00259489&obdobi=2412
2024,517,multi_school,founder:00252000,00252000,Město Volyně,obec,2,2,6617000,0,6617000,2,61000782,recipient_schedule_required,,,,,https://monitor.statnipokladna.gov.cz/api/ukazatele?ic=00252000&obdobi=2412
2024,518,multi_school,founder:00262820,00262820,Město Hodkovice nad Mohelkou,obec,2,2,6600000,0,6600000,2,43776506,recipient_schedule_required,,,,,https://monitor.statnipokladna.gov.cz/api/ukazatele?ic=00262820&obdobi=2412
2024,519,multi_school,founder:00272124,00272124,Město Sobotka,obec,2,3,6600000,0,6600000,2,49033146,recipient_schedule_required,,,,,https://monitor.statnipokladna.gov.cz/api/ukazatele?ic=00272124&obdobi=2412
2024,520,multi_school,founder:00299669,00299669,Obec Velký Týnec,obec,2,2,6600000,0,6600000,2,59110524,recipient_schedule_required,,,,,https://monitor.statnipokladna.gov.cz/api/ukazatele?ic=00299669&obdobi=2412
2024,521,multi_school,founder:00288063,00288063,Městys Brodek u Prostějova,obec,2,2,6553924,0,6553924,2,41010221,recipient_schedule_required,,,,,https://monitor.statnipokladna.gov.cz/api/ukazatele?ic=00288063&obdobi=2412
2024,522,multi_school,founder:00270822,00270822,Město Ronov nad Doubravou,obec,2,2,6545267,0,6545267,2,35720349,recipient_schedule_required,,,,,https://monitor.statnipokladna.gov.cz/api/ukazatele?ic=00270822&obdobi=2412
2024,523,multi_school,founder:00267139,00267139,Obec Velké Březno,obec,2,2,6526440,0,6526440,2,52248526,recipient_schedule_required,,,,,https://monitor.statnipokladna.gov.cz/api/ukazatele?ic=00267139&obdobi=2412
2024,524,multi_school,founder:00234893,00234893,Město Smečno,obec,2,2,6500000,0,6500000,2,45625820,recipient_schedule_required,,,,,https://monitor.statnipokladna.gov.cz/api/ukazatele?ic=00234893&obdobi=2412
2024,525,multi_school,founder:00294799,00294799,Městys Měřín,obec,2,2,6500000,0,6500000,2,48483243,recipient_schedule_required,,,,,https://monitor.statnipokladna.gov.cz/api/ukazatele?ic=00294799&obdobi=2412
2024,526,multi_school,founder:00266337,00266337,Město Hrob,obec,2,2,6481000,0,6481000,2,36293467,recipient_schedule_required,,,,,https://monitor.statnipokladna.gov.cz/api/ukazatele?ic=00266337&obdobi=2412
2024,527,multi_school,founder:00303780,00303780,Obec Horní Lideč,obec,2,3,6369896,100000,6469896,2,39230009,recipient_schedule_required,,,,,https://monitor.statnipokladna.gov.cz/api/ukazatele?ic=00303780&obdobi=2412
2024,528,multi_school,founder:00254444,00254444,Město Bochov,obec,2,3,6079000,330000,6409000,2,34747177,recipient_schedule_required,,,,,https://monitor.statnipokladna.gov.cz/api/ukazatele?ic=00254444&obdobi=2412
2024,529,multi_school,founder:00235831,00235831,Město Týnec nad Labem,obec,2,2,6400000,0,6400000,2,55648326,recipient_schedule_required,,,,,https://monitor.statnipokladna.gov.cz/api/ukazatele?ic=00235831&obdobi=2412
2024,530,multi_school,founder:00272132,00272132,Obec Stará Paka,obec,2,2,6390081,0,6390081,2,34864382,recipient_schedule_required,,,,,https://monitor.statnipokladna.gov.cz/api/ukazatele?ic=00272132&obdobi=2412
2024,531,multi_school,founder:00273503,00273503,Obec Dolní Roveň,obec,2,2,6370000,0,6370000,2,37546795,recipient_schedule_required,,,,,https://monitor.statnipokladna.gov.cz/api/ukazatele?ic=00273503&obdobi=2412
2024,532,multi_school,founder:00261424,00261424,Město Jiříkov,obec,2,3,6005000,313753,6318753,2,40782591,recipient_schedule_required,,,,,https://monitor.statnipokladna.gov.cz/api/ukazatele?ic=00261424&obdobi=2412
2024,533,multi_school,founder:00240818,00240818,Obec Sulice,obec,2,2,6300400,0,6300400,2,50136972,recipient_schedule_required,,,,,https://monitor.statnipokladna.gov.cz/api/ukazatele?ic=00240818&obdobi=2412
2024,534,multi_school,founder:00233382,00233382,Městys Komárov,obec,2,2,6250000,0,6250000,2,43805379,recipient_schedule_required,,,,,https://monitor.statnipokladna.gov.cz/api/ukazatele?ic=00233382&obdobi=2412
2024,535,multi_school,founder:00284572,00284572,Obec Tlumačov,obec,2,2,6218000,0,6218000,2,32641579,recipient_schedule_required,,,,,https://monitor.statnipokladna.gov.cz/api/ukazatele?ic=00284572&obdobi=2412
2024,536,multi_school,founder:00253669,00253669,Město Poběžovice,obec,2,2,6208000,0,6208000,2,39056137,recipient_schedule_required,,,,,https://monitor.statnipokladna.gov.cz/api/ukazatele?ic=00253669&obdobi=2412
2024,537,multi_school,founder:00302368,00302368,Obec Bludov,obec,2,3,5988000,97000,6085000,2,51121209,recipient_schedule_required,,,,,https://monitor.statnipokladna.gov.cz/api/ukazatele?ic=00302368&obdobi=2412
2024,538,multi_school,founder:00235482,00235482,Město Kouřim,obec,2,3,6074000,0,6074000,2,56760202,recipient_schedule_required,,,,,https://monitor.statnipokladna.gov.cz/api/ukazatele?ic=00235482&obdobi=2412
2024,539,multi_school,founder:00271071,00271071,Město Třemošnice,obec,2,3,6057547,0,6057547,2,39217105,recipient_schedule_required,,,,,https://monitor.statnipokladna.gov.cz/api/ukazatele?ic=00271071&obdobi=2412
2024,540,multi_school,founder:00235041,00235041,Obec Tuchlovice,obec,2,2,6000000,0,6000000,2,47909629,recipient_schedule_required,,,,,https://monitor.statnipokladna.gov.cz/api/ukazatele?ic=00235041&obdobi=2412
2024,541,multi_school,founder:00233269,00233269,Město Hostomice,obec,2,3,5956000,0,5956000,2,36908816,recipient_schedule_required,,,,,https://monitor.statnipokladna.gov.cz/api/ukazatele?ic=00233269&obdobi=2412
2024,542,multi_school,founder:00282804,00282804,Město Veverská Bítýška,obec,2,3,4900000,1000000,5900000,2,52108892,recipient_schedule_required,,,,,https://monitor.statnipokladna.gov.cz/api/ukazatele?ic=00282804&obdobi=2412
2024,543,multi_school,founder:00235865,00235865,Obec Velim,obec,2,2,5874000,0,5874000,2,42052678,recipient_schedule_required,,,,,https://monitor.statnipokladna.gov.cz/api/ukazatele?ic=00235865&obdobi=2412
2024,544,multi_school,founder:00280615,00280615,Městys Lysice,obec,2,2,5870000,0,5870000,2,64349700,recipient_schedule_required,,,,,https://monitor.statnipokladna.gov.cz/api/ukazatele?ic=00280615&obdobi=2412
2024,545,multi_school,founder:00238252,00238252,Obec Luštěnice,obec,2,2,5861139,0,5861139,2,44598666,recipient_schedule_required,,,,,https://monitor.statnipokladna.gov.cz/api/ukazatele?ic=00238252&obdobi=2412
2024,546,multi_school,founder:00236616,00236616,Obec Vrdy,obec,2,2,5850000,0,5850000,2,43192024,recipient_schedule_required,,,,,https://monitor.statnipokladna.gov.cz/api/ukazatele?ic=00236616&obdobi=2412
2024,547,multi_school,founder:00265331,00265331,Městys Peruc,obec,2,2,5809000,0,5809000,2,29624073,recipient_schedule_required,,,,,https://monitor.statnipokladna.gov.cz/api/ukazatele?ic=00265331&obdobi=2412
2024,548,multi_school,founder:00283363,00283363,Městys Moravská Nová Ves,obec,2,2,5808000,0,5808000,2,40336130,recipient_schedule_required,,,,,https://monitor.statnipokladna.gov.cz/api/ukazatele?ic=00283363&obdobi=2412
2024,549,multi_school,founder:00241695,00241695,Obec Středokluky,obec,2,2,5800000,0,5800000,2,34615909,recipient_schedule_required,,,,,https://monitor.statnipokladna.gov.cz/api/ukazatele?ic=00241695&obdobi=2412
2024,550,multi_school,founder:00282120,00282120,Obec Moravany,obec,2,2,5792000,0,5792000,2,33253551,recipient_schedule_required,,,,,https://monitor.statnipokladna.gov.cz/api/ukazatele?ic=00282120&obdobi=2412
2024,551,multi_school,founder:00241563,00241563,Obec Průhonice,obec,2,2,5765254,0,5765254,2,68543931,recipient_schedule_required,,,,,https://monitor.statnipokladna.gov.cz/api/ukazatele?ic=00241563&obdobi=2412
2024,552,multi_school,founder:00247146,00247146,Město Nová Včelnice,obec,2,2,5750000,0,5750000,2,37780154,recipient_schedule_required,,,,,https://monitor.statnipokladna.gov.cz/api/ukazatele?ic=00247146&obdobi=2412
2024,553,multi_school,founder:00266931,00266931,Obec Povrly,obec,2,2,5740000,0,5740000,2,38270015,recipient_schedule_required,,,,,https://monitor.statnipokladna.gov.cz/api/ukazatele?ic=00266931&obdobi=2412
2024,554,multi_school,founder:00241725,00241725,Městys Štěchovice,obec,2,2,5687299,0,5687299,2,33244223,recipient_schedule_required,,,,,https://monitor.statnipokladna.gov.cz/api/ukazatele?ic=00241725&obdobi=2412
2024,555,multi_school,founder:00674010,00674010,Město Trmice,obec,2,2,5687000,0,5687000,2,46818958,recipient_schedule_required,,,,,https://monitor.statnipokladna.gov.cz/api/ukazatele?ic=00674010&obdobi=2412
2024,556,multi_school,founder:00251721,00251721,Městys Radomyšl,obec,2,3,4762135,907865,5670000,2,39372854,recipient_schedule_required,,,,,https://monitor.statnipokladna.gov.cz/api/ukazatele?ic=00251721&obdobi=2412
2024,557,multi_school,founder:00276596,00276596,Obec Dolní Újezd,obec,2,3,4670000,1000000,5670000,2,57160806,recipient_schedule_required,,,,,https://monitor.statnipokladna.gov.cz/api/ukazatele?ic=00276596&obdobi=2412
2024,558,multi_school,founder:00303232,00303232,Obec Postřelmov,obec,2,2,5668750,0,5668750,2,42447074,recipient_schedule_required,,,,,https://monitor.statnipokladna.gov.cz/api/ukazatele?ic=00303232&obdobi=2412
2024,559,multi_school,founder:00248843,00248843,Město Počátky,obec,2,2,5646543,0,5646543,2,44992494,recipient_schedule_required,,,,,https://monitor.statnipokladna.gov.cz/api/ukazatele?ic=00248843&obdobi=2412
2024,560,multi_school,founder:00261734,00261734,Město Velký Šenov,obec,2,2,5611800,0,5611800,2,36806147,recipient_schedule_required,,,,,https://monitor.statnipokladna.gov.cz/api/ukazatele?ic=00261734&obdobi=2412
2024,561,multi_school,founder:00265217,00265217,Obec Lubenec,obec,2,2,5597000,0,5597000,2,31679005,recipient_schedule_required,,,,,https://monitor.statnipokladna.gov.cz/api/ukazatele?ic=00265217&obdobi=2412
2024,562,multi_school,founder:00240869,00240869,Městys Škvorec,obec,2,2,5566179,0,5566179,2,37652389,recipient_schedule_required,,,,,https://monitor.statnipokladna.gov.cz/api/ukazatele?ic=00240869&obdobi=2412
2024,563,multi_school,founder:00259276,00259276,Obec Bukovany,obec,2,2,5552000,0,5552000,2,26218418,recipient_schedule_required,,,,,https://monitor.statnipokladna.gov.cz/api/ukazatele?ic=00259276&obdobi=2412
2024,564,multi_school,founder:00240851,00240851,Obec Šestajovice,obec,2,2,5540000,0,5540000,2,55918989,recipient_schedule_required,,,,,https://monitor.statnipokladna.gov.cz/api/ukazatele?ic=00240851&obdobi=2412
2024,565,multi_school,founder:00262170,00262170,Město Vejprty,obec,2,2,5536000,0,5536000,2,48619081,recipient_schedule_required,,,,,https://monitor.statnipokladna.gov.cz/api/ukazatele?ic=00262170&obdobi=2412
2024,566,multi_school,founder:00237141,00237141,Obec Obříství,obec,2,2,5534300,0,5534300,2,31579610,recipient_schedule_required,,,,,https://monitor.statnipokladna.gov.cz/api/ukazatele?ic=00237141&obdobi=2412
2024,567,multi_school,founder:00259641,00259641,Obec Vintířov,obec,2,2,5476698,0,5476698,2,19574017,recipient_schedule_required,,,,,https://monitor.statnipokladna.gov.cz/api/ukazatele?ic=00259641&obdobi=2412
2024,568,multi_school,founder:00298425,00298425,Obec Starý Jičín,obec,2,2,5472419,0,5472419,2,48468276,recipient_schedule_required,,,,,https://monitor.statnipokladna.gov.cz/api/ukazatele?ic=00298425&obdobi=2412
2024,569,multi_school,founder:00256650,00256650,Obec Chlumčany,obec,2,2,5470000,0,5470000,2,29350087,recipient_schedule_required,,,,,https://monitor.statnipokladna.gov.cz/api/ukazatele?ic=00256650&obdobi=2412
2024,570,multi_school,founder:00285480,00285480,Obec Vnorovy,obec,2,2,5450000,0,5450000,2,35967413,recipient_schedule_required,,,,,https://monitor.statnipokladna.gov.cz/api/ukazatele?ic=00285480&obdobi=2412
2024,571,multi_school,founder:00290807,00290807,Město Bojkovice,obec,2,2,5431000,0,5431000,2,63675605,recipient_schedule_required,,,,,https://monitor.statnipokladna.gov.cz/api/ukazatele?ic=00290807&obdobi=2412
2024,572,multi_school,founder:00303909,00303909,Město Karolinka,obec,2,2,5430000,0,5430000,2,44538867,recipient_schedule_required,,,,,https://monitor.statnipokladna.gov.cz/api/ukazatele?ic=00303909&obdobi=2412
2024,573,multi_school,founder:00237035,00237035,Obec Lužec nad Vltavou,obec,2,4,4620000,800000,5420000,2,35052899,recipient_schedule_required,,,,,https://monitor.statnipokladna.gov.cz/api/ukazatele?ic=00237035&obdobi=2412
2024,574,multi_school,founder:00235750,00235750,Obec Stříbrná Skalice,obec,2,2,5412052,0,5412052,2,33158899,recipient_schedule_required,,,,,https://monitor.statnipokladna.gov.cz/api/ukazatele?ic=00235750&obdobi=2412
2024,575,multi_school,founder:00301213,00301213,Městys Dřevohostice,obec,2,4,3670838,1718299,5389137,2,28064512,recipient_schedule_required,,,,,https://monitor.statnipokladna.gov.cz/api/ukazatele?ic=00301213&obdobi=2412
2024,576,multi_school,founder:00304417,00304417,Obec Velké Karlovice,obec,2,3,5199000,178000,5377000,2,30361923,recipient_schedule_required,,,,,https://monitor.statnipokladna.gov.cz/api/ukazatele?ic=00304417&obdobi=2412
2024,577,multi_school,founder:00240524,00240524,Městys Nehvizdy,obec,2,2,5350000,0,5350000,2,115137543,recipient_schedule_required,,,,,https://monitor.statnipokladna.gov.cz/api/ukazatele?ic=00240524&obdobi=2412
2024,578,multi_school,founder:00245267,00245267,Město Nové Hrady,obec,2,2,5343000,0,5343000,2,34301076,recipient_schedule_required,,,,,https://monitor.statnipokladna.gov.cz/api/ukazatele?ic=00245267&obdobi=2412
2024,579,multi_school,founder:00237094,00237094,Obec Nelahozeves,obec,2,2,5340366,0,5340366,2,27444766,recipient_schedule_required,,,,,https://monitor.statnipokladna.gov.cz/api/ukazatele?ic=00237094&obdobi=2412
2024,580,multi_school,founder:00296635,00296635,Obec Fryčovice,obec,2,2,5330000,0,5330000,2,35689340,recipient_schedule_required,,,,,https://monitor.statnipokladna.gov.cz/api/ukazatele?ic=00296635&obdobi=2412
2024,581,multi_school,founder:00296848,00296848,Obec Krmelín,obec,2,3,4463813,818154,5281967,2,20611419,recipient_schedule_required,,,,,https://monitor.statnipokladna.gov.cz/api/ukazatele?ic=00296848&obdobi=2412
2024,582,multi_school,founder:00301329,00301329,Městys Hustopeče nad Bečvou,obec,2,2,5270000,0,5270000,2,29169884,recipient_schedule_required,,,,,https://monitor.statnipokladna.gov.cz/api/ukazatele?ic=00301329&obdobi=2412
2024,583,multi_school,founder:00280097,00280097,Městys Černá Hora,obec,2,2,5260000,0,5260000,2,43245547,recipient_schedule_required,,,,,https://monitor.statnipokladna.gov.cz/api/ukazatele?ic=00280097&obdobi=2412
2024,584,multi_school,founder:00240401,00240401,Obec Kunice,obec,2,2,5250000,0,5250000,2,35665991,recipient_schedule_required,,,,,https://monitor.statnipokladna.gov.cz/api/ukazatele?ic=00240401&obdobi=2412
2024,585,multi_school,founder:00266256,00266256,Obec Bystřany,obec,2,2,5244302,0,5244302,2,34753735,recipient_schedule_required,,,,,https://monitor.statnipokladna.gov.cz/api/ukazatele?ic=00266256&obdobi=2412
2024,586,multi_school,founder:00235636,00235636,Městys Plaňany,obec,2,2,5218000,0,5218000,2,46725611,recipient_schedule_required,,,,,https://monitor.statnipokladna.gov.cz/api/ukazatele?ic=00235636&obdobi=2412
2024,587,multi_school,founder:00662241,00662241,Obec Libiš,obec,2,2,5202000,0,5202000,2,24257323,recipient_schedule_required,,,,,https://monitor.statnipokladna.gov.cz/api/ukazatele?ic=00662241&obdobi=2412
2024,588,multi_school,founder:00299979,00299979,Město Dolní Benešov,obec,2,2,5199000,0,5199000,2,45445701,recipient_schedule_required,,,,,https://monitor.statnipokladna.gov.cz/api/ukazatele?ic=00299979&obdobi=2412
2024,589,multi_school,founder:00281611,00281611,Obec Blučina,obec,2,2,5173924,0,5173924,2,25119978,recipient_schedule_required,,,,,https://monitor.statnipokladna.gov.cz/api/ukazatele?ic=00281611&obdobi=2412
2024,590,multi_school,founder:00283631,00283631,Obec Tvrdonice,obec,2,2,5163628,0,5163628,2,37105762,recipient_schedule_required,,,,,https://monitor.statnipokladna.gov.cz/api/ukazatele?ic=00283631&obdobi=2412
2024,591,multi_school,founder:00253961,00253961,Město Hranice,obec,2,2,5136000,0,5136000,2,28788752,recipient_schedule_required,,,,,https://monitor.statnipokladna.gov.cz/api/ukazatele?ic=00253961&obdobi=2412
2024,592,multi_school,founder:00232645,00232645,Město Sedlec-Prčice,obec,2,3,4352058,770000,5122058,2,50722413,recipient_schedule_required,,,,,https://monitor.statnipokladna.gov.cz/api/ukazatele?ic=00232645&obdobi=2412
2024,593,multi_school,founder:00262455,00262455,Město Lučany nad Nisou,obec,2,2,5102950,0,5102950,2,29109588,recipient_schedule_required,,,,,https://monitor.statnipokladna.gov.cz/api/ukazatele?ic=00262455&obdobi=2412
2024,594,multi_school,founder:00258555,00258555,Obec Zbůch,obec,2,2,5100000,0,5100000,2,37298310,recipient_schedule_required,,,,,https://monitor.statnipokladna.gov.cz/api/ukazatele?ic=00258555&obdobi=2412
2024,595,multi_school,founder:00250945,00250945,Město Bavorov,obec,2,3,4694000,400000,5094000,2,31830836,recipient_schedule_required,,,,,https://monitor.statnipokladna.gov.cz/api/ukazatele?ic=00250945&obdobi=2412
2024,596,multi_school,founder:00283690,00283690,Městys Velké Němčice,obec,2,3,5087000,0,5087000,2,35077004,recipient_schedule_required,,,,,https://monitor.statnipokladna.gov.cz/api/ukazatele?ic=00283690&obdobi=2412
2024,597,multi_school,founder:00282596,00282596,Obec Sokolnice,obec,2,2,5084000,0,5084000,2,42764959,recipient_schedule_required,,,,,https://monitor.statnipokladna.gov.cz/api/ukazatele?ic=00282596&obdobi=2412
2024,598,multi_school,founder:00234079,00234079,Město Žebrák,obec,2,3,5063406,0,5063406,2,40220192,recipient_schedule_required,,,,,https://monitor.statnipokladna.gov.cz/api/ukazatele?ic=00234079&obdobi=2412
2024,599,multi_school,founder:00273481,00273481,Město Dašice,obec,2,2,5060000,0,5060000,2,43036040,recipient_schedule_required,,,,,https://monitor.statnipokladna.gov.cz/api/ukazatele?ic=00273481&obdobi=2412
2024,600,multi_school,founder:00291251,00291251,Městys Polešovice,obec,2,2,5050000,0,5050000,2,45255045,recipient_schedule_required,,,,,https://monitor.statnipokladna.gov.cz/api/ukazatele?ic=00291251&obdobi=2412
2024,601,multi_school,founder:00300845,00300845,Obec Velké Hoštice,obec,2,2,5048916,0,5048916,2,30349390,recipient_schedule_required,,,,,https://monitor.statnipokladna.gov.cz/api/ukazatele?ic=00300845&obdobi=2412
2024,602,multi_school,founder:00235172,00235172,Městys Zlonice,obec,2,2,5000000,0,5000000,2,44118494,recipient_schedule_required,,,,,https://monitor.statnipokladna.gov.cz/api/ukazatele?ic=00235172&obdobi=2412
2024,603,multi_school,founder:00290785,00290785,Obec Bánov,obec,2,2,5000000,0,5000000,2,36238920,recipient_schedule_required,,,,,https://monitor.statnipokladna.gov.cz/api/ukazatele?ic=00290785&obdobi=2412
2024,604,multi_school,founder:00304352,00304352,Obec Valašská Bystřice,obec,2,2,5000000,0,5000000,2,35881315,recipient_schedule_required,,,,,https://monitor.statnipokladna.gov.cz/api/ukazatele?ic=00304352&obdobi=2412
2024,605,multi_school,founder:00283746,00283746,Obec Zaječí,obec,2,2,4982000,0,4982000,2,27287789,recipient_schedule_required,,,,,https://monitor.statnipokladna.gov.cz/api/ukazatele?ic=00283746&obdobi=2412
2024,606,multi_school,founder:00240664,00240664,Město Pyšely,obec,2,2,4972755,0,4972755,2,49374252,recipient_schedule_required,,,,,https://monitor.statnipokladna.gov.cz/api/ukazatele?ic=00240664&obdobi=2412
2024,607,multi_school,founder:00281824,00281824,Obec Hrušovany u Brna,obec,2,2,4961000,0,4961000,2,40590402,recipient_schedule_required,,,,,https://monitor.statnipokladna.gov.cz/api/ukazatele?ic=00281824&obdobi=2412
2024,608,multi_school,founder:00265098,00265098,Obec Lenešice,obec,2,2,4960000,0,4960000,2,29407351,recipient_schedule_required,,,,,https://monitor.statnipokladna.gov.cz/api/ukazatele?ic=00265098&obdobi=2412
2024,609,multi_school,founder:00282537,00282537,Obec Říčany,obec,2,4,3990000,959600,4949600,2,23055583,recipient_schedule_required,,,,,https://monitor.statnipokladna.gov.cz/api/ukazatele?ic=00282537&obdobi=2412
2024,610,multi_school,founder:00259772,00259772,Město Černošín,obec,2,2,4945000,0,4945000,2,20428406,recipient_schedule_required,,,,,https://monitor.statnipokladna.gov.cz/api/ukazatele?ic=00259772&obdobi=2412
2024,611,multi_school,founder:00260479,00260479,Město Dubá,obec,2,2,4912000,0,4912000,2,32673501,recipient_schedule_required,,,,,https://monitor.statnipokladna.gov.cz/api/ukazatele?ic=00260479&obdobi=2412
2024,612,multi_school,founder:00261271,00261271,Obec Dolní Podluží,obec,2,2,4912000,0,4912000,2,35771306,recipient_schedule_required,,,,,https://monitor.statnipokladna.gov.cz/api/ukazatele?ic=00261271&obdobi=2412
2024,613,multi_school,founder:00265080,00265080,Město Kryry,obec,2,2,4900000,0,4900000,2,31901802,recipient_schedule_required,,,,,https://monitor.statnipokladna.gov.cz/api/ukazatele?ic=00265080&obdobi=2412
2024,614,multi_school,founder:00283266,00283266,Obec Kobylí,obec,2,2,4900000,0,4900000,2,40762213,recipient_schedule_required,,,,,https://monitor.statnipokladna.gov.cz/api/ukazatele?ic=00283266&obdobi=2412
2024,615,multi_school,founder:00234427,00234427,Obec Hřebeč,obec,2,2,4885401,0,4885401,2,34581034,recipient_schedule_required,,,,,https://monitor.statnipokladna.gov.cz/api/ukazatele?ic=00234427&obdobi=2412
2024,616,multi_school,founder:00654451,00654451,Městys Velké Poříčí,obec,2,2,4881762,0,4881762,2,37011911,recipient_schedule_required,,,,,https://monitor.statnipokladna.gov.cz/api/ukazatele?ic=00654451&obdobi=2412
2024,617,multi_school,founder:00290904,00290904,Obec Dolní Němčí,obec,2,2,4865402,0,4865402,2,54585613,recipient_schedule_required,,,,,https://monitor.statnipokladna.gov.cz/api/ukazatele?ic=00290904&obdobi=2412
2024,618,multi_school,founder:00262617,00262617,Městys Zásada,obec,2,2,4850000,0,4850000,2,24589780,recipient_schedule_required,,,,,https://monitor.statnipokladna.gov.cz/api/ukazatele?ic=00262617&obdobi=2412
2024,619,multi_school,founder:00249505,00249505,Město Žirovnice,obec,2,2,4835000,0,4835000,2,38208889,recipient_schedule_required,,,,,https://monitor.statnipokladna.gov.cz/api/ukazatele?ic=00249505&obdobi=2412
2024,620,multi_school,founder:00300411,00300411,Obec Markvartovice,obec,2,2,4825000,0,4825000,2,19500412,recipient_schedule_required,,,,,https://monitor.statnipokladna.gov.cz/api/ukazatele?ic=00300411&obdobi=2412
2024,621,multi_school,founder:00273589,00273589,Město Horní Jelení,obec,2,2,4818000,0,4818000,2,38537796,recipient_schedule_required,,,,,https://monitor.statnipokladna.gov.cz/api/ukazatele?ic=00273589&obdobi=2412
2024,622,multi_school,founder:00303852,00303852,Obec Jablůnka,obec,2,2,4796000,0,4796000,2,33049525,recipient_schedule_required,,,,,https://monitor.statnipokladna.gov.cz/api/ukazatele?ic=00303852&obdobi=2412
2024,623,multi_school,founder:00239747,00239747,Obec Semice,obec,2,2,4795500,0,4795500,2,34668370,recipient_schedule_required,,,,,https://monitor.statnipokladna.gov.cz/api/ukazatele?ic=00239747&obdobi=2412
2024,624,multi_school,founder:00242730,00242730,Obec Milín,obec,2,3,4680000,110000,4790000,2,43962624,recipient_schedule_required,,,,,https://monitor.statnipokladna.gov.cz/api/ukazatele?ic=00242730&obdobi=2412
2024,625,multi_school,founder:00241946,00241946,Obec Bohutín,obec,2,4,4390000,380000,4770000,2,30451992,recipient_schedule_required,,,,,https://monitor.statnipokladna.gov.cz/api/ukazatele?ic=00241946&obdobi=2412
2024,626,multi_school,founder:00246964,00246964,Obec Kunžak,obec,2,2,4756947,0,4756947,2,30006943,recipient_schedule_required,,,,,https://monitor.statnipokladna.gov.cz/api/ukazatele?ic=00246964&obdobi=2412
2024,627,multi_school,founder:00283070,00283070,Obec Březí,obec,2,2,4724200,0,4724200,2,30217078,recipient_schedule_required,,,,,https://monitor.statnipokladna.gov.cz/api/ukazatele?ic=00283070&obdobi=2412
2024,628,multi_school,founder:00488275,00488275,Obec Popůvky,obec,2,2,4700000,0,4700000,2,13443075,recipient_schedule_required,,,,,https://monitor.statnipokladna.gov.cz/api/ukazatele?ic=00488275&obdobi=2412
2024,629,multi_school,founder:00252387,00252387,Město Chýnov,obec,2,2,4699366,0,4699366,2,46585488,recipient_schedule_required,,,,,https://monitor.statnipokladna.gov.cz/api/ukazatele?ic=00252387&obdobi=2412
2024,630,multi_school,founder:00247511,00247511,Město Strmilov,obec,2,2,4688265,0,4688265,2,26429483,recipient_schedule_required,,,,,https://monitor.statnipokladna.gov.cz/api/ukazatele?ic=00247511&obdobi=2412
2024,631,multi_school,founder:00239283,00239283,Obec Kostomlaty nad Labem,obec,2,2,4670000,0,4670000,2,34486866,recipient_schedule_required,,,,,https://monitor.statnipokladna.gov.cz/api/ukazatele?ic=00239283&obdobi=2412
2024,632,multi_school,founder:00289922,00289922,Městys Mohelno,obec,2,3,4550000,114950,4664950,2,27727913,recipient_schedule_required,,,,,https://monitor.statnipokladna.gov.cz/api/ukazatele?ic=00289922&obdobi=2412
2024,633,multi_school,founder:00303763,00303763,Obec Halenkov,obec,2,2,4649000,0,4649000,2,42314778,recipient_schedule_required,,,,,https://monitor.statnipokladna.gov.cz/api/ukazatele?ic=00303763&obdobi=2412
2024,634,multi_school,founder:00281701,00281701,Město Dolní Kounice,obec,2,2,4624000,0,4624000,2,53434264,recipient_schedule_required,,,,,https://monitor.statnipokladna.gov.cz/api/ukazatele?ic=00281701&obdobi=2412
2024,635,multi_school,founder:00257028,00257028,Obec Nezvěstice,obec,2,2,4619000,0,4619000,2,44773542,recipient_schedule_required,,,,,https://monitor.statnipokladna.gov.cz/api/ukazatele?ic=00257028&obdobi=2412
2024,636,multi_school,founder:00303798,00303798,Obec Hošťálková,obec,2,2,4600000,0,4600000,2,43638747,recipient_schedule_required,,,,,https://monitor.statnipokladna.gov.cz/api/ukazatele?ic=00303798&obdobi=2412
2024,637,multi_school,founder:00266566,00266566,Obec Proboštov,obec,2,2,4587194,0,4587194,2,32907276,recipient_schedule_required,,,,,https://monitor.statnipokladna.gov.cz/api/ukazatele?ic=00266566&obdobi=2412
2024,638,multi_school,founder:00291404,00291404,Obec Šumice,obec,2,2,4581400,0,4581400,2,34829061,recipient_schedule_required,,,,,https://monitor.statnipokladna.gov.cz/api/ukazatele?ic=00291404&obdobi=2412
2024,639,multi_school,founder:00235954,00235954,Město Zásmuky,obec,2,2,4550000,0,4550000,2,44104239,recipient_schedule_required,,,,,https://monitor.statnipokladna.gov.cz/api/ukazatele?ic=00235954&obdobi=2412
2024,640,multi_school,founder:00236641,00236641,Obec Zbraslavice,obec,2,3,3772850,775803,4548653,2,37053424,recipient_schedule_required,,,,,https://monitor.statnipokladna.gov.cz/api/ukazatele?ic=00236641&obdobi=2412
2024,641,multi_school,founder:00275891,00275891,Městys Libštát,obec,2,2,4527246,0,4527246,2,26427549,recipient_schedule_required,,,,,https://monitor.statnipokladna.gov.cz/api/ukazatele?ic=00275891&obdobi=2412
2024,642,multi_school,founder:00303585,00303585,Město Vidnava,obec,2,3,4510500,0,4510500,2,27040340,recipient_schedule_required,,,,,https://monitor.statnipokladna.gov.cz/api/ukazatele?ic=00303585&obdobi=2412
2024,643,multi_school,founder:00285447,00285447,Obec Velká nad Veličkou,obec,2,2,4500000,0,4500000,2,34556557,recipient_schedule_required,,,,,https://monitor.statnipokladna.gov.cz/api/ukazatele?ic=00285447&obdobi=2412
2024,644,multi_school,founder:00275417,00275417,Město Solnice,obec,2,2,4489000,0,4489000,2,44745287,recipient_schedule_required,,,,,https://monitor.statnipokladna.gov.cz/api/ukazatele?ic=00275417&obdobi=2412
2024,645,multi_school,founder:00247561,00247561,Město Suchdol nad Lužnicí,obec,2,2,4483500,0,4483500,2,44782204,recipient_schedule_required,,,,,https://monitor.statnipokladna.gov.cz/api/ukazatele?ic=00247561&obdobi=2412
2024,646,multi_school,founder:00285374,00285374,Obec Šardice,obec,2,3,4479000,0,4479000,2,24381246,recipient_schedule_required,,,,,https://monitor.statnipokladna.gov.cz/api/ukazatele?ic=00285374&obdobi=2412
2024,647,multi_school,founder:00274810,00274810,Obec České Meziříčí,obec,2,2,4476000,0,4476000,2,41560959,recipient_schedule_required,,,,,https://monitor.statnipokladna.gov.cz/api/ukazatele?ic=00274810&obdobi=2412
2024,648,multi_school,founder:00304361,00304361,Obec Valašská Polanka,obec,2,2,4470000,0,4470000,2,31506597,recipient_schedule_required,,,,,https://monitor.statnipokladna.gov.cz/api/ukazatele?ic=00304361&obdobi=2412
2024,649,multi_school,founder:00284670,00284670,Obec Vlachovice,obec,2,2,4445000,0,4445000,2,12730463,recipient_schedule_required,,,,,https://monitor.statnipokladna.gov.cz/api/ukazatele?ic=00284670&obdobi=2412
2024,650,multi_school,founder:00257290,00257290,Obec Šťáhlavy,obec,2,3,4309104,55769,4364873,2,26800107,recipient_schedule_required,,,,,https://monitor.statnipokladna.gov.cz/api/ukazatele?ic=00257290&obdobi=2412
2024,651,multi_school,founder:00846872,00846872,Obec Sviadnov,obec,2,4,3790000,550851,4340851,2,23318198,recipient_schedule_required,,,,,https://monitor.statnipokladna.gov.cz/api/ukazatele?ic=00846872&obdobi=2412
2024,652,multi_school,founder:00231690,00231690,Městys Divišov,obec,2,2,4325000,0,4325000,2,44143090,recipient_schedule_required,,,,,https://monitor.statnipokladna.gov.cz/api/ukazatele?ic=00231690&obdobi=2412
2024,653,multi_school,founder:00303925,00303925,Město Kelč,obec,2,2,4325000,0,4325000,2,38163766,recipient_schedule_required,,,,,https://monitor.statnipokladna.gov.cz/api/ukazatele?ic=00303925&obdobi=2412
2024,654,multi_school,founder:00293415,00293415,Městys Prosiměřice,obec,2,2,4303000,0,4303000,2,42456827,recipient_schedule_required,,,,,https://monitor.statnipokladna.gov.cz/api/ukazatele?ic=00293415&obdobi=2412
2024,655,multi_school,founder:00270580,00270580,Město Nasavrky,obec,2,2,4300000,0,4300000,2,37239979,recipient_schedule_required,,,,,https://monitor.statnipokladna.gov.cz/api/ukazatele?ic=00270580&obdobi=2412
2024,656,multi_school,founder:00483869,00483869,Město Březová nad Svitavou,obec,2,2,4300000,0,4300000,2,28381019,recipient_schedule_required,,,,,https://monitor.statnipokladna.gov.cz/api/ukazatele?ic=00483869&obdobi=2412
2024,657,multi_school,founder:00274224,00274224,Obec Semín,obec,2,2,4245883,0,4245883,2,8605821,recipient_schedule_required,,,,,https://monitor.statnipokladna.gov.cz/api/ukazatele?ic=00274224&obdobi=2412
2024,658,multi_school,founder:00290050,00290050,Městys Okříšky,obec,2,2,4244400,0,4244400,2,38729019,recipient_schedule_required,,,,,https://monitor.statnipokladna.gov.cz/api/ukazatele?ic=00290050&obdobi=2412
2024,659,multi_school,founder:00260169,00260169,Městys Stráž,obec,2,2,4243000,0,4243000,2,30881902,recipient_schedule_required,,,,,https://monitor.statnipokladna.gov.cz/api/ukazatele?ic=00260169&obdobi=2412
2024,660,multi_school,founder:00303526,00303526,Obec Vápenná,obec,2,3,4044808,171622,4216430,2,33340737,recipient_schedule_required,,,,,https://monitor.statnipokladna.gov.cz/api/ukazatele?ic=00303526&obdobi=2412
2024,661,multi_school,founder:00274861,00274861,Obec Dobré,obec,2,2,4202520,0,4202520,2,27753512,recipient_schedule_required,,,,,https://monitor.statnipokladna.gov.cz/api/ukazatele?ic=00274861&obdobi=2412
2024,662,multi_school,founder:00254231,00254231,Město Skalná,obec,2,2,4200000,0,4200000,2,32622437,recipient_schedule_required,,,,,https://monitor.statnipokladna.gov.cz/api/ukazatele?ic=00254231&obdobi=2412
2024,663,multi_school,founder:00266311,00266311,Městys Hostomice,obec,2,2,4185000,0,4185000,2,38584249,recipient_schedule_required,,,,,https://monitor.statnipokladna.gov.cz/api/ukazatele?ic=00266311&obdobi=2412
2024,664,multi_school,founder:00234630,00234630,Město Libušín,obec,2,2,4180000,0,4180000,2,39761538,recipient_schedule_required,,,,,https://monitor.statnipokladna.gov.cz/api/ukazatele?ic=00234630&obdobi=2412
2024,665,multi_school,founder:00239305,00239305,Městys Kounice,obec,2,2,4130000,0,4130000,2,36516544,recipient_schedule_required,,,,,https://monitor.statnipokladna.gov.cz/api/ukazatele?ic=00239305&obdobi=2412
2024,666,multi_school,founder:00232360,00232360,Městys Netvořice,obec,2,3,4000600,125150,4125750,2,30242135,recipient_schedule_required,,,,,https://monitor.statnipokladna.gov.cz/api/ukazatele?ic=00232360&obdobi=2412
2024,667,multi_school,founder:00234788,00234788,Obec Pchery,obec,2,2,4124374,0,4124374,2,31507533,recipient_schedule_required,,,,,https://monitor.statnipokladna.gov.cz/api/ukazatele?ic=00234788&obdobi=2412
2024,668,multi_school,founder:00524662,00524662,Obec Horní Police,obec,2,3,3700000,421700,4121700,2,24871323,recipient_schedule_required,,,,,https://monitor.statnipokladna.gov.cz/api/ukazatele?ic=00524662&obdobi=2412
2024,669,multi_school,founder:00236918,00236918,Obec Kly,obec,2,3,4100000,0,4100000,2,34970330,recipient_schedule_required,,,,,https://monitor.statnipokladna.gov.cz/api/ukazatele?ic=00236918&obdobi=2412
2024,670,multi_school,founder:00277258,00277258,Městys Radiměř,obec,2,2,4100000,0,4100000,2,19520457,recipient_schedule_required,,,,,https://monitor.statnipokladna.gov.cz/api/ukazatele?ic=00277258&obdobi=2412
2024,671,multi_school,founder:00280143,00280143,Městys Doubravice nad Svitavou,obec,2,2,4090000,0,4090000,2,19641912,recipient_schedule_required,,,,,https://monitor.statnipokladna.gov.cz/api/ukazatele?ic=00280143&obdobi=2412
2024,672,multi_school,founder:00261131,00261131,Město Žandov,obec,2,3,3966630,114708,4081338,2,30485203,recipient_schedule_required,,,,,https://monitor.statnipokladna.gov.cz/api/ukazatele?ic=00261131&obdobi=2412
2024,673,multi_school,founder:00273431,00273431,Obec Býšť,obec,2,2,4080000,0,4080000,2,31259041,recipient_schedule_required,,,,,https://monitor.statnipokladna.gov.cz/api/ukazatele?ic=00273431&obdobi=2412
2024,674,multi_school,founder:00244694,00244694,Obec Boršov nad Vltavou,obec,2,2,4072913,0,4072913,2,35423818,recipient_schedule_required,,,,,https://monitor.statnipokladna.gov.cz/api/ukazatele?ic=00244694&obdobi=2412
2024,675,multi_school,founder:00241890,00241890,Obec Zvole,obec,2,3,4070000,0,4070000,2,24259835,recipient_schedule_required,,,,,https://monitor.statnipokladna.gov.cz/api/ukazatele?ic=00241890&obdobi=2412
2024,676,multi_school,founder:00264571,00264571,Město Úštěk,obec,2,2,4041944,0,4041944,2,32123252,recipient_schedule_required,,,,,https://monitor.statnipokladna.gov.cz/api/ukazatele?ic=00264571&obdobi=2412
2024,677,multi_school,founder:00270881,00270881,Město Seč,obec,2,2,4040000,0,4040000,2,25950319,recipient_schedule_required,,,,,https://monitor.statnipokladna.gov.cz/api/ukazatele?ic=00270881&obdobi=2412
2024,678,multi_school,founder:00237914,00237914,Městys Chotětov,obec,2,3,3019993,1010459,4030452,2,17658197,recipient_schedule_required,,,,,https://monitor.statnipokladna.gov.cz/api/ukazatele?ic=00237914&obdobi=2412
2024,679,multi_school,founder:00237221,00237221,Obec Tišice,obec,2,2,3999200,0,3999200,2,28429339,recipient_schedule_required,,,,,https://monitor.statnipokladna.gov.cz/api/ukazatele?ic=00237221&obdobi=2412
2024,680,multi_school,founder:00243027,00243027,Obec Petrovice,obec,2,4,3798000,200000,3998000,2,33387412,recipient_schedule_required,,,,,https://monitor.statnipokladna.gov.cz/api/ukazatele?ic=00243027&obdobi=2412
2024,681,multi_school,founder:00232025,00232025,Obec Krhanice,obec,2,2,3971691,0,3971691,2,24394044,recipient_schedule_required,,,,,https://monitor.statnipokladna.gov.cz/api/ukazatele?ic=00232025&obdobi=2412
2024,682,multi_school,founder:00266531,00266531,Obec Novosedlice,obec,2,2,3956738,0,3956738,2,37106663,recipient_schedule_required,,,,,https://monitor.statnipokladna.gov.cz/api/ukazatele?ic=00266531&obdobi=2412
2024,683,multi_school,founder:00299570,00299570,Obec Troubelice,obec,2,2,3935050,0,3935050,2,30276575,recipient_schedule_required,,,,,https://monitor.statnipokladna.gov.cz/api/ukazatele?ic=00299570&obdobi=2412
2024,684,multi_school,founder:00274623,00274623,Obec Zdechovice,obec,2,2,3904145,0,3904145,2,11943621,recipient_schedule_required,,,,,https://monitor.statnipokladna.gov.cz/api/ukazatele?ic=00274623&obdobi=2412
2024,685,multi_school,founder:00262153,00262153,Obec Údlice,obec,2,2,3881000,0,3881000,2,32314990,recipient_schedule_required,,,,,https://monitor.statnipokladna.gov.cz/api/ukazatele?ic=00262153&obdobi=2412
2024,686,multi_school,founder:00290823,00290823,Obec Boršice,obec,2,2,3878350,0,3878350,2,33394339,recipient_schedule_required,,,,,https://monitor.statnipokladna.gov.cz/api/ukazatele?ic=00290823&obdobi=2412
2024,687,multi_school,founder:00284173,00284173,Obec Lukov,obec,2,2,3859000,0,3859000,2,27819901,recipient_schedule_required,,,,,https://monitor.statnipokladna.gov.cz/api/ukazatele?ic=00284173&obdobi=2412
2024,688,multi_school,founder:00291536,00291536,Obec Velehrad,obec,2,2,3815600,0,3815600,2,32497474,recipient_schedule_required,,,,,https://monitor.statnipokladna.gov.cz/api/ukazatele?ic=00291536&obdobi=2412
2024,689,multi_school,founder:00253618,00253618,Obec Mrákov,obec,2,3,3790000,0,3790000,2,26958315,recipient_schedule_required,,,,,https://monitor.statnipokladna.gov.cz/api/ukazatele?ic=00253618&obdobi=2412
2024,690,multi_school,founder:00259497,00259497,Obec Lomnice,obec,2,4,3561000,226000,3787000,2,27350120,recipient_schedule_required,,,,,https://monitor.statnipokladna.gov.cz/api/ukazatele?ic=00259497&obdobi=2412
2024,691,multi_school,founder:00276073,00276073,Město Rovensko pod Troskami,obec,2,2,3786432,0,3786432,2,28241664,recipient_schedule_required,,,,,https://monitor.statnipokladna.gov.cz/api/ukazatele?ic=00276073&obdobi=2412
2024,692,multi_school,founder:00303682,00303682,Město Žulová,obec,2,2,3779981,0,3779981,2,22891531,recipient_schedule_required,,,,,https://monitor.statnipokladna.gov.cz/api/ukazatele?ic=00303682&obdobi=2412
2024,693,multi_school,founder:00300691,00300691,Obec Stěbořice,obec,2,2,3760000,0,3760000,2,33385895,recipient_schedule_required,,,,,https://monitor.statnipokladna.gov.cz/api/ukazatele?ic=00300691&obdobi=2412
2024,694,multi_school,founder:00281662,00281662,Obec Čebín,obec,2,2,3748000,0,3748000,2,31006978,recipient_schedule_required,,,,,https://monitor.statnipokladna.gov.cz/api/ukazatele?ic=00281662&obdobi=2412
2024,695,multi_school,founder:00274739,00274739,Město Borohrádek,obec,2,2,3739505,0,3739505,2,38285798,recipient_schedule_required,,,,,https://monitor.statnipokladna.gov.cz/api/ukazatele?ic=00274739&obdobi=2412
2024,696,multi_school,founder:00298794,00298794,Obec Dlouhá Loučka,obec,2,3,3552448,149300,3701748,2,30058878,recipient_schedule_required,,,,,https://monitor.statnipokladna.gov.cz/api/ukazatele?ic=00298794&obdobi=2412
2024,697,multi_school,founder:00262366,00262366,Obec Jenišovice,obec,2,2,3700000,0,3700000,2,29992874,recipient_schedule_required,,,,,https://monitor.statnipokladna.gov.cz/api/ukazatele?ic=00262366&obdobi=2412
2024,698,multi_school,founder:00275697,00275697,Město Harrachov,obec,2,2,3690524,0,3690524,2,23307360,recipient_schedule_required,,,,,https://monitor.statnipokladna.gov.cz/api/ukazatele?ic=00275697&obdobi=2412
2024,699,multi_school,founder:00248185,00248185,Město Horní Cerekev,obec,2,2,3645326,0,3645326,2,28280647,recipient_schedule_required,,,,,https://monitor.statnipokladna.gov.cz/api/ukazatele?ic=00248185&obdobi=2412
2024,700,multi_school,founder:00260126,00260126,Obec Rozvadov,obec,2,2,3621000,0,3621000,2,11047096,recipient_schedule_required,,,,,https://monitor.statnipokladna.gov.cz/api/ukazatele?ic=00260126&obdobi=2412
2024,701,multi_school,founder:00280569,00280569,Obec Lipůvka,obec,2,2,3608750,0,3608750,2,31730230,recipient_schedule_required,,,,,https://monitor.statnipokladna.gov.cz/api/ukazatele?ic=00280569&obdobi=2412
2024,702,multi_school,founder:00249050,00249050,Obec Senožaty,obec,2,2,3600000,0,3600000,2,22393375,recipient_schedule_required,,,,,https://monitor.statnipokladna.gov.cz/api/ukazatele?ic=00249050&obdobi=2412
2024,703,multi_school,founder:00293971,00293971,Městys Bobrová,obec,2,2,3600000,0,3600000,2,31632674,recipient_schedule_required,,,,,https://monitor.statnipokladna.gov.cz/api/ukazatele?ic=00293971&obdobi=2412
2024,704,multi_school,founder:01265750,01265750,Obec Krhová,obec,2,3,3495000,100000,3595000,2,22537551,recipient_schedule_required,,,,,https://monitor.statnipokladna.gov.cz/api/ukazatele?ic=01265750&obdobi=2412
2024,705,multi_school,founder:00276880,00276880,Obec Kunčina,obec,2,2,3592000,0,3592000,2,26455077,recipient_schedule_required,,,,,https://monitor.statnipokladna.gov.cz/api/ukazatele?ic=00276880&obdobi=2412
2024,706,multi_school,founder:00287920,00287920,Obec Zborovice,obec,2,2,3564500,0,3564500,2,22074700,recipient_schedule_required,,,,,https://monitor.statnipokladna.gov.cz/api/ukazatele?ic=00287920&obdobi=2412
2024,707,multi_school,founder:00303992,00303992,Obec Lešná,obec,2,2,3550000,0,3550000,2,29163038,recipient_schedule_required,,,,,https://monitor.statnipokladna.gov.cz/api/ukazatele?ic=00303992&obdobi=2412
2024,708,multi_school,founder:00303755,00303755,Obec Francova Lhota,obec,2,2,3544000,0,3544000,2,24436433,recipient_schedule_required,,,,,https://monitor.statnipokladna.gov.cz/api/ukazatele?ic=00303755&obdobi=2412
2024,709,multi_school,founder:00260657,00260657,Obec Kravaře,obec,2,2,3534000,0,3534000,2,22186966,recipient_schedule_required,,,,,https://monitor.statnipokladna.gov.cz/api/ukazatele?ic=00260657&obdobi=2412
2024,710,multi_school,founder:00284581,00284581,Obec Trnava,obec,2,2,3468450,0,3468450,2,19565506,recipient_schedule_required,,,,,https://monitor.statnipokladna.gov.cz/api/ukazatele?ic=00284581&obdobi=2412
2024,711,multi_school,founder:00273988,00273988,Obec Moravany,obec,2,2,3461400,0,3461400,2,26475567,recipient_schedule_required,,,,,https://monitor.statnipokladna.gov.cz/api/ukazatele?ic=00273988&obdobi=2412
2024,712,multi_school,founder:00253391,00253391,Město Hostouň,obec,2,3,3450000,0,3450000,2,22623148,recipient_schedule_required,,,,,https://monitor.statnipokladna.gov.cz/api/ukazatele?ic=00253391&obdobi=2412
2024,713,multi_school,founder:00279021,00279021,Obec Klášterec nad Orlicí,obec,2,2,3427216,0,3427216,2,20857311,recipient_schedule_required,,,,,https://monitor.statnipokladna.gov.cz/api/ukazatele?ic=00279021&obdobi=2412
2024,714,multi_school,founder:00293580,00293580,Městys Šatov,obec,2,2,3418100,0,3418100,2,24824878,recipient_schedule_required,,,,,https://monitor.statnipokladna.gov.cz/api/ukazatele?ic=00293580&obdobi=2412
2024,715,multi_school,founder:00239381,00239381,Obec Libice nad Cidlinou,obec,2,2,3392000,0,3392000,2,27726271,recipient_schedule_required,,,,,https://monitor.statnipokladna.gov.cz/api/ukazatele?ic=00239381&obdobi=2412
2024,716,multi_school,founder:00277029,00277029,Obec Morašice,obec,2,2,3390000,0,3390000,2,25788503,recipient_schedule_required,,,,,https://monitor.statnipokladna.gov.cz/api/ukazatele?ic=00277029&obdobi=2412
2024,717,multi_school,founder:00235881,00235881,Obec Veltruby,obec,2,2,3380000,0,3380000,2,16572286,recipient_schedule_required,,,,,https://monitor.statnipokladna.gov.cz/api/ukazatele?ic=00235881&obdobi=2412
2024,718,multi_school,founder:00304280,00304280,Obec Růžďka,obec,2,2,3365000,0,3365000,2,20791534,recipient_schedule_required,,,,,https://monitor.statnipokladna.gov.cz/api/ukazatele?ic=00304280&obdobi=2412
2024,719,multi_school,founder:00243981,00243981,Obec Lány,obec,2,2,3355417,0,3355417,2,36690590,recipient_schedule_required,,,,,https://monitor.statnipokladna.gov.cz/api/ukazatele?ic=00243981&obdobi=2412
2024,720,multi_school,founder:00281042,00281042,Městys Svitávka,obec,2,2,3326745,0,3326745,2,28055596,recipient_schedule_required,,,,,https://monitor.statnipokladna.gov.cz/api/ukazatele?ic=00281042&obdobi=2412
2024,721,multi_school,founder:00253481,00253481,Městys Koloveč,obec,2,3,3320000,0,3320000,2,35174747,recipient_schedule_required,,,,,https://monitor.statnipokladna.gov.cz/api/ukazatele?ic=00253481&obdobi=2412
2024,722,multi_school,founder:00263621,00263621,Obec Horní Beřkovice,obec,2,2,3316000,0,3316000,2,25594840,recipient_schedule_required,,,,,https://monitor.statnipokladna.gov.cz/api/ukazatele?ic=00263621&obdobi=2412
2024,723,multi_school,founder:00294870,00294870,Obec Nížkov,obec,2,2,3311850,0,3311850,2,23673287,recipient_schedule_required,,,,,https://monitor.statnipokladna.gov.cz/api/ukazatele?ic=00294870&obdobi=2412
2024,724,multi_school,founder:00289159,00289159,Městys Budišov,obec,2,2,3299600,0,3299600,2,32850054,recipient_schedule_required,,,,,https://monitor.statnipokladna.gov.cz/api/ukazatele?ic=00289159&obdobi=2412
2024,725,multi_school,founder:00241342,00241342,Obec Jinočany,obec,2,2,3270000,0,3270000,2,37739778,recipient_schedule_required,,,,,https://monitor.statnipokladna.gov.cz/api/ukazatele?ic=00241342&obdobi=2412
2024,726,multi_school,founder:00300527,00300527,Obec Oldřišov,obec,2,3,3181000,65000,3246000,2,22314210,recipient_schedule_required,,,,,https://monitor.statnipokladna.gov.cz/api/ukazatele?ic=00300527&obdobi=2412
2024,727,multi_school,founder:00298662,00298662,Obec Bílá Lhota,obec,2,2,3234809,0,3234809,2,25245277,recipient_schedule_required,,,,,https://monitor.statnipokladna.gov.cz/api/ukazatele?ic=00298662&obdobi=2412
2024,728,multi_school,founder:00272884,00272884,Městys Nový Hrádek,obec,2,3,3127464,82536,3210000,2,25904388,recipient_schedule_required,,,,,https://monitor.statnipokladna.gov.cz/api/ukazatele?ic=00272884&obdobi=2412
2024,729,multi_school,founder:00262501,00262501,Obec Pěnčín,obec,2,2,3200000,0,3200000,2,31875963,recipient_schedule_required,,,,,https://monitor.statnipokladna.gov.cz/api/ukazatele?ic=00262501&obdobi=2412
2024,730,multi_school,founder:00298018,00298018,Obec Jistebník,obec,2,2,3187643,0,3187643,2,27747117,recipient_schedule_required,,,,,https://monitor.statnipokladna.gov.cz/api/ukazatele?ic=00298018&obdobi=2412
2024,731,multi_school,founder:00254592,00254592,Obec Hroznětín,obec,2,3,2822572,349841,3172413,2,21872723,recipient_schedule_required,,,,,https://monitor.statnipokladna.gov.cz/api/ukazatele?ic=00254592&obdobi=2412
2024,732,multi_school,founder:00292702,00292702,Městys Dyjákovice,obec,2,2,3150000,0,3150000,2,25072510,recipient_schedule_required,,,,,https://monitor.statnipokladna.gov.cz/api/ukazatele?ic=00292702&obdobi=2412
2024,733,multi_school,founder:00291153,00291153,Obec Nedakonice,obec,2,3,2250000,860000,3110000,2,17532921,recipient_schedule_required,,,,,https://monitor.statnipokladna.gov.cz/api/ukazatele?ic=00291153&obdobi=2412
2024,734,multi_school,founder:00233285,00233285,Obec Hudlice,obec,2,2,3100000,0,3100000,2,19074538,recipient_schedule_required,,,,,https://monitor.statnipokladna.gov.cz/api/ukazatele?ic=00233285&obdobi=2412
2024,735,multi_school,founder:00288390,00288390,Městys Kralice na Hané,obec,2,2,3100000,0,3100000,2,18997263,recipient_schedule_required,,,,,https://monitor.statnipokladna.gov.cz/api/ukazatele?ic=00288390&obdobi=2412
2024,736,multi_school,founder:00304433,00304433,Obec Vidče,obec,2,2,3100000,0,3100000,2,24967925,recipient_schedule_required,,,,,https://monitor.statnipokladna.gov.cz/api/ukazatele?ic=00304433&obdobi=2412
2024,737,multi_school,founder:00562424,00562424,Obec Doubrava,obec,2,2,3092268,0,3092268,2,19916243,recipient_schedule_required,,,,,https://monitor.statnipokladna.gov.cz/api/ukazatele?ic=00562424&obdobi=2412
2024,738,multi_school,founder:00249483,00249483,Obec Želiv,obec,2,2,3071000,0,3071000,2,28189683,recipient_schedule_required,,,,,https://monitor.statnipokladna.gov.cz/api/ukazatele?ic=00249483&obdobi=2412
2024,739,multi_school,founder:00279765,00279765,Obec Výprachtice,obec,2,2,3070000,0,3070000,2,21499989,recipient_schedule_required,,,,,https://monitor.statnipokladna.gov.cz/api/ukazatele?ic=00279765&obdobi=2412
2024,740,multi_school,founder:00270733,00270733,Obec Prachovice,obec,2,2,3039000,0,3039000,2,27424443,recipient_schedule_required,,,,,https://monitor.statnipokladna.gov.cz/api/ukazatele?ic=00270733&obdobi=2412
2024,741,multi_school,founder:00234257,00234257,Obec Černuc,obec,2,2,3011128,0,3011128,2,11675538,recipient_schedule_required,,,,,https://monitor.statnipokladna.gov.cz/api/ukazatele?ic=00234257&obdobi=2412
2024,742,multi_school,founder:00285439,00285439,Obec Vacenovice,obec,2,2,3010000,0,3010000,2,19958789,recipient_schedule_required,,,,,https://monitor.statnipokladna.gov.cz/api/ukazatele?ic=00285439&obdobi=2412
2024,743,multi_school,founder:00283185,00283185,Obec Hrušky,obec,2,2,3000000,0,3000000,2,17628609,recipient_schedule_required,,,,,https://monitor.statnipokladna.gov.cz/api/ukazatele?ic=00283185&obdobi=2412
2024,744,multi_school,founder:00299537,00299537,Obec Šumvald,obec,2,2,2998060,0,2998060,2,23468248,recipient_schedule_required,,,,,https://monitor.statnipokladna.gov.cz/api/ukazatele?ic=00299537&obdobi=2412
2024,745,multi_school,founder:00288675,00288675,Městys Protivanov,obec,2,2,2970000,0,2970000,2,25848059,recipient_schedule_required,,,,,https://monitor.statnipokladna.gov.cz/api/ukazatele?ic=00288675&obdobi=2412
2024,746,multi_school,founder:00488291,00488291,Obec Rajhradice,obec,2,2,2960671,0,2960671,2,21612712,recipient_schedule_required,,,,,https://monitor.statnipokladna.gov.cz/api/ukazatele?ic=00488291&obdobi=2412
2024,747,multi_school,founder:00234508,00234508,Obec Kamenné Žehrovice,obec,2,2,2960000,0,2960000,2,29929368,recipient_schedule_required,,,,,https://monitor.statnipokladna.gov.cz/api/ukazatele?ic=00234508&obdobi=2412
2024,748,multi_school,founder:00284637,00284637,Obec Velký Ořechov,obec,2,3,2786300,168800,2955100,2,25647389,recipient_schedule_required,,,,,https://monitor.statnipokladna.gov.cz/api/ukazatele?ic=00284637&obdobi=2412
2024,749,multi_school,founder:00269867,00269867,Městys Bojanov,obec,2,2,2950000,0,2950000,2,23510659,recipient_schedule_required,,,,,https://monitor.statnipokladna.gov.cz/api/ukazatele?ic=00269867&obdobi=2412
2024,750,multi_school,founder:00276537,00276537,Obec Cerekvice nad Loučnou,obec,2,2,2945000,0,2945000,2,25080670,recipient_schedule_required,,,,,https://monitor.statnipokladna.gov.cz/api/ukazatele?ic=00276537&obdobi=2412
2024,751,multi_school,founder:00283371,00283371,Obec Moravský Žižkov,obec,2,2,2940000,0,2940000,2,23474889,recipient_schedule_required,,,,,https://monitor.statnipokladna.gov.cz/api/ukazatele?ic=00283371&obdobi=2412
2024,752,multi_school,founder:00244112,00244112,Obec Mutějovice,obec,2,2,2930000,0,2930000,2,22822994,recipient_schedule_required,,,,,https://monitor.statnipokladna.gov.cz/api/ukazatele?ic=00244112&obdobi=2412
2024,753,multi_school,founder:00297721,00297721,Obec Bartošovice,obec,2,2,2920000,0,2920000,2,24400252,recipient_schedule_required,,,,,https://monitor.statnipokladna.gov.cz/api/ukazatele?ic=00297721&obdobi=2412
2024,754,multi_school,founder:00256901,00256901,Obec Merklín,obec,2,2,2912000,0,2912000,2,33114844,recipient_schedule_required,,,,,https://monitor.statnipokladna.gov.cz/api/ukazatele?ic=00256901&obdobi=2412
2024,755,multi_school,founder:00235962,00235962,Obec Žiželice,obec,2,2,2900000,0,2900000,2,27443193,recipient_schedule_required,,,,,https://monitor.statnipokladna.gov.cz/api/ukazatele?ic=00235962&obdobi=2412
2024,756,multi_school,founder:00250821,00250821,Město Vlachovo Březí,obec,2,2,2900000,0,2900000,2,44733946,recipient_schedule_required,,,,,https://monitor.statnipokladna.gov.cz/api/ukazatele?ic=00250821&obdobi=2412
2024,757,multi_school,founder:00255467,00255467,Město Hartmanice,obec,2,3,2900000,0,2900000,2,11637147,recipient_schedule_required,,,,,https://monitor.statnipokladna.gov.cz/api/ukazatele?ic=00255467&obdobi=2412
2024,758,multi_school,founder:00231550,00231550,Městys Čechtice,obec,2,2,2899542,0,2899542,2,34762740,recipient_schedule_required,,,,,https://monitor.statnipokladna.gov.cz/api/ukazatele?ic=00231550&obdobi=2412
2024,759,multi_school,founder:00275841,00275841,Obec Košťálov,obec,2,3,2729000,140000,2869000,2,15252359,recipient_schedule_required,,,,,https://monitor.statnipokladna.gov.cz/api/ukazatele?ic=00275841&obdobi=2412
2024,760,multi_school,founder:00232874,00232874,Město Trhový Štěpánov,obec,2,3,2867279,0,2867279,2,25178856,recipient_schedule_required,,,,,https://monitor.statnipokladna.gov.cz/api/ukazatele?ic=00232874&obdobi=2412
2024,761,multi_school,founder:00038130,00038130,Obec Sloupnice,obec,2,3,2865000,0,2865000,2,23613382,recipient_schedule_required,,,,,https://monitor.statnipokladna.gov.cz/api/ukazatele?ic=00038130&obdobi=2412
2024,762,multi_school,founder:00287342,00287342,Obec Kostelec u Holešova,obec,2,3,2150000,698287,2848287,2,24416506,recipient_schedule_required,,,,,https://monitor.statnipokladna.gov.cz/api/ukazatele?ic=00287342&obdobi=2412
2024,763,multi_school,founder:00256731,00256731,Město Kasejovice,obec,2,2,2840000,0,2840000,2,25405928,recipient_schedule_required,,,,,https://monitor.statnipokladna.gov.cz/api/ukazatele?ic=00256731&obdobi=2412
2024,764,multi_school,founder:00287105,00287105,Obec Břest,obec,2,4,2678178,160613,2838791,2,19738028,recipient_schedule_required,,,,,https://monitor.statnipokladna.gov.cz/api/ukazatele?ic=00287105&obdobi=2412
2024,765,multi_school,founder:00291986,00291986,Obec Letonice,obec,2,2,2834000,0,2834000,2,14664199,recipient_schedule_required,,,,,https://monitor.statnipokladna.gov.cz/api/ukazatele?ic=00291986&obdobi=2412
2024,766,multi_school,founder:00240486,00240486,Obec Mochov,obec,2,2,2819000,0,2819000,2,15798422,recipient_schedule_required,,,,,https://monitor.statnipokladna.gov.cz/api/ukazatele?ic=00240486&obdobi=2412
2024,767,multi_school,founder:00283291,00283291,Obec Křepice,obec,2,2,2811876,0,2811876,2,14562605,recipient_schedule_required,,,,,https://monitor.statnipokladna.gov.cz/api/ukazatele?ic=00283291&obdobi=2412
2024,768,multi_school,founder:00262544,00262544,Obec Rádlo,obec,2,2,2810000,0,2810000,2,14413948,recipient_schedule_required,,,,,https://monitor.statnipokladna.gov.cz/api/ukazatele?ic=00262544&obdobi=2412
2024,769,multi_school,founder:00262510,00262510,Obec Plavy,obec,2,2,2777000,0,2777000,2,13448993,recipient_schedule_required,,,,,https://monitor.statnipokladna.gov.cz/api/ukazatele?ic=00262510&obdobi=2412
2024,770,multi_school,founder:00274151,00274151,Obec Rohovládova Bělá,obec,2,2,2756990,0,2756990,2,29916936,recipient_schedule_required,,,,,https://monitor.statnipokladna.gov.cz/api/ukazatele?ic=00274151&obdobi=2412
2024,771,multi_school,founder:00283444,00283444,Obec Novosedly,obec,2,2,2750500,0,2750500,2,18972797,recipient_schedule_required,,,,,https://monitor.statnipokladna.gov.cz/api/ukazatele?ic=00283444&obdobi=2412
2024,772,multi_school,founder:00275913,00275913,Obec Mírová pod Kozákovem,obec,2,2,2740000,0,2740000,2,18460737,recipient_schedule_required,,,,,https://monitor.statnipokladna.gov.cz/api/ukazatele?ic=00275913&obdobi=2412
2024,773,multi_school,founder:00233501,00233501,Městys Liteň,obec,2,2,2725000,0,2725000,2,30993792,recipient_schedule_required,,,,,https://monitor.statnipokladna.gov.cz/api/ukazatele?ic=00233501&obdobi=2412
2024,774,multi_school,founder:00237981,00237981,Obec Katusice,obec,2,2,2720000,0,2720000,2,20827437,recipient_schedule_required,,,,,https://monitor.statnipokladna.gov.cz/api/ukazatele?ic=00237981&obdobi=2412
2024,775,multi_school,founder:00233641,00233641,Obec Nižbor,obec,2,2,2715000,0,2715000,2,19651850,recipient_schedule_required,,,,,https://monitor.statnipokladna.gov.cz/api/ukazatele?ic=00233641&obdobi=2412
2024,776,multi_school,founder:00244961,00244961,Obec Hrdějovice,obec,2,2,2704500,0,2704500,2,17531289,recipient_schedule_required,,,,,https://monitor.statnipokladna.gov.cz/api/ukazatele?ic=00244961&obdobi=2412
2024,777,multi_school,founder:00278114,00278114,Obec Malé Svatoňovice,obec,2,2,2700000,0,2700000,2,25476250,recipient_schedule_required,,,,,https://monitor.statnipokladna.gov.cz/api/ukazatele?ic=00278114&obdobi=2412
2024,778,multi_school,founder:00288349,00288349,Obec Klenovice na Hané,obec,2,3,2620000,40177,2660177,2,27544129,recipient_schedule_required,,,,,https://monitor.statnipokladna.gov.cz/api/ukazatele?ic=00288349&obdobi=2412
2024,779,multi_school,founder:00292834,00292834,Obec Hostěradice,obec,2,2,2645000,0,2645000,2,18721622,recipient_schedule_required,,,,,https://monitor.statnipokladna.gov.cz/api/ukazatele?ic=00292834&obdobi=2412
2024,780,multi_school,founder:00303828,00303828,Obec Huslenky,obec,2,2,2628000,0,2628000,2,17006023,recipient_schedule_required,,,,,https://monitor.statnipokladna.gov.cz/api/ukazatele?ic=00303828&obdobi=2412
2024,781,multi_school,founder:00263125,00263125,Obec Příšovice,obec,2,2,2600000,0,2600000,2,15245718,recipient_schedule_required,,,,,https://monitor.statnipokladna.gov.cz/api/ukazatele?ic=00263125&obdobi=2412
2024,782,multi_school,founder:66109973,66109973,Obec Velké Chvojno,obec,2,2,2597949,0,2597949,2,10491011,recipient_schedule_required,,,,,https://monitor.statnipokladna.gov.cz/api/ukazatele?ic=66109973&obdobi=2412
2024,783,multi_school,founder:00293806,00293806,Městys Vranov nad Dyjí,obec,2,2,2570000,0,2570000,2,17525643,recipient_schedule_required,,,,,https://monitor.statnipokladna.gov.cz/api/ukazatele?ic=00293806&obdobi=2412
2024,784,multi_school,founder:00249718,00249718,Obec Chyšky,obec,2,2,2542000,0,2542000,2,22674968,recipient_schedule_required,,,,,https://monitor.statnipokladna.gov.cz/api/ukazatele?ic=00249718&obdobi=2412
2024,785,multi_school,founder:00240800,00240800,Obec Struhařov,obec,2,2,2532500,0,2532500,2,13819611,recipient_schedule_required,,,,,https://monitor.statnipokladna.gov.cz/api/ukazatele?ic=00240800&obdobi=2412
2024,786,multi_school,founder:00207381,00207381,Obec Záhorovice,obec,2,2,2520000,0,2520000,2,12993248,recipient_schedule_required,,,,,https://monitor.statnipokladna.gov.cz/api/ukazatele?ic=00207381&obdobi=2412
2024,787,multi_school,founder:00293385,00293385,Obec Práče,obec,2,2,2515900,0,2515900,2,11472781,recipient_schedule_required,,,,,https://monitor.statnipokladna.gov.cz/api/ukazatele?ic=00293385&obdobi=2412
2024,788,multi_school,founder:00273449,00273449,Obec Čeperka,obec,2,2,2512000,0,2512000,2,15385767,recipient_schedule_required,,,,,https://monitor.statnipokladna.gov.cz/api/ukazatele?ic=00273449&obdobi=2412
2024,789,multi_school,founder:00295035,00295035,Městys Ostrov nad Oslavou,obec,2,2,2502431,0,2502431,2,10967024,recipient_schedule_required,,,,,https://monitor.statnipokladna.gov.cz/api/ukazatele?ic=00295035&obdobi=2412
2024,790,multi_school,founder:00535940,00535940,Obec Bukovec,obec,2,1,2482550,0,2482550,2,21398258,recipient_schedule_required,,,,,https://monitor.statnipokladna.gov.cz/api/ukazatele?ic=00535940&obdobi=2412
2024,791,multi_school,founder:00258911,00258911,Město Mýto,obec,2,2,2456000,0,2456000,2,32433964,recipient_schedule_required,,,,,https://monitor.statnipokladna.gov.cz/api/ukazatele?ic=00258911&obdobi=2412
2024,792,multi_school,founder:00261548,00261548,Obec Malšovice,obec,2,2,2456000,0,2456000,2,11626833,recipient_schedule_required,,,,,https://monitor.statnipokladna.gov.cz/api/ukazatele?ic=00261548&obdobi=2412
2024,793,multi_school,founder:00265233,00265233,Městys Měcholupy,obec,2,3,2320000,125000,2445000,2,22728620,recipient_schedule_required,,,,,https://monitor.statnipokladna.gov.cz/api/ukazatele?ic=00265233&obdobi=2412
2024,794,multi_school,founder:00242861,00242861,Obec Nová Ves pod Pleší,obec,2,2,2424000,0,2424000,2,19244740,recipient_schedule_required,,,,,https://monitor.statnipokladna.gov.cz/api/ukazatele?ic=00242861&obdobi=2412
2024,795,multi_school,founder:00265314,00265314,Městys Panenský Týnec,obec,2,2,2415886,0,2415886,2,23109637,recipient_schedule_required,,,,,https://monitor.statnipokladna.gov.cz/api/ukazatele?ic=00265314&obdobi=2412
2024,796,multi_school,founder:00636100,00636100,Obec Chromeč,obec,2,3,1450000,955059,2405059,2,9791290,recipient_schedule_required,,,,,https://monitor.statnipokladna.gov.cz/api/ukazatele?ic=00636100&obdobi=2412
2024,797,multi_school,founder:00291421,00291421,Obec Topolná,obec,2,2,2405000,0,2405000,2,15526149,recipient_schedule_required,,,,,https://monitor.statnipokladna.gov.cz/api/ukazatele?ic=00291421&obdobi=2412
2024,798,multi_school,founder:00235181,00235181,Obec Zvoleněves,obec,2,2,2400000,0,2400000,2,26032325,recipient_schedule_required,,,,,https://monitor.statnipokladna.gov.cz/api/ukazatele?ic=00235181&obdobi=2412
2024,799,multi_school,founder:00233307,00233307,Obec Hýskov,obec,2,3,2232000,150000,2382000,2,25539699,recipient_schedule_required,,,,,https://monitor.statnipokladna.gov.cz/api/ukazatele?ic=00233307&obdobi=2412
2024,800,multi_school,founder:00259420,00259420,Obec Královské Poříčí,obec,2,3,2330000,50000,2380000,2,15777027,recipient_schedule_required,,,,,https://monitor.statnipokladna.gov.cz/api/ukazatele?ic=00259420&obdobi=2412
2024,801,multi_school,founder:00263427,00263427,Město Budyně nad Ohří,obec,2,3,2313854,0,2313854,2,26233284,recipient_schedule_required,,,,,https://monitor.statnipokladna.gov.cz/api/ukazatele?ic=00263427&obdobi=2412
2024,802,multi_school,founder:00284718,00284718,Obec Zádveřice - Raková,obec,2,2,2305000,0,2305000,2,16737064,recipient_schedule_required,,,,,https://monitor.statnipokladna.gov.cz/api/ukazatele?ic=00284718&obdobi=2412
2024,803,multi_school,founder:00293768,00293768,Městys Vémyslice,obec,2,2,2301000,0,2301000,2,21346844,recipient_schedule_required,,,,,https://monitor.statnipokladna.gov.cz/api/ukazatele?ic=00293768&obdobi=2412
2024,804,multi_school,founder:00257338,00257338,Obec Tymákov,obec,2,2,2300000,0,2300000,2,20644075,recipient_schedule_required,,,,,https://monitor.statnipokladna.gov.cz/api/ukazatele?ic=00257338&obdobi=2412
2024,805,multi_school,founder:00258679,00258679,Obec Dobřív,obec,2,3,2044000,250000,2294000,2,14874981,recipient_schedule_required,,,,,https://monitor.statnipokladna.gov.cz/api/ukazatele?ic=00258679&obdobi=2412
2024,806,multi_school,founder:00239771,00239771,Obec Sokoleč,obec,2,2,2274000,0,2274000,2,14147619,recipient_schedule_required,,,,,https://monitor.statnipokladna.gov.cz/api/ukazatele?ic=00239771&obdobi=2412
2024,807,multi_school,founder:00272311,00272311,Obec Valdice,obec,2,2,2243266,0,2243266,2,17487907,recipient_schedule_required,,,,,https://monitor.statnipokladna.gov.cz/api/ukazatele?ic=00272311&obdobi=2412
2024,808,multi_school,founder:00255963,00255963,Obec Pačejov,obec,2,3,1985000,230000,2215000,2,20075536,recipient_schedule_required,,,,,https://monitor.statnipokladna.gov.cz/api/ukazatele?ic=00255963&obdobi=2412
2024,809,multi_school,founder:00276006,00276006,Obec Poniklá,obec,2,2,2200000,0,2200000,2,18945536,recipient_schedule_required,,,,,https://monitor.statnipokladna.gov.cz/api/ukazatele?ic=00276006&obdobi=2412
2024,810,multi_school,founder:00302392,00302392,Obec Bohutín,obec,2,2,2198000,0,2198000,2,17032913,recipient_schedule_required,,,,,https://monitor.statnipokladna.gov.cz/api/ukazatele?ic=00302392&obdobi=2412
2024,811,multi_school,founder:00290815,00290815,Obec Boršice u Blatnice,obec,2,2,2193000,0,2193000,2,10983620,recipient_schedule_required,,,,,https://monitor.statnipokladna.gov.cz/api/ukazatele?ic=00290815&obdobi=2412
2024,812,multi_school,founder:00254789,00254789,Obec Merklín,obec,2,2,2177000,0,2177000,2,14493503,recipient_schedule_required,,,,,https://monitor.statnipokladna.gov.cz/api/ukazatele?ic=00254789&obdobi=2412
2024,813,multi_school,founder:00290963,00290963,Obec Hradčovice,obec,2,2,2176000,0,2176000,2,14329761,recipient_schedule_required,,,,,https://monitor.statnipokladna.gov.cz/api/ukazatele?ic=00290963&obdobi=2412
2024,814,multi_school,founder:00264431,00264431,Obec Straškov-Vodochody,obec,2,3,2158661,0,2158661,2,40299464,recipient_schedule_required,,,,,https://monitor.statnipokladna.gov.cz/api/ukazatele?ic=00264431&obdobi=2412
2024,815,multi_school,founder:00271055,00271055,Městys Trhová Kamenice,obec,2,2,2150000,0,2150000,2,22767508,recipient_schedule_required,,,,,https://monitor.statnipokladna.gov.cz/api/ukazatele?ic=00271055&obdobi=2412
2024,816,multi_school,founder:00276251,00276251,Obec Víchová nad Jizerou,obec,2,2,2140000,0,2140000,2,9206129,recipient_schedule_required,,,,,https://monitor.statnipokladna.gov.cz/api/ukazatele?ic=00276251&obdobi=2412
2024,817,multi_school,founder:00535958,00535958,Obec Hrádek,obec,2,1,2138500,0,2138500,2,24456514,recipient_schedule_required,,,,,https://monitor.statnipokladna.gov.cz/api/ukazatele?ic=00535958&obdobi=2412
2024,818,multi_school,founder:00291773,00291773,Obec Hodějice,obec,2,2,2135000,0,2135000,2,13176558,recipient_schedule_required,,,,,https://monitor.statnipokladna.gov.cz/api/ukazatele?ic=00291773&obdobi=2412
2024,819,multi_school,founder:00236837,00236837,Obec Hořín,obec,2,3,1992516,139867,2132383,2,12952926,recipient_schedule_required,,,,,https://monitor.statnipokladna.gov.cz/api/ukazatele?ic=00236837&obdobi=2412
2024,820,multi_school,founder:00288624,00288624,Obec Pivín,obec,2,2,2130000,0,2130000,2,10438526,recipient_schedule_required,,,,,https://monitor.statnipokladna.gov.cz/api/ukazatele?ic=00288624&obdobi=2412
2024,821,multi_school,founder:00257427,00257427,Obec Vrčeň,obec,2,2,2100000,0,2100000,2,16593290,recipient_schedule_required,,,,,https://monitor.statnipokladna.gov.cz/api/ukazatele?ic=00257427&obdobi=2412
2024,822,multi_school,founder:00235822,00235822,Obec Tuklaty,obec,2,2,2088260,0,2088260,2,16861437,recipient_schedule_required,,,,,https://monitor.statnipokladna.gov.cz/api/ukazatele?ic=00235822&obdobi=2412
2024,823,multi_school,founder:00277100,00277100,Obec Osík,obec,2,3,2000000,77681,2077681,2,13096958,recipient_schedule_required,,,,,https://monitor.statnipokladna.gov.cz/api/ukazatele?ic=00277100&obdobi=2412
2024,824,multi_school,founder:00235202,00235202,Obec Žilina,obec,2,2,2067000,0,2067000,2,14479724,recipient_schedule_required,,,,,https://monitor.statnipokladna.gov.cz/api/ukazatele?ic=00235202&obdobi=2412
2024,825,multi_school,founder:00282731,00282731,Obec Tvarožná,obec,2,3,1982300,66000,2048300,2,16545323,recipient_schedule_required,,,,,https://monitor.statnipokladna.gov.cz/api/ukazatele?ic=00282731&obdobi=2412
2024,826,multi_school,founder:00235385,00235385,Obec Horní Kruty,obec,2,2,2043905,0,2043905,2,10127530,recipient_schedule_required,,,,,https://monitor.statnipokladna.gov.cz/api/ukazatele?ic=00235385&obdobi=2412
2024,827,multi_school,founder:00266981,00266981,Obec Řehlovice,obec,2,2,2043000,0,2043000,2,12679644,recipient_schedule_required,,,,,https://monitor.statnipokladna.gov.cz/api/ukazatele?ic=00266981&obdobi=2412
2024,828,multi_school,founder:00278882,00278882,Obec Horní Čermná,obec,2,2,2042000,0,2042000,2,19687209,recipient_schedule_required,,,,,https://monitor.statnipokladna.gov.cz/api/ukazatele?ic=00278882&obdobi=2412
2024,829,multi_school,founder:00237361,00237361,Obec Záryby,obec,2,2,2040000,0,2040000,2,11856235,recipient_schedule_required,,,,,https://monitor.statnipokladna.gov.cz/api/ukazatele?ic=00237361&obdobi=2412
2024,830,multi_school,founder:00238988,00238988,Obec Běrunice,obec,2,3,2032000,0,2032000,2,7641148,recipient_schedule_required,,,,,https://monitor.statnipokladna.gov.cz/api/ukazatele?ic=00238988&obdobi=2412
2024,831,multi_school,founder:00276294,00276294,Město Vysoké nad Jizerou,obec,2,2,2030000,0,2030000,2,23446519,recipient_schedule_required,,,,,https://monitor.statnipokladna.gov.cz/api/ukazatele?ic=00276294&obdobi=2412
2024,832,multi_school,founder:00262404,00262404,Obec Koberovy,obec,2,2,2027103,0,2027103,2,12480160,recipient_schedule_required,,,,,https://monitor.statnipokladna.gov.cz/api/ukazatele?ic=00262404&obdobi=2412
2024,833,multi_school,founder:00283738,00283738,Obec Vrbice,obec,2,2,2010000,0,2010000,2,11871513,recipient_schedule_required,,,,,https://monitor.statnipokladna.gov.cz/api/ukazatele?ic=00283738&obdobi=2412
2024,834,multi_school,founder:00236683,00236683,Městys Žehušice,obec,2,2,2003000,0,2003000,2,28468646,recipient_schedule_required,,,,,https://monitor.statnipokladna.gov.cz/api/ukazatele?ic=00236683&obdobi=2412
2024,835,multi_school,founder:00258032,00258032,Obec Ledce,obec,2,2,2003000,0,2003000,2,12396301,recipient_schedule_required,,,,,https://monitor.statnipokladna.gov.cz/api/ukazatele?ic=00258032&obdobi=2412
2024,836,multi_school,founder:00248738,00248738,Městys Nový Rychnov,obec,2,2,2000000,0,2000000,2,21990089,recipient_schedule_required,,,,,https://monitor.statnipokladna.gov.cz/api/ukazatele?ic=00248738&obdobi=2412
2024,837,multi_school,founder:00249777,00249777,Obec Kovářov,obec,2,2,2000000,0,2000000,2,22897279,recipient_schedule_required,,,,,https://monitor.statnipokladna.gov.cz/api/ukazatele?ic=00249777&obdobi=2412
2024,838,multi_school,founder:00253499,00253499,Obec Kout na Šumavě,obec,2,2,2000000,0,2000000,2,15156847,recipient_schedule_required,,,,,https://monitor.statnipokladna.gov.cz/api/ukazatele?ic=00253499&obdobi=2412
2024,839,multi_school,founder:00291129,00291129,Obec Mistřice,obec,2,2,2000000,0,2000000,2,13139781,recipient_schedule_required,,,,,https://monitor.statnipokladna.gov.cz/api/ukazatele?ic=00291129&obdobi=2412
2024,840,multi_school,founder:00534927,00534927,Obec Doloplazy,obec,2,2,1995500,0,1995500,2,19366814,recipient_schedule_required,,,,,https://monitor.statnipokladna.gov.cz/api/ukazatele?ic=00534927&obdobi=2412
2024,841,multi_school,founder:67024645,67024645,Obec Suchohrdly,obec,2,2,1970000,0,1970000,2,17284984,recipient_schedule_required,,,,,https://monitor.statnipokladna.gov.cz/api/ukazatele?ic=67024645&obdobi=2412
2024,842,multi_school,founder:00293521,00293521,Obec Strachotice,obec,2,2,1965000,0,1965000,2,13163384,recipient_schedule_required,,,,,https://monitor.statnipokladna.gov.cz/api/ukazatele?ic=00293521&obdobi=2412
2024,843,multi_school,founder:00237302,00237302,Obec Vraňany,obec,2,2,1960000,0,1960000,2,12295065,recipient_schedule_required,,,,,https://monitor.statnipokladna.gov.cz/api/ukazatele?ic=00237302&obdobi=2412
2024,844,multi_school,founder:00299316,00299316,Obec Paseka,obec,2,2,1943100,0,1943100,2,16081354,recipient_schedule_required,,,,,https://monitor.statnipokladna.gov.cz/api/ukazatele?ic=00299316&obdobi=2412
2024,845,multi_school,founder:00258091,00258091,Město Manětín,obec,2,2,1935000,0,1935000,2,23766178,recipient_schedule_required,,,,,https://monitor.statnipokladna.gov.cz/api/ukazatele?ic=00258091&obdobi=2412
2024,846,multi_school,founder:00304263,00304263,Obec Ratiboř,obec,2,2,1930000,0,1930000,2,16352588,recipient_schedule_required,,,,,https://monitor.statnipokladna.gov.cz/api/ukazatele?ic=00304263&obdobi=2412
2024,847,multi_school,founder:00488241,00488241,Obec Opatovice,obec,2,2,1926300,0,1926300,2,12477502,recipient_schedule_required,,,,,https://monitor.statnipokladna.gov.cz/api/ukazatele?ic=00488241&obdobi=2412
2024,848,multi_school,founder:00300462,00300462,Obec Mokré Lazce,obec,2,2,1911874,0,1911874,2,12919221,recipient_schedule_required,,,,,https://monitor.statnipokladna.gov.cz/api/ukazatele?ic=00300462&obdobi=2412
2024,849,multi_school,founder:00280071,00280071,Obec Cetkovice,obec,2,3,1490000,391836,1881836,2,9248216,recipient_schedule_required,,,,,https://monitor.statnipokladna.gov.cz/api/ukazatele?ic=00280071&obdobi=2412
2024,850,multi_school,founder:00236012,00236012,Obec Církvice,obec,2,2,1860000,0,1860000,2,18219061,recipient_schedule_required,,,,,https://monitor.statnipokladna.gov.cz/api/ukazatele?ic=00236012&obdobi=2412
2024,851,multi_school,founder:00267716,00267716,Městys Krucemburk,obec,2,2,1855000,0,1855000,2,26237282,recipient_schedule_required,,,,,https://monitor.statnipokladna.gov.cz/api/ukazatele?ic=00267716&obdobi=2412
2024,852,multi_school,founder:00544531,00544531,Obec Přílepy,obec,2,2,1850000,0,1850000,2,10879774,recipient_schedule_required,,,,,https://monitor.statnipokladna.gov.cz/api/ukazatele?ic=00544531&obdobi=2412
2024,853,multi_school,founder:00288284,00288284,Obec Hrubčice,obec,2,2,1822000,0,1822000,2,10322820,recipient_schedule_required,,,,,https://monitor.statnipokladna.gov.cz/api/ukazatele?ic=00288284&obdobi=2412
2024,854,multi_school,founder:00241768,00241768,Obec Tursko,obec,2,1,1808000,0,1808000,2,8665306,recipient_schedule_required,,,,,https://monitor.statnipokladna.gov.cz/api/ukazatele?ic=00241768&obdobi=2412
2024,855,multi_school,founder:00535133,00535133,Obec Dolní Lhota,obec,2,2,1775000,0,1775000,2,16121792,recipient_schedule_required,,,,,https://monitor.statnipokladna.gov.cz/api/ukazatele?ic=00535133&obdobi=2412
2024,856,multi_school,founder:00241512,00241512,Obec Ořech,obec,2,2,1757800,0,1757800,2,12157254,recipient_schedule_required,,,,,https://monitor.statnipokladna.gov.cz/api/ukazatele?ic=00241512&obdobi=2412
2024,857,multi_school,founder:00276014,00276014,Obec Přepeře,obec,2,2,1742000,0,1742000,2,13511694,recipient_schedule_required,,,,,https://monitor.statnipokladna.gov.cz/api/ukazatele?ic=00276014&obdobi=2412
2024,858,multi_school,founder:00296201,00296201,Obec Malá Morávka,obec,2,2,1736500,0,1736500,2,8651289,recipient_schedule_required,,,,,https://monitor.statnipokladna.gov.cz/api/ukazatele?ic=00296201&obdobi=2412
2024,859,multi_school,founder:00237264,00237264,Obec Velký Borek,obec,2,2,1725000,0,1725000,2,14302493,recipient_schedule_required,,,,,https://monitor.statnipokladna.gov.cz/api/ukazatele?ic=00237264&obdobi=2412
2024,860,multi_school,founder:00273392,00273392,Obec Břehy,obec,2,2,1720000,0,1720000,2,13669736,recipient_schedule_required,,,,,https://monitor.statnipokladna.gov.cz/api/ukazatele?ic=00273392&obdobi=2412
2024,861,multi_school,founder:00275956,00275956,Obec Ohrazenice,obec,2,2,1697995,0,1697995,2,10608731,recipient_schedule_required,,,,,https://monitor.statnipokladna.gov.cz/api/ukazatele?ic=00275956&obdobi=2412
2024,862,multi_school,founder:00285412,00285412,Obec Tvarožná Lhota,obec,2,2,1648708,0,1648708,2,8405262,recipient_schedule_required,,,,,https://monitor.statnipokladna.gov.cz/api/ukazatele?ic=00285412&obdobi=2412
2024,863,multi_school,founder:00273511,00273511,Obec Dolní Ředice,obec,2,2,1646000,0,1646000,2,12994688,recipient_schedule_required,,,,,https://monitor.statnipokladna.gov.cz/api/ukazatele?ic=00273511&obdobi=2412
2024,864,multi_school,founder:00234559,00234559,Obec Koleč,obec,2,2,1642700,0,1642700,2,10048176,recipient_schedule_required,,,,,https://monitor.statnipokladna.gov.cz/api/ukazatele?ic=00234559&obdobi=2412
2024,865,multi_school,founder:00492621,00492621,Obec Milíkov,obec,2,1,1641375,0,1641375,2,12504190,recipient_schedule_required,,,,,https://monitor.statnipokladna.gov.cz/api/ukazatele?ic=00492621&obdobi=2412
2024,866,multi_school,founder:00281069,00281069,Obec Šebetov,obec,2,3,1610365,0,1610365,2,6676975,recipient_schedule_required,,,,,https://monitor.statnipokladna.gov.cz/api/ukazatele?ic=00281069&obdobi=2412
2024,867,multi_school,founder:00239241,00239241,Obec Kněžice,obec,2,3,1598000,0,1598000,2,6622096,recipient_schedule_required,,,,,https://monitor.statnipokladna.gov.cz/api/ukazatele?ic=00239241&obdobi=2412
2024,868,multi_school,founder:00283533,00283533,Obec Pouzdřany,obec,2,2,1583000,0,1583000,2,8135499,recipient_schedule_required,,,,,https://monitor.statnipokladna.gov.cz/api/ukazatele?ic=00283533&obdobi=2412
2024,869,multi_school,founder:00276731,00276731,Obec Janov,obec,2,2,1570000,0,1570000,2,11203120,recipient_schedule_required,,,,,https://monitor.statnipokladna.gov.cz/api/ukazatele?ic=00276731&obdobi=2412
2024,870,multi_school,founder:00235083,00235083,Obec Velká Dobrá,obec,2,2,1558600,0,1558600,2,10745342,recipient_schedule_required,,,,,https://monitor.statnipokladna.gov.cz/api/ukazatele?ic=00235083&obdobi=2412
2024,871,multi_school,founder:00291897,00291897,Obec Komořany,obec,2,3,1140000,398000,1538000,2,14031796,recipient_schedule_required,,,,,https://monitor.statnipokladna.gov.cz/api/ukazatele?ic=00291897&obdobi=2412
2024,872,multi_school,founder:00278874,00278874,Obec Hnátnice,obec,2,2,1500000,0,1500000,2,10146028,recipient_schedule_required,,,,,https://monitor.statnipokladna.gov.cz/api/ukazatele?ic=00278874&obdobi=2412
2024,873,multi_school,founder:00281301,00281301,Obec Vysočany,obec,2,2,1500000,0,1500000,2,9882473,recipient_schedule_required,,,,,https://monitor.statnipokladna.gov.cz/api/ukazatele?ic=00281301&obdobi=2412
2024,874,multi_school,founder:00304042,00304042,Obec Lidečko,obec,2,2,1452000,0,1452000,2,13084967,recipient_schedule_required,,,,,https://monitor.statnipokladna.gov.cz/api/ukazatele?ic=00304042&obdobi=2412
2024,875,multi_school,founder:00235407,00235407,Obec Chrášťany,obec,2,2,1450000,0,1450000,2,10778280,recipient_schedule_required,,,,,https://monitor.statnipokladna.gov.cz/api/ukazatele?ic=00235407&obdobi=2412
2024,876,multi_school,founder:00279790,00279790,Obec Záchlumí,obec,2,2,1450000,0,1450000,2,9706687,recipient_schedule_required,,,,,https://monitor.statnipokladna.gov.cz/api/ukazatele?ic=00279790&obdobi=2412
2024,877,multi_school,founder:00284017,00284017,Obec Jasenná,obec,2,2,1415000,0,1415000,2,11621931,recipient_schedule_required,,,,,https://monitor.statnipokladna.gov.cz/api/ukazatele?ic=00284017&obdobi=2412
2024,878,multi_school,founder:00277541,00277541,Obec Vendolí,obec,2,2,1413752,0,1413752,2,10425437,recipient_schedule_required,,,,,https://monitor.statnipokladna.gov.cz/api/ukazatele?ic=00277541&obdobi=2412
2024,879,multi_school,founder:00303046,00303046,Obec Moravičany,obec,2,2,1410000,0,1410000,2,14785144,recipient_schedule_required,,,,,https://monitor.statnipokladna.gov.cz/api/ukazatele?ic=00303046&obdobi=2412
2024,880,multi_school,founder:00235121,00235121,Městys Vraný,obec,2,2,1405000,0,1405000,2,8364578,recipient_schedule_required,,,,,https://monitor.statnipokladna.gov.cz/api/ukazatele?ic=00235121&obdobi=2412
2024,881,multi_school,founder:00246816,00246816,Městys Chlum u Třeboně,obec,2,2,1400000,0,1400000,2,22788199,recipient_schedule_required,,,,,https://monitor.statnipokladna.gov.cz/api/ukazatele?ic=00246816&obdobi=2412
2024,882,multi_school,founder:00362981,00362981,Obec Jiříkovice,obec,2,3,1311925,70000,1381925,2,12465116,recipient_schedule_required,,,,,https://monitor.statnipokladna.gov.cz/api/ukazatele?ic=00362981&obdobi=2412
2024,883,multi_school,founder:00235091,00235091,Obec Velké Přítočno,obec,2,2,1331675,0,1331675,2,13930233,recipient_schedule_required,,,,,https://monitor.statnipokladna.gov.cz/api/ukazatele?ic=00235091&obdobi=2412
2024,884,multi_school,founder:00292940,00292940,Obec Jiřice u Miroslavi,obec,2,2,1320000,0,1320000,2,11608106,recipient_schedule_required,,,,,https://monitor.statnipokladna.gov.cz/api/ukazatele?ic=00292940&obdobi=2412
2024,885,multi_school,founder:00875481,00875481,Obec Svárov,obec,2,3,1131000,180000,1311000,2,27756723,recipient_schedule_required,,,,,https://monitor.statnipokladna.gov.cz/api/ukazatele?ic=00875481&obdobi=2412
2024,886,multi_school,founder:00300381,00300381,Městys Litultovice,obec,2,2,1295270,0,1295270,2,10055250,recipient_schedule_required,,,,,https://monitor.statnipokladna.gov.cz/api/ukazatele?ic=00300381&obdobi=2412
2024,887,multi_school,founder:00290149,00290149,Obec Police,obec,2,2,1293250,0,1293250,2,9932512,recipient_schedule_required,,,,,https://monitor.statnipokladna.gov.cz/api/ukazatele?ic=00290149&obdobi=2412
2024,888,multi_school,founder:00276782,00276782,Obec Jedlová,obec,2,2,1291186,0,1291186,2,11507567,recipient_schedule_required,,,,,https://monitor.statnipokladna.gov.cz/api/ukazatele?ic=00276782&obdobi=2412
2024,889,multi_school,founder:00240656,00240656,Obec Přezletice,obec,2,1,1290000,0,1290000,2,10227960,recipient_schedule_required,,,,,https://monitor.statnipokladna.gov.cz/api/ukazatele?ic=00240656&obdobi=2412
2024,890,multi_school,founder:00575658,00575658,Obec Nová Hradečná,obec,2,2,1267000,0,1267000,2,9275546,recipient_schedule_required,,,,,https://monitor.statnipokladna.gov.cz/api/ukazatele?ic=00575658&obdobi=2412
2024,891,multi_school,founder:00294730,00294730,Obec Lísek,obec,2,2,1253000,0,1253000,2,7845130,recipient_schedule_required,,,,,https://monitor.statnipokladna.gov.cz/api/ukazatele?ic=00294730&obdobi=2412
2024,892,multi_school,founder:00233749,00233749,Obec Praskolesy,obec,2,2,1250000,0,1250000,2,12841219,recipient_schedule_required,,,,,https://monitor.statnipokladna.gov.cz/api/ukazatele?ic=00233749&obdobi=2412
2024,893,multi_school,founder:00275263,00275263,Obec Pohoří,obec,2,3,1070000,170000,1240000,2,9927004,recipient_schedule_required,,,,,https://monitor.statnipokladna.gov.cz/api/ukazatele?ic=00275263&obdobi=2412
2024,894,multi_school,founder:00240354,00240354,Obec Kostelec u Křížků,obec,2,2,1237000,0,1237000,2,16025444,recipient_schedule_required,,,,,https://monitor.statnipokladna.gov.cz/api/ukazatele?ic=00240354&obdobi=2412
2024,895,multi_school,founder:00239267,00239267,Obec Kostelní Lhota,obec,2,2,1225000,0,1225000,2,12669247,recipient_schedule_required,,,,,https://monitor.statnipokladna.gov.cz/api/ukazatele?ic=00239267&obdobi=2412
2024,896,multi_school,founder:00842478,00842478,Obec Lavičky,obec,2,2,1220000,0,1220000,2,10434427,recipient_schedule_required,,,,,https://monitor.statnipokladna.gov.cz/api/ukazatele?ic=00842478&obdobi=2412
2024,897,multi_school,founder:00250813,00250813,Obec Vitějovice,obec,2,2,1217000,0,1217000,2,8872796,recipient_schedule_required,,,,,https://monitor.statnipokladna.gov.cz/api/ukazatele?ic=00250813&obdobi=2412
2024,898,multi_school,founder:00240567,00240567,Obec Ondřejov,obec,2,1,1210000,0,1210000,2,11137813,recipient_schedule_required,,,,,https://monitor.statnipokladna.gov.cz/api/ukazatele?ic=00240567&obdobi=2412
2024,899,multi_school,founder:00239321,00239321,Obec Kovanice,obec,2,2,1200000,0,1200000,2,8966628,recipient_schedule_required,,,,,https://monitor.statnipokladna.gov.cz/api/ukazatele?ic=00239321&obdobi=2412
2024,900,multi_school,founder:00573621,00573621,Obec Záchlumí,obec,2,2,1200000,0,1200000,2,8876177,recipient_schedule_required,,,,,https://monitor.statnipokladna.gov.cz/api/ukazatele?ic=00573621&obdobi=2412
2024,901,multi_school,founder:00600741,00600741,Obec Rybí,obec,2,2,1200000,0,1200000,2,11984137,recipient_schedule_required,,,,,https://monitor.statnipokladna.gov.cz/api/ukazatele?ic=00600741&obdobi=2412
2024,902,multi_school,founder:00273601,00273601,Obec Horní Ředice,obec,2,2,1190000,0,1190000,2,8682310,recipient_schedule_required,,,,,https://monitor.statnipokladna.gov.cz/api/ukazatele?ic=00273601&obdobi=2412
2024,903,multi_school,founder:00378640,00378640,Obec Veverské Knínice,obec,2,2,1180000,0,1180000,2,12858225,recipient_schedule_required,,,,,https://monitor.statnipokladna.gov.cz/api/ukazatele?ic=00378640&obdobi=2412
2024,904,multi_school,founder:00280101,00280101,Obec Černovice,obec,2,2,1160000,0,1160000,2,9520836,recipient_schedule_required,,,,,https://monitor.statnipokladna.gov.cz/api/ukazatele?ic=00280101&obdobi=2412
2024,905,multi_school,founder:00277070,00277070,Obec Oldřiš,obec,2,2,1146419,0,1146419,2,7886112,recipient_schedule_required,,,,,https://monitor.statnipokladna.gov.cz/api/ukazatele?ic=00277070&obdobi=2412
2024,906,multi_school,founder:00273007,00273007,Obec Rychnovek,obec,2,2,1140000,0,1140000,2,8564413,recipient_schedule_required,,,,,https://monitor.statnipokladna.gov.cz/api/ukazatele?ic=00273007&obdobi=2412
2024,907,multi_school,founder:00295311,00295311,Obec Rozsochy,obec,2,2,1134073,0,1134073,2,9304570,recipient_schedule_required,,,,,https://monitor.statnipokladna.gov.cz/api/ukazatele?ic=00295311&obdobi=2412
2024,908,multi_school,founder:00265446,00265446,Městys Ročov,obec,2,2,1130000,0,1130000,2,9903248,recipient_schedule_required,,,,,https://monitor.statnipokladna.gov.cz/api/ukazatele?ic=00265446&obdobi=2412
2024,909,multi_school,founder:00280879,00280879,Obec Rozseč nad Kunštátem,obec,2,2,1120000,0,1120000,2,10498831,recipient_schedule_required,,,,,https://monitor.statnipokladna.gov.cz/api/ukazatele?ic=00280879&obdobi=2412
2024,910,multi_school,founder:00261009,00261009,Obec Svor,obec,2,2,1114700,0,1114700,2,6927080,recipient_schedule_required,,,,,https://monitor.statnipokladna.gov.cz/api/ukazatele?ic=00261009&obdobi=2412
2024,911,multi_school,founder:00276430,00276430,Obec Borová,obec,2,2,1110000,0,1110000,2,11192271,recipient_schedule_required,,,,,https://monitor.statnipokladna.gov.cz/api/ukazatele?ic=00276430&obdobi=2412
2024,912,multi_school,founder:00287466,00287466,Obec Ludslavice,obec,2,2,1109001,0,1109001,2,12499759,recipient_schedule_required,,,,,https://monitor.statnipokladna.gov.cz/api/ukazatele?ic=00287466&obdobi=2412
2024,913,multi_school,founder:00302287,00302287,Obec Želatovice,obec,2,2,1090000,0,1090000,2,8332957,recipient_schedule_required,,,,,https://monitor.statnipokladna.gov.cz/api/ukazatele?ic=00302287&obdobi=2412
2024,914,multi_school,founder:00278661,00278661,Obec České Heřmanice,obec,2,2,1082000,0,1082000,2,8478498,recipient_schedule_required,,,,,https://monitor.statnipokladna.gov.cz/api/ukazatele?ic=00278661&obdobi=2412
2024,915,multi_school,founder:00241199,00241199,Obec Dolany nad Vltavou,obec,2,2,1080875,0,1080875,2,10881193,recipient_schedule_required,,,,,https://monitor.statnipokladna.gov.cz/api/ukazatele?ic=00241199&obdobi=2412
2024,916,multi_school,founder:00295761,00295761,Městys Vojnův Městec,obec,2,2,1069000,0,1069000,2,7932740,recipient_schedule_required,,,,,https://monitor.statnipokladna.gov.cz/api/ukazatele?ic=00295761&obdobi=2412
2024,917,multi_school,founder:00287644,00287644,Obec Prusinovice,obec,2,2,1066000,0,1066000,2,14583447,recipient_schedule_required,,,,,https://monitor.statnipokladna.gov.cz/api/ukazatele?ic=00287644&obdobi=2412
2024,918,multi_school,founder:00635316,00635316,Obec Vilémov,obec,2,2,1050000,0,1050000,2,6957661,recipient_schedule_required,,,,,https://monitor.statnipokladna.gov.cz/api/ukazatele?ic=00635316&obdobi=2412
2024,919,multi_school,founder:00671983,00671983,Obec Lázně Libverda,obec,2,2,1050000,0,1050000,2,11061367,recipient_schedule_required,,,,,https://monitor.statnipokladna.gov.cz/api/ukazatele?ic=00671983&obdobi=2412
2024,920,multi_school,founder:00272094,00272094,Obec Slatiny,obec,2,2,1011000,0,1011000,2,9123104,recipient_schedule_required,,,,,https://monitor.statnipokladna.gov.cz/api/ukazatele?ic=00272094&obdobi=2412
2024,921,multi_school,founder:00234745,00234745,Obec Otvovice,obec,2,2,990000,0,990000,2,8083495,recipient_schedule_required,,,,,https://monitor.statnipokladna.gov.cz/api/ukazatele?ic=00234745&obdobi=2412
2024,922,multi_school,founder:00304310,00304310,Obec Střelná,obec,2,2,984000,0,984000,2,6380416,recipient_schedule_required,,,,,https://monitor.statnipokladna.gov.cz/api/ukazatele?ic=00304310&obdobi=2412
2024,923,multi_school,founder:00236624,00236624,Obec Záboří nad Labem,obec,2,2,966347,0,966347,2,8390353,recipient_schedule_required,,,,,https://monitor.statnipokladna.gov.cz/api/ukazatele?ic=00236624&obdobi=2412
2024,924,multi_school,founder:00368733,00368733,Obec Hoštice - Heroltice,obec,2,2,950000,0,950000,2,6923574,recipient_schedule_required,,,,,https://monitor.statnipokladna.gov.cz/api/ukazatele?ic=00368733&obdobi=2412
2024,925,multi_school,founder:00240460,00240460,Obec Mirošovice,obec,2,2,900000,0,900000,2,14827335,recipient_schedule_required,,,,,https://monitor.statnipokladna.gov.cz/api/ukazatele?ic=00240460&obdobi=2412
2024,926,multi_school,founder:00271624,00271624,Obec Jeřice,obec,2,2,867500,0,867500,2,6476092,recipient_schedule_required,,,,,https://monitor.statnipokladna.gov.cz/api/ukazatele?ic=00271624&obdobi=2412
2024,927,multi_school,founder:00287482,00287482,Obec Martinice,obec,2,2,863400,0,863400,2,10119677,recipient_schedule_required,,,,,https://monitor.statnipokladna.gov.cz/api/ukazatele?ic=00287482&obdobi=2412
2024,928,multi_school,founder:00295817,00295817,Obec Zvole,obec,2,2,836000,0,836000,2,7496150,recipient_schedule_required,,,,,https://monitor.statnipokladna.gov.cz/api/ukazatele?ic=00295817&obdobi=2412
2024,929,multi_school,founder:00256374,00256374,Obec Žichovice,obec,2,2,794100,0,794100,2,8223581,recipient_schedule_required,,,,,https://monitor.statnipokladna.gov.cz/api/ukazatele?ic=00256374&obdobi=2412
2024,930,multi_school,founder:00234885,00234885,Obec Slatina,obec,2,2,772074,0,772074,2,7526604,recipient_schedule_required,,,,,https://monitor.statnipokladna.gov.cz/api/ukazatele?ic=00234885&obdobi=2412
2024,931,multi_school,founder:00253871,00253871,Městys Všeruby,obec,2,2,770000,0,770000,2,8733484,recipient_schedule_required,,,,,https://monitor.statnipokladna.gov.cz/api/ukazatele?ic=00253871&obdobi=2412
2024,932,multi_school,founder:00279811,00279811,Obec Zámrsk,obec,2,2,683000,0,683000,2,7933837,recipient_schedule_required,,,,,https://monitor.statnipokladna.gov.cz/api/ukazatele?ic=00279811&obdobi=2412
2024,933,multi_school,founder:00231134,00231134,Městská část Praha - Kunratice,obec,2,0,0,0,0,2,110767853,founder_source_required,,,,,https://monitor.statnipokladna.gov.cz/api/ukazatele?ic=00231134&obdobi=2412
2024,934,multi_school,founder:00231185,00231185,Městská část Praha - Velká Chuchle,obec,2,0,0,0,0,2,53745098,founder_source_required,,,,,https://monitor.statnipokladna.gov.cz/api/ukazatele?ic=00231185&obdobi=2412
2024,935,multi_school,founder:00231207,00231207,Městská část Praha - Lysolaje,obec,2,0,0,0,0,2,39418183,founder_source_required,,,,,https://monitor.statnipokladna.gov.cz/api/ukazatele?ic=00231207&obdobi=2412
2024,936,multi_school,founder:00231347,00231347,Městská část Praha - Dolní Měcholupy,obec,2,0,0,0,0,2,40585885,founder_source_required,,,,,https://monitor.statnipokladna.gov.cz/api/ukazatele?ic=00231347&obdobi=2412
2024,937,multi_school,founder:00231363,00231363,Městská část Praha - Petrovice,obec,2,0,0,0,0,2,76313300,founder_source_required,,,,,https://monitor.statnipokladna.gov.cz/api/ukazatele?ic=00231363&obdobi=2412
2024,938,multi_school,founder:00231371,00231371,Městská část Praha - Štěrboholy,obec,2,0,0,0,0,2,34610739,founder_source_required,,,,,https://monitor.statnipokladna.gov.cz/api/ukazatele?ic=00231371&obdobi=2412
2024,939,multi_school,founder:00240044,00240044,Městská část Praha - Běchovice,obec,2,0,0,0,0,2,50866538,founder_source_required,,,,,https://monitor.statnipokladna.gov.cz/api/ukazatele?ic=00240044&obdobi=2412
2024,940,multi_school,founder:00240150,00240150,Městská část Praha - Dolní Počernice,obec,2,0,0,0,0,2,48542140,founder_source_required,,,,,https://monitor.statnipokladna.gov.cz/api/ukazatele?ic=00240150&obdobi=2412
2024,941,multi_school,founder:00240184,00240184,Městská část Praha - Dubeč,obec,2,0,0,0,0,2,78135239,founder_source_required,,,,,https://monitor.statnipokladna.gov.cz/api/ukazatele?ic=00240184&obdobi=2412
2024,942,multi_school,founder:00240281,00240281,Městská část Praha - Klánovice,obec,2,0,0,0,0,2,79857017,founder_source_required,,,,,https://monitor.statnipokladna.gov.cz/api/ukazatele?ic=00240281&obdobi=2412
2024,943,multi_school,founder:00240346,00240346,Městská část Praha - Kolovraty,obec,2,0,0,0,0,2,75516988,founder_source_required,,,,,https://monitor.statnipokladna.gov.cz/api/ukazatele?ic=00240346&obdobi=2412
2024,944,multi_school,founder:00240711,00240711,Městská část Praha - Satalice,obec,2,0,0,0,0,2,55840433,founder_source_required,,,,,https://monitor.statnipokladna.gov.cz/api/ukazatele?ic=00240711&obdobi=2412
2024,945,multi_school,founder:00241431,00241431,Městská část Praha - Lipence,obec,2,0,0,0,0,2,54133057,founder_source_required,,,,,https://monitor.statnipokladna.gov.cz/api/ukazatele?ic=00241431&obdobi=2412
2024,946,multi_school,founder:00241580,00241580,Obec Psáry,obec,2,0,0,0,0,0,0,founder_source_required,,,,,https://monitor.statnipokladna.gov.cz/api/ukazatele?ic=00241580&obdobi=2412
2024,947,multi_school,founder:00241598,00241598,Městská část Praha 16,obec,2,0,0,0,0,2,107869700,founder_source_required,,,,,https://monitor.statnipokladna.gov.cz/api/ukazatele?ic=00241598&obdobi=2412
2024,948,multi_school,founder:00241628,00241628,Městská část Praha - Řeporyje,obec,2,0,0,0,0,2,64316126,founder_source_required,,,,,https://monitor.statnipokladna.gov.cz/api/ukazatele?ic=00241628&obdobi=2412
2024,949,multi_school,founder:00241784,00241784,Městská část Praha - Újezd,obec,2,0,0,0,0,2,24752343,founder_source_required,,,,,https://monitor.statnipokladna.gov.cz/api/ukazatele?ic=00241784&obdobi=2412
2024,950,multi_school,founder:45246858,45246858,Městská část Praha - Troja,obec,2,0,0,0,0,2,24040328,founder_source_required,,,,,https://monitor.statnipokladna.gov.cz/api/ukazatele?ic=45246858&obdobi=2412
2024,,single_school,founder:00038113,00038113,Obec Libchavy,obec,1,1,4120158,0,4120158,1,36235829,aggregate_candidate_needs_confirmation,,,,,https://monitor.statnipokladna.gov.cz/api/ukazatele?ic=00038113&obdobi=2412
2024,,single_school,founder:00042188,00042188,Obec Brumovice,obec,1,2,1949000,152500,2101500,1,12397752,aggregate_candidate_needs_confirmation,,,,,https://monitor.statnipokladna.gov.cz/api/ukazatele?ic=00042188&obdobi=2412
2024,,single_school,founder:00084409,00084409,Obec Osová Bítýška,obec,1,1,3750000,0,3750000,1,33615460,aggregate_candidate_needs_confirmation,,,,,https://monitor.statnipokladna.gov.cz/api/ukazatele?ic=00084409&obdobi=2412
2024,,single_school,founder:00179671,00179671,Obec Víska,obec,1,1,460000,0,460000,1,5138035,aggregate_candidate_needs_confirmation,,,,,https://monitor.statnipokladna.gov.cz/api/ukazatele?ic=00179671&obdobi=2412
2024,,single_school,founder:00207438,00207438,Obec Komňa,obec,1,1,687500,0,687500,1,7694322,aggregate_candidate_needs_confirmation,,,,,https://monitor.statnipokladna.gov.cz/api/ukazatele?ic=00207438&obdobi=2412
2024,,single_school,founder:00226203,00226203,Obec Veselá,obec,1,1,1335000,0,1335000,1,7897761,aggregate_candidate_needs_confirmation,,,,,https://monitor.statnipokladna.gov.cz/api/ukazatele?ic=00226203&obdobi=2412
2024,,single_school,founder:00226211,00226211,Obec Nedašova Lhota,obec,1,1,185000,0,185000,1,2567794,aggregate_candidate_needs_confirmation,,,,,https://monitor.statnipokladna.gov.cz/api/ukazatele?ic=00226211&obdobi=2412
2024,,single_school,founder:00226220,00226220,Obec Návojná,obec,1,1,125000,0,125000,1,2786588,aggregate_candidate_needs_confirmation,,,,,https://monitor.statnipokladna.gov.cz/api/ukazatele?ic=00226220&obdobi=2412
2024,,single_school,founder:00228702,00228702,Obec Čepřovice,obec,1,1,80000,0,80000,1,3286569,aggregate_candidate_needs_confirmation,,,,,https://monitor.statnipokladna.gov.cz/api/ukazatele?ic=00228702&obdobi=2412
2024,,single_school,founder:00228711,00228711,Obec Příkazy,obec,1,1,1600000,0,1600000,1,13190563,aggregate_candidate_needs_confirmation,,,,,https://monitor.statnipokladna.gov.cz/api/ukazatele?ic=00228711&obdobi=2412
2024,,missing_finm_total,founder:00231215,00231215,Městská část Praha - Nebušice,obec,1,0,0,0,0,1,68989847,founder_source_required,,,,,https://monitor.statnipokladna.gov.cz/api/ukazatele?ic=00231215&obdobi=2412
2024,,missing_finm_total,founder:00231266,00231266,Městská část Praha - Ďáblice,obec,1,0,0,0,0,1,66860905,founder_source_required,,,,,https://monitor.statnipokladna.gov.cz/api/ukazatele?ic=00231266&obdobi=2412
2024,,single_school,founder:00231711,00231711,Obec Dolní Kralovice,obec,1,1,2730000,0,2730000,1,31729273,aggregate_candidate_needs_confirmation,,,,,https://monitor.statnipokladna.gov.cz/api/ukazatele?ic=00231711&obdobi=2412
2024,,single_school,founder:00231771,00231771,Obec Heřmaničky,obec,1,1,472385,0,472385,1,3180063,aggregate_candidate_needs_confirmation,,,,,https://monitor.statnipokladna.gov.cz/api/ukazatele?ic=00231771&obdobi=2412
2024,,single_school,founder:00231801,00231801,Obec Hulice,obec,1,1,237400,0,237400,1,2290720,aggregate_candidate_needs_confirmation,,,,,https://monitor.statnipokladna.gov.cz/api/ukazatele?ic=00231801&obdobi=2412
2024,,single_school,founder:00231860,00231860,Obec Chocerady,obec,1,2,2452748,557500,3010248,1,38124657,aggregate_candidate_needs_confirmation,,,,,https://monitor.statnipokladna.gov.cz/api/ukazatele?ic=00231860&obdobi=2412
2024,,single_school,founder:00231886,00231886,Obec Chotýšany,obec,1,1,1200000,0,1200000,1,28887885,aggregate_candidate_needs_confirmation,,,,,https://monitor.statnipokladna.gov.cz/api/ukazatele?ic=00231886&obdobi=2412
2024,,single_school,founder:00231916,00231916,Obec Jankov,obec,1,1,2307000,0,2307000,1,21444210,aggregate_candidate_needs_confirmation,,,,,https://monitor.statnipokladna.gov.cz/api/ukazatele?ic=00231916&obdobi=2412
2024,,single_school,founder:00232068,00232068,Obec Křečovice,obec,1,1,935220,0,935220,1,6993019,aggregate_candidate_needs_confirmation,,,,,https://monitor.statnipokladna.gov.cz/api/ukazatele?ic=00232068&obdobi=2412
2024,,single_school,founder:00232076,00232076,Městys Křivsoudov,obec,1,1,350000,0,350000,1,3981916,aggregate_candidate_needs_confirmation,,,,,https://monitor.statnipokladna.gov.cz/api/ukazatele?ic=00232076&obdobi=2412
2024,,single_school,founder:00232122,00232122,Obec Lešany,obec,1,1,1078000,0,1078000,1,10127585,aggregate_candidate_needs_confirmation,,,,,https://monitor.statnipokladna.gov.cz/api/ukazatele?ic=00232122&obdobi=2412
2024,,single_school,founder:00232173,00232173,Městys Louňovice pod Blaníkem,obec,1,1,3357145,0,3357145,1,22998684,aggregate_candidate_needs_confirmation,,,,,https://monitor.statnipokladna.gov.cz/api/ukazatele?ic=00232173&obdobi=2412
2024,,single_school,founder:00232181,00232181,Městys Maršovice,obec,1,1,800000,0,800000,1,5518435,aggregate_candidate_needs_confirmation,,,,,https://monitor.statnipokladna.gov.cz/api/ukazatele?ic=00232181&obdobi=2412
2024,,single_school,founder:00232238,00232238,Obec Miličín,obec,1,1,1930000,0,1930000,1,18770760,aggregate_candidate_needs_confirmation,,,,,https://monitor.statnipokladna.gov.cz/api/ukazatele?ic=00232238&obdobi=2412
2024,,single_school,founder:00232289,00232289,Městys Načeradec,obec,1,1,5100000,0,5100000,1,21605486,aggregate_candidate_needs_confirmation,,,,,https://monitor.statnipokladna.gov.cz/api/ukazatele?ic=00232289&obdobi=2412
2024,,single_school,founder:00232335,00232335,Obec Nespeky,obec,1,1,950000,0,950000,1,5606931,aggregate_candidate_needs_confirmation,,,,,https://monitor.statnipokladna.gov.cz/api/ukazatele?ic=00232335&obdobi=2412
2024,,single_school,founder:00232416,00232416,Obec Olbramovice,obec,1,1,1820000,0,1820000,1,12896397,aggregate_candidate_needs_confirmation,,,,,https://monitor.statnipokladna.gov.cz/api/ukazatele?ic=00232416&obdobi=2412
2024,,single_school,founder:00232475,00232475,Obec Petroupim,obec,1,1,342500,0,342500,1,4184552,aggregate_candidate_needs_confirmation,,,,,https://monitor.statnipokladna.gov.cz/api/ukazatele?ic=00232475&obdobi=2412
2024,,single_school,founder:00232513,00232513,Obec Poříčí nad Sázavou,obec,1,1,5600000,0,5600000,1,49231044,aggregate_candidate_needs_confirmation,,,,,https://monitor.statnipokladna.gov.cz/api/ukazatele?ic=00232513&obdobi=2412
2024,,single_school,founder:00232521,00232521,Obec Postupice,obec,1,1,2000000,0,2000000,1,20096390,aggregate_candidate_needs_confirmation,,,,,https://monitor.statnipokladna.gov.cz/api/ukazatele?ic=00232521&obdobi=2412
2024,,single_school,founder:00232548,00232548,Obec Pravonín,obec,1,1,300000,0,300000,1,2575595,aggregate_candidate_needs_confirmation,,,,,https://monitor.statnipokladna.gov.cz/api/ukazatele?ic=00232548&obdobi=2412
2024,,single_school,founder:00232564,00232564,Obec Přestavlky u Čerčan,obec,1,1,200000,0,200000,1,2536671,aggregate_candidate_needs_confirmation,,,,,https://monitor.statnipokladna.gov.cz/api/ukazatele?ic=00232564&obdobi=2412
2024,,single_school,founder:00232823,00232823,Obec Teplýšovice,obec,1,1,825000,0,825000,1,13097430,aggregate_candidate_needs_confirmation,,,,,https://monitor.statnipokladna.gov.cz/api/ukazatele?ic=00232823&obdobi=2412
2024,,single_school,founder:00232963,00232963,Město Votice,obec,1,2,9562530,156950,9719480,1,70753600,aggregate_candidate_needs_confirmation,,,,,https://monitor.statnipokladna.gov.cz/api/ukazatele?ic=00232963&obdobi=2412
2024,,single_school,founder:00233005,00233005,Městys Vrchotovy Janovice,obec,1,1,1650000,0,1650000,1,22812808,aggregate_candidate_needs_confirmation,,,,,https://monitor.statnipokladna.gov.cz/api/ukazatele?ic=00233005&obdobi=2412
2024,,single_school,founder:00233072,00233072,Městys Zdislavice,obec,1,1,2224000,0,2224000,1,17986379,aggregate_candidate_needs_confirmation,,,,,https://monitor.statnipokladna.gov.cz/api/ukazatele?ic=00233072&obdobi=2412
2024,,single_school,founder:00233145,00233145,Obec Broumy,obec,1,1,2350000,0,2350000,1,26331655,aggregate_candidate_needs_confirmation,,,,,https://monitor.statnipokladna.gov.cz/api/ukazatele?ic=00233145&obdobi=2412
2024,,single_school,founder:00233153,00233153,Obec Březová,obec,1,1,310000,0,310000,1,2618348,aggregate_candidate_needs_confirmation,,,,,https://monitor.statnipokladna.gov.cz/api/ukazatele?ic=00233153&obdobi=2412
2024,,single_school,founder:00233196,00233196,Městys Cerhovice,obec,1,1,5399000,0,5399000,1,34034033,aggregate_candidate_needs_confirmation,,,,,https://monitor.statnipokladna.gov.cz/api/ukazatele?ic=00233196&obdobi=2412
2024,,missing_finm_total,founder:00233200,00233200,Obec Drahelčice,obec,1,0,0,0,0,0,0,founder_source_required,,,,,https://monitor.statnipokladna.gov.cz/api/ukazatele?ic=00233200&obdobi=2412
2024,,single_school,founder:00233218,00233218,Obec Drozdov,obec,1,1,831687,0,831687,1,8740045,aggregate_candidate_needs_confirmation,,,,,https://monitor.statnipokladna.gov.cz/api/ukazatele?ic=00233218&obdobi=2412
2024,,single_school,founder:00233234,00233234,Obec Hlásná Třebaň,obec,1,1,1000000,0,1000000,1,5656685,aggregate_candidate_needs_confirmation,,,,,https://monitor.statnipokladna.gov.cz/api/ukazatele?ic=00233234&obdobi=2412
2024,,single_school,founder:00233358,00233358,Obec Chyňava,obec,1,2,2320000,248950,2568950,1,19989635,aggregate_candidate_needs_confirmation,,,,,https://monitor.statnipokladna.gov.cz/api/ukazatele?ic=00233358&obdobi=2412
2024,,single_school,founder:00233374,00233374,Městys Karlštejn,obec,1,1,1518000,0,1518000,1,10750323,aggregate_candidate_needs_confirmation,,,,,https://monitor.statnipokladna.gov.cz/api/ukazatele?ic=00233374&obdobi=2412
2024,,single_school,founder:00233439,00233439,Obec Kublov,obec,1,1,500300,0,500300,1,4175903,aggregate_candidate_needs_confirmation,,,,,https://monitor.statnipokladna.gov.cz/api/ukazatele?ic=00233439&obdobi=2412
2024,,single_school,founder:00233528,00233528,Obec Lochovice,obec,1,1,3000000,0,3000000,1,29810173,aggregate_candidate_needs_confirmation,,,,,https://monitor.statnipokladna.gov.cz/api/ukazatele?ic=00233528&obdobi=2412
2024,,single_school,founder:00233587,00233587,Obec Mezouň,obec,1,1,452000,0,452000,1,2845970,aggregate_candidate_needs_confirmation,,,,,https://monitor.statnipokladna.gov.cz/api/ukazatele?ic=00233587&obdobi=2412
2024,,single_school,founder:00233595,00233595,Obec Mořina,obec,1,1,877500,0,877500,1,9892466,aggregate_candidate_needs_confirmation,,,,,https://monitor.statnipokladna.gov.cz/api/ukazatele?ic=00233595&obdobi=2412
2024,,single_school,founder:00233633,00233633,Obec Neumětely,obec,1,1,330000,0,330000,1,5121329,aggregate_candidate_needs_confirmation,,,,,https://monitor.statnipokladna.gov.cz/api/ukazatele?ic=00233633&obdobi=2412
2024,,single_school,founder:00233650,00233650,Obec Nový Jáchymov,obec,1,2,740000,0,740000,1,8449494,aggregate_candidate_needs_confirmation,,,,,https://monitor.statnipokladna.gov.cz/api/ukazatele?ic=00233650&obdobi=2412
2024,,single_school,founder:00233668,00233668,Obec Nučice,obec,1,1,4932403,0,4932403,1,43874217,aggregate_candidate_needs_confirmation,,,,,https://monitor.statnipokladna.gov.cz/api/ukazatele?ic=00233668&obdobi=2412
2024,,single_school,founder:00233676,00233676,Obec Olešná,obec,1,1,664000,0,664000,1,2871911,aggregate_candidate_needs_confirmation,,,,,https://monitor.statnipokladna.gov.cz/api/ukazatele?ic=00233676&obdobi=2412
2024,,single_school,founder:00233684,00233684,Obec Osek,obec,1,1,1550000,0,1550000,1,9219302,aggregate_candidate_needs_confirmation,,,,,https://monitor.statnipokladna.gov.cz/api/ukazatele?ic=00233684&obdobi=2412
2024,,single_school,founder:00233692,00233692,Obec Osov,obec,1,1,1300000,0,1300000,1,15422383,aggregate_candidate_needs_confirmation,,,,,https://monitor.statnipokladna.gov.cz/api/ukazatele?ic=00233692&obdobi=2412
2024,,single_school,founder:00233731,00233731,Obec Podluhy,obec,1,1,500000,0,500000,1,4912203,aggregate_candidate_needs_confirmation,,,,,https://monitor.statnipokladna.gov.cz/api/ukazatele?ic=00233731&obdobi=2412
2024,,single_school,founder:00233803,00233803,Obec Srbsko,obec,1,1,770000,0,770000,1,6946907,aggregate_candidate_needs_confirmation,,,,,https://monitor.statnipokladna.gov.cz/api/ukazatele?ic=00233803&obdobi=2412
2024,,single_school,founder:00233811,00233811,Obec Stašov,obec,1,1,800000,0,800000,1,3449085,aggregate_candidate_needs_confirmation,,,,,https://monitor.statnipokladna.gov.cz/api/ukazatele?ic=00233811&obdobi=2412
2024,,single_school,founder:00233838,00233838,Obec Suchomasty,obec,1,1,1650000,0,1650000,1,13680218,aggregate_candidate_needs_confirmation,,,,,https://monitor.statnipokladna.gov.cz/api/ukazatele?ic=00233838&obdobi=2412
2024,,single_school,founder:00233846,00233846,Obec Svatá,obec,1,1,400000,0,400000,1,3243494,aggregate_candidate_needs_confirmation,,,,,https://monitor.statnipokladna.gov.cz/api/ukazatele?ic=00233846&obdobi=2412
2024,,single_school,founder:00233862,00233862,Obec Svinaře,obec,1,1,700000,0,700000,1,6273226,aggregate_candidate_needs_confirmation,,,,,https://monitor.statnipokladna.gov.cz/api/ukazatele?ic=00233862&obdobi=2412
2024,,single_school,founder:00233871,00233871,Obec Tachlovice,obec,1,1,1920000,0,1920000,1,14069943,aggregate_candidate_needs_confirmation,,,,,https://monitor.statnipokladna.gov.cz/api/ukazatele?ic=00233871&obdobi=2412
2024,,single_school,founder:00233889,00233889,Obec Tetín,obec,1,1,1605000,0,1605000,1,14962398,aggregate_candidate_needs_confirmation,,,,,https://monitor.statnipokladna.gov.cz/api/ukazatele?ic=00233889&obdobi=2412
2024,,single_school,founder:00233897,00233897,Obec Tlustice,obec,1,1,1400000,0,1400000,1,13512976,aggregate_candidate_needs_confirmation,,,,,https://monitor.statnipokladna.gov.cz/api/ukazatele?ic=00233897&obdobi=2412
2024,,single_school,founder:00233901,00233901,Obec Tmaň,obec,1,1,2400000,0,2400000,1,18277041,aggregate_candidate_needs_confirmation,,,,,https://monitor.statnipokladna.gov.cz/api/ukazatele?ic=00233901&obdobi=2412
2024,,single_school,founder:00233951,00233951,Obec Újezd,obec,1,4,1068000,0,1068000,1,8848765,aggregate_candidate_needs_confirmation,,,,,https://monitor.statnipokladna.gov.cz/api/ukazatele?ic=00233951&obdobi=2412
2024,,single_school,founder:00233994,00233994,Obec Vráž,obec,1,1,1391096,0,1391096,1,14357600,aggregate_candidate_needs_confirmation,,,,,https://monitor.statnipokladna.gov.cz/api/ukazatele?ic=00233994&obdobi=2412
2024,,single_school,founder:00234001,00234001,Obec Všeradice,obec,1,1,420000,0,420000,1,3002165,aggregate_candidate_needs_confirmation,,,,,https://monitor.statnipokladna.gov.cz/api/ukazatele?ic=00234001&obdobi=2412
2024,,single_school,founder:00234010,00234010,Obec Vysoký Újezd,obec,1,1,3120000,0,3120000,1,20994427,aggregate_candidate_needs_confirmation,,,,,https://monitor.statnipokladna.gov.cz/api/ukazatele?ic=00234010&obdobi=2412
2024,,single_school,founder:00234028,00234028,Obec Zadní Třebaň,obec,1,1,1000000,0,1000000,1,9874887,aggregate_candidate_needs_confirmation,,,,,https://monitor.statnipokladna.gov.cz/api/ukazatele?ic=00234028&obdobi=2412
2024,,single_school,founder:00234044,00234044,Obec Zaječov,obec,1,1,2430000,0,2430000,1,26393534,aggregate_candidate_needs_confirmation,,,,,https://monitor.statnipokladna.gov.cz/api/ukazatele?ic=00234044&obdobi=2412
2024,,single_school,founder:00234052,00234052,Obec Záluží,obec,1,1,375000,0,375000,1,2657688,aggregate_candidate_needs_confirmation,,,,,https://monitor.statnipokladna.gov.cz/api/ukazatele?ic=00234052&obdobi=2412
2024,,single_school,founder:00234168,00234168,Obec Brandýsek,obec,1,1,3263000,0,3263000,1,44165872,aggregate_candidate_needs_confirmation,,,,,https://monitor.statnipokladna.gov.cz/api/ukazatele?ic=00234168&obdobi=2412
2024,,single_school,founder:00234176,00234176,Obec Braškov,obec,1,1,428849,0,428849,1,6357504,aggregate_candidate_needs_confirmation,,,,,https://monitor.statnipokladna.gov.cz/api/ukazatele?ic=00234176&obdobi=2412
2024,,single_school,founder:00234192,00234192,Obec Bratronice,obec,1,1,1320000,0,1320000,1,12882154,aggregate_candidate_needs_confirmation,,,,,https://monitor.statnipokladna.gov.cz/api/ukazatele?ic=00234192&obdobi=2412
2024,,single_school,founder:00234231,00234231,Obec Cvrčovice,obec,1,1,400000,0,400000,1,2892238,aggregate_candidate_needs_confirmation,,,,,https://monitor.statnipokladna.gov.cz/api/ukazatele?ic=00234231&obdobi=2412
2024,,single_school,founder:00234265,00234265,Obec Červený Újezd,obec,1,1,1243740,0,1243740,1,5712040,aggregate_candidate_needs_confirmation,,,,,https://monitor.statnipokladna.gov.cz/api/ukazatele?ic=00234265&obdobi=2412
2024,,single_school,founder:00234273,00234273,Obec Doksy,obec,1,1,1700000,0,1700000,1,18241725,aggregate_candidate_needs_confirmation,,,,,https://monitor.statnipokladna.gov.cz/api/ukazatele?ic=00234273&obdobi=2412
2024,,single_school,founder:00234320,00234320,Obec Družec,obec,1,1,900000,0,900000,1,14162809,aggregate_candidate_needs_confirmation,,,,,https://monitor.statnipokladna.gov.cz/api/ukazatele?ic=00234320&obdobi=2412
2024,,single_school,founder:00234346,00234346,Obec Dřínov,obec,1,1,380000,0,380000,1,4694560,aggregate_candidate_needs_confirmation,,,,,https://monitor.statnipokladna.gov.cz/api/ukazatele?ic=00234346&obdobi=2412
2024,,single_school,founder:00234389,00234389,Obec Hospozín,obec,1,1,822625,0,822625,1,5341985,aggregate_candidate_needs_confirmation,,,,,https://monitor.statnipokladna.gov.cz/api/ukazatele?ic=00234389&obdobi=2412
2024,,single_school,founder:00234397,00234397,Obec Hostouň,obec,1,2,2140000,0,2140000,1,10387864,aggregate_candidate_needs_confirmation,,,,,https://monitor.statnipokladna.gov.cz/api/ukazatele?ic=00234397&obdobi=2412
2024,,single_school,founder:00234419,00234419,Obec Hrdlív,obec,1,1,600000,0,600000,1,4659744,aggregate_candidate_needs_confirmation,,,,,https://monitor.statnipokladna.gov.cz/api/ukazatele?ic=00234419&obdobi=2412
2024,,single_school,founder:00234460,00234460,Obec Jedomělice,obec,1,1,358000,0,358000,1,4412585,aggregate_candidate_needs_confirmation,,,,,https://monitor.statnipokladna.gov.cz/api/ukazatele?ic=00234460&obdobi=2412
2024,,single_school,founder:00234494,00234494,Obec Kačice,obec,1,1,2000000,0,2000000,1,12598719,aggregate_candidate_needs_confirmation,,,,,https://monitor.statnipokladna.gov.cz/api/ukazatele?ic=00234494&obdobi=2412
2024,,single_school,founder:00234524,00234524,Obec Klobuky,obec,1,2,2550000,354351,2904351,1,31972993,aggregate_candidate_needs_confirmation,,,,,https://monitor.statnipokladna.gov.cz/api/ukazatele?ic=00234524&obdobi=2412
2024,,single_school,founder:00234532,00234532,Obec Kmetiněves,obec,1,2,1094000,0,1094000,1,8433540,aggregate_candidate_needs_confirmation,,,,,https://monitor.statnipokladna.gov.cz/api/ukazatele?ic=00234532&obdobi=2412
2024,,single_school,founder:00234541,00234541,Obec Knovíz,obec,1,1,650000,0,650000,1,4204875,aggregate_candidate_needs_confirmation,,,,,https://monitor.statnipokladna.gov.cz/api/ukazatele?ic=00234541&obdobi=2412
2024,,single_school,founder:00234575,00234575,Obec Kvílice,obec,1,2,1737375,52284,1789659,1,19987900,aggregate_candidate_needs_confirmation,,,,,https://monitor.statnipokladna.gov.cz/api/ukazatele?ic=00234575&obdobi=2412
2024,,single_school,founder:00234648,00234648,Obec Lidice,obec,1,1,367000,0,367000,1,4207878,aggregate_candidate_needs_confirmation,,,,,https://monitor.statnipokladna.gov.cz/api/ukazatele?ic=00234648&obdobi=2412
2024,,single_school,founder:00234737,00234737,Obec Olovnice,obec,1,1,325000,0,325000,1,3070329,aggregate_candidate_needs_confirmation,,,,,https://monitor.statnipokladna.gov.cz/api/ukazatele?ic=00234737&obdobi=2412
2024,,single_school,founder:00234826,00234826,Obec Pozdeň,obec,1,1,700000,0,700000,1,3311337,aggregate_candidate_needs_confirmation,,,,,https://monitor.statnipokladna.gov.cz/api/ukazatele?ic=00234826&obdobi=2412
2024,,single_school,founder:00234842,00234842,Obec Ptice,obec,1,1,770000,0,770000,1,4022353,aggregate_candidate_needs_confirmation,,,,,https://monitor.statnipokladna.gov.cz/api/ukazatele?ic=00234842&obdobi=2412
2024,,single_school,founder:00234851,00234851,Obec Řisuty,obec,1,1,382000,0,382000,1,4109057,aggregate_candidate_needs_confirmation,,,,,https://monitor.statnipokladna.gov.cz/api/ukazatele?ic=00234851&obdobi=2412
2024,,single_school,founder:00234915,00234915,Obec Stehelčeves,obec,1,1,1892780,0,1892780,1,19470053,aggregate_candidate_needs_confirmation,,,,,https://monitor.statnipokladna.gov.cz/api/ukazatele?ic=00234915&obdobi=2412
2024,,single_school,founder:00234923,00234923,Město Stochov,obec,1,1,9242463,0,9242463,1,70040688,aggregate_candidate_needs_confirmation,,,,,https://monitor.statnipokladna.gov.cz/api/ukazatele?ic=00234923&obdobi=2412
2024,,single_school,founder:00235024,00235024,Obec Třebíz,obec,1,1,140000,0,140000,1,2770904,aggregate_candidate_needs_confirmation,,,,,https://monitor.statnipokladna.gov.cz/api/ukazatele?ic=00235024&obdobi=2412
2024,,single_school,founder:00235032,00235032,Obec Třebusice,obec,1,1,400000,0,400000,1,3747617,aggregate_candidate_needs_confirmation,,,,,https://monitor.statnipokladna.gov.cz/api/ukazatele?ic=00235032&obdobi=2412
2024,,single_school,founder:00235059,00235059,Obec Úhonice,obec,1,2,2250598,82000,2332598,1,19455433,aggregate_candidate_needs_confirmation,,,,,https://monitor.statnipokladna.gov.cz/api/ukazatele?ic=00235059&obdobi=2412
2024,,single_school,founder:00235067,00235067,Obec Uhy,obec,1,1,618955,0,618955,1,2588424,aggregate_candidate_needs_confirmation,,,,,https://monitor.statnipokladna.gov.cz/api/ukazatele?ic=00235067&obdobi=2412
2024,,single_school,founder:00235113,00235113,Obec Vinařice,obec,1,1,3000000,0,3000000,1,31643555,aggregate_candidate_needs_confirmation,,,,,https://monitor.statnipokladna.gov.cz/api/ukazatele?ic=00235113&obdobi=2412
2024,,single_school,founder:00235156,00235156,Obec Zákolany,obec,1,1,1500000,0,1500000,1,17432071,aggregate_candidate_needs_confirmation,,,,,https://monitor.statnipokladna.gov.cz/api/ukazatele?ic=00235156&obdobi=2412
2024,,single_school,founder:00235211,00235211,Obec Žižice,obec,1,1,400000,0,400000,1,4231959,aggregate_candidate_needs_confirmation,,,,,https://monitor.statnipokladna.gov.cz/api/ukazatele?ic=00235211&obdobi=2412
2024,,single_school,founder:00235245,00235245,Obec Bečváry,obec,1,1,1420000,0,1420000,1,12552538,aggregate_candidate_needs_confirmation,,,,,https://monitor.statnipokladna.gov.cz/api/ukazatele?ic=00235245&obdobi=2412
2024,,single_school,founder:00235288,00235288,Obec Břežany II,obec,1,1,850000,0,850000,1,5632507,aggregate_candidate_needs_confirmation,,,,,https://monitor.statnipokladna.gov.cz/api/ukazatele?ic=00235288&obdobi=2412
2024,,single_school,founder:00235296,00235296,Obec Býchory,obec,1,1,2075781,0,2075781,1,23882772,aggregate_candidate_needs_confirmation,,,,,https://monitor.statnipokladna.gov.cz/api/ukazatele?ic=00235296&obdobi=2412
2024,,single_school,founder:00235326,00235326,Městys Červené Pečky,obec,1,2,3347412,542236,3889648,1,31145218,aggregate_candidate_needs_confirmation,,,,,https://monitor.statnipokladna.gov.cz/api/ukazatele?ic=00235326&obdobi=2412
2024,,single_school,founder:00235342,00235342,Obec Dobřichov,obec,1,1,435000,0,435000,1,2934532,aggregate_candidate_needs_confirmation,,,,,https://monitor.statnipokladna.gov.cz/api/ukazatele?ic=00235342&obdobi=2412
2024,,single_school,founder:00235351,00235351,Obec Dolní Chvatliny,obec,1,1,350000,0,350000,1,2680995,aggregate_candidate_needs_confirmation,,,,,https://monitor.statnipokladna.gov.cz/api/ukazatele?ic=00235351&obdobi=2412
2024,,single_school,founder:00235369,00235369,Obec Doubravčice,obec,1,1,805284,0,805284,1,7583453,aggregate_candidate_needs_confirmation,,,,,https://monitor.statnipokladna.gov.cz/api/ukazatele?ic=00235369&obdobi=2412
2024,,single_school,founder:00235415,00235415,Obec Jestřabí Lhota,obec,1,1,420000,0,420000,1,4892989,aggregate_candidate_needs_confirmation,,,,,https://monitor.statnipokladna.gov.cz/api/ukazatele?ic=00235415&obdobi=2412
2024,,single_school,founder:00235423,00235423,Obec Jevany,obec,1,1,1430000,0,1430000,1,7104560,aggregate_candidate_needs_confirmation,,,,,https://monitor.statnipokladna.gov.cz/api/ukazatele?ic=00235423&obdobi=2412
2024,,single_school,founder:00235431,00235431,Obec Klučov,obec,1,1,500000,0,500000,1,4667714,aggregate_candidate_needs_confirmation,,,,,https://monitor.statnipokladna.gov.cz/api/ukazatele?ic=00235431&obdobi=2412
2024,,single_school,founder:00235458,00235458,Obec Konárovice,obec,1,1,650000,0,650000,1,5694251,aggregate_candidate_needs_confirmation,,,,,https://monitor.statnipokladna.gov.cz/api/ukazatele?ic=00235458&obdobi=2412
2024,,single_school,founder:00235491,00235491,Obec Kozojedy,obec,1,1,780000,0,780000,1,5539042,aggregate_candidate_needs_confirmation,,,,,https://monitor.statnipokladna.gov.cz/api/ukazatele?ic=00235491&obdobi=2412
2024,,single_school,founder:00235504,00235504,Obec Krakovany,obec,1,2,1825000,250000,2075000,1,16526377,aggregate_candidate_needs_confirmation,,,,,https://monitor.statnipokladna.gov.cz/api/ukazatele?ic=00235504&obdobi=2412
2024,,single_school,founder:00235521,00235521,Obec Křečhoř,obec,1,1,692325,0,692325,1,5163751,aggregate_candidate_needs_confirmation,,,,,https://monitor.statnipokladna.gov.cz/api/ukazatele?ic=00235521&obdobi=2412
2024,,single_school,founder:00235580,00235580,Obec Nová Ves I,obec,1,1,582000,0,582000,1,7386685,aggregate_candidate_needs_confirmation,,,,,https://monitor.statnipokladna.gov.cz/api/ukazatele?ic=00235580&obdobi=2412
2024,,single_school,founder:00235598,00235598,Obec Nučice,obec,1,1,664308,0,664308,1,4737242,aggregate_candidate_needs_confirmation,,,,,https://monitor.statnipokladna.gov.cz/api/ukazatele?ic=00235598&obdobi=2412
2024,,single_school,founder:00235601,00235601,Obec Ohaře,obec,1,1,450000,0,450000,1,4202218,aggregate_candidate_needs_confirmation,,,,,https://monitor.statnipokladna.gov.cz/api/ukazatele?ic=00235601&obdobi=2412
2024,,single_school,founder:00235610,00235610,Obec Oleška,obec,1,1,480852,0,480852,1,4421180,aggregate_candidate_needs_confirmation,,,,,https://monitor.statnipokladna.gov.cz/api/ukazatele?ic=00235610&obdobi=2412
2024,,single_school,founder:00235628,00235628,Obec Ovčáry,obec,1,1,1300000,0,1300000,1,8147945,aggregate_candidate_needs_confirmation,,,,,https://monitor.statnipokladna.gov.cz/api/ukazatele?ic=00235628&obdobi=2412
2024,,single_school,founder:00235652,00235652,Obec Přišimasy,obec,1,1,663000,0,663000,1,4807058,aggregate_candidate_needs_confirmation,,,,,https://monitor.statnipokladna.gov.cz/api/ukazatele?ic=00235652&obdobi=2412
2024,,single_school,founder:00235661,00235661,Obec Radim,obec,1,1,3000000,0,3000000,1,18570195,aggregate_candidate_needs_confirmation,,,,,https://monitor.statnipokladna.gov.cz/api/ukazatele?ic=00235661&obdobi=2412
2024,,single_school,founder:00235687,00235687,Obec Radovesnice,obec,1,1,366500,0,366500,1,3578020,aggregate_candidate_needs_confirmation,,,,,https://monitor.statnipokladna.gov.cz/api/ukazatele?ic=00235687&obdobi=2412
2024,,single_school,founder:00235695,00235695,Obec Ratboř,obec,1,1,450000,0,450000,1,4634720,aggregate_candidate_needs_confirmation,,,,,https://monitor.statnipokladna.gov.cz/api/ukazatele?ic=00235695&obdobi=2412
2024,,single_school,founder:00235741,00235741,Obec Starý Kolín,obec,1,1,3200000,0,3200000,1,35608923,aggregate_candidate_needs_confirmation,,,,,https://monitor.statnipokladna.gov.cz/api/ukazatele?ic=00235741&obdobi=2412
2024,,single_school,founder:00235768,00235768,Obec Svojšice,obec,1,1,860000,0,860000,1,3781709,aggregate_candidate_needs_confirmation,,,,,https://monitor.statnipokladna.gov.cz/api/ukazatele?ic=00235768&obdobi=2412
2024,,single_school,founder:00235776,00235776,Obec Tismice,obec,1,1,742252,0,742252,1,5728512,aggregate_candidate_needs_confirmation,,,,,https://monitor.statnipokladna.gov.cz/api/ukazatele?ic=00235776&obdobi=2412
2024,,single_school,founder:00235792,00235792,Obec Třebovle,obec,1,1,500000,0,500000,1,2562199,aggregate_candidate_needs_confirmation,,,,,https://monitor.statnipokladna.gov.cz/api/ukazatele?ic=00235792&obdobi=2412
2024,,single_school,founder:00235806,00235806,Obec Tři Dvory,obec,1,1,750000,0,750000,1,5079023,aggregate_candidate_needs_confirmation,,,,,https://monitor.statnipokladna.gov.cz/api/ukazatele?ic=00235806&obdobi=2412
2024,,single_school,founder:00235814,00235814,Obec Tuchoraz,obec,1,1,650000,0,650000,1,5111326,aggregate_candidate_needs_confirmation,,,,,https://monitor.statnipokladna.gov.cz/api/ukazatele?ic=00235814&obdobi=2412
2024,,single_school,founder:00235890,00235890,Obec Vitice,obec,1,1,800000,0,800000,1,7600203,aggregate_candidate_needs_confirmation,,,,,https://monitor.statnipokladna.gov.cz/api/ukazatele?ic=00235890&obdobi=2412
2024,,missing_finm_total,founder:00235938,00235938,Obec Vyžlovka,obec,1,0,0,0,0,0,0,founder_source_required,,,,,https://monitor.statnipokladna.gov.cz/api/ukazatele?ic=00235938&obdobi=2412
2024,,single_school,founder:00235997,00235997,Městys Bílé Podolí,obec,1,1,800000,0,800000,1,6750270,aggregate_candidate_needs_confirmation,,,,,https://monitor.statnipokladna.gov.cz/api/ukazatele?ic=00235997&obdobi=2412
2024,,single_school,founder:00236047,00236047,Obec Červené Janovice,obec,1,1,1644000,0,1644000,1,9689493,aggregate_candidate_needs_confirmation,,,,,https://monitor.statnipokladna.gov.cz/api/ukazatele?ic=00236047&obdobi=2412
2024,,single_school,founder:00236110,00236110,obec Chlístovice,obec,1,1,460000,0,460000,1,2551478,aggregate_candidate_needs_confirmation,,,,,https://monitor.statnipokladna.gov.cz/api/ukazatele?ic=00236110&obdobi=2412
2024,,single_school,founder:00236128,00236128,Obec Chotusice,obec,1,2,1578127,71873,1650000,1,9201065,aggregate_candidate_needs_confirmation,,,,,https://monitor.statnipokladna.gov.cz/api/ukazatele?ic=00236128&obdobi=2412
2024,,single_school,founder:00236144,00236144,Městys Kácov,obec,1,1,1914800,0,1914800,1,19728273,aggregate_candidate_needs_confirmation,,,,,https://monitor.statnipokladna.gov.cz/api/ukazatele?ic=00236144&obdobi=2412
2024,,single_school,founder:00236152,00236152,obec Kluky,obec,1,1,150000,0,150000,1,2381076,aggregate_candidate_needs_confirmation,,,,,https://monitor.statnipokladna.gov.cz/api/ukazatele?ic=00236152&obdobi=2412
2024,,single_school,founder:00236179,00236179,Obec Krchleby,obec,1,1,895269,0,895269,1,6839998,aggregate_candidate_needs_confirmation,,,,,https://monitor.statnipokladna.gov.cz/api/ukazatele?ic=00236179&obdobi=2412
2024,,single_school,founder:00236187,00236187,Obec Křesetice,obec,1,1,1000547,0,1000547,1,8767798,aggregate_candidate_needs_confirmation,,,,,https://monitor.statnipokladna.gov.cz/api/ukazatele?ic=00236187&obdobi=2412
2024,,single_school,founder:00236217,00236217,Městys Malešov,obec,1,1,2500000,0,2500000,1,25518465,aggregate_candidate_needs_confirmation,,,,,https://monitor.statnipokladna.gov.cz/api/ukazatele?ic=00236217&obdobi=2412
2024,,single_school,founder:00236225,00236225,Obec Svatý Mikuláš,obec,1,1,350000,0,350000,1,2469439,aggregate_candidate_needs_confirmation,,,,,https://monitor.statnipokladna.gov.cz/api/ukazatele?ic=00236225&obdobi=2412
2024,,single_school,founder:00236233,00236233,obec Miskovice,obec,1,1,841154,0,841154,1,6593636,aggregate_candidate_needs_confirmation,,,,,https://monitor.statnipokladna.gov.cz/api/ukazatele?ic=00236233&obdobi=2412
2024,,single_school,founder:00236250,00236250,Obec Nepoměřice,obec,1,1,440000,0,440000,1,2738727,aggregate_candidate_needs_confirmation,,,,,https://monitor.statnipokladna.gov.cz/api/ukazatele?ic=00236250&obdobi=2412
2024,,single_school,founder:00236276,00236276,Městys Nové Dvory,obec,1,1,4035000,0,4035000,1,29635472,aggregate_candidate_needs_confirmation,,,,,https://monitor.statnipokladna.gov.cz/api/ukazatele?ic=00236276&obdobi=2412
2024,,single_school,founder:00236365,00236365,Obec Potěhy,obec,1,1,3520000,0,3520000,1,28059014,aggregate_candidate_needs_confirmation,,,,,https://monitor.statnipokladna.gov.cz/api/ukazatele?ic=00236365&obdobi=2412
2024,,single_school,founder:00236373,00236373,Obec Rašovice,obec,1,1,490000,0,490000,1,2770539,aggregate_candidate_needs_confirmation,,,,,https://monitor.statnipokladna.gov.cz/api/ukazatele?ic=00236373&obdobi=2412
2024,,single_school,founder:00236381,00236381,Městys Rataje nad Sázavou,obec,1,1,430000,0,430000,1,2498339,aggregate_candidate_needs_confirmation,,,,,https://monitor.statnipokladna.gov.cz/api/ukazatele?ic=00236381&obdobi=2412
2024,,single_school,founder:00236411,00236411,Město Sázava,obec,1,3,7900000,1300000,9200000,1,54151555,aggregate_candidate_needs_confirmation,,,,,https://monitor.statnipokladna.gov.cz/api/ukazatele?ic=00236411&obdobi=2412
2024,,single_school,founder:00236462,00236462,Městys Suchdol,obec,1,1,2500000,0,2500000,1,21712893,aggregate_candidate_needs_confirmation,,,,,https://monitor.statnipokladna.gov.cz/api/ukazatele?ic=00236462&obdobi=2412
2024,,single_school,founder:00236519,00236519,obec Tupadly,obec,1,1,450000,0,450000,1,4536685,aggregate_candidate_needs_confirmation,,,,,https://monitor.statnipokladna.gov.cz/api/ukazatele?ic=00236519&obdobi=2412
2024,,single_school,founder:00236543,00236543,Obec Úžice,obec,1,1,300000,0,300000,1,2931950,aggregate_candidate_needs_confirmation,,,,,https://monitor.statnipokladna.gov.cz/api/ukazatele?ic=00236543&obdobi=2412
2024,,single_school,founder:00236551,00236551,Obec Vavřinec,obec,1,1,250000,0,250000,1,4179374,aggregate_candidate_needs_confirmation,,,,,https://monitor.statnipokladna.gov.cz/api/ukazatele?ic=00236551&obdobi=2412
2024,,single_school,founder:00236594,00236594,Obec Vlastějovice,obec,1,2,759000,0,759000,1,4938212,aggregate_candidate_needs_confirmation,,,,,https://monitor.statnipokladna.gov.cz/api/ukazatele?ic=00236594&obdobi=2412
2024,,single_school,founder:00236608,00236608,Obec Vlkaneč,obec,1,1,700000,0,700000,1,6836127,aggregate_candidate_needs_confirmation,,,,,https://monitor.statnipokladna.gov.cz/api/ukazatele?ic=00236608&obdobi=2412
2024,,single_school,founder:00236659,00236659,Obec Zbýšov,obec,1,1,1200000,0,1200000,1,9512276,aggregate_candidate_needs_confirmation,,,,,https://monitor.statnipokladna.gov.cz/api/ukazatele?ic=00236659&obdobi=2412
2024,,single_school,founder:00236675,00236675,Obec Žáky,obec,1,1,300000,0,300000,1,2639196,aggregate_candidate_needs_confirmation,,,,,https://monitor.statnipokladna.gov.cz/api/ukazatele?ic=00236675&obdobi=2412
2024,,single_school,founder:00236691,00236691,Obec Žleby,obec,1,1,2750000,0,2750000,1,20394431,aggregate_candidate_needs_confirmation,,,,,https://monitor.statnipokladna.gov.cz/api/ukazatele?ic=00236691&obdobi=2412
2024,,missing_finm_total,founder:00236713,00236713,Obec Borek,obec,1,0,0,0,0,0,0,founder_source_required,,,,,https://monitor.statnipokladna.gov.cz/api/ukazatele?ic=00236713&obdobi=2412
2024,,single_school,founder:00236748,00236748,Obec Býkev,obec,1,1,960000,0,960000,1,1563574,aggregate_candidate_needs_confirmation,,,,,https://monitor.statnipokladna.gov.cz/api/ukazatele?ic=00236748&obdobi=2412
2024,,single_school,founder:00236756,00236756,Obec Byšice,obec,1,1,5200000,0,5200000,1,43833189,aggregate_candidate_needs_confirmation,,,,,https://monitor.statnipokladna.gov.cz/api/ukazatele?ic=00236756&obdobi=2412
2024,,single_school,founder:00236764,00236764,Obec Cítov,obec,1,1,1800000,0,1800000,1,12489748,aggregate_candidate_needs_confirmation,,,,,https://monitor.statnipokladna.gov.cz/api/ukazatele?ic=00236764&obdobi=2412
2024,,single_school,founder:00236772,00236772,Obec Čečelice,obec,1,1,800000,0,800000,1,8497911,aggregate_candidate_needs_confirmation,,,,,https://monitor.statnipokladna.gov.cz/api/ukazatele?ic=00236772&obdobi=2412
2024,,single_school,founder:00236799,00236799,Obec Dolní Beřkovice,obec,1,1,5800000,0,5800000,1,33460402,aggregate_candidate_needs_confirmation,,,,,https://monitor.statnipokladna.gov.cz/api/ukazatele?ic=00236799&obdobi=2412
2024,,single_school,founder:00236811,00236811,Obec Dřísy,obec,1,1,2568444,0,2568444,1,18032908,aggregate_candidate_needs_confirmation,,,,,https://monitor.statnipokladna.gov.cz/api/ukazatele?ic=00236811&obdobi=2412
2024,,single_school,founder:00236829,00236829,Obec Horní Počaply,obec,1,1,2360000,0,2360000,1,11902450,aggregate_candidate_needs_confirmation,,,,,https://monitor.statnipokladna.gov.cz/api/ukazatele?ic=00236829&obdobi=2412
2024,,single_school,founder:00236853,00236853,Obec Chlumín,obec,1,1,1780000,0,1780000,1,12153353,aggregate_candidate_needs_confirmation,,,,,https://monitor.statnipokladna.gov.cz/api/ukazatele?ic=00236853&obdobi=2412
2024,,single_school,founder:00236861,00236861,Obec Chorušice,obec,1,1,730000,0,730000,1,5285965,aggregate_candidate_needs_confirmation,,,,,https://monitor.statnipokladna.gov.cz/api/ukazatele?ic=00236861&obdobi=2412
2024,,single_school,founder:00236870,00236870,Obec Chvatěruby,obec,1,2,2100000,0,2100000,1,14498822,aggregate_candidate_needs_confirmation,,,,,https://monitor.statnipokladna.gov.cz/api/ukazatele?ic=00236870&obdobi=2412
2024,,single_school,founder:00236993,00236993,Obec Ledčice,obec,1,1,1445000,0,1445000,1,14893282,aggregate_candidate_needs_confirmation,,,,,https://monitor.statnipokladna.gov.cz/api/ukazatele?ic=00236993&obdobi=2412
2024,,single_school,founder:00237019,00237019,Město Liběchov,obec,1,1,2982334,0,2982334,1,23279254,aggregate_candidate_needs_confirmation,,,,,https://monitor.statnipokladna.gov.cz/api/ukazatele?ic=00237019&obdobi=2412
2024,,single_school,founder:00237043,00237043,Obec Malý Újezd,obec,1,1,1400000,0,1400000,1,14950921,aggregate_candidate_needs_confirmation,,,,,https://monitor.statnipokladna.gov.cz/api/ukazatele?ic=00237043&obdobi=2412
2024,,single_school,founder:00237060,00237060,Obec Mělnické Vtelno,obec,1,1,900000,0,900000,1,11524160,aggregate_candidate_needs_confirmation,,,,,https://monitor.statnipokladna.gov.cz/api/ukazatele?ic=00237060&obdobi=2412
2024,,single_school,founder:00237086,00237086,Obec Nebužely,obec,1,1,1295000,0,1295000,1,8999144,aggregate_candidate_needs_confirmation,,,,,https://monitor.statnipokladna.gov.cz/api/ukazatele?ic=00237086&obdobi=2412
2024,,single_school,founder:00237132,00237132,Obec Nová Ves,obec,1,1,888624,0,888624,1,3374052,aggregate_candidate_needs_confirmation,,,,,https://monitor.statnipokladna.gov.cz/api/ukazatele?ic=00237132&obdobi=2412
2024,,single_school,founder:00237175,00237175,Obec Řepín,obec,1,1,1771000,0,1771000,1,11293314,aggregate_candidate_needs_confirmation,,,,,https://monitor.statnipokladna.gov.cz/api/ukazatele?ic=00237175&obdobi=2412
2024,,single_school,founder:00237256,00237256,Obec Úžice,obec,1,1,1742000,0,1742000,1,12945649,aggregate_candidate_needs_confirmation,,,,,https://monitor.statnipokladna.gov.cz/api/ukazatele?ic=00237256&obdobi=2412
2024,,single_school,founder:00237299,00237299,Obec Vojkovice,obec,1,1,350000,0,350000,1,4412121,aggregate_candidate_needs_confirmation,,,,,https://monitor.statnipokladna.gov.cz/api/ukazatele?ic=00237299&obdobi=2412
2024,,single_school,founder:00237311,00237311,Obec Všestudy,obec,1,1,340000,0,340000,1,2437220,aggregate_candidate_needs_confirmation,,,,,https://monitor.statnipokladna.gov.cz/api/ukazatele?ic=00237311&obdobi=2412
2024,,single_school,founder:00237329,00237329,Městys Všetaty,obec,1,1,4212000,0,4212000,1,46079773,aggregate_candidate_needs_confirmation,,,,,https://monitor.statnipokladna.gov.cz/api/ukazatele?ic=00237329&obdobi=2412
2024,,single_school,founder:00237337,00237337,Obec Vysoká,obec,1,1,2600000,0,2600000,1,21740711,aggregate_candidate_needs_confirmation,,,,,https://monitor.statnipokladna.gov.cz/api/ukazatele?ic=00237337&obdobi=2412
2024,,single_school,founder:00237388,00237388,Obec Zlosyň,obec,1,1,610000,0,610000,1,3279078,aggregate_candidate_needs_confirmation,,,,,https://monitor.statnipokladna.gov.cz/api/ukazatele?ic=00237388&obdobi=2412
2024,,single_school,founder:00237396,00237396,Obec Želízy,obec,1,1,1303000,0,1303000,1,8133122,aggregate_candidate_needs_confirmation,,,,,https://monitor.statnipokladna.gov.cz/api/ukazatele?ic=00237396&obdobi=2412
2024,,single_school,founder:00237469,00237469,Městys Bezno,obec,1,2,4311417,108187,4419604,1,39848574,aggregate_candidate_needs_confirmation,,,,,https://monitor.statnipokladna.gov.cz/api/ukazatele?ic=00237469&obdobi=2412
2024,,single_school,founder:00237540,00237540,Městys Brodce,obec,1,1,4010000,0,4010000,1,37361284,aggregate_candidate_needs_confirmation,,,,,https://monitor.statnipokladna.gov.cz/api/ukazatele?ic=00237540&obdobi=2412
2024,,single_school,founder:00237574,00237574,Městys Březno,obec,1,1,4546900,0,4546900,1,38521244,aggregate_candidate_needs_confirmation,,,,,https://monitor.statnipokladna.gov.cz/api/ukazatele?ic=00237574&obdobi=2412
2024,,single_school,founder:00237591,00237591,Obec Bukovno,obec,1,1,326344,0,326344,1,3090594,aggregate_candidate_needs_confirmation,,,,,https://monitor.statnipokladna.gov.cz/api/ukazatele?ic=00237591&obdobi=2412
2024,,single_school,founder:00237612,00237612,Obec Čachovice,obec,1,1,4500000,0,4500000,1,26443836,aggregate_candidate_needs_confirmation,,,,,https://monitor.statnipokladna.gov.cz/api/ukazatele?ic=00237612&obdobi=2412
2024,,single_school,founder:00237621,00237621,Obec Čistá,obec,1,1,850000,0,850000,1,8206209,aggregate_candidate_needs_confirmation,,,,,https://monitor.statnipokladna.gov.cz/api/ukazatele?ic=00237621&obdobi=2412
2024,,single_school,founder:00237663,00237663,Město Dobrovice,obec,1,1,7858500,0,7858500,1,56856398,aggregate_candidate_needs_confirmation,,,,,https://monitor.statnipokladna.gov.cz/api/ukazatele?ic=00237663&obdobi=2412
2024,,single_school,founder:00237680,00237680,Město Dolní Bousov,obec,1,1,4867000,0,4867000,1,53988815,aggregate_candidate_needs_confirmation,,,,,https://monitor.statnipokladna.gov.cz/api/ukazatele?ic=00237680&obdobi=2412
2024,,single_school,founder:00237698,00237698,Obec Dolní Krupá,obec,1,1,1213800,0,1213800,1,3956661,aggregate_candidate_needs_confirmation,,,,,https://monitor.statnipokladna.gov.cz/api/ukazatele?ic=00237698&obdobi=2412
2024,,single_school,founder:00237701,00237701,Obec Dolní Slivno,obec,1,2,2475000,0,2475000,1,20574151,aggregate_candidate_needs_confirmation,,,,,https://monitor.statnipokladna.gov.cz/api/ukazatele?ic=00237701&obdobi=2412
2024,,single_school,founder:00237841,00237841,Obec Hrdlořezy,obec,1,1,432000,0,432000,1,2974748,aggregate_candidate_needs_confirmation,,,,,https://monitor.statnipokladna.gov.cz/api/ukazatele?ic=00237841&obdobi=2412
2024,,single_school,founder:00237957,00237957,Obec Jivina,obec,1,2,850000,0,850000,1,13835441,aggregate_candidate_needs_confirmation,,,,,https://monitor.statnipokladna.gov.cz/api/ukazatele?ic=00237957&obdobi=2412
2024,,single_school,founder:00238007,00238007,Obec Klášter Hradiště nad Jizerou,obec,1,1,1634500,0,1634500,1,12704858,aggregate_candidate_needs_confirmation,,,,,https://monitor.statnipokladna.gov.cz/api/ukazatele?ic=00238007&obdobi=2412
2024,,single_school,founder:00238023,00238023,Obec Kněžmost,obec,1,1,5460000,0,5460000,1,39890936,aggregate_candidate_needs_confirmation,,,,,https://monitor.statnipokladna.gov.cz/api/ukazatele?ic=00238023&obdobi=2412
2024,,single_school,founder:00238040,00238040,Obec Kochánky,obec,1,1,640000,0,640000,1,3444469,aggregate_candidate_needs_confirmation,,,,,https://monitor.statnipokladna.gov.cz/api/ukazatele?ic=00238040&obdobi=2412
2024,,single_school,founder:00238104,00238104,Obec Kosořice,obec,1,1,420000,0,420000,1,3376825,aggregate_candidate_needs_confirmation,,,,,https://monitor.statnipokladna.gov.cz/api/ukazatele?ic=00238104&obdobi=2412
2024,,single_school,founder:00238112,00238112,Obec Kostelní Hlavno,obec,1,1,1000000,0,1000000,1,12619170,aggregate_candidate_needs_confirmation,,,,,https://monitor.statnipokladna.gov.cz/api/ukazatele?ic=00238112&obdobi=2412
2024,,single_school,founder:00238155,00238155,Obec Krnsko,obec,1,1,900000,0,900000,1,12761194,aggregate_candidate_needs_confirmation,,,,,https://monitor.statnipokladna.gov.cz/api/ukazatele?ic=00238155&obdobi=2412
2024,,single_school,founder:00238163,00238163,Obec Kropáčova Vrutice,obec,1,1,500000,0,500000,1,5000219,aggregate_candidate_needs_confirmation,,,,,https://monitor.statnipokladna.gov.cz/api/ukazatele?ic=00238163&obdobi=2412
2024,,single_school,founder:00238180,00238180,Obec Ledce,obec,1,1,305000,0,305000,1,2882788,aggregate_candidate_needs_confirmation,,,,,https://monitor.statnipokladna.gov.cz/api/ukazatele?ic=00238180&obdobi=2412
2024,,single_school,founder:00238244,00238244,Obec Loukovec,obec,1,1,1000000,0,1000000,1,7110328,aggregate_candidate_needs_confirmation,,,,,https://monitor.statnipokladna.gov.cz/api/ukazatele?ic=00238244&obdobi=2412
2024,,single_school,founder:00238384,00238384,Obec Obruby,obec,1,1,698500,0,698500,1,5245988,aggregate_candidate_needs_confirmation,,,,,https://monitor.statnipokladna.gov.cz/api/ukazatele?ic=00238384&obdobi=2412
2024,,single_school,founder:00238473,00238473,Obec Předměřice nad Jizerou,obec,1,1,1800000,0,1800000,1,10105980,aggregate_candidate_needs_confirmation,,,,,https://monitor.statnipokladna.gov.cz/api/ukazatele?ic=00238473&obdobi=2412
2024,,single_school,founder:00238597,00238597,Obec Semčice,obec,1,1,4534000,0,4534000,1,31860806,aggregate_candidate_needs_confirmation,,,,,https://monitor.statnipokladna.gov.cz/api/ukazatele?ic=00238597&obdobi=2412
2024,,single_school,founder:00238619,00238619,Obec Skalsko,obec,1,1,824000,0,824000,1,9225940,aggregate_candidate_needs_confirmation,,,,,https://monitor.statnipokladna.gov.cz/api/ukazatele?ic=00238619&obdobi=2412
2024,,single_school,founder:00238678,00238678,Obec Strašnov,obec,1,1,450000,0,450000,1,2739807,aggregate_candidate_needs_confirmation,,,,,https://monitor.statnipokladna.gov.cz/api/ukazatele?ic=00238678&obdobi=2412
2024,,single_school,founder:00238902,00238902,Obec Všejany,obec,1,1,420000,0,420000,1,4597595,aggregate_candidate_needs_confirmation,,,,,https://monitor.statnipokladna.gov.cz/api/ukazatele?ic=00238902&obdobi=2412
2024,,single_school,founder:00238945,00238945,Obec Žďár,obec,1,1,1001250,0,1001250,1,13827955,aggregate_candidate_needs_confirmation,,,,,https://monitor.statnipokladna.gov.cz/api/ukazatele?ic=00238945&obdobi=2412
2024,,single_school,founder:00238996,00238996,Obec Bobnice,obec,1,1,1128000,0,1128000,1,8732783,aggregate_candidate_needs_confirmation,,,,,https://monitor.statnipokladna.gov.cz/api/ukazatele?ic=00238996&obdobi=2412
2024,,single_school,founder:00239011,00239011,Obec Budiměřice,obec,1,1,123000,0,123000,1,5709687,aggregate_candidate_needs_confirmation,,,,,https://monitor.statnipokladna.gov.cz/api/ukazatele?ic=00239011&obdobi=2412
2024,,single_school,founder:00239046,00239046,Obec Činěves,obec,1,1,330000,0,330000,1,2223492,aggregate_candidate_needs_confirmation,,,,,https://monitor.statnipokladna.gov.cz/api/ukazatele?ic=00239046&obdobi=2412
2024,,single_school,founder:00239071,00239071,Obec Dvory,obec,1,1,825500,0,825500,1,6961376,aggregate_candidate_needs_confirmation,,,,,https://monitor.statnipokladna.gov.cz/api/ukazatele?ic=00239071&obdobi=2412
2024,,single_school,founder:00239089,00239089,Obec Dymokury,obec,1,2,2700000,2418306,5118306,1,29655453,aggregate_candidate_needs_confirmation,,,,,https://monitor.statnipokladna.gov.cz/api/ukazatele?ic=00239089&obdobi=2412
2024,,single_school,founder:00239119,00239119,Obec Hořátev,obec,1,1,1630000,0,1630000,1,11736837,aggregate_candidate_needs_confirmation,,,,,https://monitor.statnipokladna.gov.cz/api/ukazatele?ic=00239119&obdobi=2412
2024,,single_school,founder:00239135,00239135,Obec Hradištko,obec,1,2,1071712,0,1071712,1,8909074,aggregate_candidate_needs_confirmation,,,,,https://monitor.statnipokladna.gov.cz/api/ukazatele?ic=00239135&obdobi=2412
2024,,single_school,founder:00239194,00239194,obec Chrást,obec,1,1,369000,0,369000,1,2953934,aggregate_candidate_needs_confirmation,,,,,https://monitor.statnipokladna.gov.cz/api/ukazatele?ic=00239194&obdobi=2412
2024,,single_school,founder:00239216,00239216,Obec Jíkev,obec,1,1,320000,0,320000,1,2172322,aggregate_candidate_needs_confirmation,,,,,https://monitor.statnipokladna.gov.cz/api/ukazatele?ic=00239216&obdobi=2412
2024,,single_school,founder:00239348,00239348,Obec Krchleby,obec,1,2,800000,0,800000,1,9676871,aggregate_candidate_needs_confirmation,,,,,https://monitor.statnipokladna.gov.cz/api/ukazatele?ic=00239348&obdobi=2412
2024,,single_school,founder:00239356,00239356,Obec Křečkov,obec,1,1,1000000,0,1000000,1,7030630,aggregate_candidate_needs_confirmation,,,,,https://monitor.statnipokladna.gov.cz/api/ukazatele?ic=00239356&obdobi=2412
2024,,single_school,founder:00239364,00239364,Městys Křinec,obec,1,1,4696200,0,4696200,1,33309597,aggregate_candidate_needs_confirmation,,,,,https://monitor.statnipokladna.gov.cz/api/ukazatele?ic=00239364&obdobi=2412
2024,,single_school,founder:00239399,00239399,Městys Loučeň,obec,1,1,2160000,0,2160000,1,32435568,aggregate_candidate_needs_confirmation,,,,,https://monitor.statnipokladna.gov.cz/api/ukazatele?ic=00239399&obdobi=2412
2024,,single_school,founder:00239411,00239411,Obec Mcely,obec,1,1,480000,0,480000,1,3014762,aggregate_candidate_needs_confirmation,,,,,https://monitor.statnipokladna.gov.cz/api/ukazatele?ic=00239411&obdobi=2412
2024,,single_school,founder:00239445,00239445,Obec Milčice,obec,1,1,410000,0,410000,1,3114495,aggregate_candidate_needs_confirmation,,,,,https://monitor.statnipokladna.gov.cz/api/ukazatele?ic=00239445&obdobi=2412
2024,,single_school,founder:00239534,00239534,Obec Opočnice,obec,1,1,756000,0,756000,1,6230843,aggregate_candidate_needs_confirmation,,,,,https://monitor.statnipokladna.gov.cz/api/ukazatele?ic=00239534&obdobi=2412
2024,,single_school,founder:00239542,00239542,Obec Opolany,obec,1,1,702938,0,702938,1,4339242,aggregate_candidate_needs_confirmation,,,,,https://monitor.statnipokladna.gov.cz/api/ukazatele?ic=00239542&obdobi=2412
2024,,single_school,founder:00239577,00239577,Obec Oskořínek,obec,1,1,333700,0,333700,1,2719722,aggregate_candidate_needs_confirmation,,,,,https://monitor.statnipokladna.gov.cz/api/ukazatele?ic=00239577&obdobi=2412
2024,,single_school,founder:00239585,00239585,Obec Ostrá,obec,1,1,500000,0,500000,1,3248345,aggregate_candidate_needs_confirmation,,,,,https://monitor.statnipokladna.gov.cz/api/ukazatele?ic=00239585&obdobi=2412
2024,,single_school,founder:00239593,00239593,Obec Pátek,obec,1,1,445000,0,445000,1,5212397,aggregate_candidate_needs_confirmation,,,,,https://monitor.statnipokladna.gov.cz/api/ukazatele?ic=00239593&obdobi=2412
2024,,single_school,founder:00239615,00239615,Obec Písková Lhota,obec,1,1,429000,0,429000,1,2786722,aggregate_candidate_needs_confirmation,,,,,https://monitor.statnipokladna.gov.cz/api/ukazatele?ic=00239615&obdobi=2412
2024,,single_school,founder:00239623,00239623,Obec Písty,obec,1,1,337000,0,337000,1,2834206,aggregate_candidate_needs_confirmation,,,,,https://monitor.statnipokladna.gov.cz/api/ukazatele?ic=00239623&obdobi=2412
2024,,single_school,founder:00239631,00239631,Obec Pňov-Předhradí,obec,1,1,200000,0,200000,1,2320512,aggregate_candidate_needs_confirmation,,,,,https://monitor.statnipokladna.gov.cz/api/ukazatele?ic=00239631&obdobi=2412
2024,,single_school,founder:00239666,00239666,Obec Poříčany,obec,1,1,3600000,0,3600000,1,36647596,aggregate_candidate_needs_confirmation,,,,,https://monitor.statnipokladna.gov.cz/api/ukazatele?ic=00239666&obdobi=2412
2024,,single_school,founder:00239682,00239682,Obec Přerov nad Labem,obec,1,2,3386056,0,3386056,1,24965560,aggregate_candidate_needs_confirmation,,,,,https://monitor.statnipokladna.gov.cz/api/ukazatele?ic=00239682&obdobi=2412
2024,,single_school,founder:00239704,00239704,Obec Ratenice,obec,1,1,525900,0,525900,1,3342380,aggregate_candidate_needs_confirmation,,,,,https://monitor.statnipokladna.gov.cz/api/ukazatele?ic=00239704&obdobi=2412
2024,,single_school,founder:00239712,00239712,Město Rožďalovice,obec,1,1,3828028,0,3828028,1,34105075,aggregate_candidate_needs_confirmation,,,,,https://monitor.statnipokladna.gov.cz/api/ukazatele?ic=00239712&obdobi=2412
2024,,single_school,founder:00239739,00239739,Obec Sány,obec,1,1,605400,0,605400,1,4482006,aggregate_candidate_needs_confirmation,,,,,https://monitor.statnipokladna.gov.cz/api/ukazatele?ic=00239739&obdobi=2412
2024,,single_school,founder:00239763,00239763,Obec Sloveč,obec,1,1,307000,0,307000,1,2809432,aggregate_candidate_needs_confirmation,,,,,https://monitor.statnipokladna.gov.cz/api/ukazatele?ic=00239763&obdobi=2412
2024,,single_school,founder:00239798,00239798,Obec Stará Lysá,obec,1,1,884640,0,884640,1,3215166,aggregate_candidate_needs_confirmation,,,,,https://monitor.statnipokladna.gov.cz/api/ukazatele?ic=00239798&obdobi=2412
2024,,single_school,founder:00239810,00239810,Obec Straky,obec,1,1,650000,0,650000,1,7894205,aggregate_candidate_needs_confirmation,,,,,https://monitor.statnipokladna.gov.cz/api/ukazatele?ic=00239810&obdobi=2412
2024,,single_school,founder:00239828,00239828,Obec Stratov,obec,1,1,628452,0,628452,1,3248571,aggregate_candidate_needs_confirmation,,,,,https://monitor.statnipokladna.gov.cz/api/ukazatele?ic=00239828&obdobi=2412
2024,,single_school,founder:00239844,00239844,Obec Tatce,obec,1,1,1720000,0,1720000,1,13545344,aggregate_candidate_needs_confirmation,,,,,https://monitor.statnipokladna.gov.cz/api/ukazatele?ic=00239844&obdobi=2412
2024,,single_school,founder:00239852,00239852,Obec Třebestovice,obec,1,1,753500,0,753500,1,5376831,aggregate_candidate_needs_confirmation,,,,,https://monitor.statnipokladna.gov.cz/api/ukazatele?ic=00239852&obdobi=2412
2024,,single_school,founder:00239861,00239861,Obec Úmyslovice,obec,1,1,300000,0,300000,1,2699052,aggregate_candidate_needs_confirmation,,,,,https://monitor.statnipokladna.gov.cz/api/ukazatele?ic=00239861&obdobi=2412
2024,,single_school,founder:00239933,00239933,Obec Vrbová Lhota,obec,1,1,1250000,0,1250000,1,9341972,aggregate_candidate_needs_confirmation,,,,,https://monitor.statnipokladna.gov.cz/api/ukazatele?ic=00239933&obdobi=2412
2024,,single_school,founder:00239941,00239941,Obec Všechlapy,obec,1,1,500000,0,500000,1,4493676,aggregate_candidate_needs_confirmation,,,,,https://monitor.statnipokladna.gov.cz/api/ukazatele?ic=00239941&obdobi=2412
2024,,single_school,founder:00239992,00239992,Obec Žehuň,obec,1,1,1360000,0,1360000,1,10010700,aggregate_candidate_needs_confirmation,,,,,https://monitor.statnipokladna.gov.cz/api/ukazatele?ic=00239992&obdobi=2412
2024,,single_school,founder:00240028,00240028,Obec Babice,obec,1,1,987143,0,987143,1,5275521,aggregate_candidate_needs_confirmation,,,,,https://monitor.statnipokladna.gov.cz/api/ukazatele?ic=00240028&obdobi=2412
2024,,single_school,founder:00240036,00240036,Obec Bašť,obec,1,1,2460000,0,2460000,1,10920761,aggregate_candidate_needs_confirmation,,,,,https://monitor.statnipokladna.gov.cz/api/ukazatele?ic=00240036&obdobi=2412
2024,,single_school,founder:00240087,00240087,Obec Brázdim,obec,1,1,390000,0,390000,1,7570740,aggregate_candidate_needs_confirmation,,,,,https://monitor.statnipokladna.gov.cz/api/ukazatele?ic=00240087&obdobi=2412
2024,,missing_finm_total,founder:00240109,00240109,Městská část Praha - Březiněves,obec,1,0,0,0,0,1,11885367,founder_source_required,,,,,https://monitor.statnipokladna.gov.cz/api/ukazatele?ic=00240109&obdobi=2412
2024,,single_school,founder:00240125,00240125,Obec Čestlice,obec,1,2,2306000,0,2306000,1,21306251,aggregate_candidate_needs_confirmation,,,,,https://monitor.statnipokladna.gov.cz/api/ukazatele?ic=00240125&obdobi=2412
2024,,single_school,founder:00240141,00240141,Obec Dobřejovice,obec,1,1,1230000,0,1230000,1,6305157,aggregate_candidate_needs_confirmation,,,,,https://monitor.statnipokladna.gov.cz/api/ukazatele?ic=00240141&obdobi=2412
2024,,single_school,founder:00240176,00240176,Obec Dřevčice,obec,1,1,1329000,0,1329000,1,9595099,aggregate_candidate_needs_confirmation,,,,,https://monitor.statnipokladna.gov.cz/api/ukazatele?ic=00240176&obdobi=2412
2024,,single_school,founder:00240206,00240206,Obec Horoušany,obec,1,1,900000,0,900000,1,4556972,aggregate_candidate_needs_confirmation,,,,,https://monitor.statnipokladna.gov.cz/api/ukazatele?ic=00240206&obdobi=2412
2024,,single_school,founder:00240214,00240214,Obec Hovorčovice,obec,1,2,6936006,0,6936006,1,58292286,aggregate_candidate_needs_confirmation,,,,,https://monitor.statnipokladna.gov.cz/api/ukazatele?ic=00240214&obdobi=2412
2024,,single_school,founder:00240222,00240222,Obec Hrusice,obec,1,1,400000,0,400000,1,3267077,aggregate_candidate_needs_confirmation,,,,,https://monitor.statnipokladna.gov.cz/api/ukazatele?ic=00240222&obdobi=2412
2024,,single_school,founder:00240231,00240231,Obec Husinec,obec,1,1,5710000,0,5710000,1,23342831,aggregate_candidate_needs_confirmation,,,,,https://monitor.statnipokladna.gov.cz/api/ukazatele?ic=00240231&obdobi=2412
2024,,single_school,founder:00240249,00240249,Obec Jenštejn,obec,1,1,1094326,0,1094326,1,7066016,aggregate_candidate_needs_confirmation,,,,,https://monitor.statnipokladna.gov.cz/api/ukazatele?ic=00240249&obdobi=2412
2024,,single_school,founder:00240303,00240303,Obec Klíčany,obec,1,1,807000,0,807000,1,6112840,aggregate_candidate_needs_confirmation,,,,,https://monitor.statnipokladna.gov.cz/api/ukazatele?ic=00240303&obdobi=2412
2024,,single_school,founder:00240320,00240320,Obec Kojetice,obec,1,1,1835168,0,1835168,1,12119352,aggregate_candidate_needs_confirmation,,,,,https://monitor.statnipokladna.gov.cz/api/ukazatele?ic=00240320&obdobi=2412
2024,,missing_finm_total,founder:00240338,00240338,Městská část Praha - Koloděje,obec,1,0,0,0,0,1,19861029,founder_source_required,,,,,https://monitor.statnipokladna.gov.cz/api/ukazatele?ic=00240338&obdobi=2412
2024,,missing_finm_total,founder:00240389,00240389,Městská část Praha - Křeslice,obec,1,0,0,0,0,1,2941225,founder_source_required,,,,,https://monitor.statnipokladna.gov.cz/api/ukazatele?ic=00240389&obdobi=2412
2024,,single_school,founder:00240435,00240435,Obec Louňovice,obec,1,1,700000,0,700000,1,5270814,aggregate_candidate_needs_confirmation,,,,,https://monitor.statnipokladna.gov.cz/api/ukazatele?ic=00240435&obdobi=2412
2024,,single_school,founder:00240443,00240443,Obec Máslovice,obec,1,1,291000,0,291000,1,3093168,aggregate_candidate_needs_confirmation,,,,,https://monitor.statnipokladna.gov.cz/api/ukazatele?ic=00240443&obdobi=2412
2024,,single_school,founder:00240451,00240451,Obec Měšice,obec,1,1,890000,0,890000,1,7041659,aggregate_candidate_needs_confirmation,,,,,https://monitor.statnipokladna.gov.cz/api/ukazatele?ic=00240451&obdobi=2412
2024,,single_school,founder:00240494,00240494,Obec Mratín,obec,1,2,1200000,250000,1450000,1,8589574,aggregate_candidate_needs_confirmation,,,,,https://monitor.statnipokladna.gov.cz/api/ukazatele?ic=00240494&obdobi=2412
2024,,single_school,founder:00240532,00240532,Obec Nová Ves,obec,1,1,1320000,0,1320000,1,7530324,aggregate_candidate_needs_confirmation,,,,,https://monitor.statnipokladna.gov.cz/api/ukazatele?ic=00240532&obdobi=2412
2024,,single_school,founder:00240583,00240583,Obec Panenské Břežany,obec,1,2,1450000,0,1450000,1,7712156,aggregate_candidate_needs_confirmation,,,,,https://monitor.statnipokladna.gov.cz/api/ukazatele?ic=00240583&obdobi=2412
2024,,single_school,founder:00240591,00240591,Obec Petříkov,obec,1,1,640000,0,640000,1,5147314,aggregate_candidate_needs_confirmation,,,,,https://monitor.statnipokladna.gov.cz/api/ukazatele?ic=00240591&obdobi=2412
2024,,single_school,founder:00240613,00240613,obec Polerady,obec,1,1,2377363,0,2377363,1,5625058,aggregate_candidate_needs_confirmation,,,,,https://monitor.statnipokladna.gov.cz/api/ukazatele?ic=00240613&obdobi=2412
2024,,single_school,founder:00240621,00240621,Obec Postřižín,obec,1,1,1400000,0,1400000,1,6800327,aggregate_candidate_needs_confirmation,,,,,https://monitor.statnipokladna.gov.cz/api/ukazatele?ic=00240621&obdobi=2412
2024,,single_school,founder:00240630,00240630,Obec Předboj,obec,1,1,1319000,0,1319000,1,7241194,aggregate_candidate_needs_confirmation,,,,,https://monitor.statnipokladna.gov.cz/api/ukazatele?ic=00240630&obdobi=2412
2024,,single_school,founder:00240681,00240681,Obec Radonice,obec,1,1,7500000,0,7500000,1,25075112,aggregate_candidate_needs_confirmation,,,,,https://monitor.statnipokladna.gov.cz/api/ukazatele?ic=00240681&obdobi=2412
2024,,single_school,founder:00240699,00240699,Obec Řehenice,obec,1,2,631000,234619,865619,1,3778826,aggregate_candidate_needs_confirmation,,,,,https://monitor.statnipokladna.gov.cz/api/ukazatele?ic=00240699&obdobi=2412
2024,,single_school,founder:00240737,00240737,Obec Senohraby,obec,1,1,2603000,0,2603000,1,20588608,aggregate_candidate_needs_confirmation,,,,,https://monitor.statnipokladna.gov.cz/api/ukazatele?ic=00240737&obdobi=2412
2024,,single_school,founder:00240745,00240745,Obec Sibřina,obec,1,1,1794000,0,1794000,1,17036589,aggregate_candidate_needs_confirmation,,,,,https://monitor.statnipokladna.gov.cz/api/ukazatele?ic=00240745&obdobi=2412
2024,,single_school,founder:00240753,00240753,Obec Sluhy,obec,1,1,1861672,0,1861672,1,13360999,aggregate_candidate_needs_confirmation,,,,,https://monitor.statnipokladna.gov.cz/api/ukazatele?ic=00240753&obdobi=2412
2024,,single_school,founder:00240834,00240834,Obec Svojetice,obec,1,1,1900000,0,1900000,1,8580039,aggregate_candidate_needs_confirmation,,,,,https://monitor.statnipokladna.gov.cz/api/ukazatele?ic=00240834&obdobi=2412
2024,,single_school,founder:00240877,00240877,Obec Tehov,obec,1,1,1811000,0,1811000,1,15612610,aggregate_candidate_needs_confirmation,,,,,https://monitor.statnipokladna.gov.cz/api/ukazatele?ic=00240877&obdobi=2412
2024,,single_school,founder:00240893,00240893,Městys Lázně Toušeň,obec,1,1,1440000,0,1440000,1,19669945,aggregate_candidate_needs_confirmation,,,,,https://monitor.statnipokladna.gov.cz/api/ukazatele?ic=00240893&obdobi=2412
2024,,single_school,founder:00240940,00240940,Obec Veleň,obec,1,1,4100000,0,4100000,1,45594742,aggregate_candidate_needs_confirmation,,,,,https://monitor.statnipokladna.gov.cz/api/ukazatele?ic=00240940&obdobi=2412
2024,,missing_finm_total,founder:00240982,00240982,Městská část Praha - Vinoř,obec,1,0,0,0,0,1,80718938,founder_source_required,,,,,https://monitor.statnipokladna.gov.cz/api/ukazatele?ic=00240982&obdobi=2412
2024,,single_school,founder:00240991,00240991,Obec Vodochody,obec,1,1,637900,0,637900,1,4128642,aggregate_candidate_needs_confirmation,,,,,https://monitor.statnipokladna.gov.cz/api/ukazatele?ic=00240991&obdobi=2412
2024,,single_school,founder:00241016,00241016,Obec Všestary,obec,1,1,1425100,0,1425100,1,6263735,aggregate_candidate_needs_confirmation,,,,,https://monitor.statnipokladna.gov.cz/api/ukazatele?ic=00241016&obdobi=2412
2024,,single_school,founder:00241024,00241024,Obec Vyšehořovice,obec,1,1,190530,0,190530,1,2335302,aggregate_candidate_needs_confirmation,,,,,https://monitor.statnipokladna.gov.cz/api/ukazatele?ic=00241024&obdobi=2412
2024,,single_school,founder:00241032,00241032,Obec Zdiby,obec,1,1,4962000,0,4962000,1,34954311,aggregate_candidate_needs_confirmation,,,,,https://monitor.statnipokladna.gov.cz/api/ukazatele?ic=00241032&obdobi=2412
2024,,single_school,founder:00241067,00241067,Obec Zlonín,obec,1,1,1377872,0,1377872,1,6786008,aggregate_candidate_needs_confirmation,,,,,https://monitor.statnipokladna.gov.cz/api/ukazatele?ic=00241067&obdobi=2412
2024,,single_school,founder:00241075,00241075,Obec Zvánovice,obec,1,1,410000,0,410000,1,3166722,aggregate_candidate_needs_confirmation,,,,,https://monitor.statnipokladna.gov.cz/api/ukazatele?ic=00241075&obdobi=2412
2024,,single_school,founder:00241148,00241148,Obec Čisovice,obec,1,1,2381000,0,2381000,1,16862839,aggregate_candidate_needs_confirmation,,,,,https://monitor.statnipokladna.gov.cz/api/ukazatele?ic=00241148&obdobi=2412
2024,,single_school,founder:00241164,00241164,Obec Dobrovíz,obec,1,1,1000000,0,1000000,1,6464400,aggregate_candidate_needs_confirmation,,,,,https://monitor.statnipokladna.gov.cz/api/ukazatele?ic=00241164&obdobi=2412
2024,,single_school,founder:00241211,00241211,Obec Holubice,obec,1,1,2287000,0,2287000,1,10139568,aggregate_candidate_needs_confirmation,,,,,https://monitor.statnipokladna.gov.cz/api/ukazatele?ic=00241211&obdobi=2412
2024,,single_school,founder:00241253,00241253,Zřizovatel IČO 00241253,obec,1,1,580000,0,580000,1,4337250,aggregate_candidate_needs_confirmation,,,,,https://monitor.statnipokladna.gov.cz/api/ukazatele?ic=00241253&obdobi=2412
2024,,single_school,founder:00241288,00241288,Obec Chrášťany,obec,1,1,1300000,0,1300000,1,15198768,aggregate_candidate_needs_confirmation,,,,,https://monitor.statnipokladna.gov.cz/api/ukazatele?ic=00241288&obdobi=2412
2024,,single_school,founder:00241296,00241296,Město Chýně,obec,1,1,10150000,0,10150000,1,79946016,aggregate_candidate_needs_confirmation,,,,,https://monitor.statnipokladna.gov.cz/api/ukazatele?ic=00241296&obdobi=2412
2024,,single_school,founder:00241300,00241300,Obec Jeneč,obec,1,1,1650000,0,1650000,1,14373477,aggregate_candidate_needs_confirmation,,,,,https://monitor.statnipokladna.gov.cz/api/ukazatele?ic=00241300&obdobi=2412
2024,,single_school,founder:00241334,00241334,Obec Jíloviště,obec,1,1,300000,0,300000,1,2920227,aggregate_candidate_needs_confirmation,,,,,https://monitor.statnipokladna.gov.cz/api/ukazatele?ic=00241334&obdobi=2412
2024,,single_school,founder:00241351,00241351,Obec Kamenný Přívoz,obec,1,1,1400000,0,1400000,1,13753149,aggregate_candidate_needs_confirmation,,,,,https://monitor.statnipokladna.gov.cz/api/ukazatele?ic=00241351&obdobi=2412
2024,,single_school,founder:00241377,00241377,Obec Kněževes,obec,1,1,270000,0,270000,1,4533211,aggregate_candidate_needs_confirmation,,,,,https://monitor.statnipokladna.gov.cz/api/ukazatele?ic=00241377&obdobi=2412
2024,,single_school,founder:00241385,00241385,Obec Kosoř,obec,1,2,2100000,0,2100000,1,7052216,aggregate_candidate_needs_confirmation,,,,,https://monitor.statnipokladna.gov.cz/api/ukazatele?ic=00241385&obdobi=2412
2024,,single_school,founder:00241393,00241393,Obec Lety,obec,1,2,2400000,0,2400000,1,2400000,aggregate_candidate_needs_confirmation,,,,,https://monitor.statnipokladna.gov.cz/api/ukazatele?ic=00241393&obdobi=2412
2024,,single_school,founder:00241415,00241415,Obec Libeř,obec,1,1,935000,0,935000,1,7003592,aggregate_candidate_needs_confirmation,,,,,https://monitor.statnipokladna.gov.cz/api/ukazatele?ic=00241415&obdobi=2412
2024,,single_school,founder:00241440,00241440,Obec Líšnice,obec,1,2,2000000,0,2000000,1,16267651,aggregate_candidate_needs_confirmation,,,,,https://monitor.statnipokladna.gov.cz/api/ukazatele?ic=00241440&obdobi=2412
2024,,missing_finm_total,founder:00241458,00241458,Městská část Praha - Lochkov,obec,1,0,0,0,0,1,5637433,founder_source_required,,,,,https://monitor.statnipokladna.gov.cz/api/ukazatele?ic=00241458&obdobi=2412
2024,,single_school,founder:00241482,00241482,Obec Měchenice,obec,1,1,544600,0,544600,1,3197388,aggregate_candidate_needs_confirmation,,,,,https://monitor.statnipokladna.gov.cz/api/ukazatele?ic=00241482&obdobi=2412
2024,,single_school,founder:00241491,00241491,Obec Ohrobec,obec,1,1,1517463,0,1517463,1,15419819,aggregate_candidate_needs_confirmation,,,,,https://monitor.statnipokladna.gov.cz/api/ukazatele?ic=00241491&obdobi=2412
2024,,single_school,founder:00241504,00241504,Obec Okrouhlo,obec,1,1,721000,0,721000,1,4385373,aggregate_candidate_needs_confirmation,,,,,https://monitor.statnipokladna.gov.cz/api/ukazatele?ic=00241504&obdobi=2412
2024,,single_school,founder:00241539,00241539,obec Petrov,obec,1,1,900000,0,900000,1,1600535,aggregate_candidate_needs_confirmation,,,,,https://monitor.statnipokladna.gov.cz/api/ukazatele?ic=00241539&obdobi=2412
2024,,single_school,founder:00241555,00241555,Obec Pohoří,obec,1,1,560800,0,560800,1,2856609,aggregate_candidate_needs_confirmation,,,,,https://monitor.statnipokladna.gov.cz/api/ukazatele?ic=00241555&obdobi=2412
2024,,single_school,founder:00241644,00241644,Obec Řitka,obec,1,1,1038000,0,1038000,1,6470860,aggregate_candidate_needs_confirmation,,,,,https://monitor.statnipokladna.gov.cz/api/ukazatele?ic=00241644&obdobi=2412
2024,,single_school,founder:00241652,00241652,Obec Slapy,obec,1,1,1377781,0,1377781,1,15159133,aggregate_candidate_needs_confirmation,,,,,https://monitor.statnipokladna.gov.cz/api/ukazatele?ic=00241652&obdobi=2412
2024,,missing_finm_total,founder:00241661,00241661,Městská část Praha - Slivenec,obec,1,0,0,0,0,1,56320022,founder_source_required,,,,,https://monitor.statnipokladna.gov.cz/api/ukazatele?ic=00241661&obdobi=2412
2024,,missing_finm_total,founder:00241717,00241717,Městská část Praha - Šeberov,obec,1,0,0,0,0,1,19284051,founder_source_required,,,,,https://monitor.statnipokladna.gov.cz/api/ukazatele?ic=00241717&obdobi=2412
2024,,single_school,founder:00241741,00241741,Obec Třebotov,obec,1,1,6005692,0,6005692,1,36727136,aggregate_candidate_needs_confirmation,,,,,https://monitor.statnipokladna.gov.cz/api/ukazatele?ic=00241741&obdobi=2412
2024,,single_school,founder:00241750,00241750,Obec Tuchoměřice,obec,1,2,2772120,0,2772120,1,10066809,aggregate_candidate_needs_confirmation,,,,,https://monitor.statnipokladna.gov.cz/api/ukazatele?ic=00241750&obdobi=2412
2024,,single_school,founder:00241792,00241792,Obec Únětice,obec,1,2,1500000,300000,1800000,1,21634305,aggregate_candidate_needs_confirmation,,,,,https://monitor.statnipokladna.gov.cz/api/ukazatele?ic=00241792&obdobi=2412
2024,,single_school,founder:00241849,00241849,Obec Všenory,obec,1,3,4200000,185735,4385735,1,40668020,aggregate_candidate_needs_confirmation,,,,,https://monitor.statnipokladna.gov.cz/api/ukazatele?ic=00241849&obdobi=2412
2024,,single_school,founder:00241873,00241873,Obec Zlatníky - Hodkovice,obec,1,1,7054531,0,7054531,1,25200206,aggregate_candidate_needs_confirmation,,,,,https://monitor.statnipokladna.gov.cz/api/ukazatele?ic=00241873&obdobi=2412
2024,,missing_finm_total,founder:00241881,00241881,Městská část Praha - Zličín,obec,1,0,0,0,0,1,90577116,founder_source_required,,,,,https://monitor.statnipokladna.gov.cz/api/ukazatele?ic=00241881&obdobi=2412
2024,,single_school,founder:00241962,00241962,Obec Borotice,obec,1,1,150000,0,150000,1,2927474,aggregate_candidate_needs_confirmation,,,,,https://monitor.statnipokladna.gov.cz/api/ukazatele?ic=00241962&obdobi=2412
2024,,single_school,founder:00242055,00242055,Obec Čenkov,obec,1,1,550000,0,550000,1,4809070,aggregate_candidate_needs_confirmation,,,,,https://monitor.statnipokladna.gov.cz/api/ukazatele?ic=00242055&obdobi=2412
2024,,single_school,founder:00242101,00242101,Obec Dolní Hbity,obec,1,1,3300000,0,3300000,1,20076868,aggregate_candidate_needs_confirmation,,,,,https://monitor.statnipokladna.gov.cz/api/ukazatele?ic=00242101&obdobi=2412
2024,,single_school,founder:00242128,00242128,Obec Drahlín,obec,1,1,450000,0,450000,1,3923315,aggregate_candidate_needs_confirmation,,,,,https://monitor.statnipokladna.gov.cz/api/ukazatele?ic=00242128&obdobi=2412
2024,,single_school,founder:00242161,00242161,Obec Drhovy,obec,1,1,450000,0,450000,1,2463261,aggregate_candidate_needs_confirmation,,,,,https://monitor.statnipokladna.gov.cz/api/ukazatele?ic=00242161&obdobi=2412
2024,,single_school,founder:00242195,00242195,Obec Dublovice,obec,1,1,1300000,0,1300000,1,13339383,aggregate_candidate_needs_confirmation,,,,,https://monitor.statnipokladna.gov.cz/api/ukazatele?ic=00242195&obdobi=2412
2024,,single_school,founder:00242225,00242225,Obec Hluboš,obec,1,1,960400,0,960400,1,10043732,aggregate_candidate_needs_confirmation,,,,,https://monitor.statnipokladna.gov.cz/api/ukazatele?ic=00242225&obdobi=2412
2024,,single_school,founder:00242292,00242292,Obec Hvožďany,obec,1,1,1700000,0,1700000,1,15616805,aggregate_candidate_needs_confirmation,,,,,https://monitor.statnipokladna.gov.cz/api/ukazatele?ic=00242292&obdobi=2412
2024,,single_school,founder:00242331,00242331,Obec Chraštice,obec,1,1,3850000,0,3850000,1,30054292,aggregate_candidate_needs_confirmation,,,,,https://monitor.statnipokladna.gov.cz/api/ukazatele?ic=00242331&obdobi=2412
2024,,single_school,founder:00242373,00242373,Obec Jesenice,obec,1,1,1611642,0,1611642,1,18732260,aggregate_candidate_needs_confirmation,,,,,https://monitor.statnipokladna.gov.cz/api/ukazatele?ic=00242373&obdobi=2412
2024,,single_school,founder:00242381,00242381,Městys Jince,obec,1,1,4500000,0,4500000,1,38625344,aggregate_candidate_needs_confirmation,,,,,https://monitor.statnipokladna.gov.cz/api/ukazatele?ic=00242381&obdobi=2412
2024,,single_school,founder:00242411,00242411,Obec Kamýk nad Vltavou,obec,1,1,1600000,0,1600000,1,25224575,aggregate_candidate_needs_confirmation,,,,,https://monitor.statnipokladna.gov.cz/api/ukazatele?ic=00242411&obdobi=2412
2024,,single_school,founder:00242420,00242420,Obec Klučenice,obec,1,2,2720000,0,2720000,1,11372784,aggregate_candidate_needs_confirmation,,,,,https://monitor.statnipokladna.gov.cz/api/ukazatele?ic=00242420&obdobi=2412
2024,,single_school,founder:00242471,00242471,Obec Kosova Hora,obec,1,2,2500000,0,2500000,1,21589856,aggregate_candidate_needs_confirmation,,,,,https://monitor.statnipokladna.gov.cz/api/ukazatele?ic=00242471&obdobi=2412
2024,,single_school,founder:00242535,00242535,Město Krásná Hora nad Vltavou,obec,1,1,1650000,0,1650000,1,18294637,aggregate_candidate_needs_confirmation,,,,,https://monitor.statnipokladna.gov.cz/api/ukazatele?ic=00242535&obdobi=2412
2024,,single_school,founder:00242608,00242608,Obec Láz,obec,1,1,830000,0,830000,1,4445166,aggregate_candidate_needs_confirmation,,,,,https://monitor.statnipokladna.gov.cz/api/ukazatele?ic=00242608&obdobi=2412
2024,,single_school,founder:00242691,00242691,Obec Malá Hraštice,obec,1,1,1601760,0,1601760,1,11879835,aggregate_candidate_needs_confirmation,,,,,https://monitor.statnipokladna.gov.cz/api/ukazatele?ic=00242691&obdobi=2412
2024,,single_school,founder:00242764,00242764,Obec Mokrovraty,obec,1,1,750000,0,750000,1,7766928,aggregate_candidate_needs_confirmation,,,,,https://monitor.statnipokladna.gov.cz/api/ukazatele?ic=00242764&obdobi=2412
2024,,single_school,founder:00242772,00242772,Obec Nalžovice,obec,1,1,2070000,0,2070000,1,19421351,aggregate_candidate_needs_confirmation,,,,,https://monitor.statnipokladna.gov.cz/api/ukazatele?ic=00242772&obdobi=2412
2024,,single_school,founder:00242799,00242799,Obec Nečín,obec,1,1,1000000,0,1000000,1,27580637,aggregate_candidate_needs_confirmation,,,,,https://monitor.statnipokladna.gov.cz/api/ukazatele?ic=00242799&obdobi=2412
2024,,single_school,founder:00242829,00242829,Obec Nechvalice,obec,1,2,700000,0,700000,1,7256360,aggregate_candidate_needs_confirmation,,,,,https://monitor.statnipokladna.gov.cz/api/ukazatele?ic=00242829&obdobi=2412
2024,,single_school,founder:00242888,00242888,Město Nový Knín,obec,1,1,4300000,0,4300000,1,42794602,aggregate_candidate_needs_confirmation,,,,,https://monitor.statnipokladna.gov.cz/api/ukazatele?ic=00242888&obdobi=2412
2024,,single_school,founder:00242918,00242918,Obec Obecnice,obec,1,1,4874695,0,4874695,1,20409884,aggregate_candidate_needs_confirmation,,,,,https://monitor.statnipokladna.gov.cz/api/ukazatele?ic=00242918&obdobi=2412
2024,,single_school,founder:00242934,00242934,Obec Obořiště,obec,1,1,240000,0,240000,1,6681633,aggregate_candidate_needs_confirmation,,,,,https://monitor.statnipokladna.gov.cz/api/ukazatele?ic=00242934&obdobi=2412
2024,,single_school,founder:00243001,00243001,Obec Pečice,obec,1,1,530700,0,530700,1,4175874,aggregate_candidate_needs_confirmation,,,,,https://monitor.statnipokladna.gov.cz/api/ukazatele?ic=00243001&obdobi=2412
2024,,single_school,founder:00243035,00243035,Obec Pičín,obec,1,1,700000,0,700000,1,9607704,aggregate_candidate_needs_confirmation,,,,,https://monitor.statnipokladna.gov.cz/api/ukazatele?ic=00243035&obdobi=2412
2024,,single_school,founder:00243060,00243060,Obec Počepice,obec,1,1,900000,0,900000,1,6294236,aggregate_candidate_needs_confirmation,,,,,https://monitor.statnipokladna.gov.cz/api/ukazatele?ic=00243060&obdobi=2412
2024,,single_school,founder:00243116,00243116,Obec Prosenická Lhota,obec,1,1,250000,0,250000,1,3542395,aggregate_candidate_needs_confirmation,,,,,https://monitor.statnipokladna.gov.cz/api/ukazatele?ic=00243116&obdobi=2412
2024,,single_school,founder:00243191,00243191,Obec Rosovice,obec,1,1,940000,0,940000,1,8742101,aggregate_candidate_needs_confirmation,,,,,https://monitor.statnipokladna.gov.cz/api/ukazatele?ic=00243191&obdobi=2412
2024,,single_school,founder:00243311,00243311,Obec Solenice,obec,1,1,985000,0,985000,1,7756130,aggregate_candidate_needs_confirmation,,,,,https://monitor.statnipokladna.gov.cz/api/ukazatele?ic=00243311&obdobi=2412
2024,,single_school,founder:00243329,00243329,Obec Stará Huť,obec,1,1,2300000,0,2300000,1,20999099,aggregate_candidate_needs_confirmation,,,,,https://monitor.statnipokladna.gov.cz/api/ukazatele?ic=00243329&obdobi=2412
2024,,single_school,founder:00243361,00243361,Obec Suchodol,obec,1,1,786000,0,786000,1,8933324,aggregate_candidate_needs_confirmation,,,,,https://monitor.statnipokladna.gov.cz/api/ukazatele?ic=00243361&obdobi=2412
2024,,single_school,founder:00243418,00243418,Obec Tochovice,obec,1,1,924000,0,924000,1,11075707,aggregate_candidate_needs_confirmation,,,,,https://monitor.statnipokladna.gov.cz/api/ukazatele?ic=00243418&obdobi=2412
2024,,single_school,founder:00243442,00243442,Obec Třebsko,obec,1,1,120000,0,120000,1,4223789,aggregate_candidate_needs_confirmation,,,,,https://monitor.statnipokladna.gov.cz/api/ukazatele?ic=00243442&obdobi=2412
2024,,single_school,founder:00243493,00243493,Obec Věšín,obec,1,1,600000,0,600000,1,9484324,aggregate_candidate_needs_confirmation,,,,,https://monitor.statnipokladna.gov.cz/api/ukazatele?ic=00243493&obdobi=2412
2024,,single_school,founder:00243507,00243507,Obec Višňová,obec,1,1,1674100,0,1674100,1,12744139,aggregate_candidate_needs_confirmation,,,,,https://monitor.statnipokladna.gov.cz/api/ukazatele?ic=00243507&obdobi=2412
2024,,single_school,founder:00243515,00243515,Obec Volenice,obec,1,1,440000,0,440000,1,3026131,aggregate_candidate_needs_confirmation,,,,,https://monitor.statnipokladna.gov.cz/api/ukazatele?ic=00243515&obdobi=2412
2024,,single_school,founder:00243558,00243558,Obec Vranovice,obec,1,1,500000,0,500000,1,4619387,aggregate_candidate_needs_confirmation,,,,,https://monitor.statnipokladna.gov.cz/api/ukazatele?ic=00243558&obdobi=2412
2024,,single_school,founder:00243582,00243582,Městys Vysoký Chlumec,obec,1,1,1150000,0,1150000,1,8350415,aggregate_candidate_needs_confirmation,,,,,https://monitor.statnipokladna.gov.cz/api/ukazatele?ic=00243582&obdobi=2412
2024,,single_school,founder:00243680,00243680,Obec Čistá,obec,1,1,2050000,0,2050000,1,17744158,aggregate_candidate_needs_confirmation,,,,,https://monitor.statnipokladna.gov.cz/api/ukazatele?ic=00243680&obdobi=2412
2024,,single_school,founder:00243710,00243710,Obec Hořesedly,obec,1,1,50000,0,50000,1,2546190,aggregate_candidate_needs_confirmation,,,,,https://monitor.statnipokladna.gov.cz/api/ukazatele?ic=00243710&obdobi=2412
2024,,single_school,founder:00243761,00243761,Obec Hředle,obec,1,1,759620,0,759620,1,7739814,aggregate_candidate_needs_confirmation,,,,,https://monitor.statnipokladna.gov.cz/api/ukazatele?ic=00243761&obdobi=2412
2024,,single_school,founder:00243809,00243809,Obec Chrášťany,obec,1,4,1000000,0,1000000,1,7610992,aggregate_candidate_needs_confirmation,,,,,https://monitor.statnipokladna.gov.cz/api/ukazatele?ic=00243809&obdobi=2412
2024,,single_school,founder:00243825,00243825,Město Jesenice,obec,1,2,2809362,875639,3685001,1,30583851,aggregate_candidate_needs_confirmation,,,,,https://monitor.statnipokladna.gov.cz/api/ukazatele?ic=00243825&obdobi=2412
2024,,single_school,founder:00243868,00243868,Městys Kněževes,obec,1,1,2700000,0,2700000,1,17371796,aggregate_candidate_needs_confirmation,,,,,https://monitor.statnipokladna.gov.cz/api/ukazatele?ic=00243868&obdobi=2412
2024,,single_school,founder:00243884,00243884,Obec Kolešovice,obec,1,2,1980000,0,1980000,1,21290597,aggregate_candidate_needs_confirmation,,,,,https://monitor.statnipokladna.gov.cz/api/ukazatele?ic=00243884&obdobi=2412
2024,,single_school,founder:00243892,00243892,Obec Kounov,obec,1,2,2980000,0,2980000,1,20077586,aggregate_candidate_needs_confirmation,,,,,https://monitor.statnipokladna.gov.cz/api/ukazatele?ic=00243892&obdobi=2412
2024,,single_school,founder:00243931,00243931,Obec Kroučová,obec,1,1,540000,0,540000,1,3271848,aggregate_candidate_needs_confirmation,,,,,https://monitor.statnipokladna.gov.cz/api/ukazatele?ic=00243931&obdobi=2412
2024,,single_school,founder:00243957,00243957,Obec Krupá,obec,1,1,228180,0,228180,1,4280188,aggregate_candidate_needs_confirmation,,,,,https://monitor.statnipokladna.gov.cz/api/ukazatele?ic=00243957&obdobi=2412
2024,,single_school,founder:00243965,00243965,Obec Krušovice,obec,1,1,1400000,0,1400000,1,8389112,aggregate_candidate_needs_confirmation,,,,,https://monitor.statnipokladna.gov.cz/api/ukazatele?ic=00243965&obdobi=2412
2024,,single_school,founder:00243973,00243973,Městys Křivoklát,obec,1,1,1770000,0,1770000,1,21597042,aggregate_candidate_needs_confirmation,,,,,https://monitor.statnipokladna.gov.cz/api/ukazatele?ic=00243973&obdobi=2412
2024,,single_school,founder:00244007,00244007,Obec Lišany,obec,1,1,1260000,0,1260000,1,10373552,aggregate_candidate_needs_confirmation,,,,,https://monitor.statnipokladna.gov.cz/api/ukazatele?ic=00244007&obdobi=2412
2024,,single_school,founder:00244023,00244023,Obec Lubná,obec,1,1,2637678,0,2637678,1,30901514,aggregate_candidate_needs_confirmation,,,,,https://monitor.statnipokladna.gov.cz/api/ukazatele?ic=00244023&obdobi=2412
2024,,single_school,founder:00244031,00244031,Obec Lužná,obec,1,1,3000000,0,3000000,1,25759219,aggregate_candidate_needs_confirmation,,,,,https://monitor.statnipokladna.gov.cz/api/ukazatele?ic=00244031&obdobi=2412
2024,,single_school,founder:00244058,00244058,Obec Městečko,obec,1,1,200000,0,200000,1,2693802,aggregate_candidate_needs_confirmation,,,,,https://monitor.statnipokladna.gov.cz/api/ukazatele?ic=00244058&obdobi=2412
2024,,missing_finm_total,founder:00244091,00244091,Městys Mšec,obec,1,0,0,0,0,0,0,founder_source_required,,,,,https://monitor.statnipokladna.gov.cz/api/ukazatele?ic=00244091&obdobi=2412
2024,,single_school,founder:00244121,00244121,Obec Nesuchyně,obec,1,1,350000,0,350000,1,2404100,aggregate_candidate_needs_confirmation,,,,,https://monitor.statnipokladna.gov.cz/api/ukazatele?ic=00244121&obdobi=2412
2024,,single_school,founder:00244155,00244155,Město Nové Strašecí,obec,1,2,11600000,655000,12255000,1,102558723,aggregate_candidate_needs_confirmation,,,,,https://monitor.statnipokladna.gov.cz/api/ukazatele?ic=00244155&obdobi=2412
2024,,single_school,founder:00244180,00244180,Obec Olešná,obec,1,1,1100000,0,1100000,1,7851790,aggregate_candidate_needs_confirmation,,,,,https://monitor.statnipokladna.gov.cz/api/ukazatele?ic=00244180&obdobi=2412
2024,,single_school,founder:00244198,00244198,Obec Oráčov,obec,1,1,131500,0,131500,1,2602573,aggregate_candidate_needs_confirmation,,,,,https://monitor.statnipokladna.gov.cz/api/ukazatele?ic=00244198&obdobi=2412
2024,,single_school,founder:00244201,00244201,Obec Panoší Újezd,obec,1,1,375000,0,375000,1,2866669,aggregate_candidate_needs_confirmation,,,,,https://monitor.statnipokladna.gov.cz/api/ukazatele?ic=00244201&obdobi=2412
2024,,single_school,founder:00244210,00244210,Městys Pavlíkov,obec,1,1,1370000,0,1370000,1,10383830,aggregate_candidate_needs_confirmation,,,,,https://monitor.statnipokladna.gov.cz/api/ukazatele?ic=00244210&obdobi=2412
2024,,single_school,founder:00244333,00244333,Obec Ruda,obec,1,1,880000,0,880000,1,7420030,aggregate_candidate_needs_confirmation,,,,,https://monitor.statnipokladna.gov.cz/api/ukazatele?ic=00244333&obdobi=2412
2024,,single_school,founder:00244341,00244341,Obec Rynholec,obec,1,1,1500000,0,1500000,1,6850268,aggregate_candidate_needs_confirmation,,,,,https://monitor.statnipokladna.gov.cz/api/ukazatele?ic=00244341&obdobi=2412
2024,,single_school,founder:00244368,00244368,Obec Řevničov,obec,1,2,3236888,3607013,6843901,1,28160169,aggregate_candidate_needs_confirmation,,,,,https://monitor.statnipokladna.gov.cz/api/ukazatele?ic=00244368&obdobi=2412
2024,,single_school,founder:00244384,00244384,Městys Senomaty,obec,1,1,1500000,0,1500000,1,11497733,aggregate_candidate_needs_confirmation,,,,,https://monitor.statnipokladna.gov.cz/api/ukazatele?ic=00244384&obdobi=2412
2024,,single_school,founder:00244422,00244422,Obec Slabce,obec,1,3,3950000,0,3950000,1,14052724,aggregate_candidate_needs_confirmation,,,,,https://monitor.statnipokladna.gov.cz/api/ukazatele?ic=00244422&obdobi=2412
2024,,single_school,founder:00244465,00244465,Obec Svojetín,obec,1,1,280000,0,280000,1,2662320,aggregate_candidate_needs_confirmation,,,,,https://monitor.statnipokladna.gov.cz/api/ukazatele?ic=00244465&obdobi=2412
2024,,single_school,founder:00244481,00244481,Obec Šanov,obec,1,1,1748647,0,1748647,1,23150136,aggregate_candidate_needs_confirmation,,,,,https://monitor.statnipokladna.gov.cz/api/ukazatele?ic=00244481&obdobi=2412
2024,,single_school,founder:00244601,00244601,Obec Všetaty,obec,1,1,380000,0,380000,1,3028709,aggregate_candidate_needs_confirmation,,,,,https://monitor.statnipokladna.gov.cz/api/ukazatele?ic=00244601&obdobi=2412
2024,,single_school,founder:00244619,00244619,Obec Zavidov,obec,1,1,447883,0,447883,1,2873758,aggregate_candidate_needs_confirmation,,,,,https://monitor.statnipokladna.gov.cz/api/ukazatele?ic=00244619&obdobi=2412
2024,,single_school,founder:00244627,00244627,Obec Zbečno,obec,1,1,599800,0,599800,1,7714675,aggregate_candidate_needs_confirmation,,,,,https://monitor.statnipokladna.gov.cz/api/ukazatele?ic=00244627&obdobi=2412
2024,,single_school,founder:00244678,00244678,Obec Borek,obec,1,1,700000,0,700000,1,17100175,aggregate_candidate_needs_confirmation,,,,,https://monitor.statnipokladna.gov.cz/api/ukazatele?ic=00244678&obdobi=2412
2024,,single_school,founder:00244724,00244724,Obec Čejkovice,obec,1,1,210000,0,210000,1,2247183,aggregate_candidate_needs_confirmation,,,,,https://monitor.statnipokladna.gov.cz/api/ukazatele?ic=00244724&obdobi=2412
2024,,single_school,founder:00244791,00244791,Městys Dolní Bukovsko,obec,1,1,3500000,0,3500000,1,27547110,aggregate_candidate_needs_confirmation,,,,,https://monitor.statnipokladna.gov.cz/api/ukazatele?ic=00244791&obdobi=2412
2024,,single_school,founder:00244813,00244813,Obec Doudleby,obec,1,1,1100000,0,1100000,1,9342225,aggregate_candidate_needs_confirmation,,,,,https://monitor.statnipokladna.gov.cz/api/ukazatele?ic=00244813&obdobi=2412
2024,,single_school,founder:00244830,00244830,Obec Dříteň,obec,1,1,3750000,0,3750000,1,32350259,aggregate_candidate_needs_confirmation,,,,,https://monitor.statnipokladna.gov.cz/api/ukazatele?ic=00244830&obdobi=2412
2024,,single_school,founder:00244856,00244856,Obec Dubné,obec,1,1,7400000,0,7400000,1,51093036,aggregate_candidate_needs_confirmation,,,,,https://monitor.statnipokladna.gov.cz/api/ukazatele?ic=00244856&obdobi=2412
2024,,single_school,founder:00244902,00244902,Obec Homole,obec,1,1,600000,0,600000,1,4898010,aggregate_candidate_needs_confirmation,,,,,https://monitor.statnipokladna.gov.cz/api/ukazatele?ic=00244902&obdobi=2412
2024,,single_school,founder:00244929,00244929,Obec Horní Stropnice,obec,1,1,2600000,0,2600000,1,22299448,aggregate_candidate_needs_confirmation,,,,,https://monitor.statnipokladna.gov.cz/api/ukazatele?ic=00244929&obdobi=2412
2024,,single_school,founder:00244937,00244937,Obec Hosín,obec,1,1,862000,0,862000,1,11705748,aggregate_candidate_needs_confirmation,,,,,https://monitor.statnipokladna.gov.cz/api/ukazatele?ic=00244937&obdobi=2412
2024,,single_school,founder:00245003,00245003,Obec Chrášťany,obec,1,1,3360000,0,3360000,1,20491485,aggregate_candidate_needs_confirmation,,,,,https://monitor.statnipokladna.gov.cz/api/ukazatele?ic=00245003&obdobi=2412
2024,,single_school,founder:00245038,00245038,Obec Jílovice,obec,1,2,1294823,67283,1362106,1,11478173,aggregate_candidate_needs_confirmation,,,,,https://monitor.statnipokladna.gov.cz/api/ukazatele?ic=00245038&obdobi=2412
2024,,single_school,founder:00245062,00245062,Obec Kamenný Újezd,obec,1,1,6918000,0,6918000,1,42172222,aggregate_candidate_needs_confirmation,,,,,https://monitor.statnipokladna.gov.cz/api/ukazatele?ic=00245062&obdobi=2412
2024,,single_school,founder:00245135,00245135,Městys Ledenice,obec,1,2,4731702,265500,4997202,1,42838183,aggregate_candidate_needs_confirmation,,,,,https://monitor.statnipokladna.gov.cz/api/ukazatele?ic=00245135&obdobi=2412
2024,,single_school,founder:00245160,00245160,Obec Lipí,obec,1,1,600000,0,600000,1,5423984,aggregate_candidate_needs_confirmation,,,,,https://monitor.statnipokladna.gov.cz/api/ukazatele?ic=00245160&obdobi=2412
2024,,single_school,founder:00245178,00245178,Město Lišov,obec,1,1,11230728,0,11230728,1,74141727,aggregate_candidate_needs_confirmation,,,,,https://monitor.statnipokladna.gov.cz/api/ukazatele?ic=00245178&obdobi=2412
2024,,single_school,founder:00245194,00245194,Obec Litvínovice,obec,1,1,5083000,0,5083000,1,34020153,aggregate_candidate_needs_confirmation,,,,,https://monitor.statnipokladna.gov.cz/api/ukazatele?ic=00245194&obdobi=2412
2024,,single_school,founder:00245208,00245208,Obec Ločenice,obec,1,1,400000,0,400000,1,2765854,aggregate_candidate_needs_confirmation,,,,,https://monitor.statnipokladna.gov.cz/api/ukazatele?ic=00245208&obdobi=2412
2024,,single_school,founder:00245216,00245216,Obec Mladošovice,obec,1,1,600000,0,600000,1,3124765,aggregate_candidate_needs_confirmation,,,,,https://monitor.statnipokladna.gov.cz/api/ukazatele?ic=00245216&obdobi=2412
2024,,single_school,founder:00245224,00245224,Obec Nedabyle,obec,1,1,923900,0,923900,1,12582584,aggregate_candidate_needs_confirmation,,,,,https://monitor.statnipokladna.gov.cz/api/ukazatele?ic=00245224&obdobi=2412
2024,,single_school,founder:00245283,00245283,Obec Olešnice,obec,1,1,480000,0,480000,1,11343825,aggregate_candidate_needs_confirmation,,,,,https://monitor.statnipokladna.gov.cz/api/ukazatele?ic=00245283&obdobi=2412
2024,,single_school,founder:00245291,00245291,Obec Olešník,obec,1,1,2100000,0,2100000,1,10471038,aggregate_candidate_needs_confirmation,,,,,https://monitor.statnipokladna.gov.cz/api/ukazatele?ic=00245291&obdobi=2412
2024,,single_school,founder:00245372,00245372,Obec Roudné,obec,1,1,734000,0,734000,1,6101269,aggregate_candidate_needs_confirmation,,,,,https://monitor.statnipokladna.gov.cz/api/ukazatele?ic=00245372&obdobi=2412
2024,,single_school,founder:00245381,00245381,Město Rudolfov,obec,1,1,8499000,0,8499000,1,62361625,aggregate_candidate_needs_confirmation,,,,,https://monitor.statnipokladna.gov.cz/api/ukazatele?ic=00245381&obdobi=2412
2024,,single_school,founder:00245402,00245402,Obec Římov,obec,1,1,1200000,0,1200000,1,11910959,aggregate_candidate_needs_confirmation,,,,,https://monitor.statnipokladna.gov.cz/api/ukazatele?ic=00245402&obdobi=2412
2024,,single_school,founder:00245411,00245411,Obec Sedlec,obec,1,1,547853,0,547853,1,3085779,aggregate_candidate_needs_confirmation,,,,,https://monitor.statnipokladna.gov.cz/api/ukazatele?ic=00245411&obdobi=2412
2024,,single_school,founder:00245429,00245429,Obec Slavče,obec,1,1,490000,0,490000,1,5128889,aggregate_candidate_needs_confirmation,,,,,https://monitor.statnipokladna.gov.cz/api/ukazatele?ic=00245429&obdobi=2412
2024,,single_school,founder:00245445,00245445,Obec Srubec,obec,1,3,3000000,570098,3570098,1,24826134,aggregate_candidate_needs_confirmation,,,,,https://monitor.statnipokladna.gov.cz/api/ukazatele?ic=00245445&obdobi=2412
2024,,single_school,founder:00245453,00245453,Obec Staré Hodějovice,obec,1,1,750000,0,750000,1,4082696,aggregate_candidate_needs_confirmation,,,,,https://monitor.statnipokladna.gov.cz/api/ukazatele?ic=00245453&obdobi=2412
2024,,single_school,founder:00245461,00245461,Obec Strážkovice,obec,1,1,800000,0,800000,1,5558899,aggregate_candidate_needs_confirmation,,,,,https://monitor.statnipokladna.gov.cz/api/ukazatele?ic=00245461&obdobi=2412
2024,,single_school,founder:00245488,00245488,Obec Svatý Jan nad Malší,obec,1,1,1000000,0,1000000,1,9842836,aggregate_candidate_needs_confirmation,,,,,https://monitor.statnipokladna.gov.cz/api/ukazatele?ic=00245488&obdobi=2412
2024,,single_school,founder:00245500,00245500,Městys Ševětín,obec,1,1,7000000,0,7000000,1,51383809,aggregate_candidate_needs_confirmation,,,,,https://monitor.statnipokladna.gov.cz/api/ukazatele?ic=00245500&obdobi=2412
2024,,single_school,founder:00245518,00245518,Obec Štěpánovice,obec,1,1,1600000,0,1600000,1,14903804,aggregate_candidate_needs_confirmation,,,,,https://monitor.statnipokladna.gov.cz/api/ukazatele?ic=00245518&obdobi=2412
2024,,single_school,founder:00245534,00245534,Obec Temelín,obec,1,1,1970000,0,1970000,1,7397110,aggregate_candidate_needs_confirmation,,,,,https://monitor.statnipokladna.gov.cz/api/ukazatele?ic=00245534&obdobi=2412
2024,,single_school,founder:00245607,00245607,Obec Včelná,obec,1,1,650000,0,650000,1,11564344,aggregate_candidate_needs_confirmation,,,,,https://monitor.statnipokladna.gov.cz/api/ukazatele?ic=00245607&obdobi=2412
2024,,single_school,founder:00245666,00245666,Obec Všemyslice,obec,1,1,1250000,0,1250000,1,13239117,aggregate_candidate_needs_confirmation,,,,,https://monitor.statnipokladna.gov.cz/api/ukazatele?ic=00245666&obdobi=2412
2024,,single_school,founder:00245747,00245747,Obec Žabovřesky,obec,1,1,296300,0,296300,1,2681717,aggregate_candidate_needs_confirmation,,,,,https://monitor.statnipokladna.gov.cz/api/ukazatele?ic=00245747&obdobi=2412
2024,,single_school,founder:00245763,00245763,Obec Žimutice,obec,1,1,420000,0,420000,1,5819076,aggregate_candidate_needs_confirmation,,,,,https://monitor.statnipokladna.gov.cz/api/ukazatele?ic=00245763&obdobi=2412
2024,,single_school,founder:00245780,00245780,Obec Benešov nad Černou,obec,1,1,1990000,0,1990000,1,22173033,aggregate_candidate_needs_confirmation,,,,,https://monitor.statnipokladna.gov.cz/api/ukazatele?ic=00245780&obdobi=2412
2024,,single_school,founder:00245798,00245798,Městys Besednice,obec,1,2,2680000,70000,2750000,1,23186934,aggregate_candidate_needs_confirmation,,,,,https://monitor.statnipokladna.gov.cz/api/ukazatele?ic=00245798&obdobi=2412
2024,,single_school,founder:00245801,00245801,Obec Brloh,obec,1,1,3602184,0,3602184,1,26417461,aggregate_candidate_needs_confirmation,,,,,https://monitor.statnipokladna.gov.cz/api/ukazatele?ic=00245801&obdobi=2412
2024,,single_school,founder:00245810,00245810,Obec Bujanov,obec,1,1,650000,0,650000,1,7567813,aggregate_candidate_needs_confirmation,,,,,https://monitor.statnipokladna.gov.cz/api/ukazatele?ic=00245810&obdobi=2412
2024,,single_school,founder:00245828,00245828,Obec Černá v Pošumaví,obec,1,1,1758768,0,1758768,1,10956115,aggregate_candidate_needs_confirmation,,,,,https://monitor.statnipokladna.gov.cz/api/ukazatele?ic=00245828&obdobi=2412
2024,,single_school,founder:00245844,00245844,Obec Dolní Dvořiště,obec,1,1,3344000,0,3344000,1,15350907,aggregate_candidate_needs_confirmation,,,,,https://monitor.statnipokladna.gov.cz/api/ukazatele?ic=00245844&obdobi=2412
2024,,single_school,founder:00245852,00245852,Obec Dolní Třebonín,obec,1,2,2403024,95710,2498734,1,11017652,aggregate_candidate_needs_confirmation,,,,,https://monitor.statnipokladna.gov.cz/api/ukazatele?ic=00245852&obdobi=2412
2024,,single_school,founder:00245861,00245861,Městys Frymburk,obec,1,1,4600000,0,4600000,1,34827158,aggregate_candidate_needs_confirmation,,,,,https://monitor.statnipokladna.gov.cz/api/ukazatele?ic=00245861&obdobi=2412
2024,,single_school,founder:00245879,00245879,Obec Holubov,obec,1,1,1400000,0,1400000,1,10902028,aggregate_candidate_needs_confirmation,,,,,https://monitor.statnipokladna.gov.cz/api/ukazatele?ic=00245879&obdobi=2412
2024,,single_school,founder:00245887,00245887,Obec Horní Dvořiště,obec,1,2,2216660,0,2216660,1,5542882,aggregate_candidate_needs_confirmation,,,,,https://monitor.statnipokladna.gov.cz/api/ukazatele?ic=00245887&obdobi=2412
2024,,single_school,founder:00245895,00245895,Město Horní Planá,obec,1,1,3400000,0,3400000,1,29318856,aggregate_candidate_needs_confirmation,,,,,https://monitor.statnipokladna.gov.cz/api/ukazatele?ic=00245895&obdobi=2412
2024,,single_school,founder:00245909,00245909,Městys Hořice na Šumavě,obec,1,1,2369060,0,2369060,1,11247966,aggregate_candidate_needs_confirmation,,,,,https://monitor.statnipokladna.gov.cz/api/ukazatele?ic=00245909&obdobi=2412
2024,,single_school,founder:00245925,00245925,Obec Chvalšiny,obec,1,1,2530000,0,2530000,1,21198782,aggregate_candidate_needs_confirmation,,,,,https://monitor.statnipokladna.gov.cz/api/ukazatele?ic=00245925&obdobi=2412
2024,,single_school,founder:00245933,00245933,Obec Kájov,obec,1,1,2500000,0,2500000,1,19308018,aggregate_candidate_needs_confirmation,,,,,https://monitor.statnipokladna.gov.cz/api/ukazatele?ic=00245933&obdobi=2412
2024,,single_school,founder:00245950,00245950,Městys Křemže,obec,1,1,6000000,0,6000000,1,52910915,aggregate_candidate_needs_confirmation,,,,,https://monitor.statnipokladna.gov.cz/api/ukazatele?ic=00245950&obdobi=2412
2024,,single_school,founder:00245976,00245976,Obec Lipno nad Vltavou,obec,1,1,3299156,0,3299156,1,13059259,aggregate_candidate_needs_confirmation,,,,,https://monitor.statnipokladna.gov.cz/api/ukazatele?ic=00245976&obdobi=2412
2024,,single_school,founder:00245984,00245984,Obec Loučovice,obec,1,1,5610000,0,5610000,1,28574291,aggregate_candidate_needs_confirmation,,,,,https://monitor.statnipokladna.gov.cz/api/ukazatele?ic=00245984&obdobi=2412
2024,,single_school,founder:00245992,00245992,Obec Malonty,obec,1,2,3688418,156215,3844633,1,26025604,aggregate_candidate_needs_confirmation,,,,,https://monitor.statnipokladna.gov.cz/api/ukazatele?ic=00245992&obdobi=2412
2024,,single_school,founder:00246018,00246018,Obec Netřebice,obec,1,1,450000,0,450000,1,3469134,aggregate_candidate_needs_confirmation,,,,,https://monitor.statnipokladna.gov.cz/api/ukazatele?ic=00246018&obdobi=2412
2024,,single_school,founder:00246093,00246093,Městys Přídolí,obec,1,1,1761307,0,1761307,1,13142027,aggregate_candidate_needs_confirmation,,,,,https://monitor.statnipokladna.gov.cz/api/ukazatele?ic=00246093&obdobi=2412
2024,,single_school,founder:00246123,00246123,Obec Rožmitál na Šumavě,obec,1,1,1300000,0,1300000,1,5179376,aggregate_candidate_needs_confirmation,,,,,https://monitor.statnipokladna.gov.cz/api/ukazatele?ic=00246123&obdobi=2412
2024,,single_school,founder:00246182,00246182,Město Větřní,obec,1,1,10056490,0,10056490,1,49019765,aggregate_candidate_needs_confirmation,,,,,https://monitor.statnipokladna.gov.cz/api/ukazatele?ic=00246182&obdobi=2412
2024,,single_school,founder:00246191,00246191,Město Vyšší Brod,obec,1,1,7926522,0,7926522,1,38867139,aggregate_candidate_needs_confirmation,,,,,https://monitor.statnipokladna.gov.cz/api/ukazatele?ic=00246191&obdobi=2412
2024,,single_school,founder:00246212,00246212,Obec Zlatá Koruna,obec,1,1,522000,0,522000,1,7233582,aggregate_candidate_needs_confirmation,,,,,https://monitor.statnipokladna.gov.cz/api/ukazatele?ic=00246212&obdobi=2412
2024,,single_school,founder:00246221,00246221,Obec Zubčice,obec,1,1,1055000,0,1055000,1,6648838,aggregate_candidate_needs_confirmation,,,,,https://monitor.statnipokladna.gov.cz/api/ukazatele?ic=00246221&obdobi=2412
2024,,single_school,founder:00246379,00246379,Obec Budeč,obec,1,1,700000,0,700000,1,6069305,aggregate_candidate_needs_confirmation,,,,,https://monitor.statnipokladna.gov.cz/api/ukazatele?ic=00246379&obdobi=2412
2024,,single_school,founder:00246387,00246387,Obec Budíškovice,obec,1,1,750000,0,750000,1,7609955,aggregate_candidate_needs_confirmation,,,,,https://monitor.statnipokladna.gov.cz/api/ukazatele?ic=00246387&obdobi=2412
2024,,single_school,founder:00246433,00246433,Město České Velenice,obec,1,3,4643320,411400,5054720,1,48118435,aggregate_candidate_needs_confirmation,,,,,https://monitor.statnipokladna.gov.cz/api/ukazatele?ic=00246433&obdobi=2412
2024,,single_school,founder:00246441,00246441,Obec Český Rudolec,obec,1,1,4470314,0,4470314,1,15618255,aggregate_candidate_needs_confirmation,,,,,https://monitor.statnipokladna.gov.cz/api/ukazatele?ic=00246441&obdobi=2412
2024,,single_school,founder:00246450,00246450,Obec Číměř,obec,1,1,800000,0,800000,1,2916887,aggregate_candidate_needs_confirmation,,,,,https://monitor.statnipokladna.gov.cz/api/ukazatele?ic=00246450&obdobi=2412
2024,,single_school,founder:00246492,00246492,Obec Dešná,obec,1,1,1121292,0,1121292,1,7429280,aggregate_candidate_needs_confirmation,,,,,https://monitor.statnipokladna.gov.cz/api/ukazatele?ic=00246492&obdobi=2412
2024,,single_school,founder:00246506,00246506,Město Deštná,obec,1,1,2444000,0,2444000,1,20106323,aggregate_candidate_needs_confirmation,,,,,https://monitor.statnipokladna.gov.cz/api/ukazatele?ic=00246506&obdobi=2412
2024,,single_school,founder:00246719,00246719,Obec Horní Pěna,obec,1,1,653234,0,653234,1,5059955,aggregate_candidate_needs_confirmation,,,,,https://monitor.statnipokladna.gov.cz/api/ukazatele?ic=00246719&obdobi=2412
2024,,single_school,founder:00246751,00246751,Obec Hospříz,obec,1,1,360000,0,360000,1,2913975,aggregate_candidate_needs_confirmation,,,,,https://monitor.statnipokladna.gov.cz/api/ukazatele?ic=00246751&obdobi=2412
2024,,single_school,founder:00246794,00246794,Obec Hříšice,obec,1,1,185000,0,185000,1,2487803,aggregate_candidate_needs_confirmation,,,,,https://monitor.statnipokladna.gov.cz/api/ukazatele?ic=00246794&obdobi=2412
2024,,single_school,founder:00246859,00246859,Obec Jarošov nad Nežárkou,obec,1,1,1200000,0,1200000,1,12678151,aggregate_candidate_needs_confirmation,,,,,https://monitor.statnipokladna.gov.cz/api/ukazatele?ic=00246859&obdobi=2412
2024,,single_school,founder:00246905,00246905,Město Kardašova Řečice,obec,1,1,3723500,0,3723500,1,39701528,aggregate_candidate_needs_confirmation,,,,,https://monitor.statnipokladna.gov.cz/api/ukazatele?ic=00246905&obdobi=2412
2024,,single_school,founder:00246972,00246972,Obec Lásenice,obec,1,1,300000,0,300000,1,3134789,aggregate_candidate_needs_confirmation,,,,,https://monitor.statnipokladna.gov.cz/api/ukazatele?ic=00246972&obdobi=2412
2024,,single_school,founder:00247014,00247014,Obec Lodhéřov,obec,1,1,650000,0,650000,1,5385182,aggregate_candidate_needs_confirmation,,,,,https://monitor.statnipokladna.gov.cz/api/ukazatele?ic=00247014&obdobi=2412
2024,,single_school,founder:00247022,00247022,Město Lomnice nad Lužnicí,obec,1,2,3600000,777950,4377950,1,33296771,aggregate_candidate_needs_confirmation,,,,,https://monitor.statnipokladna.gov.cz/api/ukazatele?ic=00247022&obdobi=2412
2024,,single_school,founder:00247065,00247065,Obec Majdalena,obec,1,1,898000,0,898000,1,6575059,aggregate_candidate_needs_confirmation,,,,,https://monitor.statnipokladna.gov.cz/api/ukazatele?ic=00247065&obdobi=2412
2024,,single_school,founder:00247138,00247138,Město Nová Bystřice,obec,1,1,17291981,0,17291981,1,47295233,aggregate_candidate_needs_confirmation,,,,,https://monitor.statnipokladna.gov.cz/api/ukazatele?ic=00247138&obdobi=2412
2024,,single_school,founder:00247171,00247171,Obec Novosedly nad Nežárkou,obec,1,1,1055275,0,1055275,1,8899948,aggregate_candidate_needs_confirmation,,,,,https://monitor.statnipokladna.gov.cz/api/ukazatele?ic=00247171&obdobi=2412
2024,,single_school,founder:00247227,00247227,Obec Písečné,obec,1,1,300000,0,300000,1,3289844,aggregate_candidate_needs_confirmation,,,,,https://monitor.statnipokladna.gov.cz/api/ukazatele?ic=00247227&obdobi=2412
2024,,single_school,founder:00247260,00247260,Obec Pluhův Žďár,obec,1,1,430000,0,430000,1,3139462,aggregate_candidate_needs_confirmation,,,,,https://monitor.statnipokladna.gov.cz/api/ukazatele?ic=00247260&obdobi=2412
2024,,single_school,founder:00247286,00247286,Obec Popelín,obec,1,1,800000,0,800000,1,7219565,aggregate_candidate_needs_confirmation,,,,,https://monitor.statnipokladna.gov.cz/api/ukazatele?ic=00247286&obdobi=2412
2024,,single_school,founder:00247481,00247481,Obec Staré Hobzí,obec,1,1,1705000,0,1705000,1,14993977,aggregate_candidate_needs_confirmation,,,,,https://monitor.statnipokladna.gov.cz/api/ukazatele?ic=00247481&obdobi=2412
2024,,single_school,founder:00247499,00247499,Městys Staré Město pod Landštejnem,obec,1,1,900000,0,900000,1,6942270,aggregate_candidate_needs_confirmation,,,,,https://monitor.statnipokladna.gov.cz/api/ukazatele?ic=00247499&obdobi=2412
2024,,single_school,founder:00247502,00247502,Město Stráž nad Nežárkou,obec,1,1,3000000,0,3000000,1,23310527,aggregate_candidate_needs_confirmation,,,,,https://monitor.statnipokladna.gov.cz/api/ukazatele?ic=00247502&obdobi=2412
2024,,single_school,founder:00247545,00247545,Obec Studená,obec,1,1,5550000,0,5550000,1,33599239,aggregate_candidate_needs_confirmation,,,,,https://monitor.statnipokladna.gov.cz/api/ukazatele?ic=00247545&obdobi=2412
2024,,single_school,founder:00247715,00247715,Obec Volfířov,obec,1,1,1347000,0,1347000,1,7426303,aggregate_candidate_needs_confirmation,,,,,https://monitor.statnipokladna.gov.cz/api/ukazatele?ic=00247715&obdobi=2412
2024,,single_school,founder:00247855,00247855,Městys Božejov,obec,1,1,1850000,0,1850000,1,9523111,aggregate_candidate_needs_confirmation,,,,,https://monitor.statnipokladna.gov.cz/api/ukazatele?ic=00247855&obdobi=2412
2024,,single_school,founder:00247901,00247901,Obec Budíkov,obec,1,1,340000,0,340000,1,2583328,aggregate_candidate_needs_confirmation,,,,,https://monitor.statnipokladna.gov.cz/api/ukazatele?ic=00247901&obdobi=2412
2024,,single_school,founder:00247987,00247987,Obec Častrov,obec,1,1,864800,0,864800,1,5861896,aggregate_candidate_needs_confirmation,,,,,https://monitor.statnipokladna.gov.cz/api/ukazatele?ic=00247987&obdobi=2412
2024,,single_school,founder:00248002,00248002,Obec Čejov,obec,1,1,1300000,0,1300000,1,11612310,aggregate_candidate_needs_confirmation,,,,,https://monitor.statnipokladna.gov.cz/api/ukazatele?ic=00248002&obdobi=2412
2024,,single_school,founder:00248037,00248037,Město Černovice,obec,1,1,3600000,0,3600000,1,28137858,aggregate_candidate_needs_confirmation,,,,,https://monitor.statnipokladna.gov.cz/api/ukazatele?ic=00248037&obdobi=2412
2024,,single_school,founder:00248045,00248045,Město Červená Řečice,obec,1,1,800000,0,800000,1,4972903,aggregate_candidate_needs_confirmation,,,,,https://monitor.statnipokladna.gov.cz/api/ukazatele?ic=00248045&obdobi=2412
2024,,single_school,founder:00248215,00248215,Obec Hořepník,obec,1,1,2400000,0,2400000,1,15052130,aggregate_candidate_needs_confirmation,,,,,https://monitor.statnipokladna.gov.cz/api/ukazatele?ic=00248215&obdobi=2412
2024,,single_school,founder:00248355,00248355,Obec Jiřice,obec,1,1,2061000,0,2061000,1,11647783,aggregate_candidate_needs_confirmation,,,,,https://monitor.statnipokladna.gov.cz/api/ukazatele?ic=00248355&obdobi=2412
2024,,single_school,founder:00248363,00248363,Obec Kaliště,obec,1,1,300000,0,300000,1,2670888,aggregate_candidate_needs_confirmation,,,,,https://monitor.statnipokladna.gov.cz/api/ukazatele?ic=00248363&obdobi=2412
2024,,single_school,founder:00248371,00248371,Obec Kámen,obec,1,1,120000,0,120000,1,2378045,aggregate_candidate_needs_confirmation,,,,,https://monitor.statnipokladna.gov.cz/api/ukazatele?ic=00248371&obdobi=2412
2024,,single_school,founder:00248398,00248398,Obec Kejžlice,obec,1,1,315000,0,315000,1,2613210,aggregate_candidate_needs_confirmation,,,,,https://monitor.statnipokladna.gov.cz/api/ukazatele?ic=00248398&obdobi=2412
2024,,single_school,founder:00248444,00248444,Obec Košetice,obec,1,1,2400000,0,2400000,1,29685041,aggregate_candidate_needs_confirmation,,,,,https://monitor.statnipokladna.gov.cz/api/ukazatele?ic=00248444&obdobi=2412
2024,,single_school,founder:00248606,00248606,Městys Lukavec,obec,1,2,2909656,113135,3022791,1,20869273,aggregate_candidate_needs_confirmation,,,,,https://monitor.statnipokladna.gov.cz/api/ukazatele?ic=00248606&obdobi=2412
2024,,single_school,founder:00248665,00248665,Obec Mnich,obec,1,1,440500,0,440500,1,3106029,aggregate_candidate_needs_confirmation,,,,,https://monitor.statnipokladna.gov.cz/api/ukazatele?ic=00248665&obdobi=2412
2024,,single_school,founder:00248720,00248720,Městys Nová Cerekev,obec,1,1,2881532,0,2881532,1,20424259,aggregate_candidate_needs_confirmation,,,,,https://monitor.statnipokladna.gov.cz/api/ukazatele?ic=00248720&obdobi=2412
2024,,single_school,founder:00248746,00248746,Obec Obrataň,obec,1,1,400000,0,400000,1,6713949,aggregate_candidate_needs_confirmation,,,,,https://monitor.statnipokladna.gov.cz/api/ukazatele?ic=00248746&obdobi=2412
2024,,single_school,founder:00249289,00249289,Obec Velká Chyška,obec,1,1,165000,0,165000,1,3140576,aggregate_candidate_needs_confirmation,,,,,https://monitor.statnipokladna.gov.cz/api/ukazatele?ic=00249289&obdobi=2412
2024,,single_school,founder:00249416,00249416,Obec Vyskytná,obec,1,1,1700000,0,1700000,1,11371789,aggregate_candidate_needs_confirmation,,,,,https://monitor.statnipokladna.gov.cz/api/ukazatele?ic=00249416&obdobi=2412
2024,,single_school,founder:00249521,00249521,Obec Albrechtice nad Vltavou,obec,1,1,2421708,0,2421708,1,17343565,aggregate_candidate_needs_confirmation,,,,,https://monitor.statnipokladna.gov.cz/api/ukazatele?ic=00249521&obdobi=2412
2024,,single_school,founder:00249530,00249530,Městys Bernartice,obec,1,1,4603650,0,4603650,1,29753220,aggregate_candidate_needs_confirmation,,,,,https://monitor.statnipokladna.gov.cz/api/ukazatele?ic=00249530&obdobi=2412
2024,,single_school,founder:00249556,00249556,Obec Božetice,obec,1,1,490000,0,490000,1,3043103,aggregate_candidate_needs_confirmation,,,,,https://monitor.statnipokladna.gov.cz/api/ukazatele?ic=00249556&obdobi=2412
2024,,single_school,founder:00249564,00249564,Obec Branice,obec,1,1,380000,0,380000,1,2824451,aggregate_candidate_needs_confirmation,,,,,https://monitor.statnipokladna.gov.cz/api/ukazatele?ic=00249564&obdobi=2412
2024,,single_school,founder:00249599,00249599,Obec Čimelice,obec,1,2,4103474,100138,4203612,1,26938878,aggregate_candidate_needs_confirmation,,,,,https://monitor.statnipokladna.gov.cz/api/ukazatele?ic=00249599&obdobi=2412
2024,,single_school,founder:00249602,00249602,Obec Čížová,obec,1,1,1000000,0,1000000,1,13295152,aggregate_candidate_needs_confirmation,,,,,https://monitor.statnipokladna.gov.cz/api/ukazatele?ic=00249602&obdobi=2412
2024,,single_school,founder:00249629,00249629,Obec Stará Dobev,obec,1,1,530000,0,530000,1,2759694,aggregate_candidate_needs_confirmation,,,,,https://monitor.statnipokladna.gov.cz/api/ukazatele?ic=00249629&obdobi=2412
2024,,single_school,founder:00249742,00249742,Obec Kestřany,obec,1,1,840000,0,840000,1,4961564,aggregate_candidate_needs_confirmation,,,,,https://monitor.statnipokladna.gov.cz/api/ukazatele?ic=00249742&obdobi=2412
2024,,single_school,founder:00249751,00249751,Obec Kluky,obec,1,1,936500,0,936500,1,10508243,aggregate_candidate_needs_confirmation,,,,,https://monitor.statnipokladna.gov.cz/api/ukazatele?ic=00249751&obdobi=2412
2024,,single_school,founder:00249769,00249769,Obec Kostelec nad Vltavou,obec,1,1,200000,0,200000,1,2148288,aggregate_candidate_needs_confirmation,,,,,https://monitor.statnipokladna.gov.cz/api/ukazatele?ic=00249769&obdobi=2412
2024,,single_school,founder:00249840,00249840,Obec Mirotice,obec,1,1,3600000,0,3600000,1,24772686,aggregate_candidate_needs_confirmation,,,,,https://monitor.statnipokladna.gov.cz/api/ukazatele?ic=00249840&obdobi=2412
2024,,single_school,founder:00249858,00249858,Město Mirovice,obec,1,2,4578398,302000,4880398,1,31098984,aggregate_candidate_needs_confirmation,,,,,https://monitor.statnipokladna.gov.cz/api/ukazatele?ic=00249858&obdobi=2412
2024,,single_school,founder:00249891,00249891,Obec Nadějkov,obec,1,1,1954000,0,1954000,1,9285064,aggregate_candidate_needs_confirmation,,,,,https://monitor.statnipokladna.gov.cz/api/ukazatele?ic=00249891&obdobi=2412
2024,,single_school,founder:00249939,00249939,Obec Orlík nad Vltavou,obec,1,1,720000,0,720000,1,6052971,aggregate_candidate_needs_confirmation,,,,,https://monitor.statnipokladna.gov.cz/api/ukazatele?ic=00249939&obdobi=2412
2024,,single_school,founder:00249955,00249955,Obec Oslov,obec,1,1,770850,0,770850,1,4705013,aggregate_candidate_needs_confirmation,,,,,https://monitor.statnipokladna.gov.cz/api/ukazatele?ic=00249955&obdobi=2412
2024,,single_school,founder:00249963,00249963,Obec Ostrovec,obec,1,1,466600,0,466600,1,2576250,aggregate_candidate_needs_confirmation,,,,,https://monitor.statnipokladna.gov.cz/api/ukazatele?ic=00249963&obdobi=2412
2024,,single_school,founder:00250058,00250058,Obec Putim,obec,1,1,600000,0,600000,1,2627429,aggregate_candidate_needs_confirmation,,,,,https://monitor.statnipokladna.gov.cz/api/ukazatele?ic=00250058&obdobi=2412
2024,,single_school,founder:00250091,00250091,Městys Sepekov,obec,1,2,4263155,50000,4313155,1,25695315,aggregate_candidate_needs_confirmation,,,,,https://monitor.statnipokladna.gov.cz/api/ukazatele?ic=00250091&obdobi=2412
2024,,single_school,founder:00250244,00250244,Obec Záhoří,obec,1,1,2350000,0,2350000,1,25019562,aggregate_candidate_needs_confirmation,,,,,https://monitor.statnipokladna.gov.cz/api/ukazatele?ic=00250244&obdobi=2412
2024,,single_school,founder:00250333,00250333,Obec Bohumilice,obec,1,1,700000,0,700000,1,4894408,aggregate_candidate_needs_confirmation,,,,,https://monitor.statnipokladna.gov.cz/api/ukazatele?ic=00250333&obdobi=2412
2024,,single_school,founder:00250341,00250341,Obec Borová Lada,obec,1,1,1093000,0,1093000,1,7779329,aggregate_candidate_needs_confirmation,,,,,https://monitor.statnipokladna.gov.cz/api/ukazatele?ic=00250341&obdobi=2412
2024,,single_school,founder:00250384,00250384,Obec Čkyně,obec,1,2,3930000,0,3930000,1,30986763,aggregate_candidate_needs_confirmation,,,,,https://monitor.statnipokladna.gov.cz/api/ukazatele?ic=00250384&obdobi=2412
2024,,single_school,founder:00250406,00250406,Městys Dub,obec,1,1,1250000,0,1250000,1,8296967,aggregate_candidate_needs_confirmation,,,,,https://monitor.statnipokladna.gov.cz/api/ukazatele?ic=00250406&obdobi=2412
2024,,single_school,founder:00250422,00250422,Obec Horní Vltavice,obec,1,1,1125000,0,1125000,1,5277079,aggregate_candidate_needs_confirmation,,,,,https://monitor.statnipokladna.gov.cz/api/ukazatele?ic=00250422&obdobi=2412
2024,,single_school,founder:00250431,00250431,Obec Hracholusky,obec,1,1,208000,0,208000,1,2783162,aggregate_candidate_needs_confirmation,,,,,https://monitor.statnipokladna.gov.cz/api/ukazatele?ic=00250431&obdobi=2412
2024,,single_school,founder:00250449,00250449,Město Husinec,obec,1,1,2890000,0,2890000,1,23944733,aggregate_candidate_needs_confirmation,,,,,https://monitor.statnipokladna.gov.cz/api/ukazatele?ic=00250449&obdobi=2412
2024,,single_school,founder:00250465,00250465,Obec Chroboly,obec,1,1,654000,0,654000,1,3326807,aggregate_candidate_needs_confirmation,,,,,https://monitor.statnipokladna.gov.cz/api/ukazatele?ic=00250465&obdobi=2412
2024,,single_school,founder:00250503,00250503,Obec Ktiš,obec,1,1,1200000,0,1200000,1,6681794,aggregate_candidate_needs_confirmation,,,,,https://monitor.statnipokladna.gov.cz/api/ukazatele?ic=00250503&obdobi=2412
2024,,single_school,founder:00250520,00250520,Obec Lažiště,obec,1,1,341777,0,341777,1,2466586,aggregate_candidate_needs_confirmation,,,,,https://monitor.statnipokladna.gov.cz/api/ukazatele?ic=00250520&obdobi=2412
2024,,single_school,founder:00250538,00250538,Obec Lenora,obec,1,1,350000,0,350000,1,7578130,aggregate_candidate_needs_confirmation,,,,,https://monitor.statnipokladna.gov.cz/api/ukazatele?ic=00250538&obdobi=2412
2024,,single_school,founder:00250546,00250546,Městys Lhenice,obec,1,1,3200000,0,3200000,1,33239486,aggregate_candidate_needs_confirmation,,,,,https://monitor.statnipokladna.gov.cz/api/ukazatele?ic=00250546&obdobi=2412
2024,,single_school,founder:00250571,00250571,Obec Malovice,obec,1,1,500000,0,500000,1,4657631,aggregate_candidate_needs_confirmation,,,,,https://monitor.statnipokladna.gov.cz/api/ukazatele?ic=00250571&obdobi=2412
2024,,single_school,founder:00250597,00250597,Obec Nebahovy,obec,1,1,284600,0,284600,1,2485884,aggregate_candidate_needs_confirmation,,,,,https://monitor.statnipokladna.gov.cz/api/ukazatele?ic=00250597&obdobi=2412
2024,,single_school,founder:00250619,00250619,Obec Nová Pec,obec,1,2,1370000,371000,1741000,1,7199513,aggregate_candidate_needs_confirmation,,,,,https://monitor.statnipokladna.gov.cz/api/ukazatele?ic=00250619&obdobi=2412
2024,,single_school,founder:00250678,00250678,Obec Stachy,obec,1,1,4404384,0,4404384,1,25623005,aggregate_candidate_needs_confirmation,,,,,https://monitor.statnipokladna.gov.cz/api/ukazatele?ic=00250678&obdobi=2412
2024,,single_school,founder:00250694,00250694,Městys Strážný,obec,1,1,1316000,0,1316000,1,6882511,aggregate_candidate_needs_confirmation,,,,,https://monitor.statnipokladna.gov.cz/api/ukazatele?ic=00250694&obdobi=2412
2024,,single_school,founder:00250708,00250708,Městys Strunkovice nad Blanicí,obec,1,1,1560432,0,1560432,1,21934005,aggregate_candidate_needs_confirmation,,,,,https://monitor.statnipokladna.gov.cz/api/ukazatele?ic=00250708&obdobi=2412
2024,,single_school,founder:00250716,00250716,Obec Svatá Maří,obec,1,1,785233,0,785233,1,6679390,aggregate_candidate_needs_confirmation,,,,,https://monitor.statnipokladna.gov.cz/api/ukazatele?ic=00250716&obdobi=2412
2024,,single_school,founder:00250732,00250732,Obec Šumavské Hoštice,obec,1,1,1550000,0,1550000,1,16991762,aggregate_candidate_needs_confirmation,,,,,https://monitor.statnipokladna.gov.cz/api/ukazatele?ic=00250732&obdobi=2412
2024,,single_school,founder:00250783,00250783,Obec Vacov,obec,1,1,3100000,0,3100000,1,26667107,aggregate_candidate_needs_confirmation,,,,,https://monitor.statnipokladna.gov.cz/api/ukazatele?ic=00250783&obdobi=2412
2024,,single_school,founder:00250864,00250864,Obec Zbytiny,obec,1,1,500000,0,500000,1,4842990,aggregate_candidate_needs_confirmation,,,,,https://monitor.statnipokladna.gov.cz/api/ukazatele?ic=00250864&obdobi=2412
2024,,single_school,founder:00250872,00250872,Obec Zdíkov,obec,1,1,3700000,0,3700000,1,27494152,aggregate_candidate_needs_confirmation,,,,,https://monitor.statnipokladna.gov.cz/api/ukazatele?ic=00250872&obdobi=2412
2024,,single_school,founder:00250953,00250953,Obec Bělčice,obec,1,1,2600000,0,2600000,1,17031751,aggregate_candidate_needs_confirmation,,,,,https://monitor.statnipokladna.gov.cz/api/ukazatele?ic=00250953&obdobi=2412
2024,,single_school,founder:00251038,00251038,Obec Cehnice,obec,1,2,2182371,435457,2617828,1,26602616,aggregate_candidate_needs_confirmation,,,,,https://monitor.statnipokladna.gov.cz/api/ukazatele?ic=00251038&obdobi=2412
2024,,single_school,founder:00251054,00251054,Obec Čejetice,obec,1,1,250000,0,250000,1,4392328,aggregate_candidate_needs_confirmation,,,,,https://monitor.statnipokladna.gov.cz/api/ukazatele?ic=00251054&obdobi=2412
2024,,single_school,founder:00251089,00251089,Městys Čestice,obec,1,1,3007800,0,3007800,1,24933949,aggregate_candidate_needs_confirmation,,,,,https://monitor.statnipokladna.gov.cz/api/ukazatele?ic=00251089&obdobi=2412
2024,,single_school,founder:00251097,00251097,Obec Číčenice,obec,1,1,587904,0,587904,1,2680275,aggregate_candidate_needs_confirmation,,,,,https://monitor.statnipokladna.gov.cz/api/ukazatele?ic=00251097&obdobi=2412
2024,,single_school,founder:00251101,00251101,Obec Doubravice,obec,1,1,400000,0,400000,1,2690808,aggregate_candidate_needs_confirmation,,,,,https://monitor.statnipokladna.gov.cz/api/ukazatele?ic=00251101&obdobi=2412
2024,,single_school,founder:00251135,00251135,Obec Drahonice,obec,1,1,300000,0,300000,1,2538847,aggregate_candidate_needs_confirmation,,,,,https://monitor.statnipokladna.gov.cz/api/ukazatele?ic=00251135&obdobi=2412
2024,,single_school,founder:00251241,00251241,Obec Chelčice,obec,1,1,529000,0,529000,1,6605037,aggregate_candidate_needs_confirmation,,,,,https://monitor.statnipokladna.gov.cz/api/ukazatele?ic=00251241&obdobi=2412
2024,,single_school,founder:00251305,00251305,Městys Katovice,obec,1,2,2837200,135000,2972200,1,32204985,aggregate_candidate_needs_confirmation,,,,,https://monitor.statnipokladna.gov.cz/api/ukazatele?ic=00251305&obdobi=2412
2024,,single_school,founder:00251437,00251437,Obec Lnáře,obec,1,1,1080000,0,1080000,1,8791901,aggregate_candidate_needs_confirmation,,,,,https://monitor.statnipokladna.gov.cz/api/ukazatele?ic=00251437&obdobi=2412
2024,,single_school,founder:00251461,00251461,Obec Malenice,obec,1,1,1434084,0,1434084,1,9042763,aggregate_candidate_needs_confirmation,,,,,https://monitor.statnipokladna.gov.cz/api/ukazatele?ic=00251461&obdobi=2412
2024,,single_school,founder:00251623,00251623,Obec Novosedly,obec,1,1,220000,0,220000,1,2813489,aggregate_candidate_needs_confirmation,,,,,https://monitor.statnipokladna.gov.cz/api/ukazatele?ic=00251623&obdobi=2412
2024,,single_school,founder:00251755,00251755,Obec Sedlice,obec,1,1,3885000,0,3885000,1,23246967,aggregate_candidate_needs_confirmation,,,,,https://monitor.statnipokladna.gov.cz/api/ukazatele?ic=00251755&obdobi=2412
2024,,single_school,founder:00251844,00251844,Obec Střelské Hoštice,obec,1,1,1400000,0,1400000,1,11985544,aggregate_candidate_needs_confirmation,,,,,https://monitor.statnipokladna.gov.cz/api/ukazatele?ic=00251844&obdobi=2412
2024,,single_school,founder:00251895,00251895,Městys Štěkeň,obec,1,1,2600160,0,2600160,1,24950530,aggregate_candidate_needs_confirmation,,,,,https://monitor.statnipokladna.gov.cz/api/ukazatele?ic=00251895&obdobi=2412
2024,,single_school,founder:00252018,00252018,Obec Záboří,obec,1,2,2000000,81576,2081576,1,17151372,aggregate_candidate_needs_confirmation,,,,,https://monitor.statnipokladna.gov.cz/api/ukazatele?ic=00252018&obdobi=2412
2024,,single_school,founder:00252107,00252107,Městys Borotín,obec,1,1,2600000,0,2600000,1,28049596,aggregate_candidate_needs_confirmation,,,,,https://monitor.statnipokladna.gov.cz/api/ukazatele?ic=00252107&obdobi=2412
2024,,single_school,founder:00252239,00252239,Obec Dražice,obec,1,1,1350000,0,1350000,1,14678262,aggregate_candidate_needs_confirmation,,,,,https://monitor.statnipokladna.gov.cz/api/ukazatele?ic=00252239&obdobi=2412
2024,,single_school,founder:00252352,00252352,Obec Chotoviny,obec,1,1,4200000,0,4200000,1,35225149,aggregate_candidate_needs_confirmation,,,,,https://monitor.statnipokladna.gov.cz/api/ukazatele?ic=00252352&obdobi=2412
2024,,single_school,founder:00252361,00252361,Obec Choustník,obec,1,2,2000000,0,2000000,1,22318869,aggregate_candidate_needs_confirmation,,,,,https://monitor.statnipokladna.gov.cz/api/ukazatele?ic=00252361&obdobi=2412
2024,,single_school,founder:00252425,00252425,Město Jistebnice,obec,1,1,3170000,0,3170000,1,32674041,aggregate_candidate_needs_confirmation,,,,,https://monitor.statnipokladna.gov.cz/api/ukazatele?ic=00252425&obdobi=2412
2024,,single_school,founder:00252468,00252468,Obec Košice,obec,1,1,800000,0,800000,1,7111891,aggregate_candidate_needs_confirmation,,,,,https://monitor.statnipokladna.gov.cz/api/ukazatele?ic=00252468&obdobi=2412
2024,,single_school,founder:00252522,00252522,Městys Malšice,obec,1,1,3400000,0,3400000,1,39989086,aggregate_candidate_needs_confirmation,,,,,https://monitor.statnipokladna.gov.cz/api/ukazatele?ic=00252522&obdobi=2412
2024,,single_school,founder:00252557,00252557,Město Mladá Vožice,obec,1,1,6130078,0,6130078,1,54552928,aggregate_candidate_needs_confirmation,,,,,https://monitor.statnipokladna.gov.cz/api/ukazatele?ic=00252557&obdobi=2412
2024,,single_school,founder:00252603,00252603,Obec Nová Ves u Chýnova,obec,1,1,650000,0,650000,1,2790846,aggregate_candidate_needs_confirmation,,,,,https://monitor.statnipokladna.gov.cz/api/ukazatele?ic=00252603&obdobi=2412
2024,,single_school,founder:00252638,00252638,Obec Opařany,obec,1,2,3100000,110000,3210000,1,27101926,aggregate_candidate_needs_confirmation,,,,,https://monitor.statnipokladna.gov.cz/api/ukazatele?ic=00252638&obdobi=2412
2024,,single_school,founder:00252751,00252751,Obec Radimovice u Želče,obec,1,1,350000,0,350000,1,3264833,aggregate_candidate_needs_confirmation,,,,,https://monitor.statnipokladna.gov.cz/api/ukazatele?ic=00252751&obdobi=2412
2024,,single_school,founder:00252794,00252794,Obec Ratibořské Hory,obec,1,1,550000,0,550000,1,3823029,aggregate_candidate_needs_confirmation,,,,,https://monitor.statnipokladna.gov.cz/api/ukazatele?ic=00252794&obdobi=2412
2024,,single_school,founder:00252930,00252930,Městys Stádlec,obec,1,1,960000,0,960000,1,6459605,aggregate_candidate_needs_confirmation,,,,,https://monitor.statnipokladna.gov.cz/api/ukazatele?ic=00252930&obdobi=2412
2024,,single_school,founder:00252964,00252964,Obec Sudoměřice u Bechyně,obec,1,1,1822158,0,1822158,1,19437468,aggregate_candidate_needs_confirmation,,,,,https://monitor.statnipokladna.gov.cz/api/ukazatele?ic=00252964&obdobi=2412
2024,,single_school,founder:00253049,00253049,Obec Tučapy,obec,1,1,2850000,0,2850000,1,22791622,aggregate_candidate_needs_confirmation,,,,,https://monitor.statnipokladna.gov.cz/api/ukazatele?ic=00253049&obdobi=2412
2024,,single_school,founder:00253201,00253201,Obec Želeč,obec,1,1,2403477,0,2403477,1,16613502,aggregate_candidate_needs_confirmation,,,,,https://monitor.statnipokladna.gov.cz/api/ukazatele?ic=00253201&obdobi=2412
2024,,single_school,founder:00253235,00253235,Město Bělá nad Radbuzou,obec,1,2,6000000,1300000,7300000,1,25433023,aggregate_candidate_needs_confirmation,,,,,https://monitor.statnipokladna.gov.cz/api/ukazatele?ic=00253235&obdobi=2412
2024,,single_school,founder:00253243,00253243,Obec Blížejov,obec,1,1,4466165,0,4466165,1,30577621,aggregate_candidate_needs_confirmation,,,,,https://monitor.statnipokladna.gov.cz/api/ukazatele?ic=00253243&obdobi=2412
2024,,single_school,founder:00253294,00253294,Obec Česká Kubice,obec,1,1,1500000,0,1500000,1,10054140,aggregate_candidate_needs_confirmation,,,,,https://monitor.statnipokladna.gov.cz/api/ukazatele?ic=00253294&obdobi=2412
2024,,single_school,founder:00253421,00253421,Obec Chodov,obec,1,1,800000,0,800000,1,8557186,aggregate_candidate_needs_confirmation,,,,,https://monitor.statnipokladna.gov.cz/api/ukazatele?ic=00253421&obdobi=2412
2024,,single_school,founder:00253472,00253472,Městys Klenčí pod Čerchovem,obec,1,1,3250000,0,3250000,1,35122533,aggregate_candidate_needs_confirmation,,,,,https://monitor.statnipokladna.gov.cz/api/ukazatele?ic=00253472&obdobi=2412
2024,,single_school,founder:00253537,00253537,Obec Luženičky,obec,1,1,520000,0,520000,1,3537996,aggregate_candidate_needs_confirmation,,,,,https://monitor.statnipokladna.gov.cz/api/ukazatele?ic=00253537&obdobi=2412
2024,,single_school,founder:00253553,00253553,Obec Meclov,obec,1,2,1700000,0,1700000,1,14812670,aggregate_candidate_needs_confirmation,,,,,https://monitor.statnipokladna.gov.cz/api/ukazatele?ic=00253553&obdobi=2412
2024,,single_school,founder:00253561,00253561,Obec Mezholezy,obec,1,1,470000,0,470000,1,2616888,aggregate_candidate_needs_confirmation,,,,,https://monitor.statnipokladna.gov.cz/api/ukazatele?ic=00253561&obdobi=2412
2024,,single_school,founder:00253570,00253570,Obec Milavče,obec,1,4,796600,0,796600,1,7905874,aggregate_candidate_needs_confirmation,,,,,https://monitor.statnipokladna.gov.cz/api/ukazatele?ic=00253570&obdobi=2412
2024,,single_school,founder:00253651,00253651,Obec Osvračín,obec,1,1,804000,0,804000,1,7401678,aggregate_candidate_needs_confirmation,,,,,https://monitor.statnipokladna.gov.cz/api/ukazatele?ic=00253651&obdobi=2412
2024,,single_school,founder:00253677,00253677,Obec Pocinovice,obec,1,1,750000,0,750000,1,10248761,aggregate_candidate_needs_confirmation,,,,,https://monitor.statnipokladna.gov.cz/api/ukazatele?ic=00253677&obdobi=2412
2024,,single_school,founder:00253685,00253685,Obec Postřekov,obec,1,1,1550000,0,1550000,1,15793584,aggregate_candidate_needs_confirmation,,,,,https://monitor.statnipokladna.gov.cz/api/ukazatele?ic=00253685&obdobi=2412
2024,,single_school,founder:00253693,00253693,Obec Puclice,obec,1,1,273000,0,273000,1,2495822,aggregate_candidate_needs_confirmation,,,,,https://monitor.statnipokladna.gov.cz/api/ukazatele?ic=00253693&obdobi=2412
2024,,single_school,founder:00253804,00253804,Obec Tlumačov,obec,1,1,340000,0,340000,1,2272671,aggregate_candidate_needs_confirmation,,,,,https://monitor.statnipokladna.gov.cz/api/ukazatele?ic=00253804&obdobi=2412
2024,,single_school,founder:00253880,00253880,Obec Zahořany,obec,1,1,350000,0,350000,1,3194882,aggregate_candidate_needs_confirmation,,,,,https://monitor.statnipokladna.gov.cz/api/ukazatele?ic=00253880&obdobi=2412
2024,,single_school,founder:00253910,00253910,Obec Dolní Žandov,obec,1,1,3226401,0,3226401,1,23861113,aggregate_candidate_needs_confirmation,,,,,https://monitor.statnipokladna.gov.cz/api/ukazatele?ic=00253910&obdobi=2412
2024,,single_school,founder:00253928,00253928,Obec Drmoul,obec,1,1,1210040,0,1210040,1,14672909,aggregate_candidate_needs_confirmation,,,,,https://monitor.statnipokladna.gov.cz/api/ukazatele?ic=00253928&obdobi=2412
2024,,single_school,founder:00253952,00253952,Obec Hazlov,obec,1,1,3912000,0,3912000,1,24695274,aggregate_candidate_needs_confirmation,,,,,https://monitor.statnipokladna.gov.cz/api/ukazatele?ic=00253952&obdobi=2412
2024,,single_school,founder:00254029,00254029,Město Lázně Kynžvart,obec,1,1,4018000,0,4018000,1,23936135,aggregate_candidate_needs_confirmation,,,,,https://monitor.statnipokladna.gov.cz/api/ukazatele?ic=00254029&obdobi=2412
2024,,single_school,founder:00254037,00254037,Obec Libá,obec,1,1,750000,0,750000,1,6436137,aggregate_candidate_needs_confirmation,,,,,https://monitor.statnipokladna.gov.cz/api/ukazatele?ic=00254037&obdobi=2412
2024,,single_school,founder:00254045,00254045,Obec Lipová,obec,1,1,770770,0,770770,1,5518893,aggregate_candidate_needs_confirmation,,,,,https://monitor.statnipokladna.gov.cz/api/ukazatele?ic=00254045&obdobi=2412
2024,,single_school,founder:00254070,00254070,Obec Milhostov,obec,1,1,250000,0,250000,1,4694446,aggregate_candidate_needs_confirmation,,,,,https://monitor.statnipokladna.gov.cz/api/ukazatele?ic=00254070&obdobi=2412
2024,,single_school,founder:00254126,00254126,Obec Nový Kostel,obec,1,1,3060577,0,3060577,1,3060577,aggregate_candidate_needs_confirmation,,,,,https://monitor.statnipokladna.gov.cz/api/ukazatele?ic=00254126&obdobi=2412
2024,,single_school,founder:00254169,00254169,Město Plesná,obec,1,1,4100000,0,4100000,1,30224495,aggregate_candidate_needs_confirmation,,,,,https://monitor.statnipokladna.gov.cz/api/ukazatele?ic=00254169&obdobi=2412
2024,,single_school,founder:00254274,00254274,Obec Trstěnice,obec,1,1,350000,0,350000,1,3201013,aggregate_candidate_needs_confirmation,,,,,https://monitor.statnipokladna.gov.cz/api/ukazatele?ic=00254274&obdobi=2412
2024,,single_school,founder:00254304,00254304,Obec Tři Sekery,obec,1,1,3307742,0,3307742,1,9444827,aggregate_candidate_needs_confirmation,,,,,https://monitor.statnipokladna.gov.cz/api/ukazatele?ic=00254304&obdobi=2412
2024,,single_school,founder:00254398,00254398,Město Abertamy,obec,1,1,1670000,0,1670000,1,10116111,aggregate_candidate_needs_confirmation,,,,,https://monitor.statnipokladna.gov.cz/api/ukazatele?ic=00254398&obdobi=2412
2024,,single_school,founder:00254410,00254410,Město Bečov nad Teplou,obec,1,1,1980000,0,1980000,1,17194009,aggregate_candidate_needs_confirmation,,,,,https://monitor.statnipokladna.gov.cz/api/ukazatele?ic=00254410&obdobi=2412
2024,,single_school,founder:00254614,00254614,Město Chyše,obec,1,1,1835825,0,1835825,1,7692226,aggregate_candidate_needs_confirmation,,,,,https://monitor.statnipokladna.gov.cz/api/ukazatele?ic=00254614&obdobi=2412
2024,,single_school,founder:00254622,00254622,Město Jáchymov,obec,1,1,5619000,0,5619000,1,28596983,aggregate_candidate_needs_confirmation,,,,,https://monitor.statnipokladna.gov.cz/api/ukazatele?ic=00254622&obdobi=2412
2024,,single_school,founder:00254673,00254673,Obec Kolová,obec,1,1,1644000,0,1644000,1,10676117,aggregate_candidate_needs_confirmation,,,,,https://monitor.statnipokladna.gov.cz/api/ukazatele?ic=00254673&obdobi=2412
2024,,single_school,founder:00254762,00254762,Obec Kyselka,obec,1,1,3240000,0,3240000,1,28674445,aggregate_candidate_needs_confirmation,,,,,https://monitor.statnipokladna.gov.cz/api/ukazatele?ic=00254762&obdobi=2412
2024,,single_school,founder:00254878,00254878,Obec Pernink,obec,1,1,1704000,0,1704000,1,11049726,aggregate_candidate_needs_confirmation,,,,,https://monitor.statnipokladna.gov.cz/api/ukazatele?ic=00254878&obdobi=2412
2024,,single_school,founder:00254894,00254894,Obec Potůčky,obec,1,1,4223000,0,4223000,1,10667873,aggregate_candidate_needs_confirmation,,,,,https://monitor.statnipokladna.gov.cz/api/ukazatele?ic=00254894&obdobi=2412
2024,,missing_finm_total,founder:00254959,00254959,Zřizovatel IČO 00254959,obec,1,0,0,0,0,0,0,founder_source_required,,,,,https://monitor.statnipokladna.gov.cz/api/ukazatele?ic=00254959&obdobi=2412
2024,,single_school,founder:00255009,00255009,Obec Stráž nad Ohří,obec,1,1,465000,0,465000,1,4405440,aggregate_candidate_needs_confirmation,,,,,https://monitor.statnipokladna.gov.cz/api/ukazatele?ic=00255009&obdobi=2412
2024,,single_school,founder:00255017,00255017,Obec Stružná,obec,1,1,800000,0,800000,1,2675835,aggregate_candidate_needs_confirmation,,,,,https://monitor.statnipokladna.gov.cz/api/ukazatele?ic=00255017&obdobi=2412
2024,,single_school,founder:00255033,00255033,Obec Šemnice,obec,1,1,547000,0,547000,1,3052780,aggregate_candidate_needs_confirmation,,,,,https://monitor.statnipokladna.gov.cz/api/ukazatele?ic=00255033&obdobi=2412
2024,,single_school,founder:00255041,00255041,Obec Štědrá,obec,1,1,1000000,0,1000000,1,5210724,aggregate_candidate_needs_confirmation,,,,,https://monitor.statnipokladna.gov.cz/api/ukazatele?ic=00255041&obdobi=2412
2024,,single_school,founder:00255106,00255106,Obec Útvina,obec,1,1,922723,0,922723,1,5724443,aggregate_candidate_needs_confirmation,,,,,https://monitor.statnipokladna.gov.cz/api/ukazatele?ic=00255106&obdobi=2412
2024,,single_school,founder:00255114,00255114,Obec Valeč,obec,1,1,921810,0,921810,1,6843686,aggregate_candidate_needs_confirmation,,,,,https://monitor.statnipokladna.gov.cz/api/ukazatele?ic=00255114&obdobi=2412
2024,,single_school,founder:00255122,00255122,Obec Velichov,obec,1,1,600000,0,600000,1,3714167,aggregate_candidate_needs_confirmation,,,,,https://monitor.statnipokladna.gov.cz/api/ukazatele?ic=00255122&obdobi=2412
2024,,single_school,founder:00255157,00255157,Obec Vojkovice,obec,1,1,770000,0,770000,1,3397246,aggregate_candidate_needs_confirmation,,,,,https://monitor.statnipokladna.gov.cz/api/ukazatele?ic=00255157&obdobi=2412
2024,,single_school,founder:00255211,00255211,Obec Běšiny,obec,1,1,1409000,0,1409000,1,7531333,aggregate_candidate_needs_confirmation,,,,,https://monitor.statnipokladna.gov.cz/api/ukazatele?ic=00255211&obdobi=2412
2024,,single_school,founder:00255220,00255220,Obec Bezděkov,obec,1,1,1300000,0,1300000,1,11660127,aggregate_candidate_needs_confirmation,,,,,https://monitor.statnipokladna.gov.cz/api/ukazatele?ic=00255220&obdobi=2412
2024,,single_school,founder:00255246,00255246,Obec Bolešiny,obec,1,1,1000000,0,1000000,1,10852930,aggregate_candidate_needs_confirmation,,,,,https://monitor.statnipokladna.gov.cz/api/ukazatele?ic=00255246&obdobi=2412
2024,,single_school,founder:00255319,00255319,Městys Čachrov,obec,1,1,1370000,0,1370000,1,12177757,aggregate_candidate_needs_confirmation,,,,,https://monitor.statnipokladna.gov.cz/api/ukazatele?ic=00255319&obdobi=2412
2024,,single_school,founder:00255394,00255394,Městys Dešenice,obec,1,1,900000,0,900000,1,7451528,aggregate_candidate_needs_confirmation,,,,,https://monitor.statnipokladna.gov.cz/api/ukazatele?ic=00255394&obdobi=2412
2024,,single_school,founder:00255408,00255408,Obec Dlažov,obec,1,1,295000,0,295000,1,3904358,aggregate_candidate_needs_confirmation,,,,,https://monitor.statnipokladna.gov.cz/api/ukazatele?ic=00255408&obdobi=2412
2024,,single_school,founder:00255416,00255416,Obec Dlouhá Ves,obec,1,1,1165000,0,1165000,1,8829993,aggregate_candidate_needs_confirmation,,,,,https://monitor.statnipokladna.gov.cz/api/ukazatele?ic=00255416&obdobi=2412
2024,,single_school,founder:00255424,00255424,Obec Dolany,obec,1,5,800000,0,800000,1,8170107,aggregate_candidate_needs_confirmation,,,,,https://monitor.statnipokladna.gov.cz/api/ukazatele?ic=00255424&obdobi=2412
2024,,single_school,founder:00255483,00255483,Obec Hlavňovice,obec,1,1,580000,0,580000,1,10842021,aggregate_candidate_needs_confirmation,,,,,https://monitor.statnipokladna.gov.cz/api/ukazatele?ic=00255483&obdobi=2412
2024,,single_school,founder:00255530,00255530,Obec Hrádek,obec,1,1,2090000,0,2090000,1,15522809,aggregate_candidate_needs_confirmation,,,,,https://monitor.statnipokladna.gov.cz/api/ukazatele?ic=00255530&obdobi=2412
2024,,single_school,founder:00255548,00255548,Obec Hradešice,obec,1,1,410000,0,410000,1,2725045,aggregate_candidate_needs_confirmation,,,,,https://monitor.statnipokladna.gov.cz/api/ukazatele?ic=00255548&obdobi=2412
2024,,single_school,founder:00255556,00255556,Obec Chanovice,obec,1,2,1800000,0,1800000,1,18989649,aggregate_candidate_needs_confirmation,,,,,https://monitor.statnipokladna.gov.cz/api/ukazatele?ic=00255556&obdobi=2412
2024,,single_school,founder:00255599,00255599,Městys Chudenice,obec,1,1,150000,0,150000,1,3226209,aggregate_candidate_needs_confirmation,,,,,https://monitor.statnipokladna.gov.cz/api/ukazatele?ic=00255599&obdobi=2412
2024,,single_school,founder:00255602,00255602,Obec Chudenín,obec,1,1,1072115,0,1072115,1,7402926,aggregate_candidate_needs_confirmation,,,,,https://monitor.statnipokladna.gov.cz/api/ukazatele?ic=00255602&obdobi=2412
2024,,single_school,founder:00255645,00255645,Město Kašperské Hory,obec,1,1,1250000,0,1250000,1,31847628,aggregate_candidate_needs_confirmation,,,,,https://monitor.statnipokladna.gov.cz/api/ukazatele?ic=00255645&obdobi=2412
2024,,single_school,founder:00255688,00255688,Městys Kolinec,obec,1,2,2985000,3390000,6375000,1,20175106,aggregate_candidate_needs_confirmation,,,,,https://monitor.statnipokladna.gov.cz/api/ukazatele?ic=00255688&obdobi=2412
2024,,single_school,founder:00255785,00255785,Město Měčín,obec,1,1,3267024,0,3267024,1,21909111,aggregate_candidate_needs_confirmation,,,,,https://monitor.statnipokladna.gov.cz/api/ukazatele?ic=00255785&obdobi=2412
2024,,single_school,founder:00255823,00255823,Obec Mochtín,obec,1,1,1745000,0,1745000,1,10336968,aggregate_candidate_needs_confirmation,,,,,https://monitor.statnipokladna.gov.cz/api/ukazatele?ic=00255823&obdobi=2412
2024,,single_school,founder:00255866,00255866,Město Nalžovské Hory,obec,1,1,3411000,0,3411000,1,27699012,aggregate_candidate_needs_confirmation,,,,,https://monitor.statnipokladna.gov.cz/api/ukazatele?ic=00255866&obdobi=2412
2024,,single_school,founder:00255980,00255980,Město Plánice,obec,1,1,3200000,0,3200000,1,25142149,aggregate_candidate_needs_confirmation,,,,,https://monitor.statnipokladna.gov.cz/api/ukazatele?ic=00255980&obdobi=2412
2024,,single_school,founder:00256021,00256021,Obec Předslav,obec,1,1,421828,0,421828,1,6334162,aggregate_candidate_needs_confirmation,,,,,https://monitor.statnipokladna.gov.cz/api/ukazatele?ic=00256021&obdobi=2412
2024,,single_school,founder:00256030,00256030,Město Rabí,obec,1,1,280000,0,280000,1,2724639,aggregate_candidate_needs_confirmation,,,,,https://monitor.statnipokladna.gov.cz/api/ukazatele?ic=00256030&obdobi=2412
2024,,single_school,founder:00256081,00256081,Obec Srní,obec,1,1,560004,0,560004,1,5184057,aggregate_candidate_needs_confirmation,,,,,https://monitor.statnipokladna.gov.cz/api/ukazatele?ic=00256081&obdobi=2412
2024,,single_school,founder:00256102,00256102,Město Strážov,obec,1,1,4705921,0,4705921,1,22772784,aggregate_candidate_needs_confirmation,,,,,https://monitor.statnipokladna.gov.cz/api/ukazatele?ic=00256102&obdobi=2412
2024,,single_school,founder:00256153,00256153,Město Švihov,obec,1,1,6600000,0,6600000,1,46031558,aggregate_candidate_needs_confirmation,,,,,https://monitor.statnipokladna.gov.cz/api/ukazatele?ic=00256153&obdobi=2412
2024,,single_school,founder:00256242,00256242,Obec Velhartice,obec,1,1,1862625,0,1862625,1,19286015,aggregate_candidate_needs_confirmation,,,,,https://monitor.statnipokladna.gov.cz/api/ukazatele?ic=00256242&obdobi=2412
2024,,single_school,founder:00256307,00256307,Obec Vrhaveč,obec,1,1,900000,0,900000,1,9997661,aggregate_candidate_needs_confirmation,,,,,https://monitor.statnipokladna.gov.cz/api/ukazatele?ic=00256307&obdobi=2412
2024,,single_school,founder:00256315,00256315,Obec Zavlekov,obec,1,1,1070000,0,1070000,1,6247519,aggregate_candidate_needs_confirmation,,,,,https://monitor.statnipokladna.gov.cz/api/ukazatele?ic=00256315&obdobi=2412
2024,,single_school,founder:00256358,00256358,Město Železná Ruda,obec,1,1,4950000,0,4950000,1,28706220,aggregate_candidate_needs_confirmation,,,,,https://monitor.statnipokladna.gov.cz/api/ukazatele?ic=00256358&obdobi=2412
2024,,single_school,founder:00256366,00256366,Obec Žihobce,obec,1,1,1600899,0,1600899,1,7699636,aggregate_candidate_needs_confirmation,,,,,https://monitor.statnipokladna.gov.cz/api/ukazatele?ic=00256366&obdobi=2412
2024,,single_school,founder:00256536,00256536,Obec Čížkov,obec,1,1,570000,0,570000,1,3057938,aggregate_candidate_needs_confirmation,,,,,https://monitor.statnipokladna.gov.cz/api/ukazatele?ic=00256536&obdobi=2412
2024,,single_school,founder:00256544,00256544,Obec Dnešice,obec,1,1,312500,0,312500,1,2864223,aggregate_candidate_needs_confirmation,,,,,https://monitor.statnipokladna.gov.cz/api/ukazatele?ic=00256544&obdobi=2412
2024,,single_school,founder:00256561,00256561,Obec Dolní Lukavice,obec,1,1,1400000,0,1400000,1,15148108,aggregate_candidate_needs_confirmation,,,,,https://monitor.statnipokladna.gov.cz/api/ukazatele?ic=00256561&obdobi=2412
2024,,single_school,founder:00256609,00256609,Obec Horšice,obec,1,1,860000,0,860000,1,7225337,aggregate_candidate_needs_confirmation,,,,,https://monitor.statnipokladna.gov.cz/api/ukazatele?ic=00256609&obdobi=2412
2024,,single_school,founder:00256617,00256617,Obec Hradec,obec,1,1,900000,0,900000,1,8768621,aggregate_candidate_needs_confirmation,,,,,https://monitor.statnipokladna.gov.cz/api/ukazatele?ic=00256617&obdobi=2412
2024,,single_school,founder:00256641,00256641,Obec Chlum,obec,1,1,420199,0,420199,1,4201302,aggregate_candidate_needs_confirmation,,,,,https://monitor.statnipokladna.gov.cz/api/ukazatele?ic=00256641&obdobi=2412
2024,,single_school,founder:00256676,00256676,Obec Chocenice,obec,1,1,1100000,0,1100000,1,7360428,aggregate_candidate_needs_confirmation,,,,,https://monitor.statnipokladna.gov.cz/api/ukazatele?ic=00256676&obdobi=2412
2024,,single_school,founder:00256714,00256714,Obec Chválenice,obec,1,1,700000,0,700000,1,6249433,aggregate_candidate_needs_confirmation,,,,,https://monitor.statnipokladna.gov.cz/api/ukazatele?ic=00256714&obdobi=2412
2024,,single_school,founder:00256820,00256820,Obec Letiny,obec,1,1,2008000,0,2008000,1,18290001,aggregate_candidate_needs_confirmation,,,,,https://monitor.statnipokladna.gov.cz/api/ukazatele?ic=00256820&obdobi=2412
2024,,single_school,founder:00256871,00256871,Obec Losiná,obec,1,1,660000,0,660000,1,4747485,aggregate_candidate_needs_confirmation,,,,,https://monitor.statnipokladna.gov.cz/api/ukazatele?ic=00256871&obdobi=2412
2024,,single_school,founder:00256897,00256897,Obec Lužany,obec,1,1,1000000,0,1000000,1,6740265,aggregate_candidate_needs_confirmation,,,,,https://monitor.statnipokladna.gov.cz/api/ukazatele?ic=00256897&obdobi=2412
2024,,single_school,founder:00256927,00256927,Obec Mileč,obec,1,1,500000,0,500000,1,2905857,aggregate_candidate_needs_confirmation,,,,,https://monitor.statnipokladna.gov.cz/api/ukazatele?ic=00256927&obdobi=2412
2024,,single_school,founder:00256935,00256935,Obec Mladý Smolivec,obec,1,1,571000,0,571000,1,2847583,aggregate_candidate_needs_confirmation,,,,,https://monitor.statnipokladna.gov.cz/api/ukazatele?ic=00256935&obdobi=2412
2024,,single_school,founder:00256978,00256978,Obec Nekvasovy,obec,1,1,420000,0,420000,1,2500300,aggregate_candidate_needs_confirmation,,,,,https://monitor.statnipokladna.gov.cz/api/ukazatele?ic=00256978&obdobi=2412
2024,,single_school,founder:00257001,00257001,Obec Neurazy,obec,1,1,600000,0,600000,1,4039574,aggregate_candidate_needs_confirmation,,,,,https://monitor.statnipokladna.gov.cz/api/ukazatele?ic=00257001&obdobi=2412
2024,,single_school,founder:00257133,00257133,Obec Příchovice,obec,1,1,350000,0,350000,1,4396845,aggregate_candidate_needs_confirmation,,,,,https://monitor.statnipokladna.gov.cz/api/ukazatele?ic=00257133&obdobi=2412
2024,,single_school,founder:00257184,00257184,Obec Řenče,obec,1,1,900000,0,900000,1,9657890,aggregate_candidate_needs_confirmation,,,,,https://monitor.statnipokladna.gov.cz/api/ukazatele?ic=00257184&obdobi=2412
2024,,single_school,founder:00257192,00257192,Obec Seč,obec,1,1,770000,0,770000,1,4181151,aggregate_candidate_needs_confirmation,,,,,https://monitor.statnipokladna.gov.cz/api/ukazatele?ic=00257192&obdobi=2412
2024,,single_school,founder:00257222,00257222,Obec Soběkury,obec,1,1,240000,0,240000,1,2281675,aggregate_candidate_needs_confirmation,,,,,https://monitor.statnipokladna.gov.cz/api/ukazatele?ic=00257222&obdobi=2412
2024,,single_school,founder:00257249,00257249,Město Spálené Poříčí,obec,1,1,6525000,0,6525000,1,45326044,aggregate_candidate_needs_confirmation,,,,,https://monitor.statnipokladna.gov.cz/api/ukazatele?ic=00257249&obdobi=2412
2024,,single_school,founder:00257451,00257451,Obec Zdemyslice,obec,1,1,300000,0,300000,1,2933258,aggregate_candidate_needs_confirmation,,,,,https://monitor.statnipokladna.gov.cz/api/ukazatele?ic=00257451&obdobi=2412
2024,,single_school,founder:00257508,00257508,Městys Žinkovy,obec,1,2,3300000,1100000,4400000,1,19115428,aggregate_candidate_needs_confirmation,,,,,https://monitor.statnipokladna.gov.cz/api/ukazatele?ic=00257508&obdobi=2412
2024,,single_school,founder:00257541,00257541,Obec Bezvěrov,obec,1,1,800000,0,800000,1,6058363,aggregate_candidate_needs_confirmation,,,,,https://monitor.statnipokladna.gov.cz/api/ukazatele?ic=00257541&obdobi=2412
2024,,single_school,founder:00257567,00257567,Obec Blatnice,obec,1,2,2400000,200000,2600000,1,18395713,aggregate_candidate_needs_confirmation,,,,,https://monitor.statnipokladna.gov.cz/api/ukazatele?ic=00257567&obdobi=2412
2024,,single_school,founder:00257630,00257630,Obec Česká Bříza,obec,1,1,600000,0,600000,1,3045072,aggregate_candidate_needs_confirmation,,,,,https://monitor.statnipokladna.gov.cz/api/ukazatele?ic=00257630&obdobi=2412
2024,,single_school,founder:00257664,00257664,Obec Dobříč,obec,1,1,750000,0,750000,1,5445650,aggregate_candidate_needs_confirmation,,,,,https://monitor.statnipokladna.gov.cz/api/ukazatele?ic=00257664&obdobi=2412
2024,,single_school,founder:00257681,00257681,Obec Dolní Bělá,obec,1,1,2956134,0,2956134,1,27940745,aggregate_candidate_needs_confirmation,,,,,https://monitor.statnipokladna.gov.cz/api/ukazatele?ic=00257681&obdobi=2412
2024,,single_school,founder:00257729,00257729,Obec Druztová,obec,1,1,660000,0,660000,1,4022390,aggregate_candidate_needs_confirmation,,,,,https://monitor.statnipokladna.gov.cz/api/ukazatele?ic=00257729&obdobi=2412
2024,,single_school,founder:00257745,00257745,Obec Dýšina,obec,1,2,3564980,21229933,24794913,1,32619694,aggregate_candidate_needs_confirmation,,,,,https://monitor.statnipokladna.gov.cz/api/ukazatele?ic=00257745&obdobi=2412
2024,,single_school,founder:00257753,00257753,Obec Heřmanova Huť,obec,1,2,3461988,280889,3742877,1,29246664,aggregate_candidate_needs_confirmation,,,,,https://monitor.statnipokladna.gov.cz/api/ukazatele?ic=00257753&obdobi=2412
2024,,single_school,founder:00257800,00257800,Obec Hromnice,obec,1,1,1300000,0,1300000,1,11484491,aggregate_candidate_needs_confirmation,,,,,https://monitor.statnipokladna.gov.cz/api/ukazatele?ic=00257800&obdobi=2412
2024,,single_school,founder:00257834,00257834,Obec Chotíkov,obec,1,1,1800000,0,1800000,1,28187328,aggregate_candidate_needs_confirmation,,,,,https://monitor.statnipokladna.gov.cz/api/ukazatele?ic=00257834&obdobi=2412
2024,,single_school,founder:00257869,00257869,Obec Chříč,obec,1,1,620000,0,620000,1,3276830,aggregate_candidate_needs_confirmation,,,,,https://monitor.statnipokladna.gov.cz/api/ukazatele?ic=00257869&obdobi=2412
2024,,single_school,founder:00257931,00257931,Obec Kozojedy,obec,1,2,2100000,200276,2300276,1,19397521,aggregate_candidate_needs_confirmation,,,,,https://monitor.statnipokladna.gov.cz/api/ukazatele?ic=00257931&obdobi=2412
2024,,single_school,founder:00257940,00257940,Obec Kozolupy,obec,1,1,1200000,0,1200000,1,17551174,aggregate_candidate_needs_confirmation,,,,,https://monitor.statnipokladna.gov.cz/api/ukazatele?ic=00257940&obdobi=2412
2024,,single_school,founder:00257958,00257958,Město Kožlany,obec,1,1,3000000,0,3000000,1,25409760,aggregate_candidate_needs_confirmation,,,,,https://monitor.statnipokladna.gov.cz/api/ukazatele?ic=00257958&obdobi=2412
2024,,single_school,founder:00258024,00258024,Obec Kyšice,obec,1,1,400000,0,400000,1,4379966,aggregate_candidate_needs_confirmation,,,,,https://monitor.statnipokladna.gov.cz/api/ukazatele?ic=00258024&obdobi=2412
2024,,single_school,founder:00258059,00258059,Obec Líně,obec,1,1,5600000,0,5600000,1,38888262,aggregate_candidate_needs_confirmation,,,,,https://monitor.statnipokladna.gov.cz/api/ukazatele?ic=00258059&obdobi=2412
2024,,single_school,founder:00258067,00258067,Obec Líšťany,obec,1,1,300000,0,300000,1,5135269,aggregate_candidate_needs_confirmation,,,,,https://monitor.statnipokladna.gov.cz/api/ukazatele?ic=00258067&obdobi=2412
2024,,single_school,founder:00258105,00258105,Město Město Touškov,obec,1,2,7000000,781924,7781924,1,57398161,aggregate_candidate_needs_confirmation,,,,,https://monitor.statnipokladna.gov.cz/api/ukazatele?ic=00258105&obdobi=2412
2024,,single_school,founder:00258121,00258121,Obec Mladotice,obec,1,1,1220000,0,1220000,1,7456784,aggregate_candidate_needs_confirmation,,,,,https://monitor.statnipokladna.gov.cz/api/ukazatele?ic=00258121&obdobi=2412
2024,,single_school,founder:00258156,00258156,Obec Nečtiny,obec,1,1,715800,0,715800,1,6741588,aggregate_candidate_needs_confirmation,,,,,https://monitor.statnipokladna.gov.cz/api/ukazatele?ic=00258156&obdobi=2412
2024,,single_school,founder:00258202,00258202,Obec Obora,obec,1,1,750000,0,750000,1,4946827,aggregate_candidate_needs_confirmation,,,,,https://monitor.statnipokladna.gov.cz/api/ukazatele?ic=00258202&obdobi=2412
2024,,single_school,founder:00258229,00258229,Obec Pernarec,obec,1,1,2902000,0,2902000,1,19957430,aggregate_candidate_needs_confirmation,,,,,https://monitor.statnipokladna.gov.cz/api/ukazatele?ic=00258229&obdobi=2412
2024,,single_school,founder:00258261,00258261,Obec Pňovany,obec,1,1,1200000,0,1200000,1,10665576,aggregate_candidate_needs_confirmation,,,,,https://monitor.statnipokladna.gov.cz/api/ukazatele?ic=00258261&obdobi=2412
2024,,single_school,founder:00258385,00258385,Obec Tlučná,obec,1,2,5304635,2177278,7481913,1,43213784,aggregate_candidate_needs_confirmation,,,,,https://monitor.statnipokladna.gov.cz/api/ukazatele?ic=00258385&obdobi=2412
2024,,single_school,founder:00258393,00258393,Obec Trnová,obec,1,1,1220000,0,1220000,1,14263610,aggregate_candidate_needs_confirmation,,,,,https://monitor.statnipokladna.gov.cz/api/ukazatele?ic=00258393&obdobi=2412
2024,,single_school,founder:00258458,00258458,Obec Úněšov,obec,1,1,540000,0,540000,1,5112847,aggregate_candidate_needs_confirmation,,,,,https://monitor.statnipokladna.gov.cz/api/ukazatele?ic=00258458&obdobi=2412
2024,,single_school,founder:00258466,00258466,Město Úterý,obec,1,2,1190000,206154,1396154,1,7004354,aggregate_candidate_needs_confirmation,,,,,https://monitor.statnipokladna.gov.cz/api/ukazatele?ic=00258466&obdobi=2412
2024,,single_school,founder:00258474,00258474,Obec Vejprnice,obec,1,2,5533706,1345351,6879057,1,61338209,aggregate_candidate_needs_confirmation,,,,,https://monitor.statnipokladna.gov.cz/api/ukazatele?ic=00258474&obdobi=2412
2024,,single_school,founder:00258491,00258491,Obec Vochov,obec,1,1,872000,0,872000,1,4823488,aggregate_candidate_needs_confirmation,,,,,https://monitor.statnipokladna.gov.cz/api/ukazatele?ic=00258491&obdobi=2412
2024,,single_school,founder:00258512,00258512,Město Všeruby,obec,1,2,3712000,180000,3892000,1,34620563,aggregate_candidate_needs_confirmation,,,,,https://monitor.statnipokladna.gov.cz/api/ukazatele?ic=00258512&obdobi=2412
2024,,single_school,founder:00258580,00258580,Obec Žihle,obec,1,1,4900000,0,4900000,1,32562316,aggregate_candidate_needs_confirmation,,,,,https://monitor.statnipokladna.gov.cz/api/ukazatele?ic=00258580&obdobi=2412
2024,,single_school,founder:00258598,00258598,Obec Žilov,obec,1,1,519000,0,519000,1,3414174,aggregate_candidate_needs_confirmation,,,,,https://monitor.statnipokladna.gov.cz/api/ukazatele?ic=00258598&obdobi=2412
2024,,single_school,founder:00258628,00258628,Obec Břasy,obec,1,2,4818056,505572,5323628,1,40140496,aggregate_candidate_needs_confirmation,,,,,https://monitor.statnipokladna.gov.cz/api/ukazatele?ic=00258628&obdobi=2412
2024,,single_school,founder:00258695,00258695,Obec Ejpovice,obec,1,1,1510000,0,1510000,1,13086484,aggregate_candidate_needs_confirmation,,,,,https://monitor.statnipokladna.gov.cz/api/ukazatele?ic=00258695&obdobi=2412
2024,,single_school,founder:00258717,00258717,Obec Holoubkov,obec,1,1,1300000,0,1300000,1,18517750,aggregate_candidate_needs_confirmation,,,,,https://monitor.statnipokladna.gov.cz/api/ukazatele?ic=00258717&obdobi=2412
2024,,single_school,founder:00258725,00258725,Město Hrádek,obec,1,2,5484969,310000,5794969,1,36913494,aggregate_candidate_needs_confirmation,,,,,https://monitor.statnipokladna.gov.cz/api/ukazatele?ic=00258725&obdobi=2412
2024,,single_school,founder:00258750,00258750,Obec Cheznovice,obec,1,1,800000,0,800000,1,9184311,aggregate_candidate_needs_confirmation,,,,,https://monitor.statnipokladna.gov.cz/api/ukazatele?ic=00258750&obdobi=2412
2024,,single_school,founder:00258806,00258806,Obec Kařez,obec,1,1,800000,0,800000,1,11022322,aggregate_candidate_needs_confirmation,,,,,https://monitor.statnipokladna.gov.cz/api/ukazatele?ic=00258806&obdobi=2412
2024,,single_school,founder:00258890,00258890,Město Mirošov,obec,1,2,3880000,117011,3997011,1,42453375,aggregate_candidate_needs_confirmation,,,,,https://monitor.statnipokladna.gov.cz/api/ukazatele?ic=00258890&obdobi=2412
2024,,single_school,founder:00258903,00258903,Obec Mlečice,obec,1,1,1280000,0,1280000,1,10290780,aggregate_candidate_needs_confirmation,,,,,https://monitor.statnipokladna.gov.cz/api/ukazatele?ic=00258903&obdobi=2412
2024,,single_school,founder:00258954,00258954,Obec Osek,obec,1,2,2950000,400000,3350000,1,21088914,aggregate_candidate_needs_confirmation,,,,,https://monitor.statnipokladna.gov.cz/api/ukazatele?ic=00258954&obdobi=2412
2024,,single_school,founder:00259021,00259021,Město Radnice,obec,1,1,8082809,0,8082809,1,40252280,aggregate_candidate_needs_confirmation,,,,,https://monitor.statnipokladna.gov.cz/api/ukazatele?ic=00259021&obdobi=2412
2024,,single_school,founder:00259195,00259195,Obec Veselá,obec,1,1,720000,0,720000,1,6378746,aggregate_candidate_needs_confirmation,,,,,https://monitor.statnipokladna.gov.cz/api/ukazatele?ic=00259195&obdobi=2412
2024,,single_school,founder:00259217,00259217,Obec Volduchy,obec,1,1,2988800,0,2988800,1,23639484,aggregate_candidate_needs_confirmation,,,,,https://monitor.statnipokladna.gov.cz/api/ukazatele?ic=00259217&obdobi=2412
2024,,single_school,founder:00259284,00259284,Obec Citice,obec,1,2,762482,500000,1262482,1,5555106,aggregate_candidate_needs_confirmation,,,,,https://monitor.statnipokladna.gov.cz/api/ukazatele?ic=00259284&obdobi=2412
2024,,single_school,founder:00259373,00259373,Obec Jindřichovice,obec,1,1,635600,0,635600,1,1557664,aggregate_candidate_needs_confirmation,,,,,https://monitor.statnipokladna.gov.cz/api/ukazatele?ic=00259373&obdobi=2412
2024,,single_school,founder:00259411,00259411,Obec Krajková,obec,1,1,3400000,0,3400000,1,24074074,aggregate_candidate_needs_confirmation,,,,,https://monitor.statnipokladna.gov.cz/api/ukazatele?ic=00259411&obdobi=2412
2024,,single_school,founder:00259462,00259462,Obec Libavské Údolí,obec,1,1,1000000,0,1000000,1,6292025,aggregate_candidate_needs_confirmation,,,,,https://monitor.statnipokladna.gov.cz/api/ukazatele?ic=00259462&obdobi=2412
2024,,single_school,founder:00259535,00259535,Město Oloví,obec,1,2,5989263,258851,6248114,1,24088996,aggregate_candidate_needs_confirmation,,,,,https://monitor.statnipokladna.gov.cz/api/ukazatele?ic=00259535&obdobi=2412
2024,,single_school,founder:00259551,00259551,Město Rotava,obec,1,1,5000000,0,5000000,1,29692575,aggregate_candidate_needs_confirmation,,,,,https://monitor.statnipokladna.gov.cz/api/ukazatele?ic=00259551&obdobi=2412
2024,,single_school,founder:00259560,00259560,Obec Rovná,obec,1,1,1450000,0,1450000,1,4292492,aggregate_candidate_needs_confirmation,,,,,https://monitor.statnipokladna.gov.cz/api/ukazatele?ic=00259560&obdobi=2412
2024,,single_school,founder:00259608,00259608,Obec Staré Sedlo,obec,1,1,300000,0,300000,1,2975009,aggregate_candidate_needs_confirmation,,,,,https://monitor.statnipokladna.gov.cz/api/ukazatele?ic=00259608&obdobi=2412
2024,,single_school,founder:00259705,00259705,Město Bezdružice,obec,1,2,4270000,590000,4860000,1,29458398,aggregate_candidate_needs_confirmation,,,,,https://monitor.statnipokladna.gov.cz/api/ukazatele?ic=00259705&obdobi=2412
2024,,single_school,founder:00259811,00259811,Obec Erpužice,obec,1,1,255000,0,255000,1,2833215,aggregate_candidate_needs_confirmation,,,,,https://monitor.statnipokladna.gov.cz/api/ukazatele?ic=00259811&obdobi=2412
2024,,single_school,founder:00259829,00259829,Obec Halže,obec,1,1,4131200,0,4131200,1,13265027,aggregate_candidate_needs_confirmation,,,,,https://monitor.statnipokladna.gov.cz/api/ukazatele?ic=00259829&obdobi=2412
2024,,single_school,founder:00259853,00259853,Obec Hošťka,obec,1,1,620000,0,620000,1,4788922,aggregate_candidate_needs_confirmation,,,,,https://monitor.statnipokladna.gov.cz/api/ukazatele?ic=00259853&obdobi=2412
2024,,single_school,founder:00259861,00259861,Městys Chodová Planá,obec,1,2,3164400,2359500,5523900,1,18920886,aggregate_candidate_needs_confirmation,,,,,https://monitor.statnipokladna.gov.cz/api/ukazatele?ic=00259861&obdobi=2412
2024,,single_school,founder:00259870,00259870,Obec Chodský Újezd,obec,1,1,1666000,0,1666000,1,5075728,aggregate_candidate_needs_confirmation,,,,,https://monitor.statnipokladna.gov.cz/api/ukazatele?ic=00259870&obdobi=2412
2024,,single_school,founder:00259918,00259918,Obec Konstantinovy Lázně,obec,1,2,1980000,0,1980000,1,11696436,aggregate_candidate_needs_confirmation,,,,,https://monitor.statnipokladna.gov.cz/api/ukazatele?ic=00259918&obdobi=2412
2024,,single_school,founder:00259969,00259969,Obec Lesná,obec,1,1,1200000,0,1200000,1,5219418,aggregate_candidate_needs_confirmation,,,,,https://monitor.statnipokladna.gov.cz/api/ukazatele?ic=00259969&obdobi=2412
2024,,single_school,founder:00260142,00260142,Obec Staré Sedliště,obec,1,2,7085018,169552,7254570,1,26377179,aggregate_candidate_needs_confirmation,,,,,https://monitor.statnipokladna.gov.cz/api/ukazatele?ic=00260142&obdobi=2412
2024,,single_school,founder:00260215,00260215,Obec Svojšín,obec,1,2,1149685,59000,1208685,1,8313445,aggregate_candidate_needs_confirmation,,,,,https://monitor.statnipokladna.gov.cz/api/ukazatele?ic=00260215&obdobi=2412
2024,,single_school,founder:00260401,00260401,Obec Brniště,obec,1,1,2910000,0,2910000,1,15353178,aggregate_candidate_needs_confirmation,,,,,https://monitor.statnipokladna.gov.cz/api/ukazatele?ic=00260401&obdobi=2412
2024,,single_school,founder:00260525,00260525,Městys Holany,obec,1,1,800000,0,800000,1,6969839,aggregate_candidate_needs_confirmation,,,,,https://monitor.statnipokladna.gov.cz/api/ukazatele?ic=00260525&obdobi=2412
2024,,single_school,founder:00260789,00260789,Obec Nový Oldřichov,obec,1,1,873000,0,873000,1,9418405,aggregate_candidate_needs_confirmation,,,,,https://monitor.statnipokladna.gov.cz/api/ukazatele?ic=00260789&obdobi=2412
2024,,single_school,founder:00260878,00260878,Obec Jestřebí,obec,1,2,2533045,113392,2646437,1,22228355,aggregate_candidate_needs_confirmation,,,,,https://monitor.statnipokladna.gov.cz/api/ukazatele?ic=00260878&obdobi=2412
2024,,single_school,founder:00260967,00260967,Město Stráž pod Ralskem,obec,1,1,12256000,0,12256000,1,55741631,aggregate_candidate_needs_confirmation,,,,,https://monitor.statnipokladna.gov.cz/api/ukazatele?ic=00260967&obdobi=2412
2024,,single_school,founder:00260975,00260975,Obec Stružnice,obec,1,1,2350000,0,2350000,1,8048194,aggregate_candidate_needs_confirmation,,,,,https://monitor.statnipokladna.gov.cz/api/ukazatele?ic=00260975&obdobi=2412
2024,,single_school,founder:00261076,00261076,Obec Volfartice,obec,1,1,1280000,0,1280000,1,6366825,aggregate_candidate_needs_confirmation,,,,,https://monitor.statnipokladna.gov.cz/api/ukazatele?ic=00261076&obdobi=2412
2024,,single_school,founder:00261092,00261092,Obec Zahrádky,obec,1,1,1080000,0,1080000,1,8512479,aggregate_candidate_needs_confirmation,,,,,https://monitor.statnipokladna.gov.cz/api/ukazatele?ic=00261092&obdobi=2412
2024,,single_school,founder:00261114,00261114,Město Zákupy,obec,1,1,8600000,0,8600000,1,48296782,aggregate_candidate_needs_confirmation,,,,,https://monitor.statnipokladna.gov.cz/api/ukazatele?ic=00261114&obdobi=2412
2024,,single_school,founder:00261173,00261173,Obec Arnoltice,obec,1,1,159000,0,159000,1,2560531,aggregate_candidate_needs_confirmation,,,,,https://monitor.statnipokladna.gov.cz/api/ukazatele?ic=00261173&obdobi=2412
2024,,single_school,founder:00261181,00261181,Město Benešov nad Ploučnicí,obec,1,3,8800000,200000,9000000,1,70339489,aggregate_candidate_needs_confirmation,,,,,https://monitor.statnipokladna.gov.cz/api/ukazatele?ic=00261181&obdobi=2412
2024,,single_school,founder:00261246,00261246,Obec Dobkovice,obec,1,1,1850000,0,1850000,1,9419623,aggregate_candidate_needs_confirmation,,,,,https://monitor.statnipokladna.gov.cz/api/ukazatele?ic=00261246&obdobi=2412
2024,,single_school,founder:00261289,00261289,Město Dolní Poustevna,obec,1,1,4320000,0,4320000,1,24574198,aggregate_candidate_needs_confirmation,,,,,https://monitor.statnipokladna.gov.cz/api/ukazatele?ic=00261289&obdobi=2412
2024,,single_school,founder:00261327,00261327,Obec Heřmanov,obec,1,1,610700,0,610700,1,5979612,aggregate_candidate_needs_confirmation,,,,,https://monitor.statnipokladna.gov.cz/api/ukazatele?ic=00261327&obdobi=2412
2024,,single_school,founder:00261360,00261360,Obec Huntířov,obec,1,1,1280400,0,1280400,1,12956842,aggregate_candidate_needs_confirmation,,,,,https://monitor.statnipokladna.gov.cz/api/ukazatele?ic=00261360&obdobi=2412
2024,,single_school,founder:00261378,00261378,Město Chřibská,obec,1,1,2695000,0,2695000,1,26613505,aggregate_candidate_needs_confirmation,,,,,https://monitor.statnipokladna.gov.cz/api/ukazatele?ic=00261378&obdobi=2412
2024,,single_school,founder:00261416,00261416,Obec Jiřetín pod Jedlovou,obec,1,1,200000,0,200000,1,2210348,aggregate_candidate_needs_confirmation,,,,,https://monitor.statnipokladna.gov.cz/api/ukazatele?ic=00261416&obdobi=2412
2024,,single_school,founder:00261459,00261459,Město Krásná Lípa,obec,1,2,6718989,600000,7318989,1,53440460,aggregate_candidate_needs_confirmation,,,,,https://monitor.statnipokladna.gov.cz/api/ukazatele?ic=00261459&obdobi=2412
2024,,single_school,founder:00261505,00261505,Obec Lipová,obec,1,1,1337208,0,1337208,1,9589819,aggregate_candidate_needs_confirmation,,,,,https://monitor.statnipokladna.gov.cz/api/ukazatele?ic=00261505&obdobi=2412
2024,,single_school,founder:00261581,00261581,Město Mikulášovice,obec,1,2,5230000,0,5230000,1,28767937,aggregate_candidate_needs_confirmation,,,,,https://monitor.statnipokladna.gov.cz/api/ukazatele?ic=00261581&obdobi=2412
2024,,single_school,founder:00261653,00261653,Obec Staré Křečany,obec,1,1,3156721,0,3156721,1,14538520,aggregate_candidate_needs_confirmation,,,,,https://monitor.statnipokladna.gov.cz/api/ukazatele?ic=00261653&obdobi=2412
2024,,single_school,founder:00261742,00261742,Město Verneřice,obec,1,1,2400000,0,2400000,1,23960932,aggregate_candidate_needs_confirmation,,,,,https://monitor.statnipokladna.gov.cz/api/ukazatele?ic=00261742&obdobi=2412
2024,,single_school,founder:00261769,00261769,Obec Vilémov,obec,1,1,1250000,0,1250000,1,11568733,aggregate_candidate_needs_confirmation,,,,,https://monitor.statnipokladna.gov.cz/api/ukazatele?ic=00261769&obdobi=2412
2024,,single_school,founder:00261823,00261823,Obec Březno,obec,1,1,4000000,0,4000000,1,29804147,aggregate_candidate_needs_confirmation,,,,,https://monitor.statnipokladna.gov.cz/api/ukazatele?ic=00261823&obdobi=2412
2024,,single_school,founder:00261831,00261831,Obec Černovice,obec,1,1,600000,0,600000,1,2903231,aggregate_candidate_needs_confirmation,,,,,https://monitor.statnipokladna.gov.cz/api/ukazatele?ic=00261831&obdobi=2412
2024,,single_school,founder:00261858,00261858,Obec Droužkovice,obec,1,2,851000,324478,1175478,1,4809020,aggregate_candidate_needs_confirmation,,,,,https://monitor.statnipokladna.gov.cz/api/ukazatele?ic=00261858&obdobi=2412
2024,,single_school,founder:00261866,00261866,Obec Hora Sv. Šebestiána,obec,1,1,551938,0,551938,1,4245047,aggregate_candidate_needs_confirmation,,,,,https://monitor.statnipokladna.gov.cz/api/ukazatele?ic=00261866&obdobi=2412
2024,,single_school,founder:00261874,00261874,Obec Hrušovany,obec,1,1,670000,0,670000,1,2989111,aggregate_candidate_needs_confirmation,,,,,https://monitor.statnipokladna.gov.cz/api/ukazatele?ic=00261874&obdobi=2412
2024,,single_school,founder:00261882,00261882,Obec Chbany,obec,1,1,1142160,0,1142160,1,6942112,aggregate_candidate_needs_confirmation,,,,,https://monitor.statnipokladna.gov.cz/api/ukazatele?ic=00261882&obdobi=2412
2024,,single_school,founder:00261947,00261947,Městys Kovářská,obec,1,1,3391750,0,3391750,1,20474203,aggregate_candidate_needs_confirmation,,,,,https://monitor.statnipokladna.gov.cz/api/ukazatele?ic=00261947&obdobi=2412
2024,,single_school,founder:00262013,00262013,Obec Málkov,obec,1,1,800000,0,800000,1,7589584,aggregate_candidate_needs_confirmation,,,,,https://monitor.statnipokladna.gov.cz/api/ukazatele?ic=00262013&obdobi=2412
2024,,single_school,founder:00262021,00262021,Obec Mašťov,obec,1,1,1666980,0,1666980,1,9277136,aggregate_candidate_needs_confirmation,,,,,https://monitor.statnipokladna.gov.cz/api/ukazatele?ic=00262021&obdobi=2412
2024,,single_school,founder:00262072,00262072,Obec Perštejn,obec,1,1,1561110,0,1561110,1,24099108,aggregate_candidate_needs_confirmation,,,,,https://monitor.statnipokladna.gov.cz/api/ukazatele?ic=00262072&obdobi=2412
2024,,single_school,founder:00262111,00262111,Obec Radonice,obec,1,1,3200000,0,3200000,1,24650522,aggregate_candidate_needs_confirmation,,,,,https://monitor.statnipokladna.gov.cz/api/ukazatele?ic=00262111&obdobi=2412
2024,,single_school,founder:00262137,00262137,Obec Spořice,obec,1,1,1888905,0,1888905,1,15656742,aggregate_candidate_needs_confirmation,,,,,https://monitor.statnipokladna.gov.cz/api/ukazatele?ic=00262137&obdobi=2412
2024,,single_school,founder:00262145,00262145,Obec Strupčice,obec,1,1,3648676,0,3648676,1,31838033,aggregate_candidate_needs_confirmation,,,,,https://monitor.statnipokladna.gov.cz/api/ukazatele?ic=00262145&obdobi=2412
2024,,single_school,founder:00262200,00262200,Obec Vilémov,obec,1,1,2732000,0,2732000,1,22801374,aggregate_candidate_needs_confirmation,,,,,https://monitor.statnipokladna.gov.cz/api/ukazatele?ic=00262200&obdobi=2412
2024,,single_school,founder:00262242,00262242,Obec Vysoká Pec,obec,1,1,990000,0,990000,1,4649968,aggregate_candidate_needs_confirmation,,,,,https://monitor.statnipokladna.gov.cz/api/ukazatele?ic=00262242&obdobi=2412
2024,,single_school,founder:00262277,00262277,Obec Albrechtice v Jizerských horách,obec,1,1,930000,0,930000,1,8028847,aggregate_candidate_needs_confirmation,,,,,https://monitor.statnipokladna.gov.cz/api/ukazatele?ic=00262277&obdobi=2412
2024,,single_school,founder:00262307,00262307,Město Desná,obec,1,1,4200000,0,4200000,1,42115319,aggregate_candidate_needs_confirmation,,,,,https://monitor.statnipokladna.gov.cz/api/ukazatele?ic=00262307&obdobi=2412
2024,,single_school,founder:00262358,00262358,Obec Janov nad Nisou,obec,1,1,2240000,0,2240000,1,25281476,aggregate_candidate_needs_confirmation,,,,,https://monitor.statnipokladna.gov.cz/api/ukazatele?ic=00262358&obdobi=2412
2024,,single_school,founder:00262391,00262391,Obec Josefův Důl,obec,1,1,2870400,0,2870400,1,18894589,aggregate_candidate_needs_confirmation,,,,,https://monitor.statnipokladna.gov.cz/api/ukazatele?ic=00262391&obdobi=2412
2024,,single_school,founder:00262421,00262421,Obec Kořenov,obec,1,2,1278000,122000,1400000,1,7559692,aggregate_candidate_needs_confirmation,,,,,https://monitor.statnipokladna.gov.cz/api/ukazatele?ic=00262421&obdobi=2412
2024,,single_school,founder:00262463,00262463,Obec Malá Skála,obec,1,1,3900000,0,3900000,1,24614275,aggregate_candidate_needs_confirmation,,,,,https://monitor.statnipokladna.gov.cz/api/ukazatele?ic=00262463&obdobi=2412
2024,,single_school,founder:00262471,00262471,Obec Maršovice,obec,1,1,430000,0,430000,1,2825611,aggregate_candidate_needs_confirmation,,,,,https://monitor.statnipokladna.gov.cz/api/ukazatele?ic=00262471&obdobi=2412
2024,,single_school,founder:00262498,00262498,Obec Nová Ves nad Nisou,obec,1,1,1370000,0,1370000,1,11513083,aggregate_candidate_needs_confirmation,,,,,https://monitor.statnipokladna.gov.cz/api/ukazatele?ic=00262498&obdobi=2412
2024,,single_school,founder:00262552,00262552,Město Rychnov u Jablonce nad  Nisou,obec,1,1,4703000,0,4703000,1,49692523,aggregate_candidate_needs_confirmation,,,,,https://monitor.statnipokladna.gov.cz/api/ukazatele?ic=00262552&obdobi=2412
2024,,single_school,founder:00262561,00262561,Obec Skuhrov,obec,1,1,1250000,0,1250000,1,6287780,aggregate_candidate_needs_confirmation,,,,,https://monitor.statnipokladna.gov.cz/api/ukazatele?ic=00262561&obdobi=2412
2024,,single_school,founder:00262625,00262625,Obec Zlatá Olešnice,obec,1,1,680000,0,680000,1,6241539,aggregate_candidate_needs_confirmation,,,,,https://monitor.statnipokladna.gov.cz/api/ukazatele?ic=00262625&obdobi=2412
2024,,single_school,founder:00262668,00262668,obec Bílá,obec,1,1,500000,0,500000,1,5861480,aggregate_candidate_needs_confirmation,,,,,https://monitor.statnipokladna.gov.cz/api/ukazatele?ic=00262668&obdobi=2412
2024,,single_school,founder:00262692,00262692,Obec Bulovka,obec,1,1,892500,0,892500,1,9963037,aggregate_candidate_needs_confirmation,,,,,https://monitor.statnipokladna.gov.cz/api/ukazatele?ic=00262692&obdobi=2412
2024,,single_school,founder:00262757,00262757,Obec Dolní Řasnice,obec,1,1,497600,0,497600,1,10312186,aggregate_candidate_needs_confirmation,,,,,https://monitor.statnipokladna.gov.cz/api/ukazatele?ic=00262757&obdobi=2412
2024,,single_school,founder:00262790,00262790,Obec Habartice,obec,1,1,503000,0,503000,1,7386119,aggregate_candidate_needs_confirmation,,,,,https://monitor.statnipokladna.gov.cz/api/ukazatele?ic=00262790&obdobi=2412
2024,,single_school,founder:00262803,00262803,Město Hejnice,obec,1,1,5316000,0,5316000,1,49091699,aggregate_candidate_needs_confirmation,,,,,https://monitor.statnipokladna.gov.cz/api/ukazatele?ic=00262803&obdobi=2412
2024,,single_school,founder:00262943,00262943,Obec Křižany,obec,1,1,3300000,0,3300000,1,14008146,aggregate_candidate_needs_confirmation,,,,,https://monitor.statnipokladna.gov.cz/api/ukazatele?ic=00262943&obdobi=2412
2024,,single_school,founder:00263001,00263001,Obec Mníšek,obec,1,1,3200780,0,3200780,1,37405329,aggregate_candidate_needs_confirmation,,,,,https://monitor.statnipokladna.gov.cz/api/ukazatele?ic=00263001&obdobi=2412
2024,,single_school,founder:00263061,00263061,Město Osečná,obec,1,1,3816000,0,3816000,1,31125706,aggregate_candidate_needs_confirmation,,,,,https://monitor.statnipokladna.gov.cz/api/ukazatele?ic=00263061&obdobi=2412
2024,,single_school,founder:00263095,00263095,Obec Pěnčín,obec,1,1,1500000,0,1500000,1,10777057,aggregate_candidate_needs_confirmation,,,,,https://monitor.statnipokladna.gov.cz/api/ukazatele?ic=00263095&obdobi=2412
2024,,single_school,founder:00263141,00263141,Město Raspenava,obec,1,1,5692000,0,5692000,1,44081018,aggregate_candidate_needs_confirmation,,,,,https://monitor.statnipokladna.gov.cz/api/ukazatele?ic=00263141&obdobi=2412
2024,,single_school,founder:00263168,00263168,Obec Rynoltice,obec,1,1,1900000,0,1900000,1,12852252,aggregate_candidate_needs_confirmation,,,,,https://monitor.statnipokladna.gov.cz/api/ukazatele?ic=00263168&obdobi=2412
2024,,single_school,founder:00263192,00263192,Obec Světlá pod Ještědem,obec,1,1,1250000,0,1250000,1,11309882,aggregate_candidate_needs_confirmation,,,,,https://monitor.statnipokladna.gov.cz/api/ukazatele?ic=00263192&obdobi=2412
2024,,single_school,founder:00263222,00263222,Obec Sychrov,obec,1,1,622750,0,622750,1,5619259,aggregate_candidate_needs_confirmation,,,,,https://monitor.statnipokladna.gov.cz/api/ukazatele?ic=00263222&obdobi=2412
2024,,single_school,founder:00263265,00263265,Obec Višňová,obec,1,1,2056000,0,2056000,1,12828053,aggregate_candidate_needs_confirmation,,,,,https://monitor.statnipokladna.gov.cz/api/ukazatele?ic=00263265&obdobi=2412
2024,,single_school,founder:00263303,00263303,obec Všelibice,obec,1,1,390000,0,390000,1,3931300,aggregate_candidate_needs_confirmation,,,,,https://monitor.statnipokladna.gov.cz/api/ukazatele?ic=00263303&obdobi=2412
2024,,single_school,founder:00263346,00263346,Obec Bechlín,obec,1,2,8553580,1491904,10045484,1,33305538,aggregate_candidate_needs_confirmation,,,,,https://monitor.statnipokladna.gov.cz/api/ukazatele?ic=00263346&obdobi=2412
2024,,single_school,founder:00263362,00263362,Město Bohušovice nad Ohří,obec,1,1,4519700,0,4519700,1,25669975,aggregate_candidate_needs_confirmation,,,,,https://monitor.statnipokladna.gov.cz/api/ukazatele?ic=00263362&obdobi=2412
2024,,single_school,founder:00263389,00263389,Obec Brňany,obec,1,1,300000,0,300000,1,2868694,aggregate_candidate_needs_confirmation,,,,,https://monitor.statnipokladna.gov.cz/api/ukazatele?ic=00263389&obdobi=2412
2024,,single_school,founder:00263397,00263397,Městys Brozany nad Ohří,obec,1,1,3580000,0,3580000,1,28889769,aggregate_candidate_needs_confirmation,,,,,https://monitor.statnipokladna.gov.cz/api/ukazatele?ic=00263397&obdobi=2412
2024,,single_school,founder:00263419,00263419,Obec Bříza,obec,1,1,400000,0,400000,1,2753227,aggregate_candidate_needs_confirmation,,,,,https://monitor.statnipokladna.gov.cz/api/ukazatele?ic=00263419&obdobi=2412
2024,,single_school,founder:00263486,00263486,Obec Čížkovice,obec,1,1,3600000,0,3600000,1,16367233,aggregate_candidate_needs_confirmation,,,,,https://monitor.statnipokladna.gov.cz/api/ukazatele?ic=00263486&obdobi=2412
2024,,single_school,founder:00263524,00263524,Obec Doksany,obec,1,1,500000,0,500000,1,2696572,aggregate_candidate_needs_confirmation,,,,,https://monitor.statnipokladna.gov.cz/api/ukazatele?ic=00263524&obdobi=2412
2024,,single_school,founder:00263583,00263583,Obec Dušníky,obec,1,1,598320,0,598320,1,3191526,aggregate_candidate_needs_confirmation,,,,,https://monitor.statnipokladna.gov.cz/api/ukazatele?ic=00263583&obdobi=2412
2024,,single_school,founder:00263648,00263648,Město Hoštka,obec,1,1,3843248,0,3843248,1,32826211,aggregate_candidate_needs_confirmation,,,,,https://monitor.statnipokladna.gov.cz/api/ukazatele?ic=00263648&obdobi=2412
2024,,single_school,founder:00263664,00263664,Obec Hrobce,obec,1,1,276000,0,276000,1,3331170,aggregate_candidate_needs_confirmation,,,,,https://monitor.statnipokladna.gov.cz/api/ukazatele?ic=00263664&obdobi=2412
2024,,single_school,founder:00263699,00263699,Obec Chodouny,obec,1,1,1095000,0,1095000,1,7610649,aggregate_candidate_needs_confirmation,,,,,https://monitor.statnipokladna.gov.cz/api/ukazatele?ic=00263699&obdobi=2412
2024,,single_school,founder:00263796,00263796,Obec Klapý,obec,1,1,700000,0,700000,1,7131011,aggregate_candidate_needs_confirmation,,,,,https://monitor.statnipokladna.gov.cz/api/ukazatele?ic=00263796&obdobi=2412
2024,,single_school,founder:00263826,00263826,Obec Kostomlaty pod Řípem,obec,1,1,250000,0,250000,1,2854854,aggregate_candidate_needs_confirmation,,,,,https://monitor.statnipokladna.gov.cz/api/ukazatele?ic=00263826&obdobi=2412
2024,,single_school,founder:00263834,00263834,Obec Krabčice,obec,1,1,1212400,0,1212400,1,9149675,aggregate_candidate_needs_confirmation,,,,,https://monitor.statnipokladna.gov.cz/api/ukazatele?ic=00263834&obdobi=2412
2024,,single_school,founder:00263842,00263842,Obec Křesín,obec,1,1,320000,0,320000,1,2664160,aggregate_candidate_needs_confirmation,,,,,https://monitor.statnipokladna.gov.cz/api/ukazatele?ic=00263842&obdobi=2412
2024,,single_school,founder:00263851,00263851,Obec Křešice,obec,1,1,1123600,0,1123600,1,19850676,aggregate_candidate_needs_confirmation,,,,,https://monitor.statnipokladna.gov.cz/api/ukazatele?ic=00263851&obdobi=2412
2024,,single_school,founder:00263893,00263893,Obec Liběšice,obec,1,2,3337600,3479012,6816612,1,28375110,aggregate_candidate_needs_confirmation,,,,,https://monitor.statnipokladna.gov.cz/api/ukazatele?ic=00263893&obdobi=2412
2024,,single_school,founder:00263915,00263915,Obec Libkovice pod Řípem,obec,1,1,300000,0,300000,1,2731941,aggregate_candidate_needs_confirmation,,,,,https://monitor.statnipokladna.gov.cz/api/ukazatele?ic=00263915&obdobi=2412
2024,,single_school,founder:00263923,00263923,Obec Libochovany,obec,1,1,646417,0,646417,1,2902138,aggregate_candidate_needs_confirmation,,,,,https://monitor.statnipokladna.gov.cz/api/ukazatele?ic=00263923&obdobi=2412
2024,,single_school,founder:00263940,00263940,Obec Libotenice,obec,1,1,780300,0,780300,1,7414506,aggregate_candidate_needs_confirmation,,,,,https://monitor.statnipokladna.gov.cz/api/ukazatele?ic=00263940&obdobi=2412
2024,,single_school,founder:00263982,00263982,Obec Lovečkovice,obec,1,1,240000,0,240000,1,3600972,aggregate_candidate_needs_confirmation,,,,,https://monitor.statnipokladna.gov.cz/api/ukazatele?ic=00263982&obdobi=2412
2024,,single_school,founder:00264024,00264024,Obec Martiněves,obec,1,1,376000,0,376000,1,2984272,aggregate_candidate_needs_confirmation,,,,,https://monitor.statnipokladna.gov.cz/api/ukazatele?ic=00264024&obdobi=2412
2024,,single_school,founder:00264075,00264075,Obec Mnetěš,obec,1,1,600000,0,600000,1,6728796,aggregate_candidate_needs_confirmation,,,,,https://monitor.statnipokladna.gov.cz/api/ukazatele?ic=00264075&obdobi=2412
2024,,single_school,founder:00264083,00264083,Obec Mšené-lázně,obec,1,1,4955400,0,4955400,1,30581107,aggregate_candidate_needs_confirmation,,,,,https://monitor.statnipokladna.gov.cz/api/ukazatele?ic=00264083&obdobi=2412
2024,,single_school,founder:00264164,00264164,Obec Ploskovice,obec,1,1,2528000,0,2528000,1,23277136,aggregate_candidate_needs_confirmation,,,,,https://monitor.statnipokladna.gov.cz/api/ukazatele?ic=00264164&obdobi=2412
2024,,single_school,founder:00264202,00264202,Obec Polepy,obec,1,1,3504475,0,3504475,1,23798111,aggregate_candidate_needs_confirmation,,,,,https://monitor.statnipokladna.gov.cz/api/ukazatele?ic=00264202&obdobi=2412
2024,,single_school,founder:00264229,00264229,Obec Prackovice nad Labem,obec,1,1,500000,0,500000,1,3258631,aggregate_candidate_needs_confirmation,,,,,https://monitor.statnipokladna.gov.cz/api/ukazatele?ic=00264229&obdobi=2412
2024,,single_school,founder:00264261,00264261,Obec Račiněves,obec,1,1,400000,0,400000,1,2937061,aggregate_candidate_needs_confirmation,,,,,https://monitor.statnipokladna.gov.cz/api/ukazatele?ic=00264261&obdobi=2412
2024,,single_school,founder:00264369,00264369,Obec Siřejovice,obec,1,1,350000,0,350000,1,2619233,aggregate_candidate_needs_confirmation,,,,,https://monitor.statnipokladna.gov.cz/api/ukazatele?ic=00264369&obdobi=2412
2024,,single_school,founder:00264385,00264385,Obec Snědovice,obec,1,1,370000,0,370000,1,2801948,aggregate_candidate_needs_confirmation,,,,,https://monitor.statnipokladna.gov.cz/api/ukazatele?ic=00264385&obdobi=2412
2024,,single_school,founder:00264504,00264504,Obec Travčice,obec,1,1,450000,0,450000,1,2467498,aggregate_candidate_needs_confirmation,,,,,https://monitor.statnipokladna.gov.cz/api/ukazatele?ic=00264504&obdobi=2412
2024,,single_school,founder:00264521,00264521,Město Třebenice,obec,1,2,5426500,77127,5503627,1,41722412,aggregate_candidate_needs_confirmation,,,,,https://monitor.statnipokladna.gov.cz/api/ukazatele?ic=00264521&obdobi=2412
2024,,single_school,founder:00264539,00264539,Obec Třebívlice,obec,1,1,2400000,0,2400000,1,21328645,aggregate_candidate_needs_confirmation,,,,,https://monitor.statnipokladna.gov.cz/api/ukazatele?ic=00264539&obdobi=2412
2024,,single_school,founder:00264555,00264555,Obec Třebušín,obec,1,1,720000,0,720000,1,4051402,aggregate_candidate_needs_confirmation,,,,,https://monitor.statnipokladna.gov.cz/api/ukazatele?ic=00264555&obdobi=2412
2024,,single_school,founder:00264598,00264598,Obec Vědomice,obec,1,1,742000,0,742000,1,4102745,aggregate_candidate_needs_confirmation,,,,,https://monitor.statnipokladna.gov.cz/api/ukazatele?ic=00264598&obdobi=2412
2024,,single_school,founder:00264601,00264601,Obec Velemín,obec,1,2,3290390,0,3290390,1,24672628,aggregate_candidate_needs_confirmation,,,,,https://monitor.statnipokladna.gov.cz/api/ukazatele?ic=00264601&obdobi=2412
2024,,single_school,founder:00264610,00264610,Obec Velké Žernoseky,obec,1,1,264000,0,264000,1,3038915,aggregate_candidate_needs_confirmation,,,,,https://monitor.statnipokladna.gov.cz/api/ukazatele?ic=00264610&obdobi=2412
2024,,single_school,founder:00264644,00264644,Obec Vražkov,obec,1,1,530000,0,530000,1,3274340,aggregate_candidate_needs_confirmation,,,,,https://monitor.statnipokladna.gov.cz/api/ukazatele?ic=00264644&obdobi=2412
2024,,single_school,founder:00264652,00264652,Obec Vrbice,obec,1,1,490000,0,490000,1,2046754,aggregate_candidate_needs_confirmation,,,,,https://monitor.statnipokladna.gov.cz/api/ukazatele?ic=00264652&obdobi=2412
2024,,single_school,founder:00264709,00264709,Obec Žalhostice,obec,1,2,3500000,99985,3599985,1,20431448,aggregate_candidate_needs_confirmation,,,,,https://monitor.statnipokladna.gov.cz/api/ukazatele?ic=00264709&obdobi=2412
2024,,single_school,founder:00264725,00264725,Obec Žitenice,obec,1,1,1800000,0,1800000,1,7921368,aggregate_candidate_needs_confirmation,,,,,https://monitor.statnipokladna.gov.cz/api/ukazatele?ic=00264725&obdobi=2412
2024,,single_school,founder:00264768,00264768,Obec Blatno,obec,1,1,1100000,0,1100000,1,2919123,aggregate_candidate_needs_confirmation,,,,,https://monitor.statnipokladna.gov.cz/api/ukazatele?ic=00264768&obdobi=2412
2024,,single_school,founder:00264784,00264784,Město Blšany,obec,1,1,920000,0,920000,1,4814254,aggregate_candidate_needs_confirmation,,,,,https://monitor.statnipokladna.gov.cz/api/ukazatele?ic=00264784&obdobi=2412
2024,,single_school,founder:00264903,00264903,Obec Domoušice,obec,1,1,556500,0,556500,1,4990365,aggregate_candidate_needs_confirmation,,,,,https://monitor.statnipokladna.gov.cz/api/ukazatele?ic=00264903&obdobi=2412
2024,,single_school,founder:00264971,00264971,Obec Hřivice,obec,1,1,450000,0,450000,1,3212944,aggregate_candidate_needs_confirmation,,,,,https://monitor.statnipokladna.gov.cz/api/ukazatele?ic=00264971&obdobi=2412
2024,,single_school,founder:00264997,00264997,Obec Chlumčany,obec,1,1,500000,0,500000,1,3047289,aggregate_candidate_needs_confirmation,,,,,https://monitor.statnipokladna.gov.cz/api/ukazatele?ic=00264997&obdobi=2412
2024,,single_school,founder:00265055,00265055,Obec Koštice,obec,1,1,450000,0,450000,1,6004230,aggregate_candidate_needs_confirmation,,,,,https://monitor.statnipokladna.gov.cz/api/ukazatele?ic=00265055&obdobi=2412
2024,,single_school,founder:00265071,00265071,Obec Krásný Dvůr,obec,1,1,2992000,0,2992000,1,19893298,aggregate_candidate_needs_confirmation,,,,,https://monitor.statnipokladna.gov.cz/api/ukazatele?ic=00265071&obdobi=2412
2024,,single_school,founder:00265110,00265110,Obec Libčeves,obec,1,1,668000,0,668000,1,3702924,aggregate_candidate_needs_confirmation,,,,,https://monitor.statnipokladna.gov.cz/api/ukazatele?ic=00265110&obdobi=2412
2024,,single_school,founder:00265292,00265292,Obec Nové Sedlo,obec,1,1,800000,0,800000,1,7216400,aggregate_candidate_needs_confirmation,,,,,https://monitor.statnipokladna.gov.cz/api/ukazatele?ic=00265292&obdobi=2412
2024,,single_school,founder:00265497,00265497,Městys Slavětín,obec,1,1,300000,0,300000,1,3183349,aggregate_candidate_needs_confirmation,,,,,https://monitor.statnipokladna.gov.cz/api/ukazatele?ic=00265497&obdobi=2412
2024,,single_school,founder:00265624,00265624,Obec Tuchořice,obec,1,1,1551242,0,1551242,1,7780256,aggregate_candidate_needs_confirmation,,,,,https://monitor.statnipokladna.gov.cz/api/ukazatele?ic=00265624&obdobi=2412
2024,,single_school,founder:00265705,00265705,Město Vroutek,obec,1,1,7887584,0,7887584,1,31640136,aggregate_candidate_needs_confirmation,,,,,https://monitor.statnipokladna.gov.cz/api/ukazatele?ic=00265705&obdobi=2412
2024,,single_school,founder:00265811,00265811,Obec Bečov,obec,1,1,5992000,0,5992000,1,30617962,aggregate_candidate_needs_confirmation,,,,,https://monitor.statnipokladna.gov.cz/api/ukazatele?ic=00265811&obdobi=2412
2024,,single_school,founder:00265845,00265845,Obec Braňany,obec,1,1,4557000,0,4557000,1,24297751,aggregate_candidate_needs_confirmation,,,,,https://monitor.statnipokladna.gov.cz/api/ukazatele?ic=00265845&obdobi=2412
2024,,single_school,founder:00265934,00265934,Město Hora Svaté Kateřiny,obec,1,1,3999365,0,3999365,1,21744787,aggregate_candidate_needs_confirmation,,,,,https://monitor.statnipokladna.gov.cz/api/ukazatele?ic=00265934&obdobi=2412
2024,,single_school,founder:00265942,00265942,Město Horní Jiřetín,obec,1,2,3751990,3644860,7396850,1,30910983,aggregate_candidate_needs_confirmation,,,,,https://monitor.statnipokladna.gov.cz/api/ukazatele?ic=00265942&obdobi=2412
2024,,single_school,founder:00266035,00266035,Město Lom,obec,1,2,4683321,2997489,7680810,1,27891125,aggregate_candidate_needs_confirmation,,,,,https://monitor.statnipokladna.gov.cz/api/ukazatele?ic=00266035&obdobi=2412
2024,,single_school,founder:00266043,00266043,Obec Louka u Litvínova,obec,1,2,1245000,84252,1329252,1,9618203,aggregate_candidate_needs_confirmation,,,,,https://monitor.statnipokladna.gov.cz/api/ukazatele?ic=00266043&obdobi=2412
2024,,single_school,founder:00266051,00266051,obec Lužice,obec,1,1,328600,0,328600,1,2895785,aggregate_candidate_needs_confirmation,,,,,https://monitor.statnipokladna.gov.cz/api/ukazatele?ic=00266051&obdobi=2412
2024,,single_school,founder:00266086,00266086,Město Meziboří,obec,1,1,9466000,0,9466000,1,57543737,aggregate_candidate_needs_confirmation,,,,,https://monitor.statnipokladna.gov.cz/api/ukazatele?ic=00266086&obdobi=2412
2024,,single_school,founder:00266248,00266248,Obec Bořislav,obec,1,1,375000,0,375000,1,2117161,aggregate_candidate_needs_confirmation,,,,,https://monitor.statnipokladna.gov.cz/api/ukazatele?ic=00266248&obdobi=2412
2024,,single_school,founder:00266264,00266264,Obec Bžany,obec,1,1,687200,0,687200,1,2894854,aggregate_candidate_needs_confirmation,,,,,https://monitor.statnipokladna.gov.cz/api/ukazatele?ic=00266264&obdobi=2412
2024,,single_school,founder:00266302,00266302,Obec Háj u Duchcova,obec,1,1,1008532,0,1008532,1,5418100,aggregate_candidate_needs_confirmation,,,,,https://monitor.statnipokladna.gov.cz/api/ukazatele?ic=00266302&obdobi=2412
2024,,single_school,founder:00266345,00266345,Obec Hrobčice,obec,1,1,760000,0,760000,1,7238341,aggregate_candidate_needs_confirmation,,,,,https://monitor.statnipokladna.gov.cz/api/ukazatele?ic=00266345&obdobi=2412
2024,,single_school,founder:00266361,00266361,Obec Jeníkov,obec,1,1,430000,0,430000,1,2797242,aggregate_candidate_needs_confirmation,,,,,https://monitor.statnipokladna.gov.cz/api/ukazatele?ic=00266361&obdobi=2412
2024,,single_school,founder:00266396,00266396,Obec Kostomlaty pod Milešovkou,obec,1,1,2753000,0,2753000,1,23295756,aggregate_candidate_needs_confirmation,,,,,https://monitor.statnipokladna.gov.cz/api/ukazatele?ic=00266396&obdobi=2412
2024,,single_school,founder:00266426,00266426,Obec Lahošť,obec,1,1,900000,0,900000,1,3341581,aggregate_candidate_needs_confirmation,,,,,https://monitor.statnipokladna.gov.cz/api/ukazatele?ic=00266426&obdobi=2412
2024,,single_school,founder:00266434,00266434,Město Ledvice,obec,1,1,636000,0,636000,1,2912879,aggregate_candidate_needs_confirmation,,,,,https://monitor.statnipokladna.gov.cz/api/ukazatele?ic=00266434&obdobi=2412
2024,,single_school,founder:00266493,00266493,Obec Modlany,obec,1,1,1470000,0,1470000,1,5817697,aggregate_candidate_needs_confirmation,,,,,https://monitor.statnipokladna.gov.cz/api/ukazatele?ic=00266493&obdobi=2412
2024,,single_school,founder:00266540,00266540,Obec Ohníč,obec,1,1,498032,0,498032,1,3097511,aggregate_candidate_needs_confirmation,,,,,https://monitor.statnipokladna.gov.cz/api/ukazatele?ic=00266540&obdobi=2412
2024,,single_school,founder:00266574,00266574,Obec Rtyně nad Bílinou,obec,1,1,400000,0,400000,1,2773027,aggregate_candidate_needs_confirmation,,,,,https://monitor.statnipokladna.gov.cz/api/ukazatele?ic=00266574&obdobi=2412
2024,,single_school,founder:00266639,00266639,Obec Újezdeček,obec,1,1,558806,0,558806,1,3786509,aggregate_candidate_needs_confirmation,,,,,https://monitor.statnipokladna.gov.cz/api/ukazatele?ic=00266639&obdobi=2412
2024,,single_school,founder:00266647,00266647,Obec Zabrušany,obec,1,1,2050000,0,2050000,1,13069123,aggregate_candidate_needs_confirmation,,,,,https://monitor.statnipokladna.gov.cz/api/ukazatele?ic=00266647&obdobi=2412
2024,,single_school,founder:00266655,00266655,Obec Žalany,obec,1,1,3300000,0,3300000,1,31667757,aggregate_candidate_needs_confirmation,,,,,https://monitor.statnipokladna.gov.cz/api/ukazatele?ic=00266655&obdobi=2412
2024,,single_school,founder:00266710,00266710,Obec Dolní Zálezly,obec,1,1,490000,0,490000,1,3279653,aggregate_candidate_needs_confirmation,,,,,https://monitor.statnipokladna.gov.cz/api/ukazatele?ic=00266710&obdobi=2412
2024,,single_school,founder:00266809,00266809,Obec Chuderov,obec,1,1,1360091,0,1360091,1,3789101,aggregate_candidate_needs_confirmation,,,,,https://monitor.statnipokladna.gov.cz/api/ukazatele?ic=00266809&obdobi=2412
2024,,single_school,founder:00266833,00266833,Obec Libouchec,obec,1,1,4800000,0,4800000,1,31086845,aggregate_candidate_needs_confirmation,,,,,https://monitor.statnipokladna.gov.cz/api/ukazatele?ic=00266833&obdobi=2412
2024,,single_school,founder:00266884,00266884,Obec Malečov,obec,1,1,1510000,0,1510000,1,10890905,aggregate_candidate_needs_confirmation,,,,,https://monitor.statnipokladna.gov.cz/api/ukazatele?ic=00266884&obdobi=2412
2024,,single_school,founder:00266922,00266922,Obec Petrovice,obec,1,1,1692000,0,1692000,1,12395209,aggregate_candidate_needs_confirmation,,,,,https://monitor.statnipokladna.gov.cz/api/ukazatele?ic=00266922&obdobi=2412
2024,,single_school,founder:00267074,00267074,Obec Telnice,obec,1,1,700000,0,700000,1,2740177,aggregate_candidate_needs_confirmation,,,,,https://monitor.statnipokladna.gov.cz/api/ukazatele?ic=00267074&obdobi=2412
2024,,single_school,founder:00267082,00267082,Obec Tisá,obec,1,2,3200000,2100000,5300000,1,24460519,aggregate_candidate_needs_confirmation,,,,,https://monitor.statnipokladna.gov.cz/api/ukazatele?ic=00267082&obdobi=2412
2024,,single_school,founder:00267279,00267279,Městys Česká Bělá,obec,1,1,2680000,0,2680000,1,21960842,aggregate_candidate_needs_confirmation,,,,,https://monitor.statnipokladna.gov.cz/api/ukazatele?ic=00267279&obdobi=2412
2024,,single_school,founder:00267309,00267309,Obec Dlouhá Ves,obec,1,1,950000,0,950000,1,5682031,aggregate_candidate_needs_confirmation,,,,,https://monitor.statnipokladna.gov.cz/api/ukazatele?ic=00267309&obdobi=2412
2024,,single_school,founder:00267368,00267368,Obec Dolní Krupá,obec,1,4,1400000,147622,1547622,1,9317694,aggregate_candidate_needs_confirmation,,,,,https://monitor.statnipokladna.gov.cz/api/ukazatele?ic=00267368&obdobi=2412
2024,,single_school,founder:00267376,00267376,Obec Dolní Město,obec,1,1,1560000,0,1560000,1,11112110,aggregate_candidate_needs_confirmation,,,,,https://monitor.statnipokladna.gov.cz/api/ukazatele?ic=00267376&obdobi=2412
2024,,single_school,founder:00267406,00267406,Město Golčův Jeníkov,obec,1,2,3815000,0,3815000,1,41558919,aggregate_candidate_needs_confirmation,,,,,https://monitor.statnipokladna.gov.cz/api/ukazatele?ic=00267406&obdobi=2412
2024,,single_school,founder:00267422,00267422,Město Habry,obec,1,1,3508917,0,3508917,1,24375208,aggregate_candidate_needs_confirmation,,,,,https://monitor.statnipokladna.gov.cz/api/ukazatele?ic=00267422&obdobi=2412
2024,,single_school,founder:00267431,00267431,Městys Havlíčkova Borová,obec,1,1,928124,0,928124,1,18890068,aggregate_candidate_needs_confirmation,,,,,https://monitor.statnipokladna.gov.cz/api/ukazatele?ic=00267431&obdobi=2412
2024,,single_school,founder:00267457,00267457,Obec Herálec,obec,1,1,4560000,0,4560000,1,26877563,aggregate_candidate_needs_confirmation,,,,,https://monitor.statnipokladna.gov.cz/api/ukazatele?ic=00267457&obdobi=2412
2024,,single_school,founder:00267473,00267473,Obec Hněvkovice,obec,1,1,140000,0,140000,1,7778685,aggregate_candidate_needs_confirmation,,,,,https://monitor.statnipokladna.gov.cz/api/ukazatele?ic=00267473&obdobi=2412
2024,,single_school,founder:00267481,00267481,Obec Horní Krupá,obec,1,1,560000,0,560000,1,4505738,aggregate_candidate_needs_confirmation,,,,,https://monitor.statnipokladna.gov.cz/api/ukazatele?ic=00267481&obdobi=2412
2024,,single_school,founder:00267597,00267597,Obec Kámen,obec,1,1,228941,0,228941,1,1884397,aggregate_candidate_needs_confirmation,,,,,https://monitor.statnipokladna.gov.cz/api/ukazatele?ic=00267597&obdobi=2412
2024,,single_school,founder:00267678,00267678,Obec Kožlí,obec,1,1,120000,0,120000,1,12256447,aggregate_candidate_needs_confirmation,,,,,https://monitor.statnipokladna.gov.cz/api/ukazatele?ic=00267678&obdobi=2412
2024,,single_school,founder:00267694,00267694,Obec Krásná Hora,obec,1,1,1683847,0,1683847,1,4827308,aggregate_candidate_needs_confirmation,,,,,https://monitor.statnipokladna.gov.cz/api/ukazatele?ic=00267694&obdobi=2412
2024,,single_school,founder:00267783,00267783,Obec Leština u Světlé,obec,1,1,320000,0,320000,1,6080041,aggregate_candidate_needs_confirmation,,,,,https://monitor.statnipokladna.gov.cz/api/ukazatele?ic=00267783&obdobi=2412
2024,,single_school,founder:00267791,00267791,Městys Libice nad Doubravou,obec,1,1,500000,0,500000,1,9188811,aggregate_candidate_needs_confirmation,,,,,https://monitor.statnipokladna.gov.cz/api/ukazatele?ic=00267791&obdobi=2412
2024,,single_school,founder:00267805,00267805,Obec Lípa,obec,1,1,2440000,0,2440000,1,32861065,aggregate_candidate_needs_confirmation,,,,,https://monitor.statnipokladna.gov.cz/api/ukazatele?ic=00267805&obdobi=2412
2024,,single_school,founder:00267813,00267813,Obec Lipnice nad Sázavou,obec,1,1,1000000,0,1000000,1,18004132,aggregate_candidate_needs_confirmation,,,,,https://monitor.statnipokladna.gov.cz/api/ukazatele?ic=00267813&obdobi=2412
2024,,single_school,founder:00267830,00267830,Obec Lučice,obec,1,1,1355000,0,1355000,1,8147704,aggregate_candidate_needs_confirmation,,,,,https://monitor.statnipokladna.gov.cz/api/ukazatele?ic=00267830&obdobi=2412
2024,,single_school,founder:00267848,00267848,Obec Malčín,obec,1,1,100000,0,100000,1,1922285,aggregate_candidate_needs_confirmation,,,,,https://monitor.statnipokladna.gov.cz/api/ukazatele?ic=00267848&obdobi=2412
2024,,single_school,founder:00267856,00267856,Obec Maleč,obec,1,1,1700000,0,1700000,1,15649228,aggregate_candidate_needs_confirmation,,,,,https://monitor.statnipokladna.gov.cz/api/ukazatele?ic=00267856&obdobi=2412
2024,,single_school,founder:00267953,00267953,Obec Okrouhlice,obec,1,1,1050000,0,1050000,1,15932350,aggregate_candidate_needs_confirmation,,,,,https://monitor.statnipokladna.gov.cz/api/ukazatele?ic=00267953&obdobi=2412
2024,,single_school,founder:00267988,00267988,Obec Olešná,obec,1,1,285987,0,285987,1,2456961,aggregate_candidate_needs_confirmation,,,,,https://monitor.statnipokladna.gov.cz/api/ukazatele?ic=00267988&obdobi=2412
2024,,single_school,founder:00267996,00267996,Obec Oudoleň,obec,1,1,500000,0,500000,1,7019271,aggregate_candidate_needs_confirmation,,,,,https://monitor.statnipokladna.gov.cz/api/ukazatele?ic=00267996&obdobi=2412
2024,,single_school,founder:00268062,00268062,Obec Pohled,obec,1,1,465300,0,465300,1,2370022,aggregate_candidate_needs_confirmation,,,,,https://monitor.statnipokladna.gov.cz/api/ukazatele?ic=00268062&obdobi=2412
2024,,single_school,founder:00268151,00268151,Obec Rozsochatec,obec,1,1,800000,0,800000,1,7923568,aggregate_candidate_needs_confirmation,,,,,https://monitor.statnipokladna.gov.cz/api/ukazatele?ic=00268151&obdobi=2412
2024,,single_school,founder:00268186,00268186,Obec Sázavka,obec,1,1,580000,0,580000,1,6032315,aggregate_candidate_needs_confirmation,,,,,https://monitor.statnipokladna.gov.cz/api/ukazatele?ic=00268186&obdobi=2412
2024,,single_school,founder:00268232,00268232,Obec Skuhrov,obec,1,1,384059,0,384059,1,5002889,aggregate_candidate_needs_confirmation,,,,,https://monitor.statnipokladna.gov.cz/api/ukazatele?ic=00268232&obdobi=2412
2024,,single_school,founder:00268275,00268275,Obec Sobíňov,obec,1,1,1143080,0,1143080,1,7475920,aggregate_candidate_needs_confirmation,,,,,https://monitor.statnipokladna.gov.cz/api/ukazatele?ic=00268275&obdobi=2412
2024,,single_school,founder:00268348,00268348,Obec Šlapanov,obec,1,1,2250000,0,2250000,1,18873797,aggregate_candidate_needs_confirmation,,,,,https://monitor.statnipokladna.gov.cz/api/ukazatele?ic=00268348&obdobi=2412
2024,,single_school,founder:00268356,00268356,Městys Štoky,obec,1,1,4100000,0,4100000,1,34474294,aggregate_candidate_needs_confirmation,,,,,https://monitor.statnipokladna.gov.cz/api/ukazatele?ic=00268356&obdobi=2412
2024,,single_school,founder:00268372,00268372,Obec Tis,obec,1,1,250000,0,250000,1,2379185,aggregate_candidate_needs_confirmation,,,,,https://monitor.statnipokladna.gov.cz/api/ukazatele?ic=00268372&obdobi=2412
2024,,single_school,founder:00268402,00268402,Obec Uhelná Příbram,obec,1,1,700000,0,700000,1,8586739,aggregate_candidate_needs_confirmation,,,,,https://monitor.statnipokladna.gov.cz/api/ukazatele?ic=00268402&obdobi=2412
2024,,single_school,founder:00268445,00268445,Obec Veselý Žďár,obec,1,1,500000,0,500000,1,6407960,aggregate_candidate_needs_confirmation,,,,,https://monitor.statnipokladna.gov.cz/api/ukazatele?ic=00268445&obdobi=2412
2024,,single_school,founder:00268453,00268453,Obec Věž,obec,1,1,1100000,0,1100000,1,7639705,aggregate_candidate_needs_confirmation,,,,,https://monitor.statnipokladna.gov.cz/api/ukazatele?ic=00268453&obdobi=2412
2024,,single_school,founder:00268461,00268461,Obec Věžnice,obec,1,1,564000,0,564000,1,5698250,aggregate_candidate_needs_confirmation,,,,,https://monitor.statnipokladna.gov.cz/api/ukazatele?ic=00268461&obdobi=2412
2024,,single_school,founder:00268470,00268470,Obec Vilémov,obec,1,1,2150000,0,2150000,1,15388138,aggregate_candidate_needs_confirmation,,,,,https://monitor.statnipokladna.gov.cz/api/ukazatele?ic=00268470&obdobi=2412
2024,,single_school,founder:00268542,00268542,Město Ždírec nad Doubravou,obec,1,1,4723000,0,4723000,1,54863455,aggregate_candidate_needs_confirmation,,,,,https://monitor.statnipokladna.gov.cz/api/ukazatele?ic=00268542&obdobi=2412
2024,,single_school,founder:00268569,00268569,Obec Žižkovo Pole,obec,1,1,150000,0,150000,1,2373516,aggregate_candidate_needs_confirmation,,,,,https://monitor.statnipokladna.gov.cz/api/ukazatele?ic=00268569&obdobi=2412
2024,,single_school,founder:00268640,00268640,Obec Boharyně,obec,1,1,750000,0,750000,1,6960954,aggregate_candidate_needs_confirmation,,,,,https://monitor.statnipokladna.gov.cz/api/ukazatele?ic=00268640&obdobi=2412
2024,,single_school,founder:00268674,00268674,Obec Černilov,obec,1,4,5153000,1547000,6700000,1,48506563,aggregate_candidate_needs_confirmation,,,,,https://monitor.statnipokladna.gov.cz/api/ukazatele?ic=00268674&obdobi=2412
2024,,single_school,founder:00268682,00268682,Obec Černožice,obec,1,2,2000000,50695,2050695,1,12533528,aggregate_candidate_needs_confirmation,,,,,https://monitor.statnipokladna.gov.cz/api/ukazatele?ic=00268682&obdobi=2412
2024,,single_school,founder:00268721,00268721,Obec Dobřenice,obec,1,1,950000,0,950000,1,4118779,aggregate_candidate_needs_confirmation,,,,,https://monitor.statnipokladna.gov.cz/api/ukazatele?ic=00268721&obdobi=2412
2024,,single_school,founder:00268739,00268739,Obec Dohalice,obec,1,2,675900,158631,834531,1,5162906,aggregate_candidate_needs_confirmation,,,,,https://monitor.statnipokladna.gov.cz/api/ukazatele?ic=00268739&obdobi=2412
2024,,single_school,founder:00268747,00268747,Obec Dolní Přím,obec,1,1,1400000,0,1400000,1,6968941,aggregate_candidate_needs_confirmation,,,,,https://monitor.statnipokladna.gov.cz/api/ukazatele?ic=00268747&obdobi=2412
2024,,single_school,founder:00268763,00268763,Obec Hlušice,obec,1,1,2533911,0,2533911,1,26922274,aggregate_candidate_needs_confirmation,,,,,https://monitor.statnipokladna.gov.cz/api/ukazatele?ic=00268763&obdobi=2412
2024,,missing_finm_total,founder:00268801,00268801,Obec Hořiněves,obec,1,0,0,0,0,1,8876953,founder_source_required,,,,,https://monitor.statnipokladna.gov.cz/api/ukazatele?ic=00268801&obdobi=2412
2024,,single_school,founder:00268887,00268887,Obec Chudeřice,obec,1,1,900000,0,900000,1,5274551,aggregate_candidate_needs_confirmation,,,,,https://monitor.statnipokladna.gov.cz/api/ukazatele?ic=00268887&obdobi=2412
2024,,single_school,founder:00268933,00268933,Obec Kosice,obec,1,1,360000,0,360000,1,3260974,aggregate_candidate_needs_confirmation,,,,,https://monitor.statnipokladna.gov.cz/api/ukazatele?ic=00268933&obdobi=2412
2024,,single_school,founder:00268941,00268941,Obec Kosičky,obec,1,1,650000,0,650000,1,3900675,aggregate_candidate_needs_confirmation,,,,,https://monitor.statnipokladna.gov.cz/api/ukazatele?ic=00268941&obdobi=2412
2024,,single_school,founder:00268968,00268968,Obec Kratonohy,obec,1,1,1800000,0,1800000,1,12243155,aggregate_candidate_needs_confirmation,,,,,https://monitor.statnipokladna.gov.cz/api/ukazatele?ic=00268968&obdobi=2412
2024,,single_school,founder:00268992,00268992,Obec Lhota pod Libčany,obec,1,1,1400000,0,1400000,1,11642296,aggregate_candidate_needs_confirmation,,,,,https://monitor.statnipokladna.gov.cz/api/ukazatele?ic=00268992&obdobi=2412
2024,,single_school,founder:00269000,00269000,Obec Libčany,obec,1,1,3460000,0,3460000,1,38142244,aggregate_candidate_needs_confirmation,,,,,https://monitor.statnipokladna.gov.cz/api/ukazatele?ic=00269000&obdobi=2412
2024,,single_school,founder:00269077,00269077,Obec Lovčice,obec,1,1,1437000,0,1437000,1,7973111,aggregate_candidate_needs_confirmation,,,,,https://monitor.statnipokladna.gov.cz/api/ukazatele?ic=00269077&obdobi=2412
2024,,single_school,founder:00269131,00269131,Obec Měník,obec,1,1,800000,0,800000,1,7015052,aggregate_candidate_needs_confirmation,,,,,https://monitor.statnipokladna.gov.cz/api/ukazatele?ic=00269131&obdobi=2412
2024,,single_school,founder:00269174,00269174,Obec Mžany,obec,1,1,500000,0,500000,1,7147997,aggregate_candidate_needs_confirmation,,,,,https://monitor.statnipokladna.gov.cz/api/ukazatele?ic=00269174&obdobi=2412
2024,,single_school,founder:00269191,00269191,Město Nechanice,obec,1,2,4500000,2551356,7051356,1,51206555,aggregate_candidate_needs_confirmation,,,,,https://monitor.statnipokladna.gov.cz/api/ukazatele?ic=00269191&obdobi=2412
2024,,single_school,founder:00269212,00269212,Obec Nepolisy,obec,1,1,1288500,0,1288500,1,13588282,aggregate_candidate_needs_confirmation,,,,,https://monitor.statnipokladna.gov.cz/api/ukazatele?ic=00269212&obdobi=2412
2024,,single_school,founder:00269239,00269239,Obec Nové Město,obec,1,1,1420000,0,1420000,1,9379715,aggregate_candidate_needs_confirmation,,,,,https://monitor.statnipokladna.gov.cz/api/ukazatele?ic=00269239&obdobi=2412
2024,,single_school,founder:00269255,00269255,Obec Ohnišťany,obec,1,1,700000,0,700000,1,4692620,aggregate_candidate_needs_confirmation,,,,,https://monitor.statnipokladna.gov.cz/api/ukazatele?ic=00269255&obdobi=2412
2024,,single_school,founder:00269301,00269301,Obec Petrovice,obec,1,1,480000,0,480000,1,4461798,aggregate_candidate_needs_confirmation,,,,,https://monitor.statnipokladna.gov.cz/api/ukazatele?ic=00269301&obdobi=2412
2024,,single_school,founder:00269344,00269344,Obec Prasek,obec,1,1,2284938,0,2284938,1,15969108,aggregate_candidate_needs_confirmation,,,,,https://monitor.statnipokladna.gov.cz/api/ukazatele?ic=00269344&obdobi=2412
2024,,single_school,founder:00269352,00269352,Obec Praskačka,obec,1,1,1700000,0,1700000,1,15965642,aggregate_candidate_needs_confirmation,,,,,https://monitor.statnipokladna.gov.cz/api/ukazatele?ic=00269352&obdobi=2412
2024,,single_school,founder:00269379,00269379,Obec Předměřice nad Labem,obec,1,1,5969000,0,5969000,1,43773815,aggregate_candidate_needs_confirmation,,,,,https://monitor.statnipokladna.gov.cz/api/ukazatele?ic=00269379&obdobi=2412
2024,,single_school,founder:00269387,00269387,Obec Převýšov,obec,1,1,520000,0,520000,1,4140256,aggregate_candidate_needs_confirmation,,,,,https://monitor.statnipokladna.gov.cz/api/ukazatele?ic=00269387&obdobi=2412
2024,,single_school,founder:00269433,00269433,Obec Roudnice,obec,1,1,740000,0,740000,1,2966152,aggregate_candidate_needs_confirmation,,,,,https://monitor.statnipokladna.gov.cz/api/ukazatele?ic=00269433&obdobi=2412
2024,,single_school,founder:00269492,00269492,Obec Skalice,obec,1,1,820000,0,820000,1,4803189,aggregate_candidate_needs_confirmation,,,,,https://monitor.statnipokladna.gov.cz/api/ukazatele?ic=00269492&obdobi=2412
2024,,single_school,founder:00269514,00269514,Obec Skřivany,obec,1,5,2747689,248066,2995755,1,25371541,aggregate_candidate_needs_confirmation,,,,,https://monitor.statnipokladna.gov.cz/api/ukazatele?ic=00269514&obdobi=2412
2024,,single_school,founder:00269549,00269549,Obec Smidary,obec,1,1,3500000,0,3500000,1,27990190,aggregate_candidate_needs_confirmation,,,,,https://monitor.statnipokladna.gov.cz/api/ukazatele?ic=00269549&obdobi=2412
2024,,single_school,founder:00269611,00269611,Obec Stěžery,obec,1,2,1890000,0,1890000,1,17509524,aggregate_candidate_needs_confirmation,,,,,https://monitor.statnipokladna.gov.cz/api/ukazatele?ic=00269611&obdobi=2412
2024,,single_school,founder:00269638,00269638,Obec Stračov,obec,1,1,420000,0,420000,1,3869112,aggregate_candidate_needs_confirmation,,,,,https://monitor.statnipokladna.gov.cz/api/ukazatele?ic=00269638&obdobi=2412
2024,,single_school,founder:00269697,00269697,Obec Těchlovice,obec,1,1,720000,0,720000,1,2661798,aggregate_candidate_needs_confirmation,,,,,https://monitor.statnipokladna.gov.cz/api/ukazatele?ic=00269697&obdobi=2412
2024,,single_school,founder:00269727,00269727,Obec Třesovice,obec,1,1,380000,0,380000,1,5013355,aggregate_candidate_needs_confirmation,,,,,https://monitor.statnipokladna.gov.cz/api/ukazatele?ic=00269727&obdobi=2412
2024,,single_school,founder:00269760,00269760,Obec Všestary,obec,1,1,4270000,0,4270000,1,43358171,aggregate_candidate_needs_confirmation,,,,,https://monitor.statnipokladna.gov.cz/api/ukazatele?ic=00269760&obdobi=2412
2024,,single_school,founder:00269786,00269786,Obec Vysoká nad Labem,obec,1,1,650000,0,650000,1,4839072,aggregate_candidate_needs_confirmation,,,,,https://monitor.statnipokladna.gov.cz/api/ukazatele?ic=00269786&obdobi=2412
2024,,single_school,founder:00269841,00269841,Obec Běstvina,obec,1,1,669600,0,669600,1,3123730,aggregate_candidate_needs_confirmation,,,,,https://monitor.statnipokladna.gov.cz/api/ukazatele?ic=00269841&obdobi=2412
2024,,single_school,founder:00269905,00269905,Obec Bylany,obec,1,1,392000,0,392000,1,2968722,aggregate_candidate_needs_confirmation,,,,,https://monitor.statnipokladna.gov.cz/api/ukazatele?ic=00269905&obdobi=2412
2024,,single_school,founder:00270105,00270105,Obec Holetín,obec,1,1,1500000,0,1500000,1,8443239,aggregate_candidate_needs_confirmation,,,,,https://monitor.statnipokladna.gov.cz/api/ukazatele?ic=00270105&obdobi=2412
2024,,single_school,founder:00270130,00270130,Obec Horní Bradlo,obec,1,2,710723,89277,800000,1,6810863,aggregate_candidate_needs_confirmation,,,,,https://monitor.statnipokladna.gov.cz/api/ukazatele?ic=00270130&obdobi=2412
2024,,single_school,founder:00270202,00270202,Městys Chroustovice,obec,1,1,5027300,0,5027300,1,22954549,aggregate_candidate_needs_confirmation,,,,,https://monitor.statnipokladna.gov.cz/api/ukazatele?ic=00270202&obdobi=2412
2024,,single_school,founder:00270245,00270245,Obec Kameničky,obec,1,1,2280000,0,2280000,1,21934064,aggregate_candidate_needs_confirmation,,,,,https://monitor.statnipokladna.gov.cz/api/ukazatele?ic=00270245&obdobi=2412
2024,,single_school,founder:00270288,00270288,Obec Kočí,obec,1,1,800000,0,800000,1,3285958,aggregate_candidate_needs_confirmation,,,,,https://monitor.statnipokladna.gov.cz/api/ukazatele?ic=00270288&obdobi=2412
2024,,single_school,founder:00270334,00270334,Obec Krouna,obec,1,1,3701000,0,3701000,1,23285534,aggregate_candidate_needs_confirmation,,,,,https://monitor.statnipokladna.gov.cz/api/ukazatele?ic=00270334&obdobi=2412
2024,,single_school,founder:00270431,00270431,Obec Lukavice,obec,1,1,1890000,0,1890000,1,11889791,aggregate_candidate_needs_confirmation,,,,,https://monitor.statnipokladna.gov.cz/api/ukazatele?ic=00270431&obdobi=2412
2024,,single_school,founder:00270504,00270504,Obec Miřetice,obec,1,1,1600000,0,1600000,1,14110423,aggregate_candidate_needs_confirmation,,,,,https://monitor.statnipokladna.gov.cz/api/ukazatele?ic=00270504&obdobi=2412
2024,,single_school,founder:00270521,00270521,Obec Mladoňovice,obec,1,1,350000,0,350000,1,2644622,aggregate_candidate_needs_confirmation,,,,,https://monitor.statnipokladna.gov.cz/api/ukazatele?ic=00270521&obdobi=2412
2024,,single_school,founder:00270547,00270547,Obec Morašice,obec,1,1,830000,0,830000,1,13917318,aggregate_candidate_needs_confirmation,,,,,https://monitor.statnipokladna.gov.cz/api/ukazatele?ic=00270547&obdobi=2412
2024,,single_school,founder:00270571,00270571,Obec Načešice,obec,1,1,1050000,0,1050000,1,4989443,aggregate_candidate_needs_confirmation,,,,,https://monitor.statnipokladna.gov.cz/api/ukazatele?ic=00270571&obdobi=2412
2024,,single_school,founder:00270598,00270598,Obec Nové Hrady,obec,1,1,650000,0,650000,1,6721636,aggregate_candidate_needs_confirmation,,,,,https://monitor.statnipokladna.gov.cz/api/ukazatele?ic=00270598&obdobi=2412
2024,,single_school,founder:00270636,00270636,Obec Orel,obec,1,1,1500000,0,1500000,1,11155463,aggregate_candidate_needs_confirmation,,,,,https://monitor.statnipokladna.gov.cz/api/ukazatele?ic=00270636&obdobi=2412
2024,,single_school,founder:00270661,00270661,Obec Perálec,obec,1,1,940000,0,940000,1,8430232,aggregate_candidate_needs_confirmation,,,,,https://monitor.statnipokladna.gov.cz/api/ukazatele?ic=00270661&obdobi=2412
2024,,single_school,founder:00270725,00270725,Obec Pokřikov,obec,1,1,230000,0,230000,1,4295866,aggregate_candidate_needs_confirmation,,,,,https://monitor.statnipokladna.gov.cz/api/ukazatele?ic=00270725&obdobi=2412
2024,,single_school,founder:00270741,00270741,Město Proseč,obec,1,1,4725000,0,4725000,1,37441178,aggregate_candidate_needs_confirmation,,,,,https://monitor.statnipokladna.gov.cz/api/ukazatele?ic=00270741&obdobi=2412
2024,,single_school,founder:00270750,00270750,Obec Prosetín,obec,1,1,3000000,0,3000000,1,26460319,aggregate_candidate_needs_confirmation,,,,,https://monitor.statnipokladna.gov.cz/api/ukazatele?ic=00270750&obdobi=2412
2024,,single_school,founder:00270814,00270814,Obec Raná,obec,1,1,430000,0,430000,1,2994229,aggregate_candidate_needs_confirmation,,,,,https://monitor.statnipokladna.gov.cz/api/ukazatele?ic=00270814&obdobi=2412
2024,,single_school,founder:00270831,00270831,Obec Rosice,obec,1,1,3000000,0,3000000,1,23976981,aggregate_candidate_needs_confirmation,,,,,https://monitor.statnipokladna.gov.cz/api/ukazatele?ic=00270831&obdobi=2412
2024,,single_school,founder:00270865,00270865,Obec Řepníky,obec,1,1,500000,0,500000,1,6815364,aggregate_candidate_needs_confirmation,,,,,https://monitor.statnipokladna.gov.cz/api/ukazatele?ic=00270865&obdobi=2412
2024,,single_school,founder:00270873,00270873,Obec Řestoky,obec,1,1,490000,0,490000,1,4232700,aggregate_candidate_needs_confirmation,,,,,https://monitor.statnipokladna.gov.cz/api/ukazatele?ic=00270873&obdobi=2412
2024,,single_school,founder:00270962,00270962,Obec Stradouň,obec,1,1,232140,0,232140,1,2803251,aggregate_candidate_needs_confirmation,,,,,https://monitor.statnipokladna.gov.cz/api/ukazatele?ic=00270962&obdobi=2412
2024,,single_school,founder:00271004,00271004,Obec Svratouch,obec,1,1,1000000,0,1000000,1,10240296,aggregate_candidate_needs_confirmation,,,,,https://monitor.statnipokladna.gov.cz/api/ukazatele?ic=00271004&obdobi=2412
2024,,single_school,founder:00271080,00271080,Obec Tuněchody,obec,1,1,1000000,0,1000000,1,7852484,aggregate_candidate_needs_confirmation,,,,,https://monitor.statnipokladna.gov.cz/api/ukazatele?ic=00271080&obdobi=2412
2024,,single_school,founder:00271101,00271101,Obec Úhřetice,obec,1,1,700000,0,700000,1,5259415,aggregate_candidate_needs_confirmation,,,,,https://monitor.statnipokladna.gov.cz/api/ukazatele?ic=00271101&obdobi=2412
2024,,single_school,founder:00271128,00271128,Městys Včelákov,obec,1,1,1800000,0,1800000,1,12389605,aggregate_candidate_needs_confirmation,,,,,https://monitor.statnipokladna.gov.cz/api/ukazatele?ic=00271128&obdobi=2412
2024,,single_school,founder:00271136,00271136,Obec Vejvanovice,obec,1,1,650000,0,650000,1,7726131,aggregate_candidate_needs_confirmation,,,,,https://monitor.statnipokladna.gov.cz/api/ukazatele?ic=00271136&obdobi=2412
2024,,single_school,founder:00271233,00271233,Obec Zaječice,obec,1,1,1718000,0,1718000,1,9776063,aggregate_candidate_needs_confirmation,,,,,https://monitor.statnipokladna.gov.cz/api/ukazatele?ic=00271233&obdobi=2412
2024,,single_school,founder:00271322,00271322,Obec Běchary,obec,1,1,710000,0,710000,1,7299296,aggregate_candidate_needs_confirmation,,,,,https://monitor.statnipokladna.gov.cz/api/ukazatele?ic=00271322&obdobi=2412
2024,,single_school,founder:00271420,00271420,Obec Bystřice,obec,1,1,900000,0,900000,1,3689410,aggregate_candidate_needs_confirmation,,,,,https://monitor.statnipokladna.gov.cz/api/ukazatele?ic=00271420&obdobi=2412
2024,,single_school,founder:00271438,00271438,Obec Cerekvice nad Bystřicí,obec,1,1,2100000,0,2100000,1,25904183,aggregate_candidate_needs_confirmation,,,,,https://monitor.statnipokladna.gov.cz/api/ukazatele?ic=00271438&obdobi=2412
2024,,single_school,founder:00271471,00271471,Obec Dětenice,obec,1,1,924000,0,924000,1,12305588,aggregate_candidate_needs_confirmation,,,,,https://monitor.statnipokladna.gov.cz/api/ukazatele?ic=00271471&obdobi=2412
2024,,single_school,founder:00271489,00271489,Obec Dobrá Voda u Hořic,obec,1,1,1100000,0,1100000,1,9397319,aggregate_candidate_needs_confirmation,,,,,https://monitor.statnipokladna.gov.cz/api/ukazatele?ic=00271489&obdobi=2412
2024,,single_school,founder:00271551,00271551,Obec Holovousy,obec,1,1,510000,0,510000,1,7943178,aggregate_candidate_needs_confirmation,,,,,https://monitor.statnipokladna.gov.cz/api/ukazatele?ic=00271551&obdobi=2412
2024,,single_school,founder:00271594,00271594,Obec Chomutice,obec,1,1,1663426,0,1663426,1,20877840,aggregate_candidate_needs_confirmation,,,,,https://monitor.statnipokladna.gov.cz/api/ukazatele?ic=00271594&obdobi=2412
2024,,single_school,founder:00271641,00271641,Obec Jičíněves,obec,1,1,1784242,0,1784242,1,14711614,aggregate_candidate_needs_confirmation,,,,,https://monitor.statnipokladna.gov.cz/api/ukazatele?ic=00271641&obdobi=2412
2024,,single_school,founder:00271683,00271683,Obec Kněžnice,obec,1,1,730000,0,730000,1,3267551,aggregate_candidate_needs_confirmation,,,,,https://monitor.statnipokladna.gov.cz/api/ukazatele?ic=00271683&obdobi=2412
2024,,single_school,founder:00271691,00271691,Obec Konecchlumí,obec,1,1,490000,0,490000,1,4554164,aggregate_candidate_needs_confirmation,,,,,https://monitor.statnipokladna.gov.cz/api/ukazatele?ic=00271691&obdobi=2412
2024,,single_school,founder:00271705,00271705,Město Kopidlno,obec,1,1,4296000,0,4296000,1,29399470,aggregate_candidate_needs_confirmation,,,,,https://monitor.statnipokladna.gov.cz/api/ukazatele?ic=00271705&obdobi=2412
2024,,single_school,founder:00271748,00271748,Město Libáň,obec,1,1,4100000,0,4100000,1,30553145,aggregate_candidate_needs_confirmation,,,,,https://monitor.statnipokladna.gov.cz/api/ukazatele?ic=00271748&obdobi=2412
2024,,single_school,founder:00271756,00271756,Obec Libošovice,obec,1,1,1095000,0,1095000,1,3093061,aggregate_candidate_needs_confirmation,,,,,https://monitor.statnipokladna.gov.cz/api/ukazatele?ic=00271756&obdobi=2412
2024,,single_school,founder:00271764,00271764,Obec Libuň,obec,1,1,770000,0,770000,1,6957978,aggregate_candidate_needs_confirmation,,,,,https://monitor.statnipokladna.gov.cz/api/ukazatele?ic=00271764&obdobi=2412
2024,,single_school,founder:00271799,00271799,Obec Lužany,obec,1,1,1050000,0,1050000,1,12070876,aggregate_candidate_needs_confirmation,,,,,https://monitor.statnipokladna.gov.cz/api/ukazatele?ic=00271799&obdobi=2412
2024,,single_school,founder:00271802,00271802,Obec Markvartice,obec,1,1,884797,0,884797,1,3819583,aggregate_candidate_needs_confirmation,,,,,https://monitor.statnipokladna.gov.cz/api/ukazatele?ic=00271802&obdobi=2412
2024,,single_school,founder:00271811,00271811,Město Miletín,obec,1,1,2269500,0,2269500,1,25147115,aggregate_candidate_needs_confirmation,,,,,https://monitor.statnipokladna.gov.cz/api/ukazatele?ic=00271811&obdobi=2412
2024,,single_school,founder:00271845,00271845,Obec Mladějov,obec,1,1,1000000,0,1000000,1,3623820,aggregate_candidate_needs_confirmation,,,,,https://monitor.statnipokladna.gov.cz/api/ukazatele?ic=00271845&obdobi=2412
2024,,single_school,founder:00271853,00271853,Obec Mlázovice,obec,1,1,373000,0,373000,1,2482683,aggregate_candidate_needs_confirmation,,,,,https://monitor.statnipokladna.gov.cz/api/ukazatele?ic=00271853&obdobi=2412
2024,,single_school,founder:00271870,00271870,Obec Nemyčeves,obec,1,1,660000,0,660000,1,4618507,aggregate_candidate_needs_confirmation,,,,,https://monitor.statnipokladna.gov.cz/api/ukazatele?ic=00271870&obdobi=2412
2024,,single_school,founder:00271900,00271900,Obec Ostroměř,obec,1,1,3500000,0,3500000,1,30856780,aggregate_candidate_needs_confirmation,,,,,https://monitor.statnipokladna.gov.cz/api/ukazatele?ic=00271900&obdobi=2412
2024,,single_school,founder:00271926,00271926,Obec Pecka,obec,1,1,4000000,0,4000000,1,22686676,aggregate_candidate_needs_confirmation,,,,,https://monitor.statnipokladna.gov.cz/api/ukazatele?ic=00271926&obdobi=2412
2024,,single_school,founder:00271942,00271942,Obec Podhorní Újezd a Vojice,obec,1,1,915269,0,915269,1,6785148,aggregate_candidate_needs_confirmation,,,,,https://monitor.statnipokladna.gov.cz/api/ukazatele?ic=00271942&obdobi=2412
2024,,single_school,founder:00272001,00272001,Obec Radim,obec,1,1,800000,0,800000,1,7129261,aggregate_candidate_needs_confirmation,,,,,https://monitor.statnipokladna.gov.cz/api/ukazatele?ic=00272001&obdobi=2412
2024,,single_school,founder:00272108,00272108,Obec Sobčice,obec,1,1,668670,0,668670,1,2807299,aggregate_candidate_needs_confirmation,,,,,https://monitor.statnipokladna.gov.cz/api/ukazatele?ic=00272108&obdobi=2412
2024,,single_school,founder:00272221,00272221,Obec Třebnouševes,obec,1,1,300000,0,300000,1,2504955,aggregate_candidate_needs_confirmation,,,,,https://monitor.statnipokladna.gov.cz/api/ukazatele?ic=00272221&obdobi=2412
2024,,single_school,founder:00272337,00272337,Obec Veliš,obec,1,1,450000,0,450000,1,3878620,aggregate_candidate_needs_confirmation,,,,,https://monitor.statnipokladna.gov.cz/api/ukazatele?ic=00272337&obdobi=2412
2024,,single_school,founder:00272345,00272345,Obec Vidochov,obec,1,1,300000,0,300000,1,8013268,aggregate_candidate_needs_confirmation,,,,,https://monitor.statnipokladna.gov.cz/api/ukazatele?ic=00272345&obdobi=2412
2024,,single_school,founder:00272370,00272370,Obec Volanice,obec,1,1,218297,0,218297,1,2780732,aggregate_candidate_needs_confirmation,,,,,https://monitor.statnipokladna.gov.cz/api/ukazatele?ic=00272370&obdobi=2412
2024,,single_school,founder:00272418,00272418,Obec Vysoké Veselí,obec,1,2,2695590,526469,3222059,1,23825902,aggregate_candidate_needs_confirmation,,,,,https://monitor.statnipokladna.gov.cz/api/ukazatele?ic=00272418&obdobi=2412
2024,,single_school,founder:00272426,00272426,Město Železnice,obec,1,1,3500000,0,3500000,1,30528124,aggregate_candidate_needs_confirmation,,,,,https://monitor.statnipokladna.gov.cz/api/ukazatele?ic=00272426&obdobi=2412
2024,,single_school,founder:00272451,00272451,Obec Žlunice,obec,1,1,350000,0,350000,1,4248210,aggregate_candidate_needs_confirmation,,,,,https://monitor.statnipokladna.gov.cz/api/ukazatele?ic=00272451&obdobi=2412
2024,,single_school,founder:00272493,00272493,Obec Bohuslavice,obec,1,1,2000000,0,2000000,1,11430830,aggregate_candidate_needs_confirmation,,,,,https://monitor.statnipokladna.gov.cz/api/ukazatele?ic=00272493&obdobi=2412
2024,,single_school,founder:00272515,00272515,Obec Božanov,obec,1,1,300000,0,300000,1,2864468,aggregate_candidate_needs_confirmation,,,,,https://monitor.statnipokladna.gov.cz/api/ukazatele?ic=00272515&obdobi=2412
2024,,single_school,founder:00272558,00272558,Obec Černčice,obec,1,1,850000,0,850000,1,10821065,aggregate_candidate_needs_confirmation,,,,,https://monitor.statnipokladna.gov.cz/api/ukazatele?ic=00272558&obdobi=2412
2024,,single_school,founder:00272574,00272574,Obec Česká Čermná,obec,1,1,779400,0,779400,1,6481297,aggregate_candidate_needs_confirmation,,,,,https://monitor.statnipokladna.gov.cz/api/ukazatele?ic=00272574&obdobi=2412
2024,,single_school,founder:00272612,00272612,Obec Dolany,obec,1,4,1500000,455992,1955992,1,7582444,aggregate_candidate_needs_confirmation,,,,,https://monitor.statnipokladna.gov.cz/api/ukazatele?ic=00272612&obdobi=2412
2024,,single_school,founder:00272621,00272621,Obec Dolní Radechová,obec,1,1,1900000,0,1900000,1,9959464,aggregate_candidate_needs_confirmation,,,,,https://monitor.statnipokladna.gov.cz/api/ukazatele?ic=00272621&obdobi=2412
2024,,single_school,founder:00272647,00272647,Obec Heřmanice,obec,1,1,370000,0,370000,1,4904902,aggregate_candidate_needs_confirmation,,,,,https://monitor.statnipokladna.gov.cz/api/ukazatele?ic=00272647&obdobi=2412
2024,,single_school,founder:00272663,00272663,Obec Horní Radechová,obec,1,1,579620,0,579620,1,3268704,aggregate_candidate_needs_confirmation,,,,,https://monitor.statnipokladna.gov.cz/api/ukazatele?ic=00272663&obdobi=2412
2024,,single_school,founder:00272671,00272671,Obec Hořičky,obec,1,2,1750000,439700,2189700,1,19289602,aggregate_candidate_needs_confirmation,,,,,https://monitor.statnipokladna.gov.cz/api/ukazatele?ic=00272671&obdobi=2412
2024,,single_school,founder:00272710,00272710,Obec Chvalkovice,obec,1,1,2600000,0,2600000,1,24990105,aggregate_candidate_needs_confirmation,,,,,https://monitor.statnipokladna.gov.cz/api/ukazatele?ic=00272710&obdobi=2412
2024,,single_school,founder:00272736,00272736,Obec Jasenná,obec,1,2,1630000,100000,1730000,1,11064562,aggregate_candidate_needs_confirmation,,,,,https://monitor.statnipokladna.gov.cz/api/ukazatele?ic=00272736&obdobi=2412
2024,,single_school,founder:00272809,00272809,Městys Machov,obec,1,1,2024000,0,2024000,1,16880313,aggregate_candidate_needs_confirmation,,,,,https://monitor.statnipokladna.gov.cz/api/ukazatele?ic=00272809&obdobi=2412
2024,,single_school,founder:00272817,00272817,Obec Martínkovice,obec,1,1,1440000,0,1440000,1,6770174,aggregate_candidate_needs_confirmation,,,,,https://monitor.statnipokladna.gov.cz/api/ukazatele?ic=00272817&obdobi=2412
2024,,single_school,founder:00272850,00272850,Obec Nahořany,obec,1,1,1100000,0,1100000,1,7096457,aggregate_candidate_needs_confirmation,,,,,https://monitor.statnipokladna.gov.cz/api/ukazatele?ic=00272850&obdobi=2412
2024,,single_school,founder:00272957,00272957,Obec Provodov - Šonov,obec,1,1,1560000,0,1560000,1,15654735,aggregate_candidate_needs_confirmation,,,,,https://monitor.statnipokladna.gov.cz/api/ukazatele?ic=00272957&obdobi=2412
2024,,single_school,founder:00272973,00272973,Obec Rasošky,obec,1,2,2514000,36378,2550378,1,13937882,aggregate_candidate_needs_confirmation,,,,,https://monitor.statnipokladna.gov.cz/api/ukazatele?ic=00272973&obdobi=2412
2024,,single_school,founder:00273058,00273058,Obec Slavoňov,obec,1,1,660000,0,660000,1,4972384,aggregate_candidate_needs_confirmation,,,,,https://monitor.statnipokladna.gov.cz/api/ukazatele?ic=00273058&obdobi=2412
2024,,single_school,founder:00273066,00273066,Obec Stárkov,obec,1,1,2750000,0,2750000,1,12374631,aggregate_candidate_needs_confirmation,,,,,https://monitor.statnipokladna.gov.cz/api/ukazatele?ic=00273066&obdobi=2412
2024,,single_school,founder:00273082,00273082,Obec Studnice,obec,1,2,1522745,29967,1552712,1,10876099,aggregate_candidate_needs_confirmation,,,,,https://monitor.statnipokladna.gov.cz/api/ukazatele?ic=00273082&obdobi=2412
2024,,single_school,founder:00273112,00273112,Obec Šonov,obec,1,1,180000,0,180000,1,1764284,aggregate_candidate_needs_confirmation,,,,,https://monitor.statnipokladna.gov.cz/api/ukazatele?ic=00273112&obdobi=2412
2024,,single_school,founder:00273139,00273139,Město Teplice nad Metují,obec,1,2,4965000,8109082,13074082,1,30771042,aggregate_candidate_needs_confirmation,,,,,https://monitor.statnipokladna.gov.cz/api/ukazatele?ic=00273139&obdobi=2412
2024,,single_school,founder:00273147,00273147,Obec Kramolna,obec,1,1,990100,0,990100,1,7186857,aggregate_candidate_needs_confirmation,,,,,https://monitor.statnipokladna.gov.cz/api/ukazatele?ic=00273147&obdobi=2412
2024,,single_school,founder:00273155,00273155,Obec Velichovky,obec,1,1,1200000,0,1200000,1,11325021,aggregate_candidate_needs_confirmation,,,,,https://monitor.statnipokladna.gov.cz/api/ukazatele?ic=00273155&obdobi=2412
2024,,single_school,founder:00273163,00273163,Obec Velká Jesenice,obec,1,1,2100000,0,2100000,1,10500430,aggregate_candidate_needs_confirmation,,,,,https://monitor.statnipokladna.gov.cz/api/ukazatele?ic=00273163&obdobi=2412
2024,,single_school,founder:00273180,00273180,Obec Velký Třebešov,obec,1,1,980000,0,980000,1,6799868,aggregate_candidate_needs_confirmation,,,,,https://monitor.statnipokladna.gov.cz/api/ukazatele?ic=00273180&obdobi=2412
2024,,single_school,founder:00273244,00273244,Obec Zábrodí,obec,1,1,448047,0,448047,1,3123311,aggregate_candidate_needs_confirmation,,,,,https://monitor.statnipokladna.gov.cz/api/ukazatele?ic=00273244&obdobi=2412
2024,,single_school,founder:00273279,00273279,Obec Žďár nad Metují,obec,1,1,1640000,0,1640000,1,10964817,aggregate_candidate_needs_confirmation,,,,,https://monitor.statnipokladna.gov.cz/api/ukazatele?ic=00273279&obdobi=2412
2024,,single_school,founder:00273287,00273287,Obec Žďárky,obec,1,1,1163000,0,1163000,1,9355035,aggregate_candidate_needs_confirmation,,,,,https://monitor.statnipokladna.gov.cz/api/ukazatele?ic=00273287&obdobi=2412
2024,,single_school,founder:00273350,00273350,Město Lázně Bohdaneč,obec,1,2,8663000,0,8663000,1,49654126,aggregate_candidate_needs_confirmation,,,,,https://monitor.statnipokladna.gov.cz/api/ukazatele?ic=00273350&obdobi=2412
2024,,single_school,founder:00273457,00273457,Obec Čepí,obec,1,1,400000,0,400000,1,3316958,aggregate_candidate_needs_confirmation,,,,,https://monitor.statnipokladna.gov.cz/api/ukazatele?ic=00273457&obdobi=2412
2024,,single_school,founder:00273490,00273490,Obec Dolany,obec,1,1,410000,0,410000,1,4354908,aggregate_candidate_needs_confirmation,,,,,https://monitor.statnipokladna.gov.cz/api/ukazatele?ic=00273490&obdobi=2412
2024,,single_school,founder:00273546,00273546,Obec Dříteč,obec,1,1,1500000,0,1500000,1,16343290,aggregate_candidate_needs_confirmation,,,,,https://monitor.statnipokladna.gov.cz/api/ukazatele?ic=00273546&obdobi=2412
2024,,single_school,founder:00273554,00273554,Obec Hlavečník,obec,1,1,500000,0,500000,1,5126619,aggregate_candidate_needs_confirmation,,,,,https://monitor.statnipokladna.gov.cz/api/ukazatele?ic=00273554&obdobi=2412
2024,,single_school,founder:00273678,00273678,Obec Chvojenec,obec,1,1,800000,0,800000,1,3239531,aggregate_candidate_needs_confirmation,,,,,https://monitor.statnipokladna.gov.cz/api/ukazatele?ic=00273678&obdobi=2412
2024,,single_school,founder:00273767,00273767,Obec Kladruby nad Labem,obec,1,1,380000,0,380000,1,3359883,aggregate_candidate_needs_confirmation,,,,,https://monitor.statnipokladna.gov.cz/api/ukazatele?ic=00273767&obdobi=2412
2024,,single_school,founder:00273783,00273783,Obec Kojice,obec,1,1,320000,0,320000,1,2674212,aggregate_candidate_needs_confirmation,,,,,https://monitor.statnipokladna.gov.cz/api/ukazatele?ic=00273783&obdobi=2412
2024,,single_school,founder:00273821,00273821,Obec Kostěnice,obec,1,1,415000,0,415000,1,3038884,aggregate_candidate_needs_confirmation,,,,,https://monitor.statnipokladna.gov.cz/api/ukazatele?ic=00273821&obdobi=2412
2024,,single_school,founder:00273902,00273902,Obec Lipoltice,obec,1,1,926000,0,926000,1,6159033,aggregate_candidate_needs_confirmation,,,,,https://monitor.statnipokladna.gov.cz/api/ukazatele?ic=00273902&obdobi=2412
2024,,single_school,founder:00273961,00273961,Obec Mikulovice,obec,1,1,2000000,0,2000000,1,18046897,aggregate_candidate_needs_confirmation,,,,,https://monitor.statnipokladna.gov.cz/api/ukazatele?ic=00273961&obdobi=2412
2024,,single_school,founder:00274020,00274020,Obec Ostřešany,obec,1,1,1300000,0,1300000,1,11797285,aggregate_candidate_needs_confirmation,,,,,https://monitor.statnipokladna.gov.cz/api/ukazatele?ic=00274020&obdobi=2412
2024,,single_school,founder:00274038,00274038,Obec Ostřetín,obec,1,1,1680000,0,1680000,1,8012787,aggregate_candidate_needs_confirmation,,,,,https://monitor.statnipokladna.gov.cz/api/ukazatele?ic=00274038&obdobi=2412
2024,,single_school,founder:00274135,00274135,Obec Ráby,obec,1,1,374800,0,374800,1,4957471,aggregate_candidate_needs_confirmation,,,,,https://monitor.statnipokladna.gov.cz/api/ukazatele?ic=00274135&obdobi=2412
2024,,single_school,founder:00274178,00274178,Obec Rokytno,obec,1,2,2154443,142320,2296763,1,11761887,aggregate_candidate_needs_confirmation,,,,,https://monitor.statnipokladna.gov.cz/api/ukazatele?ic=00274178&obdobi=2412
2024,,single_school,founder:00274194,00274194,Obec Rybitví,obec,1,1,2164449,0,2164449,1,29241074,aggregate_candidate_needs_confirmation,,,,,https://monitor.statnipokladna.gov.cz/api/ukazatele?ic=00274194&obdobi=2412
2024,,single_school,founder:00274208,00274208,Obec Řečany nad Labem,obec,1,1,3508600,0,3508600,1,31655289,aggregate_candidate_needs_confirmation,,,,,https://monitor.statnipokladna.gov.cz/api/ukazatele?ic=00274208&obdobi=2412
2024,,single_school,founder:00274259,00274259,Obec Slepotice,obec,1,1,350000,0,350000,1,2853912,aggregate_candidate_needs_confirmation,,,,,https://monitor.statnipokladna.gov.cz/api/ukazatele?ic=00274259&obdobi=2412
2024,,single_school,founder:00274283,00274283,Obec Srch,obec,1,1,950700,0,950700,1,13666371,aggregate_candidate_needs_confirmation,,,,,https://monitor.statnipokladna.gov.cz/api/ukazatele?ic=00274283&obdobi=2412
2024,,single_school,founder:00274305,00274305,Obec Staré Hradiště,obec,1,1,725000,0,725000,1,8131824,aggregate_candidate_needs_confirmation,,,,,https://monitor.statnipokladna.gov.cz/api/ukazatele?ic=00274305&obdobi=2412
2024,,single_school,founder:00274321,00274321,Obec Staré Ždánice,obec,1,1,850000,0,850000,1,8649877,aggregate_candidate_needs_confirmation,,,,,https://monitor.statnipokladna.gov.cz/api/ukazatele?ic=00274321&obdobi=2412
2024,,single_school,founder:00274330,00274330,Obec Starý Mateřov,obec,1,1,1158048,0,1158048,1,5581972,aggregate_candidate_needs_confirmation,,,,,https://monitor.statnipokladna.gov.cz/api/ukazatele?ic=00274330&obdobi=2412
2024,,single_school,founder:00274445,00274445,Obec Turkovice,obec,1,1,458000,0,458000,1,2998031,aggregate_candidate_needs_confirmation,,,,,https://monitor.statnipokladna.gov.cz/api/ukazatele?ic=00274445&obdobi=2412
2024,,single_school,founder:00274470,00274470,Obec Uhersko,obec,1,1,420000,0,420000,1,4118383,aggregate_candidate_needs_confirmation,,,,,https://monitor.statnipokladna.gov.cz/api/ukazatele?ic=00274470&obdobi=2412
2024,,single_school,founder:00274526,00274526,Obec Valy,obec,1,1,380000,0,380000,1,3695418,aggregate_candidate_needs_confirmation,,,,,https://monitor.statnipokladna.gov.cz/api/ukazatele?ic=00274526&obdobi=2412
2024,,single_school,founder:00274534,00274534,Obec Vápno,obec,1,1,402000,0,402000,1,6031801,aggregate_candidate_needs_confirmation,,,,,https://monitor.statnipokladna.gov.cz/api/ukazatele?ic=00274534&obdobi=2412
2024,,single_school,founder:00274569,00274569,Obec Veselí,obec,1,1,535000,0,535000,1,3170586,aggregate_candidate_needs_confirmation,,,,,https://monitor.statnipokladna.gov.cz/api/ukazatele?ic=00274569&obdobi=2412
2024,,single_school,founder:00274658,00274658,Obec Živanice,obec,1,1,1400000,0,1400000,1,11939201,aggregate_candidate_needs_confirmation,,,,,https://monitor.statnipokladna.gov.cz/api/ukazatele?ic=00274658&obdobi=2412
2024,,single_school,founder:00274682,00274682,Obec Bačetín,obec,1,1,580000,0,580000,1,4726132,aggregate_candidate_needs_confirmation,,,,,https://monitor.statnipokladna.gov.cz/api/ukazatele?ic=00274682&obdobi=2412
2024,,single_school,founder:00274691,00274691,Obec Bartošovice v Orlických horách,obec,1,1,398000,0,398000,1,2352129,aggregate_candidate_needs_confirmation,,,,,https://monitor.statnipokladna.gov.cz/api/ukazatele?ic=00274691&obdobi=2412
2024,,single_school,founder:00274704,00274704,Obec Bílý Újezd,obec,1,1,868000,0,868000,1,7089235,aggregate_candidate_needs_confirmation,,,,,https://monitor.statnipokladna.gov.cz/api/ukazatele?ic=00274704&obdobi=2412
2024,,single_school,founder:00274721,00274721,Obec Bolehošť,obec,1,1,1010573,0,1010573,1,8308424,aggregate_candidate_needs_confirmation,,,,,https://monitor.statnipokladna.gov.cz/api/ukazatele?ic=00274721&obdobi=2412
2024,,single_school,founder:00274780,00274780,Městys Častolovice,obec,1,1,4685000,0,4685000,1,39682954,aggregate_candidate_needs_confirmation,,,,,https://monitor.statnipokladna.gov.cz/api/ukazatele?ic=00274780&obdobi=2412
2024,,single_school,founder:00274798,00274798,Obec Čermná nad Orlicí,obec,1,1,1400000,0,1400000,1,10024836,aggregate_candidate_needs_confirmation,,,,,https://monitor.statnipokladna.gov.cz/api/ukazatele?ic=00274798&obdobi=2412
2024,,single_school,founder:00274801,00274801,Obec Černíkovice,obec,1,2,1258620,134420,1393040,1,13307672,aggregate_candidate_needs_confirmation,,,,,https://monitor.statnipokladna.gov.cz/api/ukazatele?ic=00274801&obdobi=2412
2024,,single_school,founder:00274828,00274828,Obec Čestice,obec,1,1,739000,0,739000,1,7896424,aggregate_candidate_needs_confirmation,,,,,https://monitor.statnipokladna.gov.cz/api/ukazatele?ic=00274828&obdobi=2412
2024,,single_school,founder:00274844,00274844,Obec Deštné v Orlických horách,obec,1,1,2813249,0,2813249,1,14228869,aggregate_candidate_needs_confirmation,,,,,https://monitor.statnipokladna.gov.cz/api/ukazatele?ic=00274844&obdobi=2412
2024,,single_school,founder:00274909,00274909,Obec Doudleby nad Orlicí,obec,1,1,2700000,0,2700000,1,31888299,aggregate_candidate_needs_confirmation,,,,,https://monitor.statnipokladna.gov.cz/api/ukazatele?ic=00274909&obdobi=2412
2024,,single_school,founder:00274917,00274917,Obec Chleny,obec,1,1,500000,0,500000,1,8064465,aggregate_candidate_needs_confirmation,,,,,https://monitor.statnipokladna.gov.cz/api/ukazatele?ic=00274917&obdobi=2412
2024,,single_school,founder:00274933,00274933,Obec Javornice,obec,1,1,2365380,0,2365380,1,26347702,aggregate_candidate_needs_confirmation,,,,,https://monitor.statnipokladna.gov.cz/api/ukazatele?ic=00274933&obdobi=2412
2024,,single_school,founder:00275026,00275026,Obec Kvasiny,obec,1,1,2900000,0,2900000,1,11632997,aggregate_candidate_needs_confirmation,,,,,https://monitor.statnipokladna.gov.cz/api/ukazatele?ic=00275026&obdobi=2412
2024,,single_school,founder:00275042,00275042,Obec Lhoty u Potštejna,obec,1,1,1285128,0,1285128,1,12995218,aggregate_candidate_needs_confirmation,,,,,https://monitor.statnipokladna.gov.cz/api/ukazatele?ic=00275042&obdobi=2412
2024,,single_school,founder:00275051,00275051,Obec Liberk,obec,1,1,750000,0,750000,1,2676904,aggregate_candidate_needs_confirmation,,,,,https://monitor.statnipokladna.gov.cz/api/ukazatele?ic=00275051&obdobi=2412
2024,,single_school,founder:00275069,00275069,Obec Lično,obec,1,1,1219700,0,1219700,1,8503792,aggregate_candidate_needs_confirmation,,,,,https://monitor.statnipokladna.gov.cz/api/ukazatele?ic=00275069&obdobi=2412
2024,,single_school,founder:00275077,00275077,Obec Lípa nad Orlicí,obec,1,1,954000,0,954000,1,7198098,aggregate_candidate_needs_confirmation,,,,,https://monitor.statnipokladna.gov.cz/api/ukazatele?ic=00275077&obdobi=2412
2024,,single_school,founder:00275166,00275166,Obec Ohnišov,obec,1,1,867319,0,867319,1,6918114,aggregate_candidate_needs_confirmation,,,,,https://monitor.statnipokladna.gov.cz/api/ukazatele?ic=00275166&obdobi=2412
2024,,single_school,founder:00275174,00275174,Obec Olešnice v Orlických horách,obec,1,1,720000,0,720000,1,5511400,aggregate_candidate_needs_confirmation,,,,,https://monitor.statnipokladna.gov.cz/api/ukazatele?ic=00275174&obdobi=2412
2024,,single_school,founder:00275182,00275182,Obec Olešnice,obec,1,1,676500,0,676500,1,3824793,aggregate_candidate_needs_confirmation,,,,,https://monitor.statnipokladna.gov.cz/api/ukazatele?ic=00275182&obdobi=2412
2024,,single_school,founder:00275204,00275204,Obec Orlické Záhoří,obec,1,1,1600000,0,1600000,1,4990969,aggregate_candidate_needs_confirmation,,,,,https://monitor.statnipokladna.gov.cz/api/ukazatele?ic=00275204&obdobi=2412
2024,,single_school,founder:00275221,00275221,Obec Pěčín,obec,1,1,465000,0,465000,1,4950107,aggregate_candidate_needs_confirmation,,,,,https://monitor.statnipokladna.gov.cz/api/ukazatele?ic=00275221&obdobi=2412
2024,,single_school,founder:00275271,00275271,Obec Potštejn,obec,1,1,1267340,0,1267340,1,13327692,aggregate_candidate_needs_confirmation,,,,,https://monitor.statnipokladna.gov.cz/api/ukazatele?ic=00275271&obdobi=2412
2024,,single_school,founder:00275280,00275280,Obec Přepychy,obec,1,1,650000,0,650000,1,7520490,aggregate_candidate_needs_confirmation,,,,,https://monitor.statnipokladna.gov.cz/api/ukazatele?ic=00275280&obdobi=2412
2024,,single_school,founder:00275328,00275328,Obec Rybná nad Zdobnicí,obec,1,1,800000,0,800000,1,7420102,aggregate_candidate_needs_confirmation,,,,,https://monitor.statnipokladna.gov.cz/api/ukazatele?ic=00275328&obdobi=2412
2024,,single_school,founder:00275387,00275387,Obec Skuhrov nad Bělou,obec,1,1,3000000,0,3000000,1,29071325,aggregate_candidate_needs_confirmation,,,,,https://monitor.statnipokladna.gov.cz/api/ukazatele?ic=00275387&obdobi=2412
2024,,single_school,founder:00275395,00275395,Obec Slatina nad Zdobnicí,obec,1,1,3100000,0,3100000,1,21963318,aggregate_candidate_needs_confirmation,,,,,https://monitor.statnipokladna.gov.cz/api/ukazatele?ic=00275395&obdobi=2412
2024,,single_school,founder:00275433,00275433,Obec Trnov,obec,1,1,550000,0,550000,1,4426736,aggregate_candidate_needs_confirmation,,,,,https://monitor.statnipokladna.gov.cz/api/ukazatele?ic=00275433&obdobi=2412
2024,,single_school,founder:00275484,00275484,Obec Val,obec,1,1,437314,0,437314,1,4262660,aggregate_candidate_needs_confirmation,,,,,https://monitor.statnipokladna.gov.cz/api/ukazatele?ic=00275484&obdobi=2412
2024,,single_school,founder:00275506,00275506,Obec Voděrady,obec,1,2,2450000,470000,2920000,1,21649119,aggregate_candidate_needs_confirmation,,,,,https://monitor.statnipokladna.gov.cz/api/ukazatele?ic=00275506&obdobi=2412
2024,,single_school,founder:00275531,00275531,Obec Záměl,obec,1,1,800000,0,800000,1,7833767,aggregate_candidate_needs_confirmation,,,,,https://monitor.statnipokladna.gov.cz/api/ukazatele?ic=00275531&obdobi=2412
2024,,single_school,founder:00275565,00275565,Obec Žďár nad Orlicí,obec,1,1,1103000,0,1103000,1,6546996,aggregate_candidate_needs_confirmation,,,,,https://monitor.statnipokladna.gov.cz/api/ukazatele?ic=00275565&obdobi=2412
2024,,single_school,founder:00275581,00275581,Obec Benecko,obec,1,1,1300000,0,1300000,1,9701417,aggregate_candidate_needs_confirmation,,,,,https://monitor.statnipokladna.gov.cz/api/ukazatele?ic=00275581&obdobi=2412
2024,,single_school,founder:00275590,00275590,Obec Benešov u Semil,obec,1,1,2093049,0,2093049,1,8659124,aggregate_candidate_needs_confirmation,,,,,https://monitor.statnipokladna.gov.cz/api/ukazatele?ic=00275590&obdobi=2412
2024,,single_school,founder:00275611,00275611,Obec Bozkov,obec,1,1,851848,0,851848,1,7511418,aggregate_candidate_needs_confirmation,,,,,https://monitor.statnipokladna.gov.cz/api/ukazatele?ic=00275611&obdobi=2412
2024,,single_school,founder:00275662,00275662,Obec Čistá u Horek,obec,1,1,2500000,0,2500000,1,16636301,aggregate_candidate_needs_confirmation,,,,,https://monitor.statnipokladna.gov.cz/api/ukazatele?ic=00275662&obdobi=2412
2024,,single_school,founder:00275689,00275689,Obec Háje nad Jizerou,obec,1,1,1520000,0,1520000,1,16415463,aggregate_candidate_needs_confirmation,,,,,https://monitor.statnipokladna.gov.cz/api/ukazatele?ic=00275689&obdobi=2412
2024,,single_school,founder:00275735,00275735,Obec Horní Branná,obec,1,1,2743581,0,2743581,1,22947447,aggregate_candidate_needs_confirmation,,,,,https://monitor.statnipokladna.gov.cz/api/ukazatele?ic=00275735&obdobi=2412
2024,,single_school,founder:00275751,00275751,Obec Hrubá Skála,obec,1,1,1648958,0,1648958,1,9216293,aggregate_candidate_needs_confirmation,,,,,https://monitor.statnipokladna.gov.cz/api/ukazatele?ic=00275751&obdobi=2412
2024,,single_school,founder:00275760,00275760,Obec Chuchelna,obec,1,1,2691000,0,2691000,1,10485737,aggregate_candidate_needs_confirmation,,,,,https://monitor.statnipokladna.gov.cz/api/ukazatele?ic=00275760&obdobi=2412
2024,,single_school,founder:00275778,00275778,Město Jablonec nad Jizerou,obec,1,1,4150000,0,4150000,1,29789821,aggregate_candidate_needs_confirmation,,,,,https://monitor.statnipokladna.gov.cz/api/ukazatele?ic=00275778&obdobi=2412
2024,,single_school,founder:00275786,00275786,Obec Jesenný,obec,1,1,500000,0,500000,1,5829283,aggregate_candidate_needs_confirmation,,,,,https://monitor.statnipokladna.gov.cz/api/ukazatele?ic=00275786&obdobi=2412
2024,,single_school,founder:00275824,00275824,obec Karlovice,obec,1,2,880000,110000,990000,1,4200191,aggregate_candidate_needs_confirmation,,,,,https://monitor.statnipokladna.gov.cz/api/ukazatele?ic=00275824&obdobi=2412
2024,,single_school,founder:00275859,00275859,Obec Kruh,obec,1,1,210000,0,210000,1,2249351,aggregate_candidate_needs_confirmation,,,,,https://monitor.statnipokladna.gov.cz/api/ukazatele?ic=00275859&obdobi=2412
2024,,single_school,founder:00275930,00275930,Obec Mříčná,obec,1,1,800000,0,800000,1,7889444,aggregate_candidate_needs_confirmation,,,,,https://monitor.statnipokladna.gov.cz/api/ukazatele?ic=00275930&obdobi=2412
2024,,single_school,founder:00275948,00275948,Obec Nová Ves nad Popelkou,obec,1,1,876431,0,876431,1,7354811,aggregate_candidate_needs_confirmation,,,,,https://monitor.statnipokladna.gov.cz/api/ukazatele?ic=00275948&obdobi=2412
2024,,single_school,founder:00275964,00275964,Obec Olešnice,obec,1,1,550000,0,550000,1,3057552,aggregate_candidate_needs_confirmation,,,,,https://monitor.statnipokladna.gov.cz/api/ukazatele?ic=00275964&obdobi=2412
2024,,single_school,founder:00276081,00276081,Obec Roztoky u Jilemnice,obec,1,1,1220910,0,1220910,1,18313549,aggregate_candidate_needs_confirmation,,,,,https://monitor.statnipokladna.gov.cz/api/ukazatele?ic=00276081&obdobi=2412
2024,,single_school,founder:00276138,00276138,Obec Slaná,obec,1,1,1200000,0,1200000,1,9350781,aggregate_candidate_needs_confirmation,,,,,https://monitor.statnipokladna.gov.cz/api/ukazatele?ic=00276138&obdobi=2412
2024,,single_school,founder:00276154,00276154,Obec Stružinec,obec,1,1,996000,0,996000,1,5868067,aggregate_candidate_needs_confirmation,,,,,https://monitor.statnipokladna.gov.cz/api/ukazatele?ic=00276154&obdobi=2412
2024,,single_school,founder:00276162,00276162,Obec Studenec,obec,1,2,6300000,0,6300000,1,41361394,aggregate_candidate_needs_confirmation,,,,,https://monitor.statnipokladna.gov.cz/api/ukazatele?ic=00276162&obdobi=2412
2024,,single_school,founder:00276197,00276197,Obec Tatobity,obec,1,1,1387000,0,1387000,1,9081903,aggregate_candidate_needs_confirmation,,,,,https://monitor.statnipokladna.gov.cz/api/ukazatele?ic=00276197&obdobi=2412
2024,,single_school,founder:00276260,00276260,Obec Vítkovice,obec,1,1,2150000,0,2150000,1,6752587,aggregate_candidate_needs_confirmation,,,,,https://monitor.statnipokladna.gov.cz/api/ukazatele?ic=00276260&obdobi=2412
2024,,single_school,founder:00276278,00276278,Obec Všeň,obec,1,1,1207656,0,1207656,1,12315606,aggregate_candidate_needs_confirmation,,,,,https://monitor.statnipokladna.gov.cz/api/ukazatele?ic=00276278&obdobi=2412
2024,,single_school,founder:00276308,00276308,Obec Záhoří,obec,1,1,500320,0,500320,1,3377267,aggregate_candidate_needs_confirmation,,,,,https://monitor.statnipokladna.gov.cz/api/ukazatele?ic=00276308&obdobi=2412
2024,,single_school,founder:00276375,00276375,Obec Benátky,obec,1,1,280000,0,280000,1,2739350,aggregate_candidate_needs_confirmation,,,,,https://monitor.statnipokladna.gov.cz/api/ukazatele?ic=00276375&obdobi=2412
2024,,single_school,founder:00276472,00276472,Obec Březina,obec,1,1,434282,0,434282,1,2419831,aggregate_candidate_needs_confirmation,,,,,https://monitor.statnipokladna.gov.cz/api/ukazatele?ic=00276472&obdobi=2412
2024,,single_school,founder:00276511,00276511,Obec Budislav,obec,1,1,500000,0,500000,1,6662161,aggregate_candidate_needs_confirmation,,,,,https://monitor.statnipokladna.gov.cz/api/ukazatele?ic=00276511&obdobi=2412
2024,,single_school,founder:00276545,00276545,Obec Čistá,obec,1,1,1100000,0,1100000,1,11266409,aggregate_candidate_needs_confirmation,,,,,https://monitor.statnipokladna.gov.cz/api/ukazatele?ic=00276545&obdobi=2412
2024,,single_school,founder:00276561,00276561,Obec Dětřichov,obec,1,1,50000,0,50000,1,1650000,aggregate_candidate_needs_confirmation,,,,,https://monitor.statnipokladna.gov.cz/api/ukazatele?ic=00276561&obdobi=2412
2024,,single_school,founder:00276588,00276588,Obec Dlouhá Loučka,obec,1,1,900000,0,900000,1,9398119,aggregate_candidate_needs_confirmation,,,,,https://monitor.statnipokladna.gov.cz/api/ukazatele?ic=00276588&obdobi=2412
2024,,single_school,founder:00276634,00276634,Obec Hartmanice,obec,1,1,177939,0,177939,1,3968733,aggregate_candidate_needs_confirmation,,,,,https://monitor.statnipokladna.gov.cz/api/ukazatele?ic=00276634&obdobi=2412
2024,,single_school,founder:00276693,00276693,Obec Chornice,obec,1,2,3170000,185000,3355000,1,14070737,aggregate_candidate_needs_confirmation,,,,,https://monitor.statnipokladna.gov.cz/api/ukazatele?ic=00276693&obdobi=2412
2024,,single_school,founder:00276758,00276758,Obec Jaroměřice,obec,1,1,2550000,0,2550000,1,23467650,aggregate_candidate_needs_confirmation,,,,,https://monitor.statnipokladna.gov.cz/api/ukazatele?ic=00276758&obdobi=2412
2024,,single_school,founder:00276766,00276766,Obec Jarošov,obec,1,1,475000,0,475000,1,4286105,aggregate_candidate_needs_confirmation,,,,,https://monitor.statnipokladna.gov.cz/api/ukazatele?ic=00276766&obdobi=2412
2024,,single_school,founder:00276839,00276839,Obec Koclířov,obec,1,1,585200,0,585200,1,7872936,aggregate_candidate_needs_confirmation,,,,,https://monitor.statnipokladna.gov.cz/api/ukazatele?ic=00276839&obdobi=2412
2024,,single_school,founder:00276855,00276855,Obec Korouhev,obec,1,1,1058000,0,1058000,1,8182225,aggregate_candidate_needs_confirmation,,,,,https://monitor.statnipokladna.gov.cz/api/ukazatele?ic=00276855&obdobi=2412
2024,,single_school,founder:00276871,00276871,Obec Křenov,obec,1,1,2100000,0,2100000,1,13242727,aggregate_candidate_needs_confirmation,,,,,https://monitor.statnipokladna.gov.cz/api/ukazatele?ic=00276871&obdobi=2412
2024,,single_school,founder:00276898,00276898,Obec Květná,obec,1,1,300000,0,300000,1,2606072,aggregate_candidate_needs_confirmation,,,,,https://monitor.statnipokladna.gov.cz/api/ukazatele?ic=00276898&obdobi=2412
2024,,single_school,founder:00276936,00276936,Obec Linhartice,obec,1,1,441000,0,441000,1,2891899,aggregate_candidate_needs_confirmation,,,,,https://monitor.statnipokladna.gov.cz/api/ukazatele?ic=00276936&obdobi=2412
2024,,single_school,founder:00276952,00276952,Obec Lubná,obec,1,1,3910000,0,3910000,1,24451443,aggregate_candidate_needs_confirmation,,,,,https://monitor.statnipokladna.gov.cz/api/ukazatele?ic=00276952&obdobi=2412
2024,,single_school,founder:00276961,00276961,Obec Makov,obec,1,1,450000,0,450000,1,4951665,aggregate_candidate_needs_confirmation,,,,,https://monitor.statnipokladna.gov.cz/api/ukazatele?ic=00276961&obdobi=2412
2024,,single_school,founder:00276987,00276987,Obec Městečko Trnávka,obec,1,1,3000000,0,3000000,1,24095353,aggregate_candidate_needs_confirmation,,,,,https://monitor.statnipokladna.gov.cz/api/ukazatele?ic=00276987&obdobi=2412
2024,,single_school,founder:00277002,00277002,Obec Mladějov na Moravě,obec,1,1,315000,0,315000,1,3113618,aggregate_candidate_needs_confirmation,,,,,https://monitor.statnipokladna.gov.cz/api/ukazatele?ic=00277002&obdobi=2412
2024,,single_school,founder:00277088,00277088,Obec Opatov,obec,1,1,2168000,0,2168000,1,19715506,aggregate_candidate_needs_confirmation,,,,,https://monitor.statnipokladna.gov.cz/api/ukazatele?ic=00277088&obdobi=2412
2024,,single_school,founder:00277223,00277223,Obec Příluka,obec,1,1,300000,0,300000,1,2880077,aggregate_candidate_needs_confirmation,,,,,https://monitor.statnipokladna.gov.cz/api/ukazatele?ic=00277223&obdobi=2412
2024,,single_school,founder:00277231,00277231,Obec Pustá Kamenice,obec,1,1,320000,0,320000,1,5477403,aggregate_candidate_needs_confirmation,,,,,https://monitor.statnipokladna.gov.cz/api/ukazatele?ic=00277231&obdobi=2412
2024,,single_school,founder:00277274,00277274,Obec Rohozná,obec,1,1,1100000,0,1100000,1,3472139,aggregate_candidate_needs_confirmation,,,,,https://monitor.statnipokladna.gov.cz/api/ukazatele?ic=00277274&obdobi=2412
2024,,single_school,founder:00277312,00277312,Obec Rychnov na Moravě,obec,1,1,345000,0,345000,1,3272050,aggregate_candidate_needs_confirmation,,,,,https://monitor.statnipokladna.gov.cz/api/ukazatele?ic=00277312&obdobi=2412
2024,,single_school,founder:00277321,00277321,Obec Sádek,obec,1,1,850000,0,850000,1,9603795,aggregate_candidate_needs_confirmation,,,,,https://monitor.statnipokladna.gov.cz/api/ukazatele?ic=00277321&obdobi=2412
2024,,single_school,founder:00277339,00277339,Obec Sebranice,obec,1,1,400000,0,400000,1,5282077,aggregate_candidate_needs_confirmation,,,,,https://monitor.statnipokladna.gov.cz/api/ukazatele?ic=00277339&obdobi=2412
2024,,single_school,founder:00277347,00277347,Obec Sedliště,obec,1,1,300000,0,300000,1,3043732,aggregate_candidate_needs_confirmation,,,,,https://monitor.statnipokladna.gov.cz/api/ukazatele?ic=00277347&obdobi=2412
2024,,single_school,founder:00277380,00277380,Obec Staré Město,obec,1,1,1353627,0,1353627,1,12232138,aggregate_candidate_needs_confirmation,,,,,https://monitor.statnipokladna.gov.cz/api/ukazatele?ic=00277380&obdobi=2412
2024,,single_school,founder:00277452,00277452,Městys Svojanov,obec,1,1,170000,0,170000,1,2482663,aggregate_candidate_needs_confirmation,,,,,https://monitor.statnipokladna.gov.cz/api/ukazatele?ic=00277452&obdobi=2412
2024,,single_school,founder:00277461,00277461,Obec Široký Důl,obec,1,1,400000,0,400000,1,5595035,aggregate_candidate_needs_confirmation,,,,,https://monitor.statnipokladna.gov.cz/api/ukazatele?ic=00277461&obdobi=2412
2024,,single_school,founder:00277487,00277487,Obec Telecí,obec,1,1,941440,0,941440,1,14124319,aggregate_candidate_needs_confirmation,,,,,https://monitor.statnipokladna.gov.cz/api/ukazatele?ic=00277487&obdobi=2412
2024,,single_school,founder:00277495,00277495,Obec Trpín,obec,1,1,593600,0,593600,1,3265980,aggregate_candidate_needs_confirmation,,,,,https://monitor.statnipokladna.gov.cz/api/ukazatele?ic=00277495&obdobi=2412
2024,,single_school,founder:00277509,00277509,Obec Trstěnice,obec,1,1,1513000,0,1513000,1,16331502,aggregate_candidate_needs_confirmation,,,,,https://monitor.statnipokladna.gov.cz/api/ukazatele?ic=00277509&obdobi=2412
2024,,single_school,founder:00277517,00277517,Obec Třebařov,obec,1,1,2615000,0,2615000,1,22956355,aggregate_candidate_needs_confirmation,,,,,https://monitor.statnipokladna.gov.cz/api/ukazatele?ic=00277517&obdobi=2412
2024,,single_school,founder:00277550,00277550,Obec Vidlatá Seč,obec,1,1,817055,0,817055,1,4418290,aggregate_candidate_needs_confirmation,,,,,https://monitor.statnipokladna.gov.cz/api/ukazatele?ic=00277550&obdobi=2412
2024,,single_school,founder:00277576,00277576,Obec Vítějeves,obec,1,2,1671000,261649,1932649,1,13669695,aggregate_candidate_needs_confirmation,,,,,https://monitor.statnipokladna.gov.cz/api/ukazatele?ic=00277576&obdobi=2412
2024,,single_school,founder:00277584,00277584,Obec Vranová Lhota,obec,1,1,640000,0,640000,1,6457486,aggregate_candidate_needs_confirmation,,,,,https://monitor.statnipokladna.gov.cz/api/ukazatele?ic=00277584&obdobi=2412
2024,,single_school,founder:00277657,00277657,Obec Batňovice,obec,1,1,1500000,0,1500000,1,10173317,aggregate_candidate_needs_confirmation,,,,,https://monitor.statnipokladna.gov.cz/api/ukazatele?ic=00277657&obdobi=2412
2024,,single_school,founder:00277665,00277665,Obec Bernartice,obec,1,1,3015000,0,3015000,1,27990814,aggregate_candidate_needs_confirmation,,,,,https://monitor.statnipokladna.gov.cz/api/ukazatele?ic=00277665&obdobi=2412
2024,,single_school,founder:00277673,00277673,Obec Bílá Třemešná,obec,1,1,6490000,0,6490000,1,36385003,aggregate_candidate_needs_confirmation,,,,,https://monitor.statnipokladna.gov.cz/api/ukazatele?ic=00277673&obdobi=2412
2024,,single_school,founder:00277720,00277720,Městys Černý Důl,obec,1,1,1600000,0,1600000,1,10582331,aggregate_candidate_needs_confirmation,,,,,https://monitor.statnipokladna.gov.cz/api/ukazatele?ic=00277720&obdobi=2412
2024,,single_school,founder:00277738,00277738,Obec Dolní Branná,obec,1,1,1835000,0,1835000,1,15523967,aggregate_candidate_needs_confirmation,,,,,https://monitor.statnipokladna.gov.cz/api/ukazatele?ic=00277738&obdobi=2412
2024,,single_school,founder:00277762,00277762,Obec Dolní Kalná,obec,1,1,954910,0,954910,1,11044287,aggregate_candidate_needs_confirmation,,,,,https://monitor.statnipokladna.gov.cz/api/ukazatele?ic=00277762&obdobi=2412
2024,,single_school,founder:00277771,00277771,Obec Dolní Lánov,obec,1,1,1550000,0,1550000,1,8476485,aggregate_candidate_needs_confirmation,,,,,https://monitor.statnipokladna.gov.cz/api/ukazatele?ic=00277771&obdobi=2412
2024,,single_school,founder:00277801,00277801,Obec Dubenec,obec,1,1,2002000,0,2002000,1,24525834,aggregate_candidate_needs_confirmation,,,,,https://monitor.statnipokladna.gov.cz/api/ukazatele?ic=00277801&obdobi=2412
2024,,single_school,founder:00277827,00277827,Obec Hajnice,obec,1,1,1857400,0,1857400,1,11348968,aggregate_candidate_needs_confirmation,,,,,https://monitor.statnipokladna.gov.cz/api/ukazatele?ic=00277827&obdobi=2412
2024,,single_school,founder:00277835,00277835,Obec Havlovice,obec,1,1,1133000,0,1133000,1,8182588,aggregate_candidate_needs_confirmation,,,,,https://monitor.statnipokladna.gov.cz/api/ukazatele?ic=00277835&obdobi=2412
2024,,single_school,founder:00277878,00277878,Obec Horní Maršov,obec,1,1,2036000,0,2036000,1,16021860,aggregate_candidate_needs_confirmation,,,,,https://monitor.statnipokladna.gov.cz/api/ukazatele?ic=00277878&obdobi=2412
2024,,single_school,founder:00277924,00277924,Obec Chotěvice,obec,1,1,1200000,0,1200000,1,9716541,aggregate_candidate_needs_confirmation,,,,,https://monitor.statnipokladna.gov.cz/api/ukazatele?ic=00277924&obdobi=2412
2024,,single_school,founder:00277932,00277932,Obec Choustníkovo Hradiště,obec,1,1,820000,0,820000,1,4762063,aggregate_candidate_needs_confirmation,,,,,https://monitor.statnipokladna.gov.cz/api/ukazatele?ic=00277932&obdobi=2412
2024,,single_school,founder:00277941,00277941,Obec Chvaleč,obec,1,1,1400000,0,1400000,1,7627446,aggregate_candidate_needs_confirmation,,,,,https://monitor.statnipokladna.gov.cz/api/ukazatele?ic=00277941&obdobi=2412
2024,,single_school,founder:00277967,00277967,Město Janské Lázně,obec,1,1,1468757,0,1468757,1,8702898,aggregate_candidate_needs_confirmation,,,,,https://monitor.statnipokladna.gov.cz/api/ukazatele?ic=00277967&obdobi=2412
2024,,single_school,founder:00277983,00277983,Obec Jívka,obec,1,1,1161406,0,1161406,1,3444074,aggregate_candidate_needs_confirmation,,,,,https://monitor.statnipokladna.gov.cz/api/ukazatele?ic=00277983&obdobi=2412
2024,,single_school,founder:00278009,00278009,Obec Kocbeře,obec,1,1,1400000,0,1400000,1,7664806,aggregate_candidate_needs_confirmation,,,,,https://monitor.statnipokladna.gov.cz/api/ukazatele?ic=00278009&obdobi=2412
2024,,single_school,founder:00278033,00278033,Obec Kunčice nad Labem,obec,1,1,1251000,0,1251000,1,9520901,aggregate_candidate_needs_confirmation,,,,,https://monitor.statnipokladna.gov.cz/api/ukazatele?ic=00278033&obdobi=2412
2024,,single_school,founder:00278041,00278041,Obec Lánov,obec,1,1,6295296,0,6295296,1,45779534,aggregate_candidate_needs_confirmation,,,,,https://monitor.statnipokladna.gov.cz/api/ukazatele?ic=00278041&obdobi=2412
2024,,single_school,founder:00278084,00278084,Obec Libňatov,obec,1,1,500000,0,500000,1,4705469,aggregate_candidate_needs_confirmation,,,,,https://monitor.statnipokladna.gov.cz/api/ukazatele?ic=00278084&obdobi=2412
2024,,single_school,founder:00278149,00278149,Městys Mladé Buky,obec,1,1,4500000,0,4500000,1,30975827,aggregate_candidate_needs_confirmation,,,,,https://monitor.statnipokladna.gov.cz/api/ukazatele?ic=00278149&obdobi=2412
2024,,single_school,founder:00278157,00278157,Obec Mostek,obec,1,1,1700000,0,1700000,1,19922935,aggregate_candidate_needs_confirmation,,,,,https://monitor.statnipokladna.gov.cz/api/ukazatele?ic=00278157&obdobi=2412
2024,,single_school,founder:00278165,00278165,Obec Nemojov,obec,1,1,950000,0,950000,1,11335054,aggregate_candidate_needs_confirmation,,,,,https://monitor.statnipokladna.gov.cz/api/ukazatele?ic=00278165&obdobi=2412
2024,,single_school,founder:00278181,00278181,Město Pec pod Sněžkou,obec,1,1,2721000,0,2721000,1,9910683,aggregate_candidate_needs_confirmation,,,,,https://monitor.statnipokladna.gov.cz/api/ukazatele?ic=00278181&obdobi=2412
2024,,single_school,founder:00278190,00278190,Město Pilníkov,obec,1,1,3000000,0,3000000,1,23908035,aggregate_candidate_needs_confirmation,,,,,https://monitor.statnipokladna.gov.cz/api/ukazatele?ic=00278190&obdobi=2412
2024,,single_school,founder:00278203,00278203,Obec Prosečné,obec,1,1,295000,0,295000,1,2683342,aggregate_candidate_needs_confirmation,,,,,https://monitor.statnipokladna.gov.cz/api/ukazatele?ic=00278203&obdobi=2412
2024,,single_school,founder:00278220,00278220,Obec Radvanice,obec,1,1,2200000,0,2200000,1,18604038,aggregate_candidate_needs_confirmation,,,,,https://monitor.statnipokladna.gov.cz/api/ukazatele?ic=00278220&obdobi=2412
2024,,single_school,founder:00278246,00278246,Obec Rudník,obec,1,1,4728000,0,4728000,1,27926578,aggregate_candidate_needs_confirmation,,,,,https://monitor.statnipokladna.gov.cz/api/ukazatele?ic=00278246&obdobi=2412
2024,,single_school,founder:00278335,00278335,Město Svoboda nad Úpou,obec,1,2,4755000,1867833,6622833,1,33583101,aggregate_candidate_needs_confirmation,,,,,https://monitor.statnipokladna.gov.cz/api/ukazatele?ic=00278335&obdobi=2412
2024,,single_school,founder:00278343,00278343,Město Špindlerův Mlýn,obec,1,1,3700000,0,3700000,1,22338637,aggregate_candidate_needs_confirmation,,,,,https://monitor.statnipokladna.gov.cz/api/ukazatele?ic=00278343&obdobi=2412
2024,,single_school,founder:00278378,00278378,Obec Třebihošť,obec,1,1,370000,0,370000,1,2700657,aggregate_candidate_needs_confirmation,,,,,https://monitor.statnipokladna.gov.cz/api/ukazatele?ic=00278378&obdobi=2412
2024,,single_school,founder:00278394,00278394,Obec Velké Svatoňovice,obec,1,1,1580256,0,1580256,1,9373396,aggregate_candidate_needs_confirmation,,,,,https://monitor.statnipokladna.gov.cz/api/ukazatele?ic=00278394&obdobi=2412
2024,,single_school,founder:00278432,00278432,Obec Vítězná,obec,1,1,1887000,0,1887000,1,12488184,aggregate_candidate_needs_confirmation,,,,,https://monitor.statnipokladna.gov.cz/api/ukazatele?ic=00278432&obdobi=2412
2024,,single_school,founder:00278441,00278441,Obec Vlčice,obec,1,1,924996,0,924996,1,8443476,aggregate_candidate_needs_confirmation,,,,,https://monitor.statnipokladna.gov.cz/api/ukazatele?ic=00278441&obdobi=2412
2024,,single_school,founder:00278564,00278564,Město Brandýs nad Orlicí,obec,1,1,4536000,0,4536000,1,28179085,aggregate_candidate_needs_confirmation,,,,,https://monitor.statnipokladna.gov.cz/api/ukazatele?ic=00278564&obdobi=2412
2024,,single_school,founder:00278599,00278599,Obec Bystřec,obec,1,1,900000,0,900000,1,14336212,aggregate_candidate_needs_confirmation,,,,,https://monitor.statnipokladna.gov.cz/api/ukazatele?ic=00278599&obdobi=2412
2024,,single_school,founder:00278602,00278602,Obec Cotkytle,obec,1,1,840000,0,840000,1,7129782,aggregate_candidate_needs_confirmation,,,,,https://monitor.statnipokladna.gov.cz/api/ukazatele?ic=00278602&obdobi=2412
2024,,single_school,founder:00278637,00278637,Obec Červená Voda,obec,1,2,8547371,2259497,10806868,1,49552537,aggregate_candidate_needs_confirmation,,,,,https://monitor.statnipokladna.gov.cz/api/ukazatele?ic=00278637&obdobi=2412
2024,,single_school,founder:00278645,00278645,Obec Česká Rybná,obec,1,1,400000,0,400000,1,3884267,aggregate_candidate_needs_confirmation,,,,,https://monitor.statnipokladna.gov.cz/api/ukazatele?ic=00278645&obdobi=2412
2024,,single_school,founder:00278670,00278670,Obec České Libchavy,obec,1,1,2364000,0,2364000,1,11255375,aggregate_candidate_needs_confirmation,,,,,https://monitor.statnipokladna.gov.cz/api/ukazatele?ic=00278670&obdobi=2412
2024,,single_school,founder:00278696,00278696,Obec Damníkov,obec,1,1,974400,0,974400,1,19642434,aggregate_candidate_needs_confirmation,,,,,https://monitor.statnipokladna.gov.cz/api/ukazatele?ic=00278696&obdobi=2412
2024,,single_school,founder:00278718,00278718,Obec Dobříkov,obec,1,1,600000,0,600000,1,9754447,aggregate_candidate_needs_confirmation,,,,,https://monitor.statnipokladna.gov.cz/api/ukazatele?ic=00278718&obdobi=2412
2024,,single_school,founder:00278734,00278734,Městys Dolní Čermná,obec,1,3,3180000,0,3180000,1,20558221,aggregate_candidate_needs_confirmation,,,,,https://monitor.statnipokladna.gov.cz/api/ukazatele?ic=00278734&obdobi=2412
2024,,single_school,founder:00278831,00278831,Obec Hejnice,obec,1,1,400000,0,400000,1,3207358,aggregate_candidate_needs_confirmation,,,,,https://monitor.statnipokladna.gov.cz/api/ukazatele?ic=00278831&obdobi=2412
2024,,single_school,founder:00278904,00278904,Obec Horní Heřmanice,obec,1,1,1142000,0,1142000,1,7177655,aggregate_candidate_needs_confirmation,,,,,https://monitor.statnipokladna.gov.cz/api/ukazatele?ic=00278904&obdobi=2412
2024,,single_school,founder:00278939,00278939,Obec Horní Třešňovec,obec,1,1,768000,0,768000,1,8249194,aggregate_candidate_needs_confirmation,,,,,https://monitor.statnipokladna.gov.cz/api/ukazatele?ic=00278939&obdobi=2412
2024,,single_school,founder:00278980,00278980,Obec Jamné nad Orlicí,obec,1,1,833000,0,833000,1,8356490,aggregate_candidate_needs_confirmation,,,,,https://monitor.statnipokladna.gov.cz/api/ukazatele?ic=00278980&obdobi=2412
2024,,single_school,founder:00279005,00279005,Obec Jehnědí,obec,1,1,1100000,0,1100000,1,8875879,aggregate_candidate_needs_confirmation,,,,,https://monitor.statnipokladna.gov.cz/api/ukazatele?ic=00279005&obdobi=2412
2024,,single_school,founder:00279013,00279013,Obec Kameničná,obec,1,1,1010000,0,1010000,1,3979285,aggregate_candidate_needs_confirmation,,,,,https://monitor.statnipokladna.gov.cz/api/ukazatele?ic=00279013&obdobi=2412
2024,,single_school,founder:00279056,00279056,Obec Koldín,obec,1,1,600000,0,600000,1,5020708,aggregate_candidate_needs_confirmation,,,,,https://monitor.statnipokladna.gov.cz/api/ukazatele?ic=00279056&obdobi=2412
2024,,single_school,founder:00279099,00279099,Městys Kunvald,obec,1,1,2690000,0,2690000,1,14923363,aggregate_candidate_needs_confirmation,,,,,https://monitor.statnipokladna.gov.cz/api/ukazatele?ic=00279099&obdobi=2412
2024,,single_school,founder:00279161,00279161,Obec Lichkov,obec,1,1,920000,0,920000,1,6212681,aggregate_candidate_needs_confirmation,,,,,https://monitor.statnipokladna.gov.cz/api/ukazatele?ic=00279161&obdobi=2412
2024,,single_school,founder:00279170,00279170,Obec Líšnice,obec,1,1,2000000,0,2000000,1,10934537,aggregate_candidate_needs_confirmation,,,,,https://monitor.statnipokladna.gov.cz/api/ukazatele?ic=00279170&obdobi=2412
2024,,single_school,founder:00279200,00279200,Obec Lukavice,obec,1,1,1237500,0,1237500,1,12953329,aggregate_candidate_needs_confirmation,,,,,https://monitor.statnipokladna.gov.cz/api/ukazatele?ic=00279200&obdobi=2412
2024,,single_school,founder:00279218,00279218,Obec Luková,obec,1,1,775240,0,775240,1,7369477,aggregate_candidate_needs_confirmation,,,,,https://monitor.statnipokladna.gov.cz/api/ukazatele?ic=00279218&obdobi=2412
2024,,single_school,founder:00279226,00279226,Obec Mistrovice,obec,1,1,1110000,0,1110000,1,9961409,aggregate_candidate_needs_confirmation,,,,,https://monitor.statnipokladna.gov.cz/api/ukazatele?ic=00279226&obdobi=2412
2024,,single_school,founder:00279234,00279234,Obec Mladkov,obec,1,1,700000,0,700000,1,6284837,aggregate_candidate_needs_confirmation,,,,,https://monitor.statnipokladna.gov.cz/api/ukazatele?ic=00279234&obdobi=2412
2024,,single_school,founder:00279269,00279269,Obec Nekoř,obec,1,1,2160518,0,2160518,1,12891606,aggregate_candidate_needs_confirmation,,,,,https://monitor.statnipokladna.gov.cz/api/ukazatele?ic=00279269&obdobi=2412
2024,,single_school,founder:00279277,00279277,Obec Němčice,obec,1,1,1950000,0,1950000,1,12639706,aggregate_candidate_needs_confirmation,,,,,https://monitor.statnipokladna.gov.cz/api/ukazatele?ic=00279277&obdobi=2412
2024,,single_school,founder:00279293,00279293,Obec Orlické Podhůří,obec,1,1,593033,0,593033,1,7394336,aggregate_candidate_needs_confirmation,,,,,https://monitor.statnipokladna.gov.cz/api/ukazatele?ic=00279293&obdobi=2412
2024,,single_school,founder:00279307,00279307,Obec Orličky,obec,1,1,760000,0,760000,1,3754063,aggregate_candidate_needs_confirmation,,,,,https://monitor.statnipokladna.gov.cz/api/ukazatele?ic=00279307&obdobi=2412
2024,,single_school,founder:00279315,00279315,Obec Ostrov,obec,1,1,1000000,0,1000000,1,8790968,aggregate_candidate_needs_confirmation,,,,,https://monitor.statnipokladna.gov.cz/api/ukazatele?ic=00279315&obdobi=2412
2024,,single_school,founder:00279340,00279340,Obec Petrovice,obec,1,1,420000,0,420000,1,2966452,aggregate_candidate_needs_confirmation,,,,,https://monitor.statnipokladna.gov.cz/api/ukazatele?ic=00279340&obdobi=2412
2024,,single_school,founder:00279358,00279358,Obec Písečná,obec,1,1,900000,0,900000,1,11302419,aggregate_candidate_needs_confirmation,,,,,https://monitor.statnipokladna.gov.cz/api/ukazatele?ic=00279358&obdobi=2412
2024,,single_school,founder:00279421,00279421,Obec Rudoltice,obec,1,1,2100000,0,2100000,1,16505868,aggregate_candidate_needs_confirmation,,,,,https://monitor.statnipokladna.gov.cz/api/ukazatele?ic=00279421&obdobi=2412
2024,,single_school,founder:00279447,00279447,Obec Řetová,obec,1,1,1225000,0,1225000,1,11311866,aggregate_candidate_needs_confirmation,,,,,https://monitor.statnipokladna.gov.cz/api/ukazatele?ic=00279447&obdobi=2412
2024,,single_school,founder:00279498,00279498,Obec Skořenice,obec,1,1,2500000,0,2500000,1,12982954,aggregate_candidate_needs_confirmation,,,,,https://monitor.statnipokladna.gov.cz/api/ukazatele?ic=00279498&obdobi=2412
2024,,single_school,founder:00279536,00279536,Obec Sopotnice,obec,1,2,1933900,350000,2283900,1,19314803,aggregate_candidate_needs_confirmation,,,,,https://monitor.statnipokladna.gov.cz/api/ukazatele?ic=00279536&obdobi=2412
2024,,single_school,founder:00279544,00279544,Obec Sruby,obec,1,1,1150000,0,1150000,1,10501058,aggregate_candidate_needs_confirmation,,,,,https://monitor.statnipokladna.gov.cz/api/ukazatele?ic=00279544&obdobi=2412
2024,,single_school,founder:00279587,00279587,Obec Sudslava,obec,1,1,400000,0,400000,1,3003054,aggregate_candidate_needs_confirmation,,,,,https://monitor.statnipokladna.gov.cz/api/ukazatele?ic=00279587&obdobi=2412
2024,,single_school,founder:00279625,00279625,Obec Tatenice,obec,1,1,2328000,0,2328000,1,22166848,aggregate_candidate_needs_confirmation,,,,,https://monitor.statnipokladna.gov.cz/api/ukazatele?ic=00279625&obdobi=2412
2024,,single_school,founder:00279633,00279633,Obec Těchonín,obec,1,1,1092000,0,1092000,1,8133629,aggregate_candidate_needs_confirmation,,,,,https://monitor.statnipokladna.gov.cz/api/ukazatele?ic=00279633&obdobi=2412
2024,,single_school,founder:00279641,00279641,Obec Tisová,obec,1,1,1110000,0,1110000,1,6742139,aggregate_candidate_needs_confirmation,,,,,https://monitor.statnipokladna.gov.cz/api/ukazatele?ic=00279641&obdobi=2412
2024,,single_school,founder:00279650,00279650,Obec Třebovice,obec,1,1,1930000,0,1930000,1,10487202,aggregate_candidate_needs_confirmation,,,,,https://monitor.statnipokladna.gov.cz/api/ukazatele?ic=00279650&obdobi=2412
2024,,single_school,founder:00279692,00279692,Obec Velká Skrovnice,obec,1,1,655800,0,655800,1,3471165,aggregate_candidate_needs_confirmation,,,,,https://monitor.statnipokladna.gov.cz/api/ukazatele?ic=00279692&obdobi=2412
2024,,single_school,founder:00279706,00279706,Obec Verměřovice,obec,1,1,1305000,0,1305000,1,8598079,aggregate_candidate_needs_confirmation,,,,,https://monitor.statnipokladna.gov.cz/api/ukazatele?ic=00279706&obdobi=2412
2024,,single_school,founder:00279749,00279749,Obec Vraclav,obec,1,2,1347820,1018180,2366000,1,13873515,aggregate_candidate_needs_confirmation,,,,,https://monitor.statnipokladna.gov.cz/api/ukazatele?ic=00279749&obdobi=2412
2024,,single_school,founder:00279803,00279803,Obec Zálší,obec,1,1,770000,0,770000,1,7407075,aggregate_candidate_needs_confirmation,,,,,https://monitor.statnipokladna.gov.cz/api/ukazatele?ic=00279803&obdobi=2412
2024,,single_school,founder:00279862,00279862,Obec Žichlínek,obec,1,1,1800000,0,1800000,1,11465164,aggregate_candidate_needs_confirmation,,,,,https://monitor.statnipokladna.gov.cz/api/ukazatele?ic=00279862&obdobi=2412
2024,,single_school,founder:00279889,00279889,Město Adamov,obec,1,2,10220000,95000,10315000,1,68108469,aggregate_candidate_needs_confirmation,,,,,https://monitor.statnipokladna.gov.cz/api/ukazatele?ic=00279889&obdobi=2412
2024,,single_school,founder:00279927,00279927,Obec Benešov,obec,1,1,3401169,0,3401169,1,21823684,aggregate_candidate_needs_confirmation,,,,,https://monitor.statnipokladna.gov.cz/api/ukazatele?ic=00279927&obdobi=2412
2024,,single_school,founder:00279951,00279951,Obec Borotín,obec,1,1,525000,0,525000,1,2950943,aggregate_candidate_needs_confirmation,,,,,https://monitor.statnipokladna.gov.cz/api/ukazatele?ic=00279951&obdobi=2412
2024,,single_school,founder:00279960,00279960,Obec Bořitov,obec,1,1,2256600,0,2256600,1,14978016,aggregate_candidate_needs_confirmation,,,,,https://monitor.statnipokladna.gov.cz/api/ukazatele?ic=00279960&obdobi=2412
2024,,single_school,founder:00279986,00279986,Obec Brťov-Jeneč,obec,1,1,492000,0,492000,1,2825572,aggregate_candidate_needs_confirmation,,,,,https://monitor.statnipokladna.gov.cz/api/ukazatele?ic=00279986&obdobi=2412
2024,,single_school,founder:00280020,00280020,Obec Březina,obec,1,1,2000000,0,2000000,1,15716240,aggregate_candidate_needs_confirmation,,,,,https://monitor.statnipokladna.gov.cz/api/ukazatele?ic=00280020&obdobi=2412
2024,,single_school,founder:00280151,00280151,Obec Drnovice,obec,1,1,2200000,0,2200000,1,22231853,aggregate_candidate_needs_confirmation,,,,,https://monitor.statnipokladna.gov.cz/api/ukazatele?ic=00280151&obdobi=2412
2024,,single_school,founder:00280330,00280330,Městys Knínice,obec,1,2,3761329,118410,3879739,1,32299169,aggregate_candidate_needs_confirmation,,,,,https://monitor.statnipokladna.gov.cz/api/ukazatele?ic=00280330&obdobi=2412
2024,,single_school,founder:00280402,00280402,Obec Křetín,obec,1,1,1050000,0,1050000,1,11343457,aggregate_candidate_needs_confirmation,,,,,https://monitor.statnipokladna.gov.cz/api/ukazatele?ic=00280402&obdobi=2412
2024,,single_school,founder:00280429,00280429,Městys Křtiny,obec,1,1,4982217,0,4982217,1,36572499,aggregate_candidate_needs_confirmation,,,,,https://monitor.statnipokladna.gov.cz/api/ukazatele?ic=00280429&obdobi=2412
2024,,single_school,founder:00280470,00280470,Město Kunštát,obec,1,1,6500000,0,6500000,1,49743139,aggregate_candidate_needs_confirmation,,,,,https://monitor.statnipokladna.gov.cz/api/ukazatele?ic=00280470&obdobi=2412
2024,,single_school,founder:00280551,00280551,Obec Lipovec,obec,1,1,2656000,0,2656000,1,23045937,aggregate_candidate_needs_confirmation,,,,,https://monitor.statnipokladna.gov.cz/api/ukazatele?ic=00280551&obdobi=2412
2024,,single_school,founder:00280577,00280577,Městys Lomnice,obec,1,2,4342821,3272138,7614959,1,43703322,aggregate_candidate_needs_confirmation,,,,,https://monitor.statnipokladna.gov.cz/api/ukazatele?ic=00280577&obdobi=2412
2024,,single_school,founder:00280712,00280712,Obec Obora,obec,1,1,654866,0,654866,1,3229499,aggregate_candidate_needs_confirmation,,,,,https://monitor.statnipokladna.gov.cz/api/ukazatele?ic=00280712&obdobi=2412
2024,,single_school,founder:00280755,00280755,Město Olešnice,obec,1,1,5920000,0,5920000,1,34884520,aggregate_candidate_needs_confirmation,,,,,https://monitor.statnipokladna.gov.cz/api/ukazatele?ic=00280755&obdobi=2412
2024,,single_school,founder:00280763,00280763,Obec Olomučany,obec,1,1,560000,0,560000,1,10883008,aggregate_candidate_needs_confirmation,,,,,https://monitor.statnipokladna.gov.cz/api/ukazatele?ic=00280763&obdobi=2412
2024,,single_school,founder:00280780,00280780,Městys Ostrov u Macochy,obec,1,1,3000000,0,3000000,1,31331515,aggregate_candidate_needs_confirmation,,,,,https://monitor.statnipokladna.gov.cz/api/ukazatele?ic=00280780&obdobi=2412
2024,,single_school,founder:00280836,00280836,Město Rájec - Jestřebí,obec,1,2,6500000,19500000,26000000,1,62715095,aggregate_candidate_needs_confirmation,,,,,https://monitor.statnipokladna.gov.cz/api/ukazatele?ic=00280836&obdobi=2412
2024,,single_school,founder:00280844,00280844,Obec Ráječko,obec,1,1,2150000,0,2150000,1,15857110,aggregate_candidate_needs_confirmation,,,,,https://monitor.statnipokladna.gov.cz/api/ukazatele?ic=00280844&obdobi=2412
2024,,single_school,founder:00280895,00280895,Obec Rudice,obec,1,1,1650000,0,1650000,1,12233792,aggregate_candidate_needs_confirmation,,,,,https://monitor.statnipokladna.gov.cz/api/ukazatele?ic=00280895&obdobi=2412
2024,,single_school,founder:00280917,00280917,Obec Sebranice,obec,1,1,700000,0,700000,1,7011400,aggregate_candidate_needs_confirmation,,,,,https://monitor.statnipokladna.gov.cz/api/ukazatele?ic=00280917&obdobi=2412
2024,,single_school,founder:00280933,00280933,Obec Skalice nad Svitavou,obec,1,1,1100000,0,1100000,1,7788924,aggregate_candidate_needs_confirmation,,,,,https://monitor.statnipokladna.gov.cz/api/ukazatele?ic=00280933&obdobi=2412
2024,,single_school,founder:00280950,00280950,Městys Sloup,obec,1,1,4300000,0,4300000,1,41872165,aggregate_candidate_needs_confirmation,,,,,https://monitor.statnipokladna.gov.cz/api/ukazatele?ic=00280950&obdobi=2412
2024,,single_school,founder:00281000,00281000,Obec Suchý,obec,1,1,386000,0,386000,1,2659313,aggregate_candidate_needs_confirmation,,,,,https://monitor.statnipokladna.gov.cz/api/ukazatele?ic=00281000&obdobi=2412
2024,,single_school,founder:00281018,00281018,Obec Sulíkov,obec,1,1,525000,0,525000,1,3474312,aggregate_candidate_needs_confirmation,,,,,https://monitor.statnipokladna.gov.cz/api/ukazatele?ic=00281018&obdobi=2412
2024,,single_school,founder:00281077,00281077,Obec Šebrov-Kateřina,obec,1,1,870000,0,870000,1,9734694,aggregate_candidate_needs_confirmation,,,,,https://monitor.statnipokladna.gov.cz/api/ukazatele?ic=00281077&obdobi=2412
2024,,single_school,founder:00281174,00281174,Obec Úsobrno,obec,1,1,762500,0,762500,1,5856621,aggregate_candidate_needs_confirmation,,,,,https://monitor.statnipokladna.gov.cz/api/ukazatele?ic=00281174&obdobi=2412
2024,,single_school,founder:00281191,00281191,Obec Vanovice,obec,1,1,350000,0,350000,1,5976870,aggregate_candidate_needs_confirmation,,,,,https://monitor.statnipokladna.gov.cz/api/ukazatele?ic=00281191&obdobi=2412
2024,,single_school,founder:00281204,00281204,Obec Vavřinec,obec,1,1,431400,0,431400,1,2416005,aggregate_candidate_needs_confirmation,,,,,https://monitor.statnipokladna.gov.cz/api/ukazatele?ic=00281204&obdobi=2412
2024,,single_school,founder:00281263,00281263,Obec Vísky,obec,1,1,660000,0,660000,1,8854387,aggregate_candidate_needs_confirmation,,,,,https://monitor.statnipokladna.gov.cz/api/ukazatele?ic=00281263&obdobi=2412
2024,,single_school,founder:00281271,00281271,Obec Voděrady,obec,1,1,676000,0,676000,1,4241129,aggregate_candidate_needs_confirmation,,,,,https://monitor.statnipokladna.gov.cz/api/ukazatele?ic=00281271&obdobi=2412
2024,,single_school,founder:00281344,00281344,Obec Žďár,obec,1,1,400000,0,400000,1,3027175,aggregate_candidate_needs_confirmation,,,,,https://monitor.statnipokladna.gov.cz/api/ukazatele?ic=00281344&obdobi=2412
2024,,single_school,founder:00281352,00281352,Obec Žďárná,obec,1,1,2000000,0,2000000,1,18878949,aggregate_candidate_needs_confirmation,,,,,https://monitor.statnipokladna.gov.cz/api/ukazatele?ic=00281352&obdobi=2412
2024,,single_school,founder:00281557,00281557,Obec Babice nad Svitavou,obec,1,2,1613000,0,1613000,1,19238916,aggregate_candidate_needs_confirmation,,,,,https://monitor.statnipokladna.gov.cz/api/ukazatele?ic=00281557&obdobi=2412
2024,,single_school,founder:00281603,00281603,Obec Blažovice,obec,1,1,2500000,0,2500000,1,22076579,aggregate_candidate_needs_confirmation,,,,,https://monitor.statnipokladna.gov.cz/api/ukazatele?ic=00281603&obdobi=2412
2024,,single_school,founder:00281671,00281671,Obec Česká,obec,1,1,850000,0,850000,1,3045487,aggregate_candidate_needs_confirmation,,,,,https://monitor.statnipokladna.gov.cz/api/ukazatele?ic=00281671&obdobi=2412
2024,,single_school,founder:00281697,00281697,Městys Deblín,obec,1,2,5322000,359676,5681676,1,43913193,aggregate_candidate_needs_confirmation,,,,,https://monitor.statnipokladna.gov.cz/api/ukazatele?ic=00281697&obdobi=2412
2024,,single_school,founder:00281719,00281719,Obec Domašov,obec,1,1,1500000,0,1500000,1,16456312,aggregate_candidate_needs_confirmation,,,,,https://monitor.statnipokladna.gov.cz/api/ukazatele?ic=00281719&obdobi=2412
2024,,single_school,founder:00281727,00281727,Městys Drásov,obec,1,1,7809195,0,7809195,1,66410331,aggregate_candidate_needs_confirmation,,,,,https://monitor.statnipokladna.gov.cz/api/ukazatele?ic=00281727&obdobi=2412
2024,,single_school,founder:00281883,00281883,Obec Jinačovice,obec,1,1,542956,0,542956,1,4661510,aggregate_candidate_needs_confirmation,,,,,https://monitor.statnipokladna.gov.cz/api/ukazatele?ic=00281883&obdobi=2412
2024,,single_school,founder:00281972,00281972,Obec Lažánky,obec,1,2,952104,756,952860,1,11371811,aggregate_candidate_needs_confirmation,,,,,https://monitor.statnipokladna.gov.cz/api/ukazatele?ic=00281972&obdobi=2412
2024,,single_school,founder:00281999,00281999,Obec Lelekovice,obec,1,1,2500000,0,2500000,1,25614357,aggregate_candidate_needs_confirmation,,,,,https://monitor.statnipokladna.gov.cz/api/ukazatele?ic=00281999&obdobi=2412
2024,,single_school,founder:00282031,00282031,Obec Lukovany,obec,1,1,700000,0,700000,1,4406971,aggregate_candidate_needs_confirmation,,,,,https://monitor.statnipokladna.gov.cz/api/ukazatele?ic=00282031&obdobi=2412
2024,,single_school,founder:00282057,00282057,Obec Malhostovice,obec,1,1,1079241,0,1079241,1,5564039,aggregate_candidate_needs_confirmation,,,,,https://monitor.statnipokladna.gov.cz/api/ukazatele?ic=00282057&obdobi=2412
2024,,single_school,founder:00282081,00282081,Obec Mělčany,obec,1,1,475000,0,475000,1,2649697,aggregate_candidate_needs_confirmation,,,,,https://monitor.statnipokladna.gov.cz/api/ukazatele?ic=00282081&obdobi=2412
2024,,single_school,founder:00282154,00282154,Obec Moutnice,obec,1,1,1835700,0,1835700,1,15956723,aggregate_candidate_needs_confirmation,,,,,https://monitor.statnipokladna.gov.cz/api/ukazatele?ic=00282154&obdobi=2412
2024,,single_school,founder:00282197,00282197,Obec Neslovice,obec,1,1,2300000,0,2300000,1,37785505,aggregate_candidate_needs_confirmation,,,,,https://monitor.statnipokladna.gov.cz/api/ukazatele?ic=00282197&obdobi=2412
2024,,single_school,founder:00282243,00282243,Obec Ochoz u Brna,obec,1,1,3000000,0,3000000,1,19750632,aggregate_candidate_needs_confirmation,,,,,https://monitor.statnipokladna.gov.cz/api/ukazatele?ic=00282243&obdobi=2412
2024,,single_school,founder:00282278,00282278,Obec Ořechov,obec,1,2,4000000,1000000,5000000,1,53481296,aggregate_candidate_needs_confirmation,,,,,https://monitor.statnipokladna.gov.cz/api/ukazatele?ic=00282278&obdobi=2412
2024,,single_school,founder:00282294,00282294,Obec Ostopovice,obec,1,1,3500000,0,3500000,1,21824804,aggregate_candidate_needs_confirmation,,,,,https://monitor.statnipokladna.gov.cz/api/ukazatele?ic=00282294&obdobi=2412
2024,,single_school,founder:00282332,00282332,Obec Podolí,obec,1,1,2920000,0,2920000,1,19461966,aggregate_candidate_needs_confirmation,,,,,https://monitor.statnipokladna.gov.cz/api/ukazatele?ic=00282332&obdobi=2412
2024,,single_school,founder:00282375,00282375,Městys Pozořice,obec,1,1,6200000,0,6200000,1,74914730,aggregate_candidate_needs_confirmation,,,,,https://monitor.statnipokladna.gov.cz/api/ukazatele?ic=00282375&obdobi=2412
2024,,single_school,founder:00282405,00282405,Obec Prštice,obec,1,1,1300000,0,1300000,1,9248779,aggregate_candidate_needs_confirmation,,,,,https://monitor.statnipokladna.gov.cz/api/ukazatele?ic=00282405&obdobi=2412
2024,,single_school,founder:00282413,00282413,Obec Příbram na Moravě,obec,1,1,715000,0,715000,1,7174987,aggregate_candidate_needs_confirmation,,,,,https://monitor.statnipokladna.gov.cz/api/ukazatele?ic=00282413&obdobi=2412
2024,,single_school,founder:00282499,00282499,Obec Rozdrojovice,obec,1,1,2202800,0,2202800,1,14613535,aggregate_candidate_needs_confirmation,,,,,https://monitor.statnipokladna.gov.cz/api/ukazatele?ic=00282499&obdobi=2412
2024,,single_school,founder:00282545,00282545,Obec Sentice,obec,1,1,820000,0,820000,1,6261808,aggregate_candidate_needs_confirmation,,,,,https://monitor.statnipokladna.gov.cz/api/ukazatele?ic=00282545&obdobi=2412
2024,,single_school,founder:00282626,00282626,Obec Svatoslav,obec,1,1,274000,0,274000,1,2632841,aggregate_candidate_needs_confirmation,,,,,https://monitor.statnipokladna.gov.cz/api/ukazatele?ic=00282626&obdobi=2412
2024,,single_school,founder:00282634,00282634,Obec Syrovice,obec,1,1,2161500,0,2161500,1,25775699,aggregate_candidate_needs_confirmation,,,,,https://monitor.statnipokladna.gov.cz/api/ukazatele?ic=00282634&obdobi=2412
2024,,single_school,founder:00282677,00282677,Obec Telnice,obec,1,1,1736000,0,1736000,1,16919222,aggregate_candidate_needs_confirmation,,,,,https://monitor.statnipokladna.gov.cz/api/ukazatele?ic=00282677&obdobi=2412
2024,,single_school,founder:00282693,00282693,Obec Těšany,obec,1,2,6134900,770000,6904900,1,34732135,aggregate_candidate_needs_confirmation,,,,,https://monitor.statnipokladna.gov.cz/api/ukazatele?ic=00282693&obdobi=2412
2024,,single_school,founder:00282723,00282723,Obec Troubsko,obec,1,1,3621158,0,3621158,1,19820765,aggregate_candidate_needs_confirmation,,,,,https://monitor.statnipokladna.gov.cz/api/ukazatele?ic=00282723&obdobi=2412
2024,,single_school,founder:00282855,00282855,Obec Vranov,obec,1,1,2000000,0,2000000,1,17304243,aggregate_candidate_needs_confirmation,,,,,https://monitor.statnipokladna.gov.cz/api/ukazatele?ic=00282855&obdobi=2412
2024,,single_school,founder:00282871,00282871,Obec Vysoké Popovice,obec,1,1,1000000,0,1000000,1,7108975,aggregate_candidate_needs_confirmation,,,,,https://monitor.statnipokladna.gov.cz/api/ukazatele?ic=00282871&obdobi=2412
2024,,single_school,founder:00282880,00282880,Obec Zakřany,obec,1,2,1600000,320000,1920000,1,11647041,aggregate_candidate_needs_confirmation,,,,,https://monitor.statnipokladna.gov.cz/api/ukazatele?ic=00282880&obdobi=2412
2024,,single_school,founder:00282936,00282936,Obec Žabčice,obec,1,2,4900000,166000,5066000,1,22302724,aggregate_candidate_needs_confirmation,,,,,https://monitor.statnipokladna.gov.cz/api/ukazatele?ic=00282936&obdobi=2412
2024,,single_school,founder:00282944,00282944,Obec Žatčany,obec,1,2,3154994,505521,3660515,1,14933899,aggregate_candidate_needs_confirmation,,,,,https://monitor.statnipokladna.gov.cz/api/ukazatele?ic=00282944&obdobi=2412
2024,,single_school,founder:00282952,00282952,Obec Želešice,obec,1,1,3520000,0,3520000,1,30946190,aggregate_candidate_needs_confirmation,,,,,https://monitor.statnipokladna.gov.cz/api/ukazatele?ic=00282952&obdobi=2412
2024,,single_school,founder:00283011,00283011,Městys Boleradice,obec,1,1,1841100,0,1841100,1,12709246,aggregate_candidate_needs_confirmation,,,,,https://monitor.statnipokladna.gov.cz/api/ukazatele?ic=00283011&obdobi=2412
2024,,single_school,founder:00283029,00283029,Obec Borkovany,obec,1,1,1995556,0,1995556,1,10498152,aggregate_candidate_needs_confirmation,,,,,https://monitor.statnipokladna.gov.cz/api/ukazatele?ic=00283029&obdobi=2412
2024,,single_school,founder:00283037,00283037,Obec Bořetice,obec,1,1,2940000,0,2940000,1,17728159,aggregate_candidate_needs_confirmation,,,,,https://monitor.statnipokladna.gov.cz/api/ukazatele?ic=00283037&obdobi=2412
2024,,single_school,founder:00283045,00283045,Obec Brod nad Dyjí,obec,1,1,618000,0,618000,1,3767887,aggregate_candidate_needs_confirmation,,,,,https://monitor.statnipokladna.gov.cz/api/ukazatele?ic=00283045&obdobi=2412
2024,,single_school,founder:00283088,00283088,Obec Bulhary,obec,1,1,500000,0,500000,1,3582516,aggregate_candidate_needs_confirmation,,,,,https://monitor.statnipokladna.gov.cz/api/ukazatele?ic=00283088&obdobi=2412
2024,,single_school,founder:00283118,00283118,Obec Dobré Pole,obec,1,1,400000,0,400000,1,2307950,aggregate_candidate_needs_confirmation,,,,,https://monitor.statnipokladna.gov.cz/api/ukazatele?ic=00283118&obdobi=2412
2024,,single_school,founder:00283126,00283126,Obec Dolní Dunajovice,obec,1,1,5253000,0,5253000,1,31516463,aggregate_candidate_needs_confirmation,,,,,https://monitor.statnipokladna.gov.cz/api/ukazatele?ic=00283126&obdobi=2412
2024,,single_school,founder:00283134,00283134,Obec Dolní Věstonice,obec,1,1,2450000,0,2450000,1,17451250,aggregate_candidate_needs_confirmation,,,,,https://monitor.statnipokladna.gov.cz/api/ukazatele?ic=00283134&obdobi=2412
2024,,single_school,founder:00283142,00283142,Městys Drnholec,obec,1,2,5170281,0,5170281,1,39974039,aggregate_candidate_needs_confirmation,,,,,https://monitor.statnipokladna.gov.cz/api/ukazatele?ic=00283142&obdobi=2412
2024,,single_school,founder:00283151,00283151,Obec Hlohovec,obec,1,1,2200000,0,2200000,1,13472377,aggregate_candidate_needs_confirmation,,,,,https://monitor.statnipokladna.gov.cz/api/ukazatele?ic=00283151&obdobi=2412
2024,,single_school,founder:00283169,00283169,Obec Horní Bojanovice,obec,1,1,391000,0,391000,1,3040084,aggregate_candidate_needs_confirmation,,,,,https://monitor.statnipokladna.gov.cz/api/ukazatele?ic=00283169&obdobi=2412
2024,,single_school,founder:00283274,00283274,Obec Kostice,obec,1,1,2075000,0,2075000,1,7733902,aggregate_candidate_needs_confirmation,,,,,https://monitor.statnipokladna.gov.cz/api/ukazatele?ic=00283274&obdobi=2412
2024,,single_school,founder:00283282,00283282,Obec Krumvíř,obec,1,2,1322258,377742,1700000,1,13802619,aggregate_candidate_needs_confirmation,,,,,https://monitor.statnipokladna.gov.cz/api/ukazatele?ic=00283282&obdobi=2412
2024,,single_school,founder:00283401,00283401,Obec Němčičky,obec,1,1,1100000,0,1100000,1,8023982,aggregate_candidate_needs_confirmation,,,,,https://monitor.statnipokladna.gov.cz/api/ukazatele?ic=00283401&obdobi=2412
2024,,single_school,founder:00283410,00283410,Obec Nikolčice,obec,1,1,4118000,0,4118000,1,28421990,aggregate_candidate_needs_confirmation,,,,,https://monitor.statnipokladna.gov.cz/api/ukazatele?ic=00283410&obdobi=2412
2024,,single_school,founder:00283428,00283428,Městys Nosislav,obec,1,3,2431000,0,2431000,1,16793808,aggregate_candidate_needs_confirmation,,,,,https://monitor.statnipokladna.gov.cz/api/ukazatele?ic=00283428&obdobi=2412
2024,,single_school,founder:00283479,00283479,Obec Pavlov,obec,1,1,600000,0,600000,1,5454047,aggregate_candidate_needs_confirmation,,,,,https://monitor.statnipokladna.gov.cz/api/ukazatele?ic=00283479&obdobi=2412
2024,,single_school,founder:00283487,00283487,Obec Perná,obec,1,1,1000000,0,1000000,1,3961818,aggregate_candidate_needs_confirmation,,,,,https://monitor.statnipokladna.gov.cz/api/ukazatele?ic=00283487&obdobi=2412
2024,,single_school,founder:00283517,00283517,Obec Popice,obec,1,1,1200000,0,1200000,1,9941423,aggregate_candidate_needs_confirmation,,,,,https://monitor.statnipokladna.gov.cz/api/ukazatele?ic=00283517&obdobi=2412
2024,,single_school,founder:00283550,00283550,Obec Přítluky,obec,1,1,545000,0,545000,1,2926899,aggregate_candidate_needs_confirmation,,,,,https://monitor.statnipokladna.gov.cz/api/ukazatele?ic=00283550&obdobi=2412
2024,,single_school,founder:00283568,00283568,Obec Rakvice,obec,1,1,5843700,0,5843700,1,36566078,aggregate_candidate_needs_confirmation,,,,,https://monitor.statnipokladna.gov.cz/api/ukazatele?ic=00283568&obdobi=2412
2024,,single_school,founder:00283576,00283576,Obec Sedlec,obec,1,1,950000,0,950000,1,8595020,aggregate_candidate_needs_confirmation,,,,,https://monitor.statnipokladna.gov.cz/api/ukazatele?ic=00283576&obdobi=2412
2024,,single_school,founder:00283584,00283584,Obec Starovice,obec,1,2,810000,0,810000,1,6182065,aggregate_candidate_needs_confirmation,,,,,https://monitor.statnipokladna.gov.cz/api/ukazatele?ic=00283584&obdobi=2412
2024,,single_school,founder:00283592,00283592,Obec Starovičky,obec,1,1,1200000,0,1200000,1,10995494,aggregate_candidate_needs_confirmation,,,,,https://monitor.statnipokladna.gov.cz/api/ukazatele?ic=00283592&obdobi=2412
2024,,single_school,founder:00283606,00283606,Obec Strachotín,obec,1,1,524000,0,524000,1,2937153,aggregate_candidate_needs_confirmation,,,,,https://monitor.statnipokladna.gov.cz/api/ukazatele?ic=00283606&obdobi=2412
2024,,single_school,founder:00283614,00283614,Obec Šakvice,obec,1,1,3000000,0,3000000,1,23716620,aggregate_candidate_needs_confirmation,,,,,https://monitor.statnipokladna.gov.cz/api/ukazatele?ic=00283614&obdobi=2412
2024,,single_school,founder:00283622,00283622,Obec Šitbořice,obec,1,1,5482000,0,5482000,1,36414154,aggregate_candidate_needs_confirmation,,,,,https://monitor.statnipokladna.gov.cz/api/ukazatele?ic=00283622&obdobi=2412
2024,,single_school,founder:00283649,00283649,Obec Týnec,obec,1,1,1900000,0,1900000,1,11402480,aggregate_candidate_needs_confirmation,,,,,https://monitor.statnipokladna.gov.cz/api/ukazatele?ic=00283649&obdobi=2412
2024,,single_school,founder:00283657,00283657,Obec Uherčice,obec,1,1,1500000,0,1500000,1,16159108,aggregate_candidate_needs_confirmation,,,,,https://monitor.statnipokladna.gov.cz/api/ukazatele?ic=00283657&obdobi=2412
2024,,single_school,founder:00283681,00283681,Obec Velké Hostěrádky,obec,1,1,590000,0,590000,1,3484102,aggregate_candidate_needs_confirmation,,,,,https://monitor.statnipokladna.gov.cz/api/ukazatele?ic=00283681&obdobi=2412
2024,,single_school,founder:00283711,00283711,Obec Vlasatice,obec,1,1,2500000,0,2500000,1,19977604,aggregate_candidate_needs_confirmation,,,,,https://monitor.statnipokladna.gov.cz/api/ukazatele?ic=00283711&obdobi=2412
2024,,single_school,founder:00283720,00283720,Obec Vranovice,obec,1,1,4300000,0,4300000,1,42306614,aggregate_candidate_needs_confirmation,,,,,https://monitor.statnipokladna.gov.cz/api/ukazatele?ic=00283720&obdobi=2412
2024,,single_school,founder:00283771,00283771,Obec Biskupice,obec,1,2,1000000,155000,1155000,1,8547392,aggregate_candidate_needs_confirmation,,,,,https://monitor.statnipokladna.gov.cz/api/ukazatele?ic=00283771&obdobi=2412
2024,,single_school,founder:00283789,00283789,Obec Bohuslavice u Zlína,obec,1,1,1300000,0,1300000,1,7824198,aggregate_candidate_needs_confirmation,,,,,https://monitor.statnipokladna.gov.cz/api/ukazatele?ic=00283789&obdobi=2412
2024,,single_school,founder:00283801,00283801,Obec Bratřejov,obec,1,1,600000,0,600000,1,6019319,aggregate_candidate_needs_confirmation,,,,,https://monitor.statnipokladna.gov.cz/api/ukazatele?ic=00283801&obdobi=2412
2024,,single_school,founder:00283843,00283843,Obec Březůvky,obec,1,1,959944,0,959944,1,7260632,aggregate_candidate_needs_confirmation,,,,,https://monitor.statnipokladna.gov.cz/api/ukazatele?ic=00283843&obdobi=2412
2024,,single_school,founder:00283878,00283878,Obec Dolní Lhota,obec,1,1,480000,0,480000,1,9878939,aggregate_candidate_needs_confirmation,,,,,https://monitor.statnipokladna.gov.cz/api/ukazatele?ic=00283878&obdobi=2412
2024,,single_school,founder:00283932,00283932,Obec Halenkovice,obec,1,1,3222500,0,3222500,1,26536164,aggregate_candidate_needs_confirmation,,,,,https://monitor.statnipokladna.gov.cz/api/ukazatele?ic=00283932&obdobi=2412
2024,,single_school,founder:00283983,00283983,Obec Hřivínův Újezd,obec,1,1,1043827,0,1043827,1,8651135,aggregate_candidate_needs_confirmation,,,,,https://monitor.statnipokladna.gov.cz/api/ukazatele?ic=00283983&obdobi=2412
2024,,single_school,founder:00283991,00283991,Obec Hvozdná,obec,1,1,1200000,0,1200000,1,12219614,aggregate_candidate_needs_confirmation,,,,,https://monitor.statnipokladna.gov.cz/api/ukazatele?ic=00283991&obdobi=2412
2024,,single_school,founder:00284050,00284050,Obec Kašava,obec,1,1,2900000,0,2900000,1,29792852,aggregate_candidate_needs_confirmation,,,,,https://monitor.statnipokladna.gov.cz/api/ukazatele?ic=00284050&obdobi=2412
2024,,single_school,founder:00284157,00284157,Obec Ludkovice,obec,1,1,860000,0,860000,1,6510425,aggregate_candidate_needs_confirmation,,,,,https://monitor.statnipokladna.gov.cz/api/ukazatele?ic=00284157&obdobi=2412
2024,,single_school,founder:00284211,00284211,Obec Mysločovice,obec,1,1,7036389,0,7036389,1,43793308,aggregate_candidate_needs_confirmation,,,,,https://monitor.statnipokladna.gov.cz/api/ukazatele?ic=00284211&obdobi=2412
2024,,single_school,founder:00284246,00284246,Obec Nedašov,obec,1,1,5510000,0,5510000,1,33288852,aggregate_candidate_needs_confirmation,,,,,https://monitor.statnipokladna.gov.cz/api/ukazatele?ic=00284246&obdobi=2412
2024,,single_school,founder:00284378,00284378,Obec Provodov,obec,1,1,499530,0,499530,1,7549440,aggregate_candidate_needs_confirmation,,,,,https://monitor.statnipokladna.gov.cz/api/ukazatele?ic=00284378&obdobi=2412
2024,,single_school,founder:00284386,00284386,Obec Racková,obec,1,1,950000,0,950000,1,10587147,aggregate_candidate_needs_confirmation,,,,,https://monitor.statnipokladna.gov.cz/api/ukazatele?ic=00284386&obdobi=2412
2024,,single_school,founder:00284491,00284491,Obec Spytihněv,obec,1,1,1440000,0,1440000,1,15803420,aggregate_candidate_needs_confirmation,,,,,https://monitor.statnipokladna.gov.cz/api/ukazatele?ic=00284491&obdobi=2412
2024,,single_school,founder:00284602,00284602,Obec Újezd,obec,1,1,1766000,0,1766000,1,29137251,aggregate_candidate_needs_confirmation,,,,,https://monitor.statnipokladna.gov.cz/api/ukazatele?ic=00284602&obdobi=2412
2024,,single_school,founder:00284700,00284700,Obec Vysoké Pole,obec,1,1,170000,0,170000,1,7398896,aggregate_candidate_needs_confirmation,,,,,https://monitor.statnipokladna.gov.cz/api/ukazatele?ic=00284700&obdobi=2412
2024,,single_school,founder:00284734,00284734,Obec Žlutava,obec,1,1,1920000,0,1920000,1,14666628,aggregate_candidate_needs_confirmation,,,,,https://monitor.statnipokladna.gov.cz/api/ukazatele?ic=00284734&obdobi=2412
2024,,single_school,founder:00284751,00284751,Obec Archlebov,obec,1,2,1978000,322000,2300000,1,24723778,aggregate_candidate_needs_confirmation,,,,,https://monitor.statnipokladna.gov.cz/api/ukazatele?ic=00284751&obdobi=2412
2024,,single_school,founder:00284769,00284769,Obec Blatnice pod Svatým Antonínkem,obec,1,1,7026463,0,7026463,1,31012960,aggregate_candidate_needs_confirmation,,,,,https://monitor.statnipokladna.gov.cz/api/ukazatele?ic=00284769&obdobi=2412
2024,,single_school,founder:00284793,00284793,Obec Bukovany,obec,1,1,600000,0,600000,1,5716038,aggregate_candidate_needs_confirmation,,,,,https://monitor.statnipokladna.gov.cz/api/ukazatele?ic=00284793&obdobi=2412
2024,,single_school,founder:00284807,00284807,Město Bzenec,obec,1,2,16102486,82440,16184926,1,61133416,aggregate_candidate_needs_confirmation,,,,,https://monitor.statnipokladna.gov.cz/api/ukazatele?ic=00284807&obdobi=2412
2024,,single_school,founder:00284815,00284815,Obec Čejč,obec,1,1,2300000,0,2300000,1,15866956,aggregate_candidate_needs_confirmation,,,,,https://monitor.statnipokladna.gov.cz/api/ukazatele?ic=00284815&obdobi=2412
2024,,single_school,founder:00284840,00284840,Obec Dambořice,obec,1,1,8782581,0,8782581,1,31677657,aggregate_candidate_needs_confirmation,,,,,https://monitor.statnipokladna.gov.cz/api/ukazatele?ic=00284840&obdobi=2412
2024,,single_school,founder:00284858,00284858,Obec Dolní Bojanovice,obec,1,1,5310000,0,5310000,1,41669763,aggregate_candidate_needs_confirmation,,,,,https://monitor.statnipokladna.gov.cz/api/ukazatele?ic=00284858&obdobi=2412
2024,,single_school,founder:00284866,00284866,Obec Domanín,obec,1,1,2000000,0,2000000,1,15973177,aggregate_candidate_needs_confirmation,,,,,https://monitor.statnipokladna.gov.cz/api/ukazatele?ic=00284866&obdobi=2412
2024,,single_school,founder:00284904,00284904,Obec Hovorany,obec,1,1,3700000,0,3700000,1,36373319,aggregate_candidate_needs_confirmation,,,,,https://monitor.statnipokladna.gov.cz/api/ukazatele?ic=00284904&obdobi=2412
2024,,single_school,founder:00284912,00284912,Obec Hroznová Lhota,obec,1,2,3529063,459800,3988863,1,26992922,aggregate_candidate_needs_confirmation,,,,,https://monitor.statnipokladna.gov.cz/api/ukazatele?ic=00284912&obdobi=2412
2024,,single_school,founder:00284921,00284921,Obec Hrubá Vrbka,obec,1,1,456000,0,456000,1,4972950,aggregate_candidate_needs_confirmation,,,,,https://monitor.statnipokladna.gov.cz/api/ukazatele?ic=00284921&obdobi=2412
2024,,single_school,founder:00284955,00284955,Obec Ježov,obec,1,1,3277000,0,3277000,1,17680787,aggregate_candidate_needs_confirmation,,,,,https://monitor.statnipokladna.gov.cz/api/ukazatele?ic=00284955&obdobi=2412
2024,,single_school,founder:00284998,00284998,Obec Kněždub,obec,1,1,2148487,0,2148487,1,12387869,aggregate_candidate_needs_confirmation,,,,,https://monitor.statnipokladna.gov.cz/api/ukazatele?ic=00284998&obdobi=2412
2024,,single_school,founder:00285005,00285005,Obec Kostelec,obec,1,1,2265004,0,2265004,1,11361001,aggregate_candidate_needs_confirmation,,,,,https://monitor.statnipokladna.gov.cz/api/ukazatele?ic=00285005&obdobi=2412
2024,,single_school,founder:00285056,00285056,Obec Lipov,obec,1,1,4478887,0,4478887,1,26759478,aggregate_candidate_needs_confirmation,,,,,https://monitor.statnipokladna.gov.cz/api/ukazatele?ic=00285056&obdobi=2412
2024,,single_school,founder:00285064,00285064,Obec Louka,obec,1,1,1700000,0,1700000,1,10798170,aggregate_candidate_needs_confirmation,,,,,https://monitor.statnipokladna.gov.cz/api/ukazatele?ic=00285064&obdobi=2412
2024,,single_school,founder:00285072,00285072,Obec Lovčice,obec,1,1,1876811,0,1876811,1,9460232,aggregate_candidate_needs_confirmation,,,,,https://monitor.statnipokladna.gov.cz/api/ukazatele?ic=00285072&obdobi=2412
2024,,single_school,founder:00285102,00285102,Obec Mikulčice,obec,1,1,3300000,0,3300000,1,26971471,aggregate_candidate_needs_confirmation,,,,,https://monitor.statnipokladna.gov.cz/api/ukazatele?ic=00285102&obdobi=2412
2024,,single_school,founder:00285111,00285111,Obec Milotice,obec,1,1,4236157,0,4236157,1,30719453,aggregate_candidate_needs_confirmation,,,,,https://monitor.statnipokladna.gov.cz/api/ukazatele?ic=00285111&obdobi=2412
2024,,single_school,founder:00285129,00285129,Obec Moravany,obec,1,1,987340,0,987340,1,7726545,aggregate_candidate_needs_confirmation,,,,,https://monitor.statnipokladna.gov.cz/api/ukazatele?ic=00285129&obdobi=2412
2024,,single_school,founder:00285137,00285137,Obec Moravský Písek,obec,1,1,4214300,0,4214300,1,30478915,aggregate_candidate_needs_confirmation,,,,,https://monitor.statnipokladna.gov.cz/api/ukazatele?ic=00285137&obdobi=2412
2024,,single_school,founder:00285145,00285145,Obec Mutěnice,obec,1,2,5419000,544531,5963531,1,44199262,aggregate_candidate_needs_confirmation,,,,,https://monitor.statnipokladna.gov.cz/api/ukazatele?ic=00285145&obdobi=2412
2024,,single_school,founder:00285153,00285153,Obec Násedlovice,obec,1,1,1218000,0,1218000,1,4986868,aggregate_candidate_needs_confirmation,,,,,https://monitor.statnipokladna.gov.cz/api/ukazatele?ic=00285153&obdobi=2412
2024,,single_school,founder:00285188,00285188,Obec Nová Lhota,obec,1,1,1300000,0,1300000,1,7172506,aggregate_candidate_needs_confirmation,,,,,https://monitor.statnipokladna.gov.cz/api/ukazatele?ic=00285188&obdobi=2412
2024,,single_school,founder:00285218,00285218,Obec Petrov,obec,1,1,1700000,0,1700000,1,12715446,aggregate_candidate_needs_confirmation,,,,,https://monitor.statnipokladna.gov.cz/api/ukazatele?ic=00285218&obdobi=2412
2024,,single_school,founder:00285226,00285226,Obec Prušánky,obec,1,3,3288400,0,3288400,1,35687679,aggregate_candidate_needs_confirmation,,,,,https://monitor.statnipokladna.gov.cz/api/ukazatele?ic=00285226&obdobi=2412
2024,,single_school,founder:00285234,00285234,Obec Radějov,obec,1,1,1700000,0,1700000,1,9135242,aggregate_candidate_needs_confirmation,,,,,https://monitor.statnipokladna.gov.cz/api/ukazatele?ic=00285234&obdobi=2412
2024,,single_school,founder:00285242,00285242,Obec Ratíškovice,obec,1,1,4984000,0,4984000,1,46755044,aggregate_candidate_needs_confirmation,,,,,https://monitor.statnipokladna.gov.cz/api/ukazatele?ic=00285242&obdobi=2412
2024,,single_school,founder:00285285,00285285,Obec Sobůlky,obec,1,1,1745000,0,1745000,1,9550015,aggregate_candidate_needs_confirmation,,,,,https://monitor.statnipokladna.gov.cz/api/ukazatele?ic=00285285&obdobi=2412
2024,,single_school,founder:00285293,00285293,Obec Starý Poddvorov,obec,1,1,2353392,0,2353392,1,11686531,aggregate_candidate_needs_confirmation,,,,,https://monitor.statnipokladna.gov.cz/api/ukazatele?ic=00285293&obdobi=2412
2024,,single_school,founder:00285323,00285323,Obec Strážovice,obec,1,1,3163289,0,3163289,1,8966962,aggregate_candidate_needs_confirmation,,,,,https://monitor.statnipokladna.gov.cz/api/ukazatele?ic=00285323&obdobi=2412
2024,,single_school,founder:00285331,00285331,Obec Sudoměřice,obec,1,1,2554120,0,2554120,1,14522697,aggregate_candidate_needs_confirmation,,,,,https://monitor.statnipokladna.gov.cz/api/ukazatele?ic=00285331&obdobi=2412
2024,,single_school,founder:00285358,00285358,Obec Svatobořice-Mistřín,obec,1,2,5172000,399571,5571571,1,44109679,aggregate_candidate_needs_confirmation,,,,,https://monitor.statnipokladna.gov.cz/api/ukazatele?ic=00285358&obdobi=2412
2024,,single_school,founder:00285404,00285404,Obec Těmice,obec,1,1,1010000,0,1010000,1,5206599,aggregate_candidate_needs_confirmation,,,,,https://monitor.statnipokladna.gov.cz/api/ukazatele?ic=00285404&obdobi=2412
2024,,single_school,founder:00285421,00285421,Obec Uhřice,obec,1,1,2800000,0,2800000,1,14057342,aggregate_candidate_needs_confirmation,,,,,https://monitor.statnipokladna.gov.cz/api/ukazatele?ic=00285421&obdobi=2412
2024,,single_school,founder:00285471,00285471,Obec Vlkoš,obec,1,1,1300000,0,1300000,1,12428429,aggregate_candidate_needs_confirmation,,,,,https://monitor.statnipokladna.gov.cz/api/ukazatele?ic=00285471&obdobi=2412
2024,,single_school,founder:00285501,00285501,Obec Vřesovice,obec,1,1,350000,0,350000,1,2622520,aggregate_candidate_needs_confirmation,,,,,https://monitor.statnipokladna.gov.cz/api/ukazatele?ic=00285501&obdobi=2412
2024,,single_school,founder:00285510,00285510,Obec Žádovice,obec,1,1,625000,0,625000,1,2765867,aggregate_candidate_needs_confirmation,,,,,https://monitor.statnipokladna.gov.cz/api/ukazatele?ic=00285510&obdobi=2412
2024,,single_school,founder:00285528,00285528,Obec Žarošice,obec,1,1,4500000,0,4500000,1,31912880,aggregate_candidate_needs_confirmation,,,,,https://monitor.statnipokladna.gov.cz/api/ukazatele?ic=00285528&obdobi=2412
2024,,single_school,founder:00285552,00285552,Obec Žeravice,obec,1,1,4400000,0,4400000,1,19777661,aggregate_candidate_needs_confirmation,,,,,https://monitor.statnipokladna.gov.cz/api/ukazatele?ic=00285552&obdobi=2412
2024,,single_school,founder:00285595,00285595,Městys Batelov,obec,1,1,2850000,0,2850000,1,32652413,aggregate_candidate_needs_confirmation,,,,,https://monitor.statnipokladna.gov.cz/api/ukazatele?ic=00285595&obdobi=2412
2024,,single_school,founder:00285668,00285668,Město Brtnice,obec,1,1,6686130,0,6686130,1,41418620,aggregate_candidate_needs_confirmation,,,,,https://monitor.statnipokladna.gov.cz/api/ukazatele?ic=00285668&obdobi=2412
2024,,single_school,founder:00285676,00285676,Obec Brzkov,obec,1,1,742308,0,742308,1,4671494,aggregate_candidate_needs_confirmation,,,,,https://monitor.statnipokladna.gov.cz/api/ukazatele?ic=00285676&obdobi=2412
2024,,single_school,founder:00285749,00285749,Obec Dobronín,obec,1,2,4977375,384003,5361378,1,37649348,aggregate_candidate_needs_confirmation,,,,,https://monitor.statnipokladna.gov.cz/api/ukazatele?ic=00285749&obdobi=2412
2024,,single_school,founder:00285765,00285765,Městys Dolní Cerekev,obec,1,1,1450000,0,1450000,1,18545686,aggregate_candidate_needs_confirmation,,,,,https://monitor.statnipokladna.gov.cz/api/ukazatele?ic=00285765&obdobi=2412
2024,,single_school,founder:00285811,00285811,Obec Dušejov,obec,1,1,3000000,0,3000000,1,14898756,aggregate_candidate_needs_confirmation,,,,,https://monitor.statnipokladna.gov.cz/api/ukazatele?ic=00285811&obdobi=2412
2024,,single_school,founder:00285862,00285862,Obec Hodice,obec,1,1,798720,0,798720,1,7360719,aggregate_candidate_needs_confirmation,,,,,https://monitor.statnipokladna.gov.cz/api/ukazatele?ic=00285862&obdobi=2412
2024,,single_school,founder:00285889,00285889,Obec Horní Dubenky,obec,1,1,660000,0,660000,1,6775397,aggregate_candidate_needs_confirmation,,,,,https://monitor.statnipokladna.gov.cz/api/ukazatele?ic=00285889&obdobi=2412
2024,,single_school,founder:00285960,00285960,Obec Jamné,obec,1,1,1025500,0,1025500,1,6885176,aggregate_candidate_needs_confirmation,,,,,https://monitor.statnipokladna.gov.cz/api/ukazatele?ic=00285960&obdobi=2412
2024,,single_school,founder:00286061,00286061,Obec Kaliště,obec,1,1,480000,0,480000,1,2954525,aggregate_candidate_needs_confirmation,,,,,https://monitor.statnipokladna.gov.cz/api/ukazatele?ic=00286061&obdobi=2412
2024,,single_school,founder:00286079,00286079,Městys Kamenice,obec,1,1,3800000,0,3800000,1,35838503,aggregate_candidate_needs_confirmation,,,,,https://monitor.statnipokladna.gov.cz/api/ukazatele?ic=00286079&obdobi=2412
2024,,single_school,founder:00286133,00286133,Obec Kostelec,obec,1,1,935477,0,935477,1,10183350,aggregate_candidate_needs_confirmation,,,,,https://monitor.statnipokladna.gov.cz/api/ukazatele?ic=00286133&obdobi=2412
2024,,single_school,founder:00286168,00286168,Obec Krahulčí,obec,1,1,650000,0,650000,1,9402356,aggregate_candidate_needs_confirmation,,,,,https://monitor.statnipokladna.gov.cz/api/ukazatele?ic=00286168&obdobi=2412
2024,,single_school,founder:00286192,00286192,Městys Luka nad Jihlavou,obec,1,1,3900000,0,3900000,1,41349653,aggregate_candidate_needs_confirmation,,,,,https://monitor.statnipokladna.gov.cz/api/ukazatele?ic=00286192&obdobi=2412
2024,,single_school,founder:00286265,00286265,Městys Mrákotín,obec,1,1,500000,0,500000,1,7900607,aggregate_candidate_needs_confirmation,,,,,https://monitor.statnipokladna.gov.cz/api/ukazatele?ic=00286265&obdobi=2412
2024,,single_school,founder:00286303,00286303,Obec Nevcehle,obec,1,1,230000,0,230000,1,2664256,aggregate_candidate_needs_confirmation,,,,,https://monitor.statnipokladna.gov.cz/api/ukazatele?ic=00286303&obdobi=2412
2024,,single_school,founder:00286311,00286311,Městys Nová Říše,obec,1,1,3300000,0,3300000,1,24606665,aggregate_candidate_needs_confirmation,,,,,https://monitor.statnipokladna.gov.cz/api/ukazatele?ic=00286311&obdobi=2412
2024,,single_school,founder:00286401,00286401,Obec Pavlov,obec,1,1,748700,0,748700,1,7026810,aggregate_candidate_needs_confirmation,,,,,https://monitor.statnipokladna.gov.cz/api/ukazatele?ic=00286401&obdobi=2412
2024,,single_school,founder:00286460,00286460,Obec Puklice,obec,1,2,2144730,320555,2465285,1,24696707,aggregate_candidate_needs_confirmation,,,,,https://monitor.statnipokladna.gov.cz/api/ukazatele?ic=00286460&obdobi=2412
2024,,single_school,founder:00286605,00286605,Obec Sedlejov,obec,1,1,345748,0,345748,1,2838321,aggregate_candidate_needs_confirmation,,,,,https://monitor.statnipokladna.gov.cz/api/ukazatele?ic=00286605&obdobi=2412
2024,,single_school,founder:00286648,00286648,Městys Stará Říše,obec,1,1,730000,0,730000,1,8282197,aggregate_candidate_needs_confirmation,,,,,https://monitor.statnipokladna.gov.cz/api/ukazatele?ic=00286648&obdobi=2412
2024,,single_school,founder:00286656,00286656,Obec Stonařov,obec,1,1,2200000,0,2200000,1,24025346,aggregate_candidate_needs_confirmation,,,,,https://monitor.statnipokladna.gov.cz/api/ukazatele?ic=00286656&obdobi=2412
2024,,single_school,founder:00286672,00286672,Obec Střítež,obec,1,1,600000,0,600000,1,2685122,aggregate_candidate_needs_confirmation,,,,,https://monitor.statnipokladna.gov.cz/api/ukazatele?ic=00286672&obdobi=2412
2024,,missing_finm_total,founder:00286788,00286788,Obec Urbanov,obec,1,0,0,0,0,1,3730555,founder_source_required,,,,,https://monitor.statnipokladna.gov.cz/api/ukazatele?ic=00286788&obdobi=2412
2024,,single_school,founder:00286834,00286834,Obec Velký Beranov,obec,1,1,2150000,0,2150000,1,27143134,aggregate_candidate_needs_confirmation,,,,,https://monitor.statnipokladna.gov.cz/api/ukazatele?ic=00286834&obdobi=2412
2024,,single_school,founder:00286842,00286842,Obec Větrný Jeníkov,obec,1,1,2500000,0,2500000,1,26433171,aggregate_candidate_needs_confirmation,,,,,https://monitor.statnipokladna.gov.cz/api/ukazatele?ic=00286842&obdobi=2412
2024,,single_school,founder:00286893,00286893,Obec Vyskytná nad Jihlavou,obec,1,1,1600000,0,1600000,1,13420580,aggregate_candidate_needs_confirmation,,,,,https://monitor.statnipokladna.gov.cz/api/ukazatele?ic=00286893&obdobi=2412
2024,,single_school,founder:00286974,00286974,Obec Zhoř,obec,1,2,1677754,149858,1827612,1,14622443,aggregate_candidate_needs_confirmation,,,,,https://monitor.statnipokladna.gov.cz/api/ukazatele?ic=00286974&obdobi=2412
2024,,single_school,founder:00287008,00287008,Obec Ždírec,obec,1,1,594000,0,594000,1,2203546,aggregate_candidate_needs_confirmation,,,,,https://monitor.statnipokladna.gov.cz/api/ukazatele?ic=00287008&obdobi=2412
2024,,single_school,founder:00287024,00287024,obec Bařice,obec,1,1,281250,0,281250,1,2208696,aggregate_candidate_needs_confirmation,,,,,https://monitor.statnipokladna.gov.cz/api/ukazatele?ic=00287024&obdobi=2412
2024,,single_school,founder:00287041,00287041,Obec Bezměrov,obec,1,1,1631112,0,1631112,1,10049069,aggregate_candidate_needs_confirmation,,,,,https://monitor.statnipokladna.gov.cz/api/ukazatele?ic=00287041&obdobi=2412
2024,,single_school,founder:00287156,00287156,obec Dřínov,obec,1,1,650000,0,650000,1,4435274,aggregate_candidate_needs_confirmation,,,,,https://monitor.statnipokladna.gov.cz/api/ukazatele?ic=00287156&obdobi=2412
2024,,single_school,founder:00287237,00287237,obec Chomýž,obec,1,1,155000,0,155000,1,2454901,aggregate_candidate_needs_confirmation,,,,,https://monitor.statnipokladna.gov.cz/api/ukazatele?ic=00287237&obdobi=2412
2024,,single_school,founder:00287253,00287253,Obec Kostelany,obec,1,1,400000,0,400000,1,4983482,aggregate_candidate_needs_confirmation,,,,,https://monitor.statnipokladna.gov.cz/api/ukazatele?ic=00287253&obdobi=2412
2024,,single_school,founder:00287393,00287393,obec Kyselovice,obec,1,1,660000,0,660000,1,3761615,aggregate_candidate_needs_confirmation,,,,,https://monitor.statnipokladna.gov.cz/api/ukazatele?ic=00287393&obdobi=2412
2024,,single_school,founder:00287407,00287407,obec Lechotice,obec,1,1,390000,0,390000,1,2415156,aggregate_candidate_needs_confirmation,,,,,https://monitor.statnipokladna.gov.cz/api/ukazatele?ic=00287407&obdobi=2412
2024,,single_school,founder:00287431,00287431,Městys Litenčice,obec,1,1,2015000,0,2015000,1,19044636,aggregate_candidate_needs_confirmation,,,,,https://monitor.statnipokladna.gov.cz/api/ukazatele?ic=00287431&obdobi=2412
2024,,single_school,founder:00287440,00287440,Obec Loukov,obec,1,1,1286000,0,1286000,1,10529550,aggregate_candidate_needs_confirmation,,,,,https://monitor.statnipokladna.gov.cz/api/ukazatele?ic=00287440&obdobi=2412
2024,,single_school,founder:00287458,00287458,obec Lubná,obec,1,1,322258,0,322258,1,2416572,aggregate_candidate_needs_confirmation,,,,,https://monitor.statnipokladna.gov.cz/api/ukazatele?ic=00287458&obdobi=2412
2024,,single_school,founder:00287474,00287474,obec Lutopecny,obec,1,1,557740,0,557740,1,3323181,aggregate_candidate_needs_confirmation,,,,,https://monitor.statnipokladna.gov.cz/api/ukazatele?ic=00287474&obdobi=2412
2024,,single_school,founder:00287491,00287491,obec Míškovice,obec,1,1,420000,0,420000,1,2740393,aggregate_candidate_needs_confirmation,,,,,https://monitor.statnipokladna.gov.cz/api/ukazatele?ic=00287491&obdobi=2412
2024,,single_school,founder:00287555,00287555,obec Nová Dědina,obec,1,1,382196,0,382196,1,2768717,aggregate_candidate_needs_confirmation,,,,,https://monitor.statnipokladna.gov.cz/api/ukazatele?ic=00287555&obdobi=2412
2024,,single_school,founder:00287563,00287563,obec Osíčko,obec,1,1,408000,0,408000,1,2826931,aggregate_candidate_needs_confirmation,,,,,https://monitor.statnipokladna.gov.cz/api/ukazatele?ic=00287563&obdobi=2412
2024,,single_school,founder:00287580,00287580,obec Pačlavice,obec,1,1,1016140,0,1016140,1,5285977,aggregate_candidate_needs_confirmation,,,,,https://monitor.statnipokladna.gov.cz/api/ukazatele?ic=00287580&obdobi=2412
2024,,single_school,founder:00287601,00287601,Obec Počenice-Tetětice,obec,1,1,1300000,0,1300000,1,7946027,aggregate_candidate_needs_confirmation,,,,,https://monitor.statnipokladna.gov.cz/api/ukazatele?ic=00287601&obdobi=2412
2024,,single_school,founder:00287610,00287610,obec Podhradní Lhota,obec,1,1,450000,0,450000,1,4219712,aggregate_candidate_needs_confirmation,,,,,https://monitor.statnipokladna.gov.cz/api/ukazatele?ic=00287610&obdobi=2412
2024,,single_school,founder:00287661,00287661,Obec Rajnochovice,obec,1,1,2760000,0,2760000,1,17169875,aggregate_candidate_needs_confirmation,,,,,https://monitor.statnipokladna.gov.cz/api/ukazatele?ic=00287661&obdobi=2412
2024,,single_school,founder:00287679,00287679,Obec Rataje,obec,1,1,1500000,0,1500000,1,10876199,aggregate_candidate_needs_confirmation,,,,,https://monitor.statnipokladna.gov.cz/api/ukazatele?ic=00287679&obdobi=2412
2024,,single_school,founder:00287687,00287687,obec Roštění,obec,1,1,390000,0,390000,1,3814245,aggregate_candidate_needs_confirmation,,,,,https://monitor.statnipokladna.gov.cz/api/ukazatele?ic=00287687&obdobi=2412
2024,,single_school,founder:00287695,00287695,Obec Roštín,obec,1,1,1000000,0,1000000,1,7773303,aggregate_candidate_needs_confirmation,,,,,https://monitor.statnipokladna.gov.cz/api/ukazatele?ic=00287695&obdobi=2412
2024,,single_school,founder:00287709,00287709,Obec Rusava,obec,1,1,900000,0,900000,1,7703304,aggregate_candidate_needs_confirmation,,,,,https://monitor.statnipokladna.gov.cz/api/ukazatele?ic=00287709&obdobi=2412
2024,,single_school,founder:00287733,00287733,Obec Slavkov pod Hostýnem,obec,1,1,1000000,0,1000000,1,8576967,aggregate_candidate_needs_confirmation,,,,,https://monitor.statnipokladna.gov.cz/api/ukazatele?ic=00287733&obdobi=2412
2024,,single_school,founder:00287776,00287776,Obec Střílky,obec,1,1,2471363,0,2471363,1,23215976,aggregate_candidate_needs_confirmation,,,,,https://monitor.statnipokladna.gov.cz/api/ukazatele?ic=00287776&obdobi=2412
2024,,single_school,founder:00287784,00287784,obec Střížovice,obec,1,1,430000,0,430000,1,2592844,aggregate_candidate_needs_confirmation,,,,,https://monitor.statnipokladna.gov.cz/api/ukazatele?ic=00287784&obdobi=2412
2024,,single_school,founder:00287903,00287903,obec Záříčí,obec,1,1,500000,0,500000,1,3138316,aggregate_candidate_needs_confirmation,,,,,https://monitor.statnipokladna.gov.cz/api/ukazatele?ic=00287903&obdobi=2412
2024,,single_school,founder:00287954,00287954,obec Zlobice,obec,1,1,360000,0,360000,1,4090498,aggregate_candidate_needs_confirmation,,,,,https://monitor.statnipokladna.gov.cz/api/ukazatele?ic=00287954&obdobi=2412
2024,,single_school,founder:00287962,00287962,Obec Žalkovice,obec,1,1,900000,0,900000,1,1415287,aggregate_candidate_needs_confirmation,,,,,https://monitor.statnipokladna.gov.cz/api/ukazatele?ic=00287962&obdobi=2412
2024,,single_school,founder:00287971,00287971,Obec Žeranovice,obec,1,1,1100000,0,1100000,1,9948767,aggregate_candidate_needs_confirmation,,,,,https://monitor.statnipokladna.gov.cz/api/ukazatele?ic=00287971&obdobi=2412
2024,,single_school,founder:00288004,00288004,Obec Bedihošť,obec,1,2,4100000,0,4100000,1,34289043,aggregate_candidate_needs_confirmation,,,,,https://monitor.statnipokladna.gov.cz/api/ukazatele?ic=00288004&obdobi=2412
2024,,single_school,founder:00288012,00288012,Obec Bílovice - Lutotín,obec,1,1,454000,0,454000,1,3896490,aggregate_candidate_needs_confirmation,,,,,https://monitor.statnipokladna.gov.cz/api/ukazatele?ic=00288012&obdobi=2412
2024,,single_school,founder:00288021,00288021,Obec Biskupice,obec,1,1,448665,0,448665,1,2551540,aggregate_candidate_needs_confirmation,,,,,https://monitor.statnipokladna.gov.cz/api/ukazatele?ic=00288021&obdobi=2412
2024,,single_school,founder:00288039,00288039,Obec Bohuslavice,obec,1,2,1300000,230000,1530000,1,20879722,aggregate_candidate_needs_confirmation,,,,,https://monitor.statnipokladna.gov.cz/api/ukazatele?ic=00288039&obdobi=2412
2024,,single_school,founder:00288055,00288055,Obec Brodek u Konice,obec,1,1,3700000,0,3700000,1,22231888,aggregate_candidate_needs_confirmation,,,,,https://monitor.statnipokladna.gov.cz/api/ukazatele?ic=00288055&obdobi=2412
2024,,single_school,founder:00288101,00288101,Obec Čehovice,obec,1,1,300000,0,300000,1,2478289,aggregate_candidate_needs_confirmation,,,,,https://monitor.statnipokladna.gov.cz/api/ukazatele?ic=00288101&obdobi=2412
2024,,single_school,founder:00288128,00288128,Obec Čechy pod Kosířem,obec,1,1,1500000,0,1500000,1,12196518,aggregate_candidate_needs_confirmation,,,,,https://monitor.statnipokladna.gov.cz/api/ukazatele?ic=00288128&obdobi=2412
2024,,single_school,founder:00288136,00288136,Obec Čelčice,obec,1,1,350000,0,350000,1,2607051,aggregate_candidate_needs_confirmation,,,,,https://monitor.statnipokladna.gov.cz/api/ukazatele?ic=00288136&obdobi=2412
2024,,single_school,founder:00288144,00288144,Obec Čelechovice na Hané,obec,1,2,3818407,249683,4068090,1,25319914,aggregate_candidate_needs_confirmation,,,,,https://monitor.statnipokladna.gov.cz/api/ukazatele?ic=00288144&obdobi=2412
2024,,single_school,founder:00288187,00288187,Obec Dobromilice,obec,1,1,880000,0,880000,1,5249090,aggregate_candidate_needs_confirmation,,,,,https://monitor.statnipokladna.gov.cz/api/ukazatele?ic=00288187&obdobi=2412
2024,,single_school,founder:00288195,00288195,Obec Doloplazy,obec,1,1,530000,0,530000,1,4591806,aggregate_candidate_needs_confirmation,,,,,https://monitor.statnipokladna.gov.cz/api/ukazatele?ic=00288195&obdobi=2412
2024,,single_school,founder:00288209,00288209,Městys Drahany,obec,1,1,540000,0,540000,1,6648854,aggregate_candidate_needs_confirmation,,,,,https://monitor.statnipokladna.gov.cz/api/ukazatele?ic=00288209&obdobi=2412
2024,,single_school,founder:00288241,00288241,Obec Hluchov,obec,1,1,150000,0,150000,1,2385819,aggregate_candidate_needs_confirmation,,,,,https://monitor.statnipokladna.gov.cz/api/ukazatele?ic=00288241&obdobi=2412
2024,,single_school,founder:00288250,00288250,Obec Horní Štěpánov,obec,1,1,1515000,0,1515000,1,13246141,aggregate_candidate_needs_confirmation,,,,,https://monitor.statnipokladna.gov.cz/api/ukazatele?ic=00288250&obdobi=2412
2024,,single_school,founder:00288306,00288306,Obec Hvozd,obec,1,1,1500000,0,1500000,1,8853824,aggregate_candidate_needs_confirmation,,,,,https://monitor.statnipokladna.gov.cz/api/ukazatele?ic=00288306&obdobi=2412
2024,,single_school,founder:00288314,00288314,Obec Ivaň,obec,1,1,150000,0,150000,1,3028536,aggregate_candidate_needs_confirmation,,,,,https://monitor.statnipokladna.gov.cz/api/ukazatele?ic=00288314&obdobi=2412
2024,,single_school,founder:00288331,00288331,Obec Kladky,obec,1,1,750000,0,750000,1,5491216,aggregate_candidate_needs_confirmation,,,,,https://monitor.statnipokladna.gov.cz/api/ukazatele?ic=00288331&obdobi=2412
2024,,single_school,founder:00288373,00288373,Město Kostelec na Hané,obec,1,1,6559559,0,6559559,1,53242212,aggregate_candidate_needs_confirmation,,,,,https://monitor.statnipokladna.gov.cz/api/ukazatele?ic=00288373&obdobi=2412
2024,,single_school,founder:00288403,00288403,Obec Krumsín,obec,1,1,535000,0,535000,1,5243342,aggregate_candidate_needs_confirmation,,,,,https://monitor.statnipokladna.gov.cz/api/ukazatele?ic=00288403&obdobi=2412
2024,,single_school,founder:00288411,00288411,Obec Laškov,obec,1,1,700000,0,700000,1,6945230,aggregate_candidate_needs_confirmation,,,,,https://monitor.statnipokladna.gov.cz/api/ukazatele?ic=00288411&obdobi=2412
2024,,single_school,founder:00288438,00288438,Obec Lipová,obec,1,1,1350000,0,1350000,1,7396085,aggregate_candidate_needs_confirmation,,,,,https://monitor.statnipokladna.gov.cz/api/ukazatele?ic=00288438&obdobi=2412
2024,,single_school,founder:00288454,00288454,Obec Malé Hradisko,obec,1,1,515000,0,515000,1,3286386,aggregate_candidate_needs_confirmation,,,,,https://monitor.statnipokladna.gov.cz/api/ukazatele?ic=00288454&obdobi=2412
2024,,single_school,founder:00288462,00288462,Obec Mořice,obec,1,1,400000,0,400000,1,4394039,aggregate_candidate_needs_confirmation,,,,,https://monitor.statnipokladna.gov.cz/api/ukazatele?ic=00288462&obdobi=2412
2024,,single_school,founder:00288489,00288489,Obec Myslejovice,obec,1,1,600000,0,600000,1,5880854,aggregate_candidate_needs_confirmation,,,,,https://monitor.statnipokladna.gov.cz/api/ukazatele?ic=00288489&obdobi=2412
2024,,single_school,founder:00288501,00288501,Městys Nezamyslice,obec,1,2,4554577,0,4554577,1,46341962,aggregate_candidate_needs_confirmation,,,,,https://monitor.statnipokladna.gov.cz/api/ukazatele?ic=00288501&obdobi=2412
2024,,single_school,founder:00288519,00288519,Obec Niva,obec,1,1,88000,0,88000,1,2154551,aggregate_candidate_needs_confirmation,,,,,https://monitor.statnipokladna.gov.cz/api/ukazatele?ic=00288519&obdobi=2412
2024,,single_school,founder:00288543,00288543,Obec Ohrozim,obec,1,1,359000,0,359000,1,3478950,aggregate_candidate_needs_confirmation,,,,,https://monitor.statnipokladna.gov.cz/api/ukazatele?ic=00288543&obdobi=2412
2024,,single_school,founder:00288560,00288560,Obec Olšany u Prostějova,obec,1,1,3000000,0,3000000,1,34931344,aggregate_candidate_needs_confirmation,,,,,https://monitor.statnipokladna.gov.cz/api/ukazatele?ic=00288560&obdobi=2412
2024,,single_school,founder:00288586,00288586,Obec Otaslavice,obec,1,1,2725000,0,2725000,1,23750187,aggregate_candidate_needs_confirmation,,,,,https://monitor.statnipokladna.gov.cz/api/ukazatele?ic=00288586&obdobi=2412
2024,,single_school,founder:00288594,00288594,Obec Otinoves,obec,1,1,90000,0,90000,1,2191712,aggregate_candidate_needs_confirmation,,,,,https://monitor.statnipokladna.gov.cz/api/ukazatele?ic=00288594&obdobi=2412
2024,,single_school,founder:00288616,00288616,Obec Pěnčín,obec,1,1,900000,0,900000,1,7424324,aggregate_candidate_needs_confirmation,,,,,https://monitor.statnipokladna.gov.cz/api/ukazatele?ic=00288616&obdobi=2412
2024,,single_school,founder:00288667,00288667,Obec Prostějovičky,obec,1,1,560000,0,560000,1,4741978,aggregate_candidate_needs_confirmation,,,,,https://monitor.statnipokladna.gov.cz/api/ukazatele?ic=00288667&obdobi=2412
2024,,single_school,founder:00288683,00288683,Obec Přemyslovice,obec,1,1,2000000,0,2000000,1,18074246,aggregate_candidate_needs_confirmation,,,,,https://monitor.statnipokladna.gov.cz/api/ukazatele?ic=00288683&obdobi=2412
2024,,single_school,founder:00288691,00288691,Obec Ptení,obec,1,2,5949500,50000,5999500,1,35594993,aggregate_candidate_needs_confirmation,,,,,https://monitor.statnipokladna.gov.cz/api/ukazatele?ic=00288691&obdobi=2412
2024,,single_school,founder:00288721,00288721,Obec Rozstání,obec,1,1,1864448,0,1864448,1,8189355,aggregate_candidate_needs_confirmation,,,,,https://monitor.statnipokladna.gov.cz/api/ukazatele?ic=00288721&obdobi=2412
2024,,single_school,founder:00288764,00288764,Obec Slatinky,obec,1,2,410000,0,410000,1,2467662,aggregate_candidate_needs_confirmation,,,,,https://monitor.statnipokladna.gov.cz/api/ukazatele?ic=00288764&obdobi=2412
2024,,single_school,founder:00288772,00288772,Obec Smržice,obec,1,1,1974000,0,1974000,1,16431450,aggregate_candidate_needs_confirmation,,,,,https://monitor.statnipokladna.gov.cz/api/ukazatele?ic=00288772&obdobi=2412
2024,,single_school,founder:00288802,00288802,Obec Stařechovice,obec,1,1,287000,0,287000,1,2765341,aggregate_candidate_needs_confirmation,,,,,https://monitor.statnipokladna.gov.cz/api/ukazatele?ic=00288802&obdobi=2412
2024,,single_school,founder:00288829,00288829,Obec Stražisko,obec,1,1,310000,0,310000,1,1994931,aggregate_candidate_needs_confirmation,,,,,https://monitor.statnipokladna.gov.cz/api/ukazatele?ic=00288829&obdobi=2412
2024,,single_school,founder:00288837,00288837,Obec Suchdol,obec,1,1,460000,0,460000,1,2491110,aggregate_candidate_needs_confirmation,,,,,https://monitor.statnipokladna.gov.cz/api/ukazatele?ic=00288837&obdobi=2412
2024,,single_school,founder:00288845,00288845,Obec Šubířov,obec,1,1,130000,0,130000,1,1588313,aggregate_candidate_needs_confirmation,,,,,https://monitor.statnipokladna.gov.cz/api/ukazatele?ic=00288845&obdobi=2412
2024,,single_school,founder:00288853,00288853,Městys Tištín,obec,1,1,620000,0,620000,1,6071652,aggregate_candidate_needs_confirmation,,,,,https://monitor.statnipokladna.gov.cz/api/ukazatele?ic=00288853&obdobi=2412
2024,,single_school,founder:00288870,00288870,Obec Určice,obec,1,1,4217000,0,4217000,1,39272600,aggregate_candidate_needs_confirmation,,,,,https://monitor.statnipokladna.gov.cz/api/ukazatele?ic=00288870&obdobi=2412
2024,,single_school,founder:00288888,00288888,Obec Víceměřice,obec,1,1,461488,0,461488,1,2965316,aggregate_candidate_needs_confirmation,,,,,https://monitor.statnipokladna.gov.cz/api/ukazatele?ic=00288888&obdobi=2412
2024,,single_school,founder:00288896,00288896,Obec Vícov,obec,1,1,258000,0,258000,1,2448493,aggregate_candidate_needs_confirmation,,,,,https://monitor.statnipokladna.gov.cz/api/ukazatele?ic=00288896&obdobi=2412
2024,,single_school,founder:00288926,00288926,Obec Vranovice - Kelčice,obec,1,1,420000,0,420000,1,2363717,aggregate_candidate_needs_confirmation,,,,,https://monitor.statnipokladna.gov.cz/api/ukazatele?ic=00288926&obdobi=2412
2024,,single_school,founder:00288934,00288934,Obec Vrbátky,obec,1,2,5497000,632000,6129000,1,35142186,aggregate_candidate_needs_confirmation,,,,,https://monitor.statnipokladna.gov.cz/api/ukazatele?ic=00288934&obdobi=2412
2024,,single_school,founder:00288942,00288942,Obec Vrchoslavice,obec,1,2,1259216,266914,1526130,1,8071728,aggregate_candidate_needs_confirmation,,,,,https://monitor.statnipokladna.gov.cz/api/ukazatele?ic=00288942&obdobi=2412
2024,,single_school,founder:00288951,00288951,Obec Vřesovice,obec,1,1,1188500,0,1188500,1,13355145,aggregate_candidate_needs_confirmation,,,,,https://monitor.statnipokladna.gov.cz/api/ukazatele?ic=00288951&obdobi=2412
2024,,single_school,founder:00288993,00288993,Obec Želeč,obec,1,1,549000,0,549000,1,4138350,aggregate_candidate_needs_confirmation,,,,,https://monitor.statnipokladna.gov.cz/api/ukazatele?ic=00288993&obdobi=2412
2024,,single_school,founder:00289132,00289132,Obec Březník,obec,1,2,1919068,193884,2112952,1,20764504,aggregate_candidate_needs_confirmation,,,,,https://monitor.statnipokladna.gov.cz/api/ukazatele?ic=00289132&obdobi=2412
2024,,single_school,founder:00289167,00289167,Obec Budkov,obec,1,1,2150000,0,2150000,1,14295702,aggregate_candidate_needs_confirmation,,,,,https://monitor.statnipokladna.gov.cz/api/ukazatele?ic=00289167&obdobi=2412
2024,,single_school,founder:00289183,00289183,Obec Čáslavice,obec,1,1,2000000,0,2000000,1,20227702,aggregate_candidate_needs_confirmation,,,,,https://monitor.statnipokladna.gov.cz/api/ukazatele?ic=00289183&obdobi=2412
2024,,single_school,founder:00289205,00289205,Obec Čechtín,obec,1,1,305000,0,305000,1,2187979,aggregate_candidate_needs_confirmation,,,,,https://monitor.statnipokladna.gov.cz/api/ukazatele?ic=00289205&obdobi=2412
2024,,single_school,founder:00289264,00289264,Obec Dalešice,obec,1,1,720000,0,720000,1,6134994,aggregate_candidate_needs_confirmation,,,,,https://monitor.statnipokladna.gov.cz/api/ukazatele?ic=00289264&obdobi=2412
2024,,single_school,founder:00289281,00289281,Obec Dešov,obec,1,1,560000,0,560000,1,6407710,aggregate_candidate_needs_confirmation,,,,,https://monitor.statnipokladna.gov.cz/api/ukazatele?ic=00289281&obdobi=2412
2024,,single_school,founder:00289302,00289302,Obec Dolní Vilémovice,obec,1,1,1200000,0,1200000,1,6693529,aggregate_candidate_needs_confirmation,,,,,https://monitor.statnipokladna.gov.cz/api/ukazatele?ic=00289302&obdobi=2412
2024,,single_school,founder:00289311,00289311,Obec Domamil,obec,1,1,1054584,0,1054584,1,17220156,aggregate_candidate_needs_confirmation,,,,,https://monitor.statnipokladna.gov.cz/api/ukazatele?ic=00289311&obdobi=2412
2024,,single_school,founder:00289329,00289329,Obec Dukovany,obec,1,1,1943000,0,1943000,1,11242459,aggregate_candidate_needs_confirmation,,,,,https://monitor.statnipokladna.gov.cz/api/ukazatele?ic=00289329&obdobi=2412
2024,,single_school,founder:00289337,00289337,Obec Hartvíkovice,obec,1,1,1000000,0,1000000,1,7137788,aggregate_candidate_needs_confirmation,,,,,https://monitor.statnipokladna.gov.cz/api/ukazatele?ic=00289337&obdobi=2412
2024,,single_school,founder:00289493,00289493,Obec Jakubov u Moravských Budějovic,obec,1,1,700000,0,700000,1,9442735,aggregate_candidate_needs_confirmation,,,,,https://monitor.statnipokladna.gov.cz/api/ukazatele?ic=00289493&obdobi=2412
2024,,single_school,founder:00289591,00289591,Obec Kněžice,obec,1,1,1450000,0,1450000,1,21277812,aggregate_candidate_needs_confirmation,,,,,https://monitor.statnipokladna.gov.cz/api/ukazatele?ic=00289591&obdobi=2412
2024,,single_school,founder:00289612,00289612,Obec Kojetice,obec,1,1,1015000,0,1015000,1,20634650,aggregate_candidate_needs_confirmation,,,,,https://monitor.statnipokladna.gov.cz/api/ukazatele?ic=00289612&obdobi=2412
2024,,single_school,founder:00289655,00289655,Obec Kouty,obec,1,1,1078000,0,1078000,1,8193284,aggregate_candidate_needs_confirmation,,,,,https://monitor.statnipokladna.gov.cz/api/ukazatele?ic=00289655&obdobi=2412
2024,,single_school,founder:00289698,00289698,Obec Kralice nad Oslavou,obec,1,1,1500000,0,1500000,1,11925325,aggregate_candidate_needs_confirmation,,,,,https://monitor.statnipokladna.gov.cz/api/ukazatele?ic=00289698&obdobi=2412
2024,,single_school,founder:00289752,00289752,Obec Lesonice,obec,1,1,678808,0,678808,1,8633101,aggregate_candidate_needs_confirmation,,,,,https://monitor.statnipokladna.gov.cz/api/ukazatele?ic=00289752&obdobi=2412
2024,,single_school,founder:00289795,00289795,Obec Lipník,obec,1,1,300000,0,300000,1,5384413,aggregate_candidate_needs_confirmation,,,,,https://monitor.statnipokladna.gov.cz/api/ukazatele?ic=00289795&obdobi=2412
2024,,single_school,founder:00289949,00289949,Obec Myslibořice,obec,1,1,2900000,0,2900000,1,22684336,aggregate_candidate_needs_confirmation,,,,,https://monitor.statnipokladna.gov.cz/api/ukazatele?ic=00289949&obdobi=2412
2024,,single_school,founder:00290009,00290009,Obec Nové Syrovice,obec,1,1,1350000,0,1350000,1,10785678,aggregate_candidate_needs_confirmation,,,,,https://monitor.statnipokladna.gov.cz/api/ukazatele?ic=00290009&obdobi=2412
2024,,single_school,founder:00290068,00290068,Městys Opatov,obec,1,1,1180000,0,1180000,1,10581222,aggregate_candidate_needs_confirmation,,,,,https://monitor.statnipokladna.gov.cz/api/ukazatele?ic=00290068&obdobi=2412
2024,,single_school,founder:00290181,00290181,Obec Předín,obec,1,1,2650000,0,2650000,1,18608902,aggregate_candidate_needs_confirmation,,,,,https://monitor.statnipokladna.gov.cz/api/ukazatele?ic=00290181&obdobi=2412
2024,,single_school,founder:00290203,00290203,Obec Přibyslavice,obec,1,1,1255000,0,1255000,1,14637668,aggregate_candidate_needs_confirmation,,,,,https://monitor.statnipokladna.gov.cz/api/ukazatele?ic=00290203&obdobi=2412
2024,,single_school,founder:00290254,00290254,Obec Pyšel,obec,1,1,420000,0,420000,1,5331163,aggregate_candidate_needs_confirmation,,,,,https://monitor.statnipokladna.gov.cz/api/ukazatele?ic=00290254&obdobi=2412
2024,,single_school,founder:00290297,00290297,obec Radkovice u Hrotovic,obec,1,1,440000,0,440000,1,2542236,aggregate_candidate_needs_confirmation,,,,,https://monitor.statnipokladna.gov.cz/api/ukazatele?ic=00290297&obdobi=2412
2024,,single_school,founder:00290335,00290335,Obec Rapotice,obec,1,1,1000000,0,1000000,1,7128228,aggregate_candidate_needs_confirmation,,,,,https://monitor.statnipokladna.gov.cz/api/ukazatele?ic=00290335&obdobi=2412
2024,,single_school,founder:00290360,00290360,Městys Rokytnice nad Rokytnou,obec,1,1,1269000,0,1269000,1,11116594,aggregate_candidate_needs_confirmation,,,,,https://monitor.statnipokladna.gov.cz/api/ukazatele?ic=00290360&obdobi=2412
2024,,single_school,founder:00290378,00290378,Obec Rouchovany,obec,1,1,3520000,0,3520000,1,19541517,aggregate_candidate_needs_confirmation,,,,,https://monitor.statnipokladna.gov.cz/api/ukazatele?ic=00290378&obdobi=2412
2024,,single_school,founder:00290386,00290386,Obec Rudíkov,obec,1,1,2088800,0,2088800,1,25393442,aggregate_candidate_needs_confirmation,,,,,https://monitor.statnipokladna.gov.cz/api/ukazatele?ic=00290386&obdobi=2412
2024,,single_school,founder:00290491,00290491,Městys Stařeč,obec,1,1,2169500,0,2169500,1,16707770,aggregate_candidate_needs_confirmation,,,,,https://monitor.statnipokladna.gov.cz/api/ukazatele?ic=00290491&obdobi=2412
2024,,single_school,founder:00290513,00290513,Obec Studenec,obec,1,1,976000,0,976000,1,8837148,aggregate_candidate_needs_confirmation,,,,,https://monitor.statnipokladna.gov.cz/api/ukazatele?ic=00290513&obdobi=2412
2024,,single_school,founder:00290548,00290548,obec Svatoslav,obec,1,1,350000,0,350000,1,4069159,aggregate_candidate_needs_confirmation,,,,,https://monitor.statnipokladna.gov.cz/api/ukazatele?ic=00290548&obdobi=2412
2024,,single_school,founder:00290556,00290556,Obec Šebkovice,obec,1,1,530000,0,530000,1,5727310,aggregate_candidate_needs_confirmation,,,,,https://monitor.statnipokladna.gov.cz/api/ukazatele?ic=00290556&obdobi=2412
2024,,single_school,founder:00290581,00290581,Obec Tasov,obec,1,1,1331566,0,1331566,1,17351142,aggregate_candidate_needs_confirmation,,,,,https://monitor.statnipokladna.gov.cz/api/ukazatele?ic=00290581&obdobi=2412
2024,,single_school,founder:00290599,00290599,Obec Trnava,obec,1,1,1540000,0,1540000,1,10333488,aggregate_candidate_needs_confirmation,,,,,https://monitor.statnipokladna.gov.cz/api/ukazatele?ic=00290599&obdobi=2412
2024,,single_school,founder:00290602,00290602,Obec Třebelovice,obec,1,2,543000,22000,565000,1,7407002,aggregate_candidate_needs_confirmation,,,,,https://monitor.statnipokladna.gov.cz/api/ukazatele?ic=00290602&obdobi=2412
2024,,single_school,founder:00290637,00290637,Obec Valeč,obec,1,3,1996931,169170,2166101,1,22311688,aggregate_candidate_needs_confirmation,,,,,https://monitor.statnipokladna.gov.cz/api/ukazatele?ic=00290637&obdobi=2412
2024,,single_school,founder:00290661,00290661,Obec Vladislav,obec,1,1,3300000,0,3300000,1,18906806,aggregate_candidate_needs_confirmation,,,,,https://monitor.statnipokladna.gov.cz/api/ukazatele?ic=00290661&obdobi=2412
2024,,single_school,founder:00290696,00290696,Obec Výčapy,obec,1,1,1600000,0,1600000,1,12289826,aggregate_candidate_needs_confirmation,,,,,https://monitor.statnipokladna.gov.cz/api/ukazatele?ic=00290696&obdobi=2412
2024,,single_school,founder:00290751,00290751,Obec Želetava,obec,1,1,3000000,0,3000000,1,22090368,aggregate_candidate_needs_confirmation,,,,,https://monitor.statnipokladna.gov.cz/api/ukazatele?ic=00290751&obdobi=2412
2024,,single_school,founder:00290793,00290793,Obec Bílovice,obec,1,1,6800000,0,6800000,1,44120043,aggregate_candidate_needs_confirmation,,,,,https://monitor.statnipokladna.gov.cz/api/ukazatele?ic=00290793&obdobi=2412
2024,,single_school,founder:00290840,00290840,Obec Březolupy,obec,1,2,3804000,100000,3904000,1,27364538,aggregate_candidate_needs_confirmation,,,,,https://monitor.statnipokladna.gov.cz/api/ukazatele?ic=00290840&obdobi=2412
2024,,single_school,founder:00290858,00290858,Obec Březová,obec,1,1,3000000,0,3000000,1,36609504,aggregate_candidate_needs_confirmation,,,,,https://monitor.statnipokladna.gov.cz/api/ukazatele?ic=00290858&obdobi=2412
2024,,single_school,founder:00290866,00290866,Městys Buchlovice,obec,1,1,3320000,0,3320000,1,27177282,aggregate_candidate_needs_confirmation,,,,,https://monitor.statnipokladna.gov.cz/api/ukazatele?ic=00290866&obdobi=2412
2024,,single_school,founder:00290874,00290874,Obec Bystřice pod Lopeníkem,obec,1,1,1800000,0,1800000,1,13145815,aggregate_candidate_needs_confirmation,,,,,https://monitor.statnipokladna.gov.cz/api/ukazatele?ic=00290874&obdobi=2412
2024,,single_school,founder:00290947,00290947,Obec Horní Němčí,obec,1,2,1550000,0,1550000,1,7442945,aggregate_candidate_needs_confirmation,,,,,https://monitor.statnipokladna.gov.cz/api/ukazatele?ic=00290947&obdobi=2412
2024,,single_school,founder:00290971,00290971,Obec Huštěnovice,obec,1,1,1149387,0,1149387,1,12659383,aggregate_candidate_needs_confirmation,,,,,https://monitor.statnipokladna.gov.cz/api/ukazatele?ic=00290971&obdobi=2412
2024,,single_school,founder:00290980,00290980,Obec Jalubí,obec,1,3,2380000,0,2380000,1,16763958,aggregate_candidate_needs_confirmation,,,,,https://monitor.statnipokladna.gov.cz/api/ukazatele?ic=00290980&obdobi=2412
2024,,single_school,founder:00291013,00291013,Obec Kněžpole,obec,1,1,2188000,0,2188000,1,10345996,aggregate_candidate_needs_confirmation,,,,,https://monitor.statnipokladna.gov.cz/api/ukazatele?ic=00291013&obdobi=2412
2024,,single_school,founder:00291030,00291030,Obec Korytná,obec,1,1,1372000,0,1372000,1,10286254,aggregate_candidate_needs_confirmation,,,,,https://monitor.statnipokladna.gov.cz/api/ukazatele?ic=00291030&obdobi=2412
2024,,single_school,founder:00291048,00291048,Obec Kostelany nad Moravou,obec,1,1,1120000,0,1120000,1,5651166,aggregate_candidate_needs_confirmation,,,,,https://monitor.statnipokladna.gov.cz/api/ukazatele?ic=00291048&obdobi=2412
2024,,single_school,founder:00291072,00291072,Obec Kudlovice,obec,1,1,2021142,0,2021142,1,11031930,aggregate_candidate_needs_confirmation,,,,,https://monitor.statnipokladna.gov.cz/api/ukazatele?ic=00291072&obdobi=2412
2024,,single_school,founder:00291145,00291145,Obec Nedachlebice,obec,1,1,660000,0,660000,1,3156078,aggregate_candidate_needs_confirmation,,,,,https://monitor.statnipokladna.gov.cz/api/ukazatele?ic=00291145&obdobi=2412
2024,,single_school,founder:00291161,00291161,Obec Nezdenice,obec,1,1,1126000,0,1126000,1,12621428,aggregate_candidate_needs_confirmation,,,,,https://monitor.statnipokladna.gov.cz/api/ukazatele?ic=00291161&obdobi=2412
2024,,single_school,founder:00291170,00291170,Obec Nivnice,obec,1,1,4400713,0,4400713,1,43607295,aggregate_candidate_needs_confirmation,,,,,https://monitor.statnipokladna.gov.cz/api/ukazatele?ic=00291170&obdobi=2412
2024,,single_school,founder:00291196,00291196,Obec Ostrožská Lhota,obec,1,1,2748000,0,2748000,1,21357452,aggregate_candidate_needs_confirmation,,,,,https://monitor.statnipokladna.gov.cz/api/ukazatele?ic=00291196&obdobi=2412
2024,,single_school,founder:00291218,00291218,Městys Osvětimany,obec,1,1,2200000,0,2200000,1,24701949,aggregate_candidate_needs_confirmation,,,,,https://monitor.statnipokladna.gov.cz/api/ukazatele?ic=00291218&obdobi=2412
2024,,single_school,founder:00291234,00291234,Obec Pitín,obec,1,2,1400000,0,1400000,1,11725386,aggregate_candidate_needs_confirmation,,,,,https://monitor.statnipokladna.gov.cz/api/ukazatele?ic=00291234&obdobi=2412
2024,,single_school,founder:00291242,00291242,Obec Podolí,obec,1,1,1130000,0,1130000,1,8868453,aggregate_candidate_needs_confirmation,,,,,https://monitor.statnipokladna.gov.cz/api/ukazatele?ic=00291242&obdobi=2412
2024,,single_school,founder:00291269,00291269,Obec Popovice,obec,1,1,1200183,0,1200183,1,8686925,aggregate_candidate_needs_confirmation,,,,,https://monitor.statnipokladna.gov.cz/api/ukazatele?ic=00291269&obdobi=2412
2024,,single_school,founder:00291277,00291277,Obec Prakšice,obec,1,1,1778000,0,1778000,1,21144586,aggregate_candidate_needs_confirmation,,,,,https://monitor.statnipokladna.gov.cz/api/ukazatele?ic=00291277&obdobi=2412
2024,,single_school,founder:00291315,00291315,Obec Slavkov,obec,1,1,540000,0,540000,1,3688004,aggregate_candidate_needs_confirmation,,,,,https://monitor.statnipokladna.gov.cz/api/ukazatele?ic=00291315&obdobi=2412
2024,,single_school,founder:00291331,00291331,Obec Starý Hrozenkov,obec,1,1,2000000,0,2000000,1,16788238,aggregate_candidate_needs_confirmation,,,,,https://monitor.statnipokladna.gov.cz/api/ukazatele?ic=00291331&obdobi=2412
2024,,single_school,founder:00291374,00291374,Obec Suchá Loz,obec,1,1,1900000,0,1900000,1,14436805,aggregate_candidate_needs_confirmation,,,,,https://monitor.statnipokladna.gov.cz/api/ukazatele?ic=00291374&obdobi=2412
2024,,single_school,founder:00291439,00291439,Obec Traplice,obec,1,2,3634000,220000,3854000,1,26776026,aggregate_candidate_needs_confirmation,,,,,https://monitor.statnipokladna.gov.cz/api/ukazatele?ic=00291439&obdobi=2412
2024,,single_school,founder:00291561,00291561,Obec Vlčnov,obec,1,1,2900000,0,2900000,1,37300461,aggregate_candidate_needs_confirmation,,,,,https://monitor.statnipokladna.gov.cz/api/ukazatele?ic=00291561&obdobi=2412
2024,,single_school,founder:00291609,00291609,Obec Zlechov,obec,1,1,2556000,0,2556000,1,17020420,aggregate_candidate_needs_confirmation,,,,,https://monitor.statnipokladna.gov.cz/api/ukazatele?ic=00291609&obdobi=2412
2024,,single_school,founder:00291641,00291641,Obec Bohdalice - Pavlovice,obec,1,1,3000000,0,3000000,1,24356764,aggregate_candidate_needs_confirmation,,,,,https://monitor.statnipokladna.gov.cz/api/ukazatele?ic=00291641&obdobi=2412
2024,,single_school,founder:00291650,00291650,Obec Bošovice,obec,1,1,1507000,0,1507000,1,13360179,aggregate_candidate_needs_confirmation,,,,,https://monitor.statnipokladna.gov.cz/api/ukazatele?ic=00291650&obdobi=2412
2024,,single_school,founder:00291668,00291668,Městys Brankovice,obec,1,1,4983000,0,4983000,1,40024470,aggregate_candidate_needs_confirmation,,,,,https://monitor.statnipokladna.gov.cz/api/ukazatele?ic=00291668&obdobi=2412
2024,,single_school,founder:00291722,00291722,Obec Dražovice,obec,1,1,1450000,0,1450000,1,11567068,aggregate_candidate_needs_confirmation,,,,,https://monitor.statnipokladna.gov.cz/api/ukazatele?ic=00291722&obdobi=2412
2024,,single_school,founder:00291757,00291757,Obec Habrovany,obec,1,1,1000000,0,1000000,1,14239141,aggregate_candidate_needs_confirmation,,,,,https://monitor.statnipokladna.gov.cz/api/ukazatele?ic=00291757&obdobi=2412
2024,,single_school,founder:00291811,00291811,Městys Hvězdlice,obec,1,1,400000,0,400000,1,2901701,aggregate_candidate_needs_confirmation,,,,,https://monitor.statnipokladna.gov.cz/api/ukazatele?ic=00291811&obdobi=2412
2024,,single_school,founder:00291927,00291927,Obec Krásensko,obec,1,1,483268,0,483268,1,2760731,aggregate_candidate_needs_confirmation,,,,,https://monitor.statnipokladna.gov.cz/api/ukazatele?ic=00291927&obdobi=2412
2024,,single_school,founder:00291943,00291943,Obec Křenovice,obec,1,1,4100000,0,4100000,1,33294331,aggregate_candidate_needs_confirmation,,,,,https://monitor.statnipokladna.gov.cz/api/ukazatele?ic=00291943&obdobi=2412
2024,,single_school,founder:00291978,00291978,Obec Kučerov,obec,1,1,574680,0,574680,1,3139643,aggregate_candidate_needs_confirmation,,,,,https://monitor.statnipokladna.gov.cz/api/ukazatele?ic=00291978&obdobi=2412
2024,,single_school,founder:00291994,00291994,Obec Lovčičky,obec,1,1,575000,0,575000,1,4442305,aggregate_candidate_needs_confirmation,,,,,https://monitor.statnipokladna.gov.cz/api/ukazatele?ic=00291994&obdobi=2412
2024,,single_school,founder:00292052,00292052,Obec Milešovice,obec,1,2,1168500,50000,1218500,1,8983842,aggregate_candidate_needs_confirmation,,,,,https://monitor.statnipokladna.gov.cz/api/ukazatele?ic=00292052&obdobi=2412
2024,,single_school,founder:00292079,00292079,Obec Moravské Málkovice,obec,1,1,1530000,0,1530000,1,5473668,aggregate_candidate_needs_confirmation,,,,,https://monitor.statnipokladna.gov.cz/api/ukazatele?ic=00292079&obdobi=2412
2024,,single_school,founder:00292109,00292109,Obec Němčany,obec,1,1,1400000,0,1400000,1,11234841,aggregate_candidate_needs_confirmation,,,,,https://monitor.statnipokladna.gov.cz/api/ukazatele?ic=00292109&obdobi=2412
2024,,single_school,founder:00292125,00292125,Obec Nemojany,obec,1,1,980000,0,980000,1,10895175,aggregate_candidate_needs_confirmation,,,,,https://monitor.statnipokladna.gov.cz/api/ukazatele?ic=00292125&obdobi=2412
2024,,single_school,founder:00292141,00292141,Obec Nesovice,obec,1,1,2000000,0,2000000,1,15895683,aggregate_candidate_needs_confirmation,,,,,https://monitor.statnipokladna.gov.cz/api/ukazatele?ic=00292141&obdobi=2412
2024,,single_school,founder:00292150,00292150,Obec Nevojice,obec,1,1,388308,0,388308,1,3159693,aggregate_candidate_needs_confirmation,,,,,https://monitor.statnipokladna.gov.cz/api/ukazatele?ic=00292150&obdobi=2412
2024,,single_school,founder:00292168,00292168,Obec Nížkovice,obec,1,1,1234700,0,1234700,1,10597785,aggregate_candidate_needs_confirmation,,,,,https://monitor.statnipokladna.gov.cz/api/ukazatele?ic=00292168&obdobi=2412
2024,,single_school,founder:00292206,00292206,Obec Otnice,obec,1,1,2855000,0,2855000,1,34695387,aggregate_candidate_needs_confirmation,,,,,https://monitor.statnipokladna.gov.cz/api/ukazatele?ic=00292206&obdobi=2412
2024,,single_school,founder:00292222,00292222,Obec Prusy - Boškůvky,obec,1,1,1300000,0,1300000,1,10060428,aggregate_candidate_needs_confirmation,,,,,https://monitor.statnipokladna.gov.cz/api/ukazatele?ic=00292222&obdobi=2412
2024,,single_school,founder:00292231,00292231,Obec Pustiměř,obec,1,1,4750000,0,4750000,1,40818870,aggregate_candidate_needs_confirmation,,,,,https://monitor.statnipokladna.gov.cz/api/ukazatele?ic=00292231&obdobi=2412
2024,,single_school,founder:00292249,00292249,Obec Račice - Pístovice,obec,1,2,800000,188100,988100,1,6361469,aggregate_candidate_needs_confirmation,,,,,https://monitor.statnipokladna.gov.cz/api/ukazatele?ic=00292249&obdobi=2412
2024,,single_school,founder:00292265,00292265,Obec Rašovice,obec,1,1,1209000,0,1209000,1,12170526,aggregate_candidate_needs_confirmation,,,,,https://monitor.statnipokladna.gov.cz/api/ukazatele?ic=00292265&obdobi=2412
2024,,single_school,founder:00292290,00292290,Obec Ruprechtov,obec,1,1,500000,0,500000,1,3218628,aggregate_candidate_needs_confirmation,,,,,https://monitor.statnipokladna.gov.cz/api/ukazatele?ic=00292290&obdobi=2412
2024,,single_school,founder:00292338,00292338,Obec Studnice,obec,1,1,430000,0,430000,1,2889160,aggregate_candidate_needs_confirmation,,,,,https://monitor.statnipokladna.gov.cz/api/ukazatele?ic=00292338&obdobi=2412
2024,,single_school,founder:00292346,00292346,Obec Šaratice,obec,1,1,2750000,0,2750000,1,32564945,aggregate_candidate_needs_confirmation,,,,,https://monitor.statnipokladna.gov.cz/api/ukazatele?ic=00292346&obdobi=2412
2024,,single_school,founder:00292354,00292354,Městys Švábenice,obec,1,1,1680000,0,1680000,1,14389954,aggregate_candidate_needs_confirmation,,,,,https://monitor.statnipokladna.gov.cz/api/ukazatele?ic=00292354&obdobi=2412
2024,,single_school,founder:00292419,00292419,Obec Velešovice,obec,1,1,1644000,0,1644000,1,12515149,aggregate_candidate_needs_confirmation,,,,,https://monitor.statnipokladna.gov.cz/api/ukazatele?ic=00292419&obdobi=2412
2024,,single_school,founder:00292516,00292516,Obec Blížkovice,obec,1,2,2933400,150000,3083400,1,25737526,aggregate_candidate_needs_confirmation,,,,,https://monitor.statnipokladna.gov.cz/api/ukazatele?ic=00292516&obdobi=2412
2024,,single_school,founder:00292567,00292567,Obec Božice,obec,1,1,3266131,0,3266131,1,34553222,aggregate_candidate_needs_confirmation,,,,,https://monitor.statnipokladna.gov.cz/api/ukazatele?ic=00292567&obdobi=2412
2024,,single_school,founder:00292583,00292583,Obec Břežany,obec,1,1,2500000,0,2500000,1,17041614,aggregate_candidate_needs_confirmation,,,,,https://monitor.statnipokladna.gov.cz/api/ukazatele?ic=00292583&obdobi=2412
2024,,single_school,founder:00292591,00292591,Obec Citonice,obec,1,1,1100000,0,1100000,1,8527273,aggregate_candidate_needs_confirmation,,,,,https://monitor.statnipokladna.gov.cz/api/ukazatele?ic=00292591&obdobi=2412
2024,,single_school,founder:00292699,00292699,Obec Dolní Dubňany,obec,1,1,1000000,0,1000000,1,10327704,aggregate_candidate_needs_confirmation,,,,,https://monitor.statnipokladna.gov.cz/api/ukazatele?ic=00292699&obdobi=2412
2024,,single_school,founder:00292761,00292761,Obec Hevlín,obec,1,1,7000000,0,7000000,1,26112099,aggregate_candidate_needs_confirmation,,,,,https://monitor.statnipokladna.gov.cz/api/ukazatele?ic=00292761&obdobi=2412
2024,,single_school,founder:00292770,00292770,Obec Hluboké Mašůvky,obec,1,1,800000,0,800000,1,8187002,aggregate_candidate_needs_confirmation,,,,,https://monitor.statnipokladna.gov.cz/api/ukazatele?ic=00292770&obdobi=2412
2024,,single_school,founder:00292788,00292788,Obec Hodonice,obec,1,1,1460000,0,1460000,1,12400885,aggregate_candidate_needs_confirmation,,,,,https://monitor.statnipokladna.gov.cz/api/ukazatele?ic=00292788&obdobi=2412
2024,,single_school,founder:00292818,00292818,Obec Horní Dunajovice,obec,1,1,565904,0,565904,1,7422788,aggregate_candidate_needs_confirmation,,,,,https://monitor.statnipokladna.gov.cz/api/ukazatele?ic=00292818&obdobi=2412
2024,,single_school,founder:00292842,00292842,Obec Hostim,obec,1,1,904000,0,904000,1,4089712,aggregate_candidate_needs_confirmation,,,,,https://monitor.statnipokladna.gov.cz/api/ukazatele?ic=00292842&obdobi=2412
2024,,single_school,founder:00292869,00292869,Obec Hrádek,obec,1,1,2019207,0,2019207,1,15501244,aggregate_candidate_needs_confirmation,,,,,https://monitor.statnipokladna.gov.cz/api/ukazatele?ic=00292869&obdobi=2412
2024,,single_school,founder:00292907,00292907,Obec Jamolice,obec,1,1,370000,0,370000,1,2392324,aggregate_candidate_needs_confirmation,,,,,https://monitor.statnipokladna.gov.cz/api/ukazatele?ic=00292907&obdobi=2412
2024,,single_school,founder:00292915,00292915,Obec Jaroslavice,obec,1,1,2026000,0,2026000,1,21963458,aggregate_candidate_needs_confirmation,,,,,https://monitor.statnipokladna.gov.cz/api/ukazatele?ic=00292915&obdobi=2412
2024,,single_school,founder:00292923,00292923,Město Jevišovice,obec,1,1,2520000,0,2520000,1,29875981,aggregate_candidate_needs_confirmation,,,,,https://monitor.statnipokladna.gov.cz/api/ukazatele?ic=00292923&obdobi=2412
2024,,single_school,founder:00292931,00292931,Obec Jezeřany-Maršovice,obec,1,1,1500000,0,1500000,1,11429356,aggregate_candidate_needs_confirmation,,,,,https://monitor.statnipokladna.gov.cz/api/ukazatele?ic=00292931&obdobi=2412
2024,,single_school,founder:00292982,00292982,Obec Kravsko,obec,1,1,2500000,0,2500000,1,29807590,aggregate_candidate_needs_confirmation,,,,,https://monitor.statnipokladna.gov.cz/api/ukazatele?ic=00292982&obdobi=2412
2024,,single_school,founder:00293083,00293083,Obec Loděnice,obec,1,1,3757500,0,3757500,1,22722980,aggregate_candidate_needs_confirmation,,,,,https://monitor.statnipokladna.gov.cz/api/ukazatele?ic=00293083&obdobi=2412
2024,,single_school,founder:00293121,00293121,Obec Mašovice,obec,1,1,690332,0,690332,1,6813250,aggregate_candidate_needs_confirmation,,,,,https://monitor.statnipokladna.gov.cz/api/ukazatele?ic=00293121&obdobi=2412
2024,,single_school,founder:00293148,00293148,Městys Mikulovice,obec,1,2,2073319,208681,2282000,1,22280577,aggregate_candidate_needs_confirmation,,,,,https://monitor.statnipokladna.gov.cz/api/ukazatele?ic=00293148&obdobi=2412
2024,,single_school,founder:00293270,00293270,Městys Olbramovice,obec,1,1,2750000,0,2750000,1,27886617,aggregate_candidate_needs_confirmation,,,,,https://monitor.statnipokladna.gov.cz/api/ukazatele?ic=00293270&obdobi=2412
2024,,single_school,founder:00293318,00293318,Obec Pavlice,obec,1,1,850000,0,850000,1,7165078,aggregate_candidate_needs_confirmation,,,,,https://monitor.statnipokladna.gov.cz/api/ukazatele?ic=00293318&obdobi=2412
2024,,single_school,founder:00293326,00293326,Obec Petrovice,obec,1,1,724700,0,724700,1,3586007,aggregate_candidate_needs_confirmation,,,,,https://monitor.statnipokladna.gov.cz/api/ukazatele?ic=00293326&obdobi=2412
2024,,single_school,founder:00293474,00293474,Obec Skalice,obec,1,2,1500000,180000,1680000,1,6937797,aggregate_candidate_needs_confirmation,,,,,https://monitor.statnipokladna.gov.cz/api/ukazatele?ic=00293474&obdobi=2412
2024,,single_school,founder:00293512,00293512,Obec Starý Petřín,obec,1,1,400000,0,400000,1,2835676,aggregate_candidate_needs_confirmation,,,,,https://monitor.statnipokladna.gov.cz/api/ukazatele?ic=00293512&obdobi=2412
2024,,single_school,founder:00293571,00293571,Obec Šanov,obec,1,1,3020000,0,3020000,1,28639179,aggregate_candidate_needs_confirmation,,,,,https://monitor.statnipokladna.gov.cz/api/ukazatele?ic=00293571&obdobi=2412
2024,,single_school,founder:00293598,00293598,Městys Štítary,obec,1,1,1155610,0,1155610,1,7428093,aggregate_candidate_needs_confirmation,,,,,https://monitor.statnipokladna.gov.cz/api/ukazatele?ic=00293598&obdobi=2412
2024,,single_school,founder:00293610,00293610,Obec Šumná,obec,1,2,3350000,300000,3650000,1,28358925,aggregate_candidate_needs_confirmation,,,,,https://monitor.statnipokladna.gov.cz/api/ukazatele?ic=00293610&obdobi=2412
2024,,single_school,founder:00293636,00293636,Obec Tavíkovice,obec,1,1,488750,0,488750,1,5687679,aggregate_candidate_needs_confirmation,,,,,https://monitor.statnipokladna.gov.cz/api/ukazatele?ic=00293636&obdobi=2412
2024,,single_school,founder:00293679,00293679,Obec Trstěnice,obec,1,1,850000,0,850000,1,5784005,aggregate_candidate_needs_confirmation,,,,,https://monitor.statnipokladna.gov.cz/api/ukazatele?ic=00293679&obdobi=2412
2024,,single_school,founder:00293709,00293709,Obec Uherčice,obec,1,1,250000,0,250000,1,2939987,aggregate_candidate_needs_confirmation,,,,,https://monitor.statnipokladna.gov.cz/api/ukazatele?ic=00293709&obdobi=2412
2024,,single_school,founder:00293725,00293725,Obec Únanov,obec,1,1,3800000,0,3800000,1,15626375,aggregate_candidate_needs_confirmation,,,,,https://monitor.statnipokladna.gov.cz/api/ukazatele?ic=00293725&obdobi=2412
2024,,single_school,founder:00293741,00293741,Obec Vedrovice,obec,1,1,1350000,0,1350000,1,12808412,aggregate_candidate_needs_confirmation,,,,,https://monitor.statnipokladna.gov.cz/api/ukazatele?ic=00293741&obdobi=2412
2024,,single_school,founder:00293784,00293784,Městys Višňové,obec,1,1,3322000,0,3322000,1,29618890,aggregate_candidate_needs_confirmation,,,,,https://monitor.statnipokladna.gov.cz/api/ukazatele?ic=00293784&obdobi=2412
2024,,single_school,founder:00293831,00293831,Obec Vrbovec,obec,1,2,5920000,0,5920000,1,39515388,aggregate_candidate_needs_confirmation,,,,,https://monitor.statnipokladna.gov.cz/api/ukazatele?ic=00293831&obdobi=2412
2024,,single_school,founder:00294004,00294004,Městys Bohdalov,obec,1,1,3078000,0,3078000,1,24537321,aggregate_candidate_needs_confirmation,,,,,https://monitor.statnipokladna.gov.cz/api/ukazatele?ic=00294004&obdobi=2412
2024,,single_school,founder:00294021,00294021,Obec Borač,obec,1,1,427000,0,427000,1,2984527,aggregate_candidate_needs_confirmation,,,,,https://monitor.statnipokladna.gov.cz/api/ukazatele?ic=00294021&obdobi=2412
2024,,single_school,founder:00294055,00294055,Obec Bory,obec,1,1,2323700,0,2323700,1,23900691,aggregate_candidate_needs_confirmation,,,,,https://monitor.statnipokladna.gov.cz/api/ukazatele?ic=00294055&obdobi=2412
2024,,single_school,founder:00294179,00294179,Obec Dalečín,obec,1,1,1050000,0,1050000,1,7561072,aggregate_candidate_needs_confirmation,,,,,https://monitor.statnipokladna.gov.cz/api/ukazatele?ic=00294179&obdobi=2412
2024,,single_school,founder:00294233,00294233,Obec Dolní Rožínka,obec,1,1,2500000,0,2500000,1,20905053,aggregate_candidate_needs_confirmation,,,,,https://monitor.statnipokladna.gov.cz/api/ukazatele?ic=00294233&obdobi=2412
2024,,single_school,founder:00294241,00294241,Obec Dolní Loučky,obec,1,1,3700000,0,3700000,1,41095184,aggregate_candidate_needs_confirmation,,,,,https://monitor.statnipokladna.gov.cz/api/ukazatele?ic=00294241&obdobi=2412
2024,,single_school,founder:00294268,00294268,Městys Doubravník,obec,1,1,1500000,0,1500000,1,17601337,aggregate_candidate_needs_confirmation,,,,,https://monitor.statnipokladna.gov.cz/api/ukazatele?ic=00294268&obdobi=2412
2024,,single_school,founder:00294284,00294284,Obec Fryšava pod Žákovou horou,obec,1,1,678684,0,678684,1,4587190,aggregate_candidate_needs_confirmation,,,,,https://monitor.statnipokladna.gov.cz/api/ukazatele?ic=00294284&obdobi=2412
2024,,single_school,founder:00294306,00294306,Obec Herálec,obec,1,2,2323000,5072913,7395913,1,20869937,aggregate_candidate_needs_confirmation,,,,,https://monitor.statnipokladna.gov.cz/api/ukazatele?ic=00294306&obdobi=2412
2024,,single_school,founder:00294471,00294471,Městys Jimramov,obec,1,1,1600000,0,1600000,1,22210379,aggregate_candidate_needs_confirmation,,,,,https://monitor.statnipokladna.gov.cz/api/ukazatele?ic=00294471&obdobi=2412
2024,,single_school,founder:00294616,00294616,Městys Křižanov,obec,1,2,5032949,896032,5928981,1,40721146,aggregate_candidate_needs_confirmation,,,,,https://monitor.statnipokladna.gov.cz/api/ukazatele?ic=00294616&obdobi=2412
2024,,single_school,founder:00294829,00294829,Obec Moravec,obec,1,1,1200000,0,1200000,1,9385720,aggregate_candidate_needs_confirmation,,,,,https://monitor.statnipokladna.gov.cz/api/ukazatele?ic=00294829&obdobi=2412
2024,,single_school,founder:00294845,00294845,Městys Nedvědice,obec,1,1,3698364,0,3698364,1,30488142,aggregate_candidate_needs_confirmation,,,,,https://monitor.statnipokladna.gov.cz/api/ukazatele?ic=00294845&obdobi=2412
2024,,single_school,founder:00294926,00294926,Městys Nové Veselí,obec,1,1,3646075,0,3646075,1,34812946,aggregate_candidate_needs_confirmation,,,,,https://monitor.statnipokladna.gov.cz/api/ukazatele?ic=00294926&obdobi=2412
2024,,single_school,founder:00294977,00294977,Obec Olší,obec,1,1,630000,0,630000,1,6804597,aggregate_candidate_needs_confirmation,,,,,https://monitor.statnipokladna.gov.cz/api/ukazatele?ic=00294977&obdobi=2412
2024,,single_school,founder:00295167,00295167,Obec Prosetín,obec,1,1,820000,0,820000,1,6204336,aggregate_candidate_needs_confirmation,,,,,https://monitor.statnipokladna.gov.cz/api/ukazatele?ic=00295167&obdobi=2412
2024,,single_school,founder:00295205,00295205,Obec Radešínská Svratka,obec,1,1,850000,0,850000,1,6520772,aggregate_candidate_needs_confirmation,,,,,https://monitor.statnipokladna.gov.cz/api/ukazatele?ic=00295205&obdobi=2412
2024,,single_school,founder:00295248,00295248,Obec Radostín nad Oslavou,obec,1,2,3672000,0,3672000,1,34178628,aggregate_candidate_needs_confirmation,,,,,https://monitor.statnipokladna.gov.cz/api/ukazatele?ic=00295248&obdobi=2412
2024,,single_school,founder:00295281,00295281,Obec Rovečné,obec,1,1,3041170,0,3041170,1,12386690,aggregate_candidate_needs_confirmation,,,,,https://monitor.statnipokladna.gov.cz/api/ukazatele?ic=00295281&obdobi=2412
2024,,single_school,founder:00295329,00295329,Obec Rožná,obec,1,1,1586000,0,1586000,1,11876577,aggregate_candidate_needs_confirmation,,,,,https://monitor.statnipokladna.gov.cz/api/ukazatele?ic=00295329&obdobi=2412
2024,,single_school,founder:00295353,00295353,Obec Řečice,obec,1,1,1000000,0,1000000,1,7027726,aggregate_candidate_needs_confirmation,,,,,https://monitor.statnipokladna.gov.cz/api/ukazatele?ic=00295353&obdobi=2412
2024,,single_school,founder:00295451,00295451,Městys Sněžné,obec,1,1,3000000,0,3000000,1,20505233,aggregate_candidate_needs_confirmation,,,,,https://monitor.statnipokladna.gov.cz/api/ukazatele?ic=00295451&obdobi=2412
2024,,single_school,founder:00295493,00295493,Městys Strážek,obec,1,1,2760000,0,2760000,1,21074405,aggregate_candidate_needs_confirmation,,,,,https://monitor.statnipokladna.gov.cz/api/ukazatele?ic=00295493&obdobi=2412
2024,,single_school,founder:00295531,00295531,Obec Svratka,obec,1,1,3050000,0,3050000,1,26769527,aggregate_candidate_needs_confirmation,,,,,https://monitor.statnipokladna.gov.cz/api/ukazatele?ic=00295531&obdobi=2412
2024,,single_school,founder:00295540,00295540,Obec Škrdlovice,obec,1,1,933000,0,933000,1,7105182,aggregate_candidate_needs_confirmation,,,,,https://monitor.statnipokladna.gov.cz/api/ukazatele?ic=00295540&obdobi=2412
2024,,single_school,founder:00295558,00295558,Obec Štěpánov nad Svratkou,obec,1,2,2992035,0,2992035,1,24911284,aggregate_candidate_needs_confirmation,,,,,https://monitor.statnipokladna.gov.cz/api/ukazatele?ic=00295558&obdobi=2412
2024,,single_school,founder:00295621,00295621,Obec Věcov,obec,1,1,412883,0,412883,1,5890156,aggregate_candidate_needs_confirmation,,,,,https://monitor.statnipokladna.gov.cz/api/ukazatele?ic=00295621&obdobi=2412
2024,,single_school,founder:00295655,00295655,Obec Velká Losenice,obec,1,1,3150000,0,3150000,1,26944694,aggregate_candidate_needs_confirmation,,,,,https://monitor.statnipokladna.gov.cz/api/ukazatele?ic=00295655&obdobi=2412
2024,,single_school,founder:00295736,00295736,Obec Vidonín,obec,1,1,408000,0,408000,1,4407348,aggregate_candidate_needs_confirmation,,,,,https://monitor.statnipokladna.gov.cz/api/ukazatele?ic=00295736&obdobi=2412
2024,,single_school,founder:00295744,00295744,Obec Vír,obec,1,1,1250000,0,1250000,1,11597205,aggregate_candidate_needs_confirmation,,,,,https://monitor.statnipokladna.gov.cz/api/ukazatele?ic=00295744&obdobi=2412
2024,,single_school,founder:00295833,00295833,Obec Žďárec,obec,1,1,2000000,0,2000000,1,18782039,aggregate_candidate_needs_confirmation,,,,,https://monitor.statnipokladna.gov.cz/api/ukazatele?ic=00295833&obdobi=2412
2024,,single_school,founder:00295884,00295884,Obec Brantice,obec,1,1,5541365,0,5541365,1,18396740,aggregate_candidate_needs_confirmation,,,,,https://monitor.statnipokladna.gov.cz/api/ukazatele?ic=00295884&obdobi=2412
2024,,single_school,founder:00295931,00295931,Obec Dětřichov nad Bystřicí,obec,1,1,1000000,0,1000000,1,6486612,aggregate_candidate_needs_confirmation,,,,,https://monitor.statnipokladna.gov.cz/api/ukazatele?ic=00295931&obdobi=2412
2024,,single_school,founder:00295957,00295957,Obec Dolní Moravice,obec,1,1,568000,0,568000,1,5974860,aggregate_candidate_needs_confirmation,,,,,https://monitor.statnipokladna.gov.cz/api/ukazatele?ic=00295957&obdobi=2412
2024,,single_school,founder:00295973,00295973,Obec Dvorce,obec,1,1,4413600,0,4413600,1,24493249,aggregate_candidate_needs_confirmation,,,,,https://monitor.statnipokladna.gov.cz/api/ukazatele?ic=00295973&obdobi=2412
2024,,single_school,founder:00295990,00295990,Obec Holčovice,obec,1,1,2196647,0,2196647,1,14385539,aggregate_candidate_needs_confirmation,,,,,https://monitor.statnipokladna.gov.cz/api/ukazatele?ic=00295990&obdobi=2412
2024,,single_school,founder:00296007,00296007,Město Horní Benešov,obec,1,2,7095000,100000,7195000,1,40479603,aggregate_candidate_needs_confirmation,,,,,https://monitor.statnipokladna.gov.cz/api/ukazatele?ic=00296007&obdobi=2412
2024,,single_school,founder:00296015,00296015,Obec Horní Město,obec,1,1,1799000,0,1799000,1,13588064,aggregate_candidate_needs_confirmation,,,,,https://monitor.statnipokladna.gov.cz/api/ukazatele?ic=00296015&obdobi=2412
2024,,single_school,founder:00296031,00296031,Obec Hošťálkovy,obec,1,1,900000,0,900000,1,6999235,aggregate_candidate_needs_confirmation,,,,,https://monitor.statnipokladna.gov.cz/api/ukazatele?ic=00296031&obdobi=2412
2024,,single_school,founder:00296040,00296040,Obec Huzová,obec,1,1,1152196,0,1152196,1,7098283,aggregate_candidate_needs_confirmation,,,,,https://monitor.statnipokladna.gov.cz/api/ukazatele?ic=00296040&obdobi=2412
2024,,single_school,founder:00296074,00296074,Obec Jindřichov,obec,1,1,2800000,0,2800000,1,23920540,aggregate_candidate_needs_confirmation,,,,,https://monitor.statnipokladna.gov.cz/api/ukazatele?ic=00296074&obdobi=2412
2024,,single_school,founder:00296104,00296104,Obec Karlova Studánka,obec,1,1,865000,0,865000,1,7128172,aggregate_candidate_needs_confirmation,,,,,https://monitor.statnipokladna.gov.cz/api/ukazatele?ic=00296104&obdobi=2412
2024,,single_school,founder:00296112,00296112,Obec Karlovice,obec,1,1,2700000,0,2700000,1,22065066,aggregate_candidate_needs_confirmation,,,,,https://monitor.statnipokladna.gov.cz/api/ukazatele?ic=00296112&obdobi=2412
2024,,single_school,founder:00296163,00296163,Obec Lichnov,obec,1,1,3898209,0,3898209,1,25734684,aggregate_candidate_needs_confirmation,,,,,https://monitor.statnipokladna.gov.cz/api/ukazatele?ic=00296163&obdobi=2412
2024,,single_school,founder:00296198,00296198,Obec Lomnice,obec,1,1,1100000,0,1100000,1,7239202,aggregate_candidate_needs_confirmation,,,,,https://monitor.statnipokladna.gov.cz/api/ukazatele?ic=00296198&obdobi=2412
2024,,single_school,founder:00296279,00296279,Obec Osoblaha,obec,1,2,3110924,90000,3200924,1,25543816,aggregate_candidate_needs_confirmation,,,,,https://monitor.statnipokladna.gov.cz/api/ukazatele?ic=00296279&obdobi=2412
2024,,single_school,founder:00296287,00296287,Obec Razová,obec,1,1,2386880,0,2386880,1,11518274,aggregate_candidate_needs_confirmation,,,,,https://monitor.statnipokladna.gov.cz/api/ukazatele?ic=00296287&obdobi=2412
2024,,single_school,founder:00296325,00296325,Obec Ryžoviště,obec,1,1,1300000,0,1300000,1,8094596,aggregate_candidate_needs_confirmation,,,,,https://monitor.statnipokladna.gov.cz/api/ukazatele?ic=00296325&obdobi=2412
2024,,single_school,founder:00296333,00296333,Obec Slezské Rudoltice,obec,1,1,790000,0,790000,1,7157790,aggregate_candidate_needs_confirmation,,,,,https://monitor.statnipokladna.gov.cz/api/ukazatele?ic=00296333&obdobi=2412
2024,,single_school,founder:00296384,00296384,Obec Svobodné Heřmanice,obec,1,1,812500,0,812500,1,4491508,aggregate_candidate_needs_confirmation,,,,,https://monitor.statnipokladna.gov.cz/api/ukazatele?ic=00296384&obdobi=2412
2024,,single_school,founder:00296392,00296392,Obec Světlá Hora,obec,1,1,1200000,0,1200000,1,1947149,aggregate_candidate_needs_confirmation,,,,,https://monitor.statnipokladna.gov.cz/api/ukazatele?ic=00296392&obdobi=2412
2024,,single_school,founder:00296406,00296406,Obec Široká Niva,obec,1,1,550000,0,550000,1,4631274,aggregate_candidate_needs_confirmation,,,,,https://monitor.statnipokladna.gov.cz/api/ukazatele?ic=00296406&obdobi=2412
2024,,single_school,founder:00296414,00296414,Obec Třemešná,obec,1,2,2043800,99703,2143503,1,19321159,aggregate_candidate_needs_confirmation,,,,,https://monitor.statnipokladna.gov.cz/api/ukazatele?ic=00296414&obdobi=2412
2024,,single_school,founder:00296422,00296422,Obec Úvalno,obec,1,1,1360000,0,1360000,1,12364926,aggregate_candidate_needs_confirmation,,,,,https://monitor.statnipokladna.gov.cz/api/ukazatele?ic=00296422&obdobi=2412
2024,,single_school,founder:00296473,00296473,Obec Zátor,obec,1,1,6320251,0,6320251,1,38832508,aggregate_candidate_needs_confirmation,,,,,https://monitor.statnipokladna.gov.cz/api/ukazatele?ic=00296473&obdobi=2412
2024,,single_school,founder:00296511,00296511,Obec Baška,obec,1,2,6000000,569700,6569700,1,51453271,aggregate_candidate_needs_confirmation,,,,,https://monitor.statnipokladna.gov.cz/api/ukazatele?ic=00296511&obdobi=2412
2024,,single_school,founder:00296546,00296546,Obec Bruzovice,obec,1,1,800000,0,800000,1,10223763,aggregate_candidate_needs_confirmation,,,,,https://monitor.statnipokladna.gov.cz/api/ukazatele?ic=00296546&obdobi=2412
2024,,single_school,founder:00296686,00296686,Obec Horní Bludovice,obec,1,1,1764605,0,1764605,1,11936756,aggregate_candidate_needs_confirmation,,,,,https://monitor.statnipokladna.gov.cz/api/ukazatele?ic=00296686&obdobi=2412
2024,,single_school,founder:00296821,00296821,Obec Kozlovice,obec,1,1,6000000,0,6000000,1,52472761,aggregate_candidate_needs_confirmation,,,,,https://monitor.statnipokladna.gov.cz/api/ukazatele?ic=00296821&obdobi=2412
2024,,single_school,founder:00296856,00296856,Obec Kunčice pod Ondřejníkem,obec,1,1,6700000,0,6700000,1,38799288,aggregate_candidate_needs_confirmation,,,,,https://monitor.statnipokladna.gov.cz/api/ukazatele?ic=00296856&obdobi=2412
2024,,single_school,founder:00296864,00296864,Obec Lhotka,obec,1,1,530000,0,530000,1,3085326,aggregate_candidate_needs_confirmation,,,,,https://monitor.statnipokladna.gov.cz/api/ukazatele?ic=00296864&obdobi=2412
2024,,single_school,founder:00296899,00296899,Obec Lučina,obec,1,1,2300000,0,2300000,1,17331075,aggregate_candidate_needs_confirmation,,,,,https://monitor.statnipokladna.gov.cz/api/ukazatele?ic=00296899&obdobi=2412
2024,,single_school,founder:00296945,00296945,Obec Morávka,obec,1,1,3800000,0,3800000,1,24224276,aggregate_candidate_needs_confirmation,,,,,https://monitor.statnipokladna.gov.cz/api/ukazatele?ic=00296945&obdobi=2412
2024,,single_school,founder:00297046,00297046,Obec Ostravice,obec,1,1,3300000,0,3300000,1,37033639,aggregate_candidate_needs_confirmation,,,,,https://monitor.statnipokladna.gov.cz/api/ukazatele?ic=00297046&obdobi=2412
2024,,single_school,founder:00297054,00297054,Obec Palkovice,obec,1,1,3980000,0,3980000,1,44761414,aggregate_candidate_needs_confirmation,,,,,https://monitor.statnipokladna.gov.cz/api/ukazatele?ic=00297054&obdobi=2412
2024,,single_school,founder:00297178,00297178,Obec Sedliště,obec,1,1,3780000,0,3780000,1,34356415,aggregate_candidate_needs_confirmation,,,,,https://monitor.statnipokladna.gov.cz/api/ukazatele?ic=00297178&obdobi=2412
2024,,single_school,founder:00297194,00297194,Obec Hukvaldy,obec,1,1,6093000,0,6093000,1,38330916,aggregate_candidate_needs_confirmation,,,,,https://monitor.statnipokladna.gov.cz/api/ukazatele?ic=00297194&obdobi=2412
2024,,single_school,founder:00297232,00297232,Obec Stará Ves nad Ondřejnicí,obec,1,1,4500000,0,4500000,1,36808213,aggregate_candidate_needs_confirmation,,,,,https://monitor.statnipokladna.gov.cz/api/ukazatele?ic=00297232&obdobi=2412
2024,,single_school,founder:00297241,00297241,Obec Staré Hamry,obec,1,2,1800000,280000,2080000,1,4771878,aggregate_candidate_needs_confirmation,,,,,https://monitor.statnipokladna.gov.cz/api/ukazatele?ic=00297241&obdobi=2412
2024,,single_school,founder:00297330,00297330,Obec Václavovice,obec,1,2,3527705,12687,3540392,1,24109143,aggregate_candidate_needs_confirmation,,,,,https://monitor.statnipokladna.gov.cz/api/ukazatele?ic=00297330&obdobi=2412
2024,,single_school,founder:00297445,00297445,Obec Dětmarovice,obec,1,1,8120000,0,8120000,1,39307119,aggregate_candidate_needs_confirmation,,,,,https://monitor.statnipokladna.gov.cz/api/ukazatele?ic=00297445&obdobi=2412
2024,,single_school,founder:00297585,00297585,Obec Petrovice u Karviné,obec,1,1,10900000,0,10900000,1,56924424,aggregate_candidate_needs_confirmation,,,,,https://monitor.statnipokladna.gov.cz/api/ukazatele?ic=00297585&obdobi=2412
2024,,single_school,founder:00297658,00297658,Obec Stonava,obec,1,1,9880600,0,9880600,1,36607680,aggregate_candidate_needs_confirmation,,,,,https://monitor.statnipokladna.gov.cz/api/ukazatele?ic=00297658&obdobi=2412
2024,,single_school,founder:00297917,00297917,Obec Hodslavice,obec,1,1,4050000,0,4050000,1,30497334,aggregate_candidate_needs_confirmation,,,,,https://monitor.statnipokladna.gov.cz/api/ukazatele?ic=00297917&obdobi=2412
2024,,single_school,founder:00297976,00297976,Obec Jeseník nad Odrou,obec,1,1,1941000,0,1941000,1,14319675,aggregate_candidate_needs_confirmation,,,,,https://monitor.statnipokladna.gov.cz/api/ukazatele?ic=00297976&obdobi=2412
2024,,single_school,founder:00298115,00298115,Obec Lichnov,obec,1,1,2600000,0,2600000,1,30150817,aggregate_candidate_needs_confirmation,,,,,https://monitor.statnipokladna.gov.cz/api/ukazatele?ic=00298115&obdobi=2412
2024,,single_school,founder:00298191,00298191,Obec Mořkov,obec,1,1,4575000,0,4575000,1,33772935,aggregate_candidate_needs_confirmation,,,,,https://monitor.statnipokladna.gov.cz/api/ukazatele?ic=00298191&obdobi=2412
2024,,single_school,founder:00298263,00298263,Obec Petřvald,obec,1,2,3500000,400000,3900000,1,36026768,aggregate_candidate_needs_confirmation,,,,,https://monitor.statnipokladna.gov.cz/api/ukazatele?ic=00298263&obdobi=2412
2024,,single_school,founder:00298352,00298352,Obec Sedlnice,obec,1,2,3000000,0,3000000,1,24901689,aggregate_candidate_needs_confirmation,,,,,https://monitor.statnipokladna.gov.cz/api/ukazatele?ic=00298352&obdobi=2412
2024,,single_school,founder:00298387,00298387,Městys Spálov,obec,1,1,4000000,0,4000000,1,32039170,aggregate_candidate_needs_confirmation,,,,,https://monitor.statnipokladna.gov.cz/api/ukazatele?ic=00298387&obdobi=2412
2024,,single_school,founder:00298450,00298450,Městys Suchdol nad Odrou,obec,1,2,7716827,1300000,9016827,1,46226782,aggregate_candidate_needs_confirmation,,,,,https://monitor.statnipokladna.gov.cz/api/ukazatele?ic=00298450&obdobi=2412
2024,,single_school,founder:00298468,00298468,Město Štramberk,obec,1,2,5652280,0,5652280,1,42985940,aggregate_candidate_needs_confirmation,,,,,https://monitor.statnipokladna.gov.cz/api/ukazatele?ic=00298468&obdobi=2412
2024,,single_school,founder:00298476,00298476,Obec Tichá,obec,1,2,2100000,200000,2300000,1,17797363,aggregate_candidate_needs_confirmation,,,,,https://monitor.statnipokladna.gov.cz/api/ukazatele?ic=00298476&obdobi=2412
2024,,single_school,founder:00298484,00298484,Obec Tísek,obec,1,1,882204,0,882204,1,11827168,aggregate_candidate_needs_confirmation,,,,,https://monitor.statnipokladna.gov.cz/api/ukazatele?ic=00298484&obdobi=2412
2024,,single_school,founder:00298514,00298514,Obec Trojanovice,obec,1,1,3355000,0,3355000,1,26522648,aggregate_candidate_needs_confirmation,,,,,https://monitor.statnipokladna.gov.cz/api/ukazatele?ic=00298514&obdobi=2412
2024,,single_school,founder:00298531,00298531,Obec Veřovice,obec,1,1,4535000,0,4535000,1,24745619,aggregate_candidate_needs_confirmation,,,,,https://monitor.statnipokladna.gov.cz/api/ukazatele?ic=00298531&obdobi=2412
2024,,single_school,founder:00298581,00298581,Obec Vřesina,obec,1,1,4000000,0,4000000,1,22183983,aggregate_candidate_needs_confirmation,,,,,https://monitor.statnipokladna.gov.cz/api/ukazatele?ic=00298581&obdobi=2412
2024,,single_school,founder:00298654,00298654,Obec Bělkovice-Lašťany,obec,1,1,2748000,0,2748000,1,23250124,aggregate_candidate_needs_confirmation,,,,,https://monitor.statnipokladna.gov.cz/api/ukazatele?ic=00298654&obdobi=2412
2024,,single_school,founder:00298697,00298697,Obec Bohuňovice,obec,1,1,7350000,0,7350000,1,49706170,aggregate_candidate_needs_confirmation,,,,,https://monitor.statnipokladna.gov.cz/api/ukazatele?ic=00298697&obdobi=2412
2024,,single_school,founder:00298719,00298719,Obec Bouzov,obec,1,1,3200000,0,3200000,1,18523485,aggregate_candidate_needs_confirmation,,,,,https://monitor.statnipokladna.gov.cz/api/ukazatele?ic=00298719&obdobi=2412
2024,,single_school,founder:00298735,00298735,Obec Bystročice,obec,1,1,388696,0,388696,1,9350034,aggregate_candidate_needs_confirmation,,,,,https://monitor.statnipokladna.gov.cz/api/ukazatele?ic=00298735&obdobi=2412
2024,,single_school,founder:00298808,00298808,Obec Dolany,obec,1,1,4200000,0,4200000,1,52132457,aggregate_candidate_needs_confirmation,,,,,https://monitor.statnipokladna.gov.cz/api/ukazatele?ic=00298808&obdobi=2412
2024,,single_school,founder:00298824,00298824,Obec Domašov nad Bystřicí,obec,1,1,581200,0,581200,1,2780122,aggregate_candidate_needs_confirmation,,,,,https://monitor.statnipokladna.gov.cz/api/ukazatele?ic=00298824&obdobi=2412
2024,,single_school,founder:00298841,00298841,Obec Drahanovice,obec,1,1,2513402,0,2513402,1,15787976,aggregate_candidate_needs_confirmation,,,,,https://monitor.statnipokladna.gov.cz/api/ukazatele?ic=00298841&obdobi=2412
2024,,single_school,founder:00298867,00298867,Městys Dub nad Moravou,obec,1,1,4740000,0,4740000,1,42646271,aggregate_candidate_needs_confirmation,,,,,https://monitor.statnipokladna.gov.cz/api/ukazatele?ic=00298867&obdobi=2412
2024,,single_school,founder:00298875,00298875,Obec Grygov,obec,1,1,1965000,0,1965000,1,16642815,aggregate_candidate_needs_confirmation,,,,,https://monitor.statnipokladna.gov.cz/api/ukazatele?ic=00298875&obdobi=2412
2024,,single_school,founder:00298913,00298913,Obec Hněvotín,obec,1,1,3015000,0,3015000,1,32949078,aggregate_candidate_needs_confirmation,,,,,https://monitor.statnipokladna.gov.cz/api/ukazatele?ic=00298913&obdobi=2412
2024,,single_school,founder:00298921,00298921,Obec Hnojice,obec,1,1,418000,0,418000,1,2805372,aggregate_candidate_needs_confirmation,,,,,https://monitor.statnipokladna.gov.cz/api/ukazatele?ic=00298921&obdobi=2412
2024,,single_school,founder:00298948,00298948,Obec Horka nad Moravou,obec,1,1,7000000,0,7000000,1,60281381,aggregate_candidate_needs_confirmation,,,,,https://monitor.statnipokladna.gov.cz/api/ukazatele?ic=00298948&obdobi=2412
2024,,single_school,founder:00299006,00299006,Obec Cholina,obec,1,2,2060000,440000,2500000,1,12654928,aggregate_candidate_needs_confirmation,,,,,https://monitor.statnipokladna.gov.cz/api/ukazatele?ic=00299006&obdobi=2412
2024,,single_school,founder:00299031,00299031,Obec Jívová,obec,1,1,1200000,0,1200000,1,8646242,aggregate_candidate_needs_confirmation,,,,,https://monitor.statnipokladna.gov.cz/api/ukazatele?ic=00299031&obdobi=2412
2024,,single_school,founder:00299065,00299065,Obec Kožušany-Tážaly,obec,1,1,822200,0,822200,1,9348238,aggregate_candidate_needs_confirmation,,,,,https://monitor.statnipokladna.gov.cz/api/ukazatele?ic=00299065&obdobi=2412
2024,,single_school,founder:00299171,00299171,Obec Luká,obec,1,1,2520000,0,2520000,1,20455524,aggregate_candidate_needs_confirmation,,,,,https://monitor.statnipokladna.gov.cz/api/ukazatele?ic=00299171&obdobi=2412
2024,,single_school,founder:00299189,00299189,Obec Lutín,obec,1,1,8231083,0,8231083,1,56207582,aggregate_candidate_needs_confirmation,,,,,https://monitor.statnipokladna.gov.cz/api/ukazatele?ic=00299189&obdobi=2412
2024,,single_school,founder:00299197,00299197,Obec Majetín,obec,1,1,1200000,0,1200000,1,11811077,aggregate_candidate_needs_confirmation,,,,,https://monitor.statnipokladna.gov.cz/api/ukazatele?ic=00299197&obdobi=2412
2024,,single_school,founder:00299251,00299251,Obec Náklo,obec,1,1,3800000,0,3800000,1,30303475,aggregate_candidate_needs_confirmation,,,,,https://monitor.statnipokladna.gov.cz/api/ukazatele?ic=00299251&obdobi=2412
2024,,single_school,founder:00299260,00299260,Městys Náměšť na Hané,obec,1,3,5520500,0,5520500,1,39265804,aggregate_candidate_needs_confirmation,,,,,https://monitor.statnipokladna.gov.cz/api/ukazatele?ic=00299260&obdobi=2412
2024,,single_school,founder:00299421,00299421,Obec Senice na Hané,obec,1,1,2336000,0,2336000,1,32659389,aggregate_candidate_needs_confirmation,,,,,https://monitor.statnipokladna.gov.cz/api/ukazatele?ic=00299421&obdobi=2412
2024,,single_school,founder:00299456,00299456,Obec Slatinice,obec,1,1,3265920,0,3265920,1,28498445,aggregate_candidate_needs_confirmation,,,,,https://monitor.statnipokladna.gov.cz/api/ukazatele?ic=00299456&obdobi=2412
2024,,single_school,founder:00299545,00299545,Obec Těšetice,obec,1,2,4076417,116765,4193182,1,29003335,aggregate_candidate_needs_confirmation,,,,,https://monitor.statnipokladna.gov.cz/api/ukazatele?ic=00299545&obdobi=2412
2024,,single_school,founder:00299588,00299588,Obec Tršice,obec,1,1,2800000,0,2800000,1,29342800,aggregate_candidate_needs_confirmation,,,,,https://monitor.statnipokladna.gov.cz/api/ukazatele?ic=00299588&obdobi=2412
2024,,single_school,founder:00299618,00299618,Obec Újezd,obec,1,2,2938007,50000,2988007,1,27634145,aggregate_candidate_needs_confirmation,,,,,https://monitor.statnipokladna.gov.cz/api/ukazatele?ic=00299618&obdobi=2412
2024,,single_school,founder:00299651,00299651,Město Velká Bystřice,obec,1,2,5996200,0,5996200,1,65727279,aggregate_candidate_needs_confirmation,,,,,https://monitor.statnipokladna.gov.cz/api/ukazatele?ic=00299651&obdobi=2412
2024,,single_school,founder:00299677,00299677,Městys Velký Újezd,obec,1,1,4219814,0,4219814,1,36267337,aggregate_candidate_needs_confirmation,,,,,https://monitor.statnipokladna.gov.cz/api/ukazatele?ic=00299677&obdobi=2412
2024,,single_school,founder:00299758,00299758,Obec Žerotín,obec,1,1,922000,0,922000,1,8320549,aggregate_candidate_needs_confirmation,,,,,https://monitor.statnipokladna.gov.cz/api/ukazatele?ic=00299758&obdobi=2412
2024,,single_school,founder:00299839,00299839,Obec Bohuslavice,obec,1,1,3860000,0,3860000,1,37519399,aggregate_candidate_needs_confirmation,,,,,https://monitor.statnipokladna.gov.cz/api/ukazatele?ic=00299839&obdobi=2412
2024,,single_school,founder:00299847,00299847,Obec Bolatice,obec,1,1,6325000,0,6325000,1,57051146,aggregate_candidate_needs_confirmation,,,,,https://monitor.statnipokladna.gov.cz/api/ukazatele?ic=00299847&obdobi=2412
2024,,single_school,founder:00299871,00299871,Obec Brumovice,obec,1,1,3113148,0,3113148,1,14368446,aggregate_candidate_needs_confirmation,,,,,https://monitor.statnipokladna.gov.cz/api/ukazatele?ic=00299871&obdobi=2412
2024,,single_school,founder:00299880,00299880,Obec Březová,obec,1,2,4644940,629441,5274381,1,30011429,aggregate_candidate_needs_confirmation,,,,,https://monitor.statnipokladna.gov.cz/api/ukazatele?ic=00299880&obdobi=2412
2024,,single_school,founder:00300071,00300071,Obec Hněvošice,obec,1,1,1400000,0,1400000,1,9548837,aggregate_candidate_needs_confirmation,,,,,https://monitor.statnipokladna.gov.cz/api/ukazatele?ic=00300071&obdobi=2412
2024,,single_school,founder:00300080,00300080,Obec Holasovice,obec,1,1,1250000,0,1250000,1,7965011,aggregate_candidate_needs_confirmation,,,,,https://monitor.statnipokladna.gov.cz/api/ukazatele?ic=00300080&obdobi=2412
2024,,single_school,founder:00300136,00300136,Obec Hrabyně,obec,1,1,2044000,0,2044000,1,12724373,aggregate_candidate_needs_confirmation,,,,,https://monitor.statnipokladna.gov.cz/api/ukazatele?ic=00300136&obdobi=2412
2024,,single_school,founder:00300161,00300161,Obec Chuchelná,obec,1,2,2750000,265000,3015000,1,26033844,aggregate_candidate_needs_confirmation,,,,,https://monitor.statnipokladna.gov.cz/api/ukazatele?ic=00300161&obdobi=2412
2024,,single_school,founder:00300187,00300187,Obec Jakartovice,obec,1,1,1000000,0,1000000,1,5230951,aggregate_candidate_needs_confirmation,,,,,https://monitor.statnipokladna.gov.cz/api/ukazatele?ic=00300187&obdobi=2412
2024,,single_school,founder:00300241,00300241,Obec Kobeřice,obec,1,2,8185000,600000,8785000,1,48041252,aggregate_candidate_needs_confirmation,,,,,https://monitor.statnipokladna.gov.cz/api/ukazatele?ic=00300241&obdobi=2412
2024,,single_school,founder:00300390,00300390,Obec Ludgeřovice,obec,1,1,11600000,0,11600000,1,71458661,aggregate_candidate_needs_confirmation,,,,,https://monitor.statnipokladna.gov.cz/api/ukazatele?ic=00300390&obdobi=2412
2024,,single_school,founder:00300420,00300420,Obec Melč,obec,1,1,4547423,0,4547423,1,36124741,aggregate_candidate_needs_confirmation,,,,,https://monitor.statnipokladna.gov.cz/api/ukazatele?ic=00300420&obdobi=2412
2024,,single_school,founder:00300543,00300543,Obec Otice,obec,1,1,2113024,0,2113024,1,18906174,aggregate_candidate_needs_confirmation,,,,,https://monitor.statnipokladna.gov.cz/api/ukazatele?ic=00300543&obdobi=2412
2024,,single_school,founder:00300560,00300560,Obec Píšť,obec,1,1,2981615,0,2981615,1,28661491,aggregate_candidate_needs_confirmation,,,,,https://monitor.statnipokladna.gov.cz/api/ukazatele?ic=00300560&obdobi=2412
2024,,single_school,founder:00300608,00300608,Obec Pustá Polom,obec,1,1,3000000,0,3000000,1,37064677,aggregate_candidate_needs_confirmation,,,,,https://monitor.statnipokladna.gov.cz/api/ukazatele?ic=00300608&obdobi=2412
2024,,single_school,founder:00300624,00300624,Obec Raduň,obec,1,1,6168500,0,6168500,1,38541478,aggregate_candidate_needs_confirmation,,,,,https://monitor.statnipokladna.gov.cz/api/ukazatele?ic=00300624&obdobi=2412
2024,,single_school,founder:00300659,00300659,Obec Skřipov,obec,1,2,2983300,300000,3283300,1,25493029,aggregate_candidate_needs_confirmation,,,,,https://monitor.statnipokladna.gov.cz/api/ukazatele?ic=00300659&obdobi=2412
2024,,single_school,founder:00300667,00300667,Obec Slavkov,obec,1,3,5074160,588766,5662926,1,34500236,aggregate_candidate_needs_confirmation,,,,,https://monitor.statnipokladna.gov.cz/api/ukazatele?ic=00300667&obdobi=2412
2024,,single_school,founder:00300675,00300675,Obec Služovice,obec,1,1,930000,0,930000,1,7869244,aggregate_candidate_needs_confirmation,,,,,https://monitor.statnipokladna.gov.cz/api/ukazatele?ic=00300675&obdobi=2412
2024,,single_school,founder:00300713,00300713,Obec Sudice,obec,1,1,2981289,0,2981289,1,17976734,aggregate_candidate_needs_confirmation,,,,,https://monitor.statnipokladna.gov.cz/api/ukazatele?ic=00300713&obdobi=2412
2024,,single_school,founder:00300730,00300730,Obec Šilheřovice,obec,1,1,2532700,0,2532700,1,22282307,aggregate_candidate_needs_confirmation,,,,,https://monitor.statnipokladna.gov.cz/api/ukazatele?ic=00300730&obdobi=2412
2024,,single_school,founder:00300756,00300756,Obec Štěpánkovice,obec,1,1,3500000,0,3500000,1,38673965,aggregate_candidate_needs_confirmation,,,,,https://monitor.statnipokladna.gov.cz/api/ukazatele?ic=00300756&obdobi=2412
2024,,single_school,founder:00300764,00300764,Obec Štítina,obec,1,1,4900000,0,4900000,1,32987412,aggregate_candidate_needs_confirmation,,,,,https://monitor.statnipokladna.gov.cz/api/ukazatele?ic=00300764&obdobi=2412
2024,,single_school,founder:00300829,00300829,Obec Velká Polom,obec,1,1,4459820,0,4459820,1,47437927,aggregate_candidate_needs_confirmation,,,,,https://monitor.statnipokladna.gov.cz/api/ukazatele?ic=00300829&obdobi=2412
2024,,single_school,founder:00300837,00300837,Obec Velké Heraltice,obec,1,1,2478475,0,2478475,1,19761116,aggregate_candidate_needs_confirmation,,,,,https://monitor.statnipokladna.gov.cz/api/ukazatele?ic=00300837&obdobi=2412
2024,,single_school,founder:00301019,00301019,Obec Bělotín,obec,1,1,2790000,0,2790000,1,32990265,aggregate_candidate_needs_confirmation,,,,,https://monitor.statnipokladna.gov.cz/api/ukazatele?ic=00301019&obdobi=2412
2024,,single_school,founder:00301051,00301051,Obec Bochoř,obec,1,2,2865422,0,2865422,1,9591185,aggregate_candidate_needs_confirmation,,,,,https://monitor.statnipokladna.gov.cz/api/ukazatele?ic=00301051&obdobi=2412
2024,,single_school,founder:00301116,00301116,Obec Citov,obec,1,1,460000,0,460000,1,3056149,aggregate_candidate_needs_confirmation,,,,,https://monitor.statnipokladna.gov.cz/api/ukazatele?ic=00301116&obdobi=2412
2024,,single_school,founder:00301141,00301141,Obec Černotín,obec,1,1,1147800,0,1147800,1,7103944,aggregate_candidate_needs_confirmation,,,,,https://monitor.statnipokladna.gov.cz/api/ukazatele?ic=00301141&obdobi=2412
2024,,single_school,founder:00301264,00301264,Obec Horní Moštěnice,obec,1,2,3000000,419622,3419622,1,36465612,aggregate_candidate_needs_confirmation,,,,,https://monitor.statnipokladna.gov.cz/api/ukazatele?ic=00301264&obdobi=2412
2024,,single_school,founder:00301299,00301299,Obec Hrabůvka,obec,1,2,685000,0,685000,1,2854111,aggregate_candidate_needs_confirmation,,,,,https://monitor.statnipokladna.gov.cz/api/ukazatele?ic=00301299&obdobi=2412
2024,,single_school,founder:00301345,00301345,Obec Jindřichov,obec,1,1,750000,0,750000,1,5561209,aggregate_candidate_needs_confirmation,,,,,https://monitor.statnipokladna.gov.cz/api/ukazatele?ic=00301345&obdobi=2412
2024,,single_school,founder:00301388,00301388,Obec Kokory,obec,1,1,2704950,0,2704950,1,21466043,aggregate_candidate_needs_confirmation,,,,,https://monitor.statnipokladna.gov.cz/api/ukazatele?ic=00301388&obdobi=2412
2024,,single_school,founder:00301451,00301451,Obec Lazníky,obec,1,1,1020000,0,1020000,1,5069892,aggregate_candidate_needs_confirmation,,,,,https://monitor.statnipokladna.gov.cz/api/ukazatele?ic=00301451&obdobi=2412
2024,,single_school,founder:00301523,00301523,Obec Lobodice,obec,1,1,1785000,0,1785000,1,10323518,aggregate_candidate_needs_confirmation,,,,,https://monitor.statnipokladna.gov.cz/api/ukazatele?ic=00301523&obdobi=2412
2024,,single_school,founder:00301582,00301582,Obec Milenov,obec,1,1,500000,0,500000,1,4502379,aggregate_candidate_needs_confirmation,,,,,https://monitor.statnipokladna.gov.cz/api/ukazatele?ic=00301582&obdobi=2412
2024,,single_school,founder:00301655,00301655,Obec Opatovice,obec,1,1,910000,0,910000,1,7995746,aggregate_candidate_needs_confirmation,,,,,https://monitor.statnipokladna.gov.cz/api/ukazatele?ic=00301655&obdobi=2412
2024,,single_school,founder:00301680,00301680,Obec Osek nad Bečvou,obec,1,2,5756023,390000,6146023,1,36473795,aggregate_candidate_needs_confirmation,,,,,https://monitor.statnipokladna.gov.cz/api/ukazatele?ic=00301680&obdobi=2412
2024,,single_school,founder:00301701,00301701,Obec Partutovice,obec,1,1,1310000,0,1310000,1,6868469,aggregate_candidate_needs_confirmation,,,,,https://monitor.statnipokladna.gov.cz/api/ukazatele?ic=00301701&obdobi=2412
2024,,single_school,founder:00301710,00301710,Obec Pavlovice u Přerova,obec,1,1,1500000,0,1500000,1,19965938,aggregate_candidate_needs_confirmation,,,,,https://monitor.statnipokladna.gov.cz/api/ukazatele?ic=00301710&obdobi=2412
2024,,single_school,founder:00301752,00301752,Obec Polkovice,obec,1,1,1275000,0,1275000,1,9120782,aggregate_candidate_needs_confirmation,,,,,https://monitor.statnipokladna.gov.cz/api/ukazatele?ic=00301752&obdobi=2412
2024,,single_school,founder:00301795,00301795,Město Potštát,obec,1,1,3531731,0,3531731,1,18300455,aggregate_candidate_needs_confirmation,,,,,https://monitor.statnipokladna.gov.cz/api/ukazatele?ic=00301795&obdobi=2412
2024,,single_school,founder:00301809,00301809,Obec Prosenice,obec,1,1,1622467,0,1622467,1,11811607,aggregate_candidate_needs_confirmation,,,,,https://monitor.statnipokladna.gov.cz/api/ukazatele?ic=00301809&obdobi=2412
2024,,single_school,founder:00301884,00301884,Obec Radslavice,obec,1,1,1800000,0,1800000,1,17081431,aggregate_candidate_needs_confirmation,,,,,https://monitor.statnipokladna.gov.cz/api/ukazatele?ic=00301884&obdobi=2412
2024,,single_school,founder:00301914,00301914,Obec Rokytnice,obec,1,1,1600000,0,1600000,1,17758321,aggregate_candidate_needs_confirmation,,,,,https://monitor.statnipokladna.gov.cz/api/ukazatele?ic=00301914&obdobi=2412
2024,,single_school,founder:00301949,00301949,Obec Skalička,obec,1,1,1200000,0,1200000,1,13956360,aggregate_candidate_needs_confirmation,,,,,https://monitor.statnipokladna.gov.cz/api/ukazatele?ic=00301949&obdobi=2412
2024,,single_school,founder:00301965,00301965,Obec Soběchleby,obec,1,2,1940000,60000,2000000,1,19390887,aggregate_candidate_needs_confirmation,,,,,https://monitor.statnipokladna.gov.cz/api/ukazatele?ic=00301965&obdobi=2412
2024,,single_school,founder:00302023,00302023,Obec Střítež nad Ludinou,obec,1,2,1927090,0,1927090,1,18630976,aggregate_candidate_needs_confirmation,,,,,https://monitor.statnipokladna.gov.cz/api/ukazatele?ic=00302023&obdobi=2412
2024,,single_school,founder:00302082,00302082,Město Tovačov,obec,1,1,7077538,0,7077538,1,44815649,aggregate_candidate_needs_confirmation,,,,,https://monitor.statnipokladna.gov.cz/api/ukazatele?ic=00302082&obdobi=2412
2024,,single_school,founder:00302104,00302104,Obec Troubky,obec,1,1,4500000,0,4500000,1,29461916,aggregate_candidate_needs_confirmation,,,,,https://monitor.statnipokladna.gov.cz/api/ukazatele?ic=00302104&obdobi=2412
2024,,single_school,founder:00302198,00302198,Obec Veselíčko,obec,1,1,297572,0,297572,1,5596534,aggregate_candidate_needs_confirmation,,,,,https://monitor.statnipokladna.gov.cz/api/ukazatele?ic=00302198&obdobi=2412
2024,,single_school,founder:00302228,00302228,Obec Všechovice,obec,1,1,3400000,0,3400000,1,26312077,aggregate_candidate_needs_confirmation,,,,,https://monitor.statnipokladna.gov.cz/api/ukazatele?ic=00302228&obdobi=2412
2024,,single_school,founder:00302325,00302325,Obec Bernartice,obec,1,1,900000,0,900000,1,10912757,aggregate_candidate_needs_confirmation,,,,,https://monitor.statnipokladna.gov.cz/api/ukazatele?ic=00302325&obdobi=2412
2024,,single_school,founder:00302333,00302333,Obec Bělá pod Pradědem,obec,1,1,4334606,0,4334606,1,26245994,aggregate_candidate_needs_confirmation,,,,,https://monitor.statnipokladna.gov.cz/api/ukazatele?ic=00302333&obdobi=2412
2024,,single_school,founder:00302376,00302376,Obec Bohdíkov,obec,1,1,1700000,0,1700000,1,15428174,aggregate_candidate_needs_confirmation,,,,,https://monitor.statnipokladna.gov.cz/api/ukazatele?ic=00302376&obdobi=2412
2024,,single_school,founder:00302384,00302384,Obec Bohuslavice,obec,1,1,1425000,0,1425000,1,6687742,aggregate_candidate_needs_confirmation,,,,,https://monitor.statnipokladna.gov.cz/api/ukazatele?ic=00302384&obdobi=2412
2024,,single_school,founder:00302422,00302422,Obec Brníčko,obec,1,1,608000,0,608000,1,7226461,aggregate_candidate_needs_confirmation,,,,,https://monitor.statnipokladna.gov.cz/api/ukazatele?ic=00302422&obdobi=2412
2024,,single_school,founder:00302457,00302457,Obec Bušín,obec,1,1,698657,0,698657,1,5896572,aggregate_candidate_needs_confirmation,,,,,https://monitor.statnipokladna.gov.cz/api/ukazatele?ic=00302457&obdobi=2412
2024,,single_school,founder:00302473,00302473,Obec Černá Voda,obec,1,1,1623621,0,1623621,1,6874006,aggregate_candidate_needs_confirmation,,,,,https://monitor.statnipokladna.gov.cz/api/ukazatele?ic=00302473&obdobi=2412
2024,,single_school,founder:00302538,00302538,Obec Dubicko,obec,1,2,3950143,191386,4141529,1,31121885,aggregate_candidate_needs_confirmation,,,,,https://monitor.statnipokladna.gov.cz/api/ukazatele?ic=00302538&obdobi=2412
2024,,single_school,founder:00302546,00302546,Město Hanušovice,obec,1,1,6973000,0,6973000,1,45674989,aggregate_candidate_needs_confirmation,,,,,https://monitor.statnipokladna.gov.cz/api/ukazatele?ic=00302546&obdobi=2412
2024,,single_school,founder:00302589,00302589,Obec Hoštejn,obec,1,2,980000,1350000,2330000,1,8152406,aggregate_candidate_needs_confirmation,,,,,https://monitor.statnipokladna.gov.cz/api/ukazatele?ic=00302589&obdobi=2412
2024,,single_school,founder:00302619,00302619,Obec Hrabišín,obec,1,1,1950000,0,1950000,1,22208912,aggregate_candidate_needs_confirmation,,,,,https://monitor.statnipokladna.gov.cz/api/ukazatele?ic=00302619&obdobi=2412
2024,,single_school,founder:00302716,00302716,Obec Jedlí,obec,1,1,580000,0,580000,1,7512010,aggregate_candidate_needs_confirmation,,,,,https://monitor.statnipokladna.gov.cz/api/ukazatele?ic=00302716&obdobi=2412
2024,,single_school,founder:00302732,00302732,Obec Jestřebí,obec,1,1,1533000,0,1533000,1,8870725,aggregate_candidate_needs_confirmation,,,,,https://monitor.statnipokladna.gov.cz/api/ukazatele?ic=00302732&obdobi=2412
2024,,single_school,founder:00302741,00302741,Obec Jindřichov,obec,1,1,1600000,0,1600000,1,10912953,aggregate_candidate_needs_confirmation,,,,,https://monitor.statnipokladna.gov.cz/api/ukazatele?ic=00302741&obdobi=2412
2024,,single_school,founder:00302759,00302759,Obec Kamenná,obec,1,1,750000,0,750000,1,7273902,aggregate_candidate_needs_confirmation,,,,,https://monitor.statnipokladna.gov.cz/api/ukazatele?ic=00302759&obdobi=2412
2024,,single_school,founder:00302775,00302775,Obec Klopina,obec,1,1,300000,0,300000,1,2592589,aggregate_candidate_needs_confirmation,,,,,https://monitor.statnipokladna.gov.cz/api/ukazatele?ic=00302775&obdobi=2412
2024,,single_school,founder:00302791,00302791,Obec Kolšov,obec,1,1,811400,0,811400,1,8753881,aggregate_candidate_needs_confirmation,,,,,https://monitor.statnipokladna.gov.cz/api/ukazatele?ic=00302791&obdobi=2412
2024,,single_school,founder:00302813,00302813,Obec Kosov,obec,1,1,144000,0,144000,1,2213423,aggregate_candidate_needs_confirmation,,,,,https://monitor.statnipokladna.gov.cz/api/ukazatele?ic=00302813&obdobi=2412
2024,,single_school,founder:00302872,00302872,Obec Lesnice,obec,1,1,750000,0,750000,1,9053276,aggregate_candidate_needs_confirmation,,,,,https://monitor.statnipokladna.gov.cz/api/ukazatele?ic=00302872&obdobi=2412
2024,,single_school,founder:00302881,00302881,Obec Leština,obec,1,1,2780000,0,2780000,1,14095428,aggregate_candidate_needs_confirmation,,,,,https://monitor.statnipokladna.gov.cz/api/ukazatele?ic=00302881&obdobi=2412
2024,,single_school,founder:00302929,00302929,Obec Lipová - lázně,obec,1,2,6632000,0,6632000,1,30248942,aggregate_candidate_needs_confirmation,,,,,https://monitor.statnipokladna.gov.cz/api/ukazatele?ic=00302929&obdobi=2412
2024,,single_school,founder:00302953,00302953,Obec Loučná nad Desnou,obec,1,1,4035931,0,4035931,1,24313680,aggregate_candidate_needs_confirmation,,,,,https://monitor.statnipokladna.gov.cz/api/ukazatele?ic=00302953&obdobi=2412
2024,,single_school,founder:00302961,00302961,Obec Lukavice,obec,1,1,1410127,0,1410127,1,7266908,aggregate_candidate_needs_confirmation,,,,,https://monitor.statnipokladna.gov.cz/api/ukazatele?ic=00302961&obdobi=2412
2024,,single_school,founder:00302970,00302970,Obec Malá Morava,obec,1,1,802000,0,802000,1,2893242,aggregate_candidate_needs_confirmation,,,,,https://monitor.statnipokladna.gov.cz/api/ukazatele?ic=00302970&obdobi=2412
2024,,single_school,founder:00302988,00302988,Obec Maletín,obec,1,1,955000,0,955000,1,8728027,aggregate_candidate_needs_confirmation,,,,,https://monitor.statnipokladna.gov.cz/api/ukazatele?ic=00302988&obdobi=2412
2024,,single_school,founder:00303089,00303089,Obec Nový Malín,obec,1,1,7078534,0,7078534,1,49004726,aggregate_candidate_needs_confirmation,,,,,https://monitor.statnipokladna.gov.cz/api/ukazatele?ic=00303089&obdobi=2412
2024,,single_school,founder:00303097,00303097,Obec Olšany,obec,1,1,1000000,0,1000000,1,10923233,aggregate_candidate_needs_confirmation,,,,,https://monitor.statnipokladna.gov.cz/api/ukazatele?ic=00303097&obdobi=2412
2024,,single_school,founder:00303101,00303101,Obec Oskava,obec,1,1,5493400,0,5493400,1,17403273,aggregate_candidate_needs_confirmation,,,,,https://monitor.statnipokladna.gov.cz/api/ukazatele?ic=00303101&obdobi=2412
2024,,single_school,founder:00303135,00303135,Obec Pavlov,obec,1,1,1490900,0,1490900,1,5730468,aggregate_candidate_needs_confirmation,,,,,https://monitor.statnipokladna.gov.cz/api/ukazatele?ic=00303135&obdobi=2412
2024,,single_school,founder:00303151,00303151,Obec Písařov,obec,1,1,1035000,0,1035000,1,11739482,aggregate_candidate_needs_confirmation,,,,,https://monitor.statnipokladna.gov.cz/api/ukazatele?ic=00303151&obdobi=2412
2024,,single_school,founder:00303160,00303160,Obec Písečná,obec,1,1,1605000,0,1605000,1,14783323,aggregate_candidate_needs_confirmation,,,,,https://monitor.statnipokladna.gov.cz/api/ukazatele?ic=00303160&obdobi=2412
2024,,single_school,founder:00303267,00303267,Obec Rájec,obec,1,1,1026850,0,1026850,1,7371245,aggregate_candidate_needs_confirmation,,,,,https://monitor.statnipokladna.gov.cz/api/ukazatele?ic=00303267&obdobi=2412
2024,,single_school,founder:00303291,00303291,Obec Rohle,obec,1,2,1571626,120000,1691626,1,13089479,aggregate_candidate_needs_confirmation,,,,,https://monitor.statnipokladna.gov.cz/api/ukazatele?ic=00303291&obdobi=2412
2024,,single_school,founder:00303305,00303305,Obec Rovensko,obec,1,1,1300000,0,1300000,1,12221619,aggregate_candidate_needs_confirmation,,,,,https://monitor.statnipokladna.gov.cz/api/ukazatele?ic=00303305&obdobi=2412
2024,,single_school,founder:00303356,00303356,Obec Stará Červená Voda,obec,1,1,1470000,0,1470000,1,8949001,aggregate_candidate_needs_confirmation,,,,,https://monitor.statnipokladna.gov.cz/api/ukazatele?ic=00303356&obdobi=2412
2024,,single_school,founder:00303364,00303364,Město Staré Město,obec,1,1,3555000,0,3555000,1,27048308,aggregate_candidate_needs_confirmation,,,,,https://monitor.statnipokladna.gov.cz/api/ukazatele?ic=00303364&obdobi=2412
2024,,single_school,founder:00303411,00303411,Obec Sudkov,obec,1,3,1789352,0,1789352,1,22443712,aggregate_candidate_needs_confirmation,,,,,https://monitor.statnipokladna.gov.cz/api/ukazatele?ic=00303411&obdobi=2412
2024,,single_school,founder:00303429,00303429,Obec Supíkovice,obec,1,5,2969000,352482,3321482,1,15769540,aggregate_candidate_needs_confirmation,,,,,https://monitor.statnipokladna.gov.cz/api/ukazatele?ic=00303429&obdobi=2412
2024,,single_school,founder:00303437,00303437,Obec Svébohov,obec,1,1,645000,0,645000,1,5139083,aggregate_candidate_needs_confirmation,,,,,https://monitor.statnipokladna.gov.cz/api/ukazatele?ic=00303437&obdobi=2412
2024,,single_school,founder:00303453,00303453,Město Štíty,obec,1,1,4300000,0,4300000,1,36377271,aggregate_candidate_needs_confirmation,,,,,https://monitor.statnipokladna.gov.cz/api/ukazatele?ic=00303453&obdobi=2412
2024,,single_school,founder:00303500,00303500,Město Úsov,obec,1,1,2499926,0,2499926,1,22339545,aggregate_candidate_needs_confirmation,,,,,https://monitor.statnipokladna.gov.cz/api/ukazatele?ic=00303500&obdobi=2412
2024,,single_school,founder:00303551,00303551,Obec Velké Losiny,obec,1,2,4252000,0,4252000,1,29228431,aggregate_candidate_needs_confirmation,,,,,https://monitor.statnipokladna.gov.cz/api/ukazatele?ic=00303551&obdobi=2412
2024,,single_school,founder:00303666,00303666,Obec Zvole,obec,1,1,900000,0,900000,1,9856946,aggregate_candidate_needs_confirmation,,,,,https://monitor.statnipokladna.gov.cz/api/ukazatele?ic=00303666&obdobi=2412
2024,,single_school,founder:00303712,00303712,Obec Branky,obec,1,2,1725000,60000,1785000,1,10472829,aggregate_candidate_needs_confirmation,,,,,https://monitor.statnipokladna.gov.cz/api/ukazatele?ic=00303712&obdobi=2412
2024,,single_school,founder:00303739,00303739,Obec Bystřička,obec,1,1,1400000,0,1400000,1,5066624,aggregate_candidate_needs_confirmation,,,,,https://monitor.statnipokladna.gov.cz/api/ukazatele?ic=00303739&obdobi=2412
2024,,single_school,founder:00303747,00303747,Obec Dolní Bečva,obec,1,1,3816000,0,3816000,1,28777390,aggregate_candidate_needs_confirmation,,,,,https://monitor.statnipokladna.gov.cz/api/ukazatele?ic=00303747&obdobi=2412
2024,,single_school,founder:00303771,00303771,Obec Horní Bečva,obec,1,2,3700000,0,3700000,1,37396777,aggregate_candidate_needs_confirmation,,,,,https://monitor.statnipokladna.gov.cz/api/ukazatele?ic=00303771&obdobi=2412
2024,,single_school,founder:00303836,00303836,Obec Hutisko-Solanec,obec,1,1,4730000,0,4730000,1,32287179,aggregate_candidate_needs_confirmation,,,,,https://monitor.statnipokladna.gov.cz/api/ukazatele?ic=00303836&obdobi=2412
2024,,single_school,founder:00303844,00303844,Obec Choryně,obec,1,2,1100000,224000,1324000,1,11860889,aggregate_candidate_needs_confirmation,,,,,https://monitor.statnipokladna.gov.cz/api/ukazatele?ic=00303844&obdobi=2412
2024,,single_school,founder:00303879,00303879,Obec Jarcová,obec,1,1,2000000,0,2000000,1,10176099,aggregate_candidate_needs_confirmation,,,,,https://monitor.statnipokladna.gov.cz/api/ukazatele?ic=00303879&obdobi=2412
2024,,single_school,founder:00303917,00303917,Obec Kateřinice,obec,1,2,2600000,200000,2800000,1,13001414,aggregate_candidate_needs_confirmation,,,,,https://monitor.statnipokladna.gov.cz/api/ukazatele?ic=00303917&obdobi=2412
2024,,single_school,founder:00303933,00303933,Obec Kladeruby,obec,1,1,996000,0,996000,1,6991155,aggregate_candidate_needs_confirmation,,,,,https://monitor.statnipokladna.gov.cz/api/ukazatele?ic=00303933&obdobi=2412
2024,,single_school,founder:00303968,00303968,Obec Lačnov,obec,1,1,1528130,0,1528130,1,11172882,aggregate_candidate_needs_confirmation,,,,,https://monitor.statnipokladna.gov.cz/api/ukazatele?ic=00303968&obdobi=2412
2024,,single_school,founder:00303984,00303984,Obec Leskovec,obec,1,1,1172946,0,1172946,1,9045409,aggregate_candidate_needs_confirmation,,,,,https://monitor.statnipokladna.gov.cz/api/ukazatele?ic=00303984&obdobi=2412
2024,,single_school,founder:00304051,00304051,Obec Liptál,obec,1,2,3278664,0,3278664,1,22243622,aggregate_candidate_needs_confirmation,,,,,https://monitor.statnipokladna.gov.cz/api/ukazatele?ic=00304051&obdobi=2412
2024,,single_school,founder:00304069,00304069,Obec Loučka,obec,1,1,2750000,0,2750000,1,22029427,aggregate_candidate_needs_confirmation,,,,,https://monitor.statnipokladna.gov.cz/api/ukazatele?ic=00304069&obdobi=2412
2024,,single_school,founder:00304077,00304077,Obec Lužná,obec,1,1,680000,0,680000,1,3221767,aggregate_candidate_needs_confirmation,,,,,https://monitor.statnipokladna.gov.cz/api/ukazatele?ic=00304077&obdobi=2412
2024,,single_school,founder:00304107,00304107,Obec Mikulůvka,obec,1,1,1400000,0,1400000,1,13066148,aggregate_candidate_needs_confirmation,,,,,https://monitor.statnipokladna.gov.cz/api/ukazatele?ic=00304107&obdobi=2412
2024,,single_school,founder:00304204,00304204,Obec Pozděchov,obec,1,1,1425000,0,1425000,1,15594833,aggregate_candidate_needs_confirmation,,,,,https://monitor.statnipokladna.gov.cz/api/ukazatele?ic=00304204&obdobi=2412
2024,,single_school,founder:00304221,00304221,Obec Prostřední Bečva,obec,1,2,2663395,0,2663395,1,18608090,aggregate_candidate_needs_confirmation,,,,,https://monitor.statnipokladna.gov.cz/api/ukazatele?ic=00304221&obdobi=2412
2024,,single_school,founder:00304336,00304336,Obec Študlov,obec,1,1,1000000,0,1000000,1,6608585,aggregate_candidate_needs_confirmation,,,,,https://monitor.statnipokladna.gov.cz/api/ukazatele?ic=00304336&obdobi=2412
2024,,single_school,founder:00304441,00304441,Obec Vigantice,obec,1,1,1455000,0,1455000,1,9094638,aggregate_candidate_needs_confirmation,,,,,https://monitor.statnipokladna.gov.cz/api/ukazatele?ic=00304441&obdobi=2412
2024,,single_school,founder:00304484,00304484,Obec Zděchov,obec,1,1,1330000,0,1330000,1,6539134,aggregate_candidate_needs_confirmation,,,,,https://monitor.statnipokladna.gov.cz/api/ukazatele?ic=00304484&obdobi=2412
2024,,single_school,founder:00360597,00360597,Obec Drslavice,obec,1,1,400000,0,400000,1,3345795,aggregate_candidate_needs_confirmation,,,,,https://monitor.statnipokladna.gov.cz/api/ukazatele?ic=00360597&obdobi=2412
2024,,single_school,founder:00362174,00362174,Obec Medlovice,obec,1,1,540000,0,540000,1,4415594,aggregate_candidate_needs_confirmation,,,,,https://monitor.statnipokladna.gov.cz/api/ukazatele?ic=00362174&obdobi=2412
2024,,single_school,founder:00362875,00362875,Obec Hradčany,obec,1,1,450000,0,450000,1,2767882,aggregate_candidate_needs_confirmation,,,,,https://monitor.statnipokladna.gov.cz/api/ukazatele?ic=00362875&obdobi=2412
2024,,single_school,founder:00362956,00362956,Obec Chudčice,obec,1,1,1300000,0,1300000,1,7575994,aggregate_candidate_needs_confirmation,,,,,https://monitor.statnipokladna.gov.cz/api/ukazatele?ic=00362956&obdobi=2412
2024,,single_school,founder:00363171,00363171,Obec Kanice,obec,1,2,2420000,0,2420000,1,28200362,aggregate_candidate_needs_confirmation,,,,,https://monitor.statnipokladna.gov.cz/api/ukazatele?ic=00363171&obdobi=2412
2024,,single_school,founder:00363197,00363197,Obec Lomnička,obec,1,1,475600,0,475600,1,3265864,aggregate_candidate_needs_confirmation,,,,,https://monitor.statnipokladna.gov.cz/api/ukazatele?ic=00363197&obdobi=2412
2024,,single_school,founder:00365408,00365408,Obec Ponětovice,obec,1,1,550000,0,550000,1,4077972,aggregate_candidate_needs_confirmation,,,,,https://monitor.statnipokladna.gov.cz/api/ukazatele?ic=00365408&obdobi=2412
2024,,single_school,founder:00365416,00365416,Obec Předklášteří,obec,1,1,2696500,0,2696500,1,20707382,aggregate_candidate_needs_confirmation,,,,,https://monitor.statnipokladna.gov.cz/api/ukazatele?ic=00365416&obdobi=2412
2024,,single_school,founder:00365548,00365548,Obec Štěpánovice,obec,1,1,390000,0,390000,1,2491291,aggregate_candidate_needs_confirmation,,,,,https://monitor.statnipokladna.gov.cz/api/ukazatele?ic=00365548&obdobi=2412
2024,,single_school,founder:00365726,00365726,Obec Trboušany,obec,1,1,250000,0,250000,1,2776827,aggregate_candidate_needs_confirmation,,,,,https://monitor.statnipokladna.gov.cz/api/ukazatele?ic=00365726&obdobi=2412
2024,,missing_finm_total,founder:00366129,00366129,Zřizovatel IČO 00366129,obec,1,0,0,0,0,0,0,founder_source_required,,,,,https://monitor.statnipokladna.gov.cz/api/ukazatele?ic=00366129&obdobi=2412
2024,,single_school,founder:00368067,00368067,Obec Olšany,obec,1,1,792000,0,792000,1,4594583,aggregate_candidate_needs_confirmation,,,,,https://monitor.statnipokladna.gov.cz/api/ukazatele?ic=00368067&obdobi=2412
2024,,single_school,founder:00368652,00368652,Obec Milonice,obec,1,1,550000,0,550000,1,3396308,aggregate_candidate_needs_confirmation,,,,,https://monitor.statnipokladna.gov.cz/api/ukazatele?ic=00368652&obdobi=2412
2024,,single_school,founder:00368687,00368687,Obec Zlámanec,obec,1,1,261000,0,261000,1,2619293,aggregate_candidate_needs_confirmation,,,,,https://monitor.statnipokladna.gov.cz/api/ukazatele?ic=00368687&obdobi=2412
2024,,single_school,founder:00368709,00368709,Obec Podomí,obec,1,1,3000000,0,3000000,1,21302142,aggregate_candidate_needs_confirmation,,,,,https://monitor.statnipokladna.gov.cz/api/ukazatele?ic=00368709&obdobi=2412
2024,,single_school,founder:00368717,00368717,Obec Kobeřice u Brna,obec,1,1,1300000,0,1300000,1,9518939,aggregate_candidate_needs_confirmation,,,,,https://monitor.statnipokladna.gov.cz/api/ukazatele?ic=00368717&obdobi=2412
2024,,single_school,founder:00368725,00368725,Obec Vážany nad Litavou,obec,1,1,625000,0,625000,1,4613547,aggregate_candidate_needs_confirmation,,,,,https://monitor.statnipokladna.gov.cz/api/ukazatele?ic=00368725&obdobi=2412
2024,,single_school,founder:00368768,00368768,Obec Lysovice,obec,1,1,360000,0,360000,1,2632854,aggregate_candidate_needs_confirmation,,,,,https://monitor.statnipokladna.gov.cz/api/ukazatele?ic=00368768&obdobi=2412
2024,,single_school,founder:00372030,00372030,Obec Drysice,obec,1,1,800000,0,800000,1,4625145,aggregate_candidate_needs_confirmation,,,,,https://monitor.statnipokladna.gov.cz/api/ukazatele?ic=00372030&obdobi=2412
2024,,single_school,founder:00372072,00372072,Obec Hlubočany,obec,1,1,650000,0,650000,1,7541221,aggregate_candidate_needs_confirmation,,,,,https://monitor.statnipokladna.gov.cz/api/ukazatele?ic=00372072&obdobi=2412
2024,,single_school,founder:00372081,00372081,Obec Hostěrádky-Rešov,obec,1,1,500000,0,500000,1,3786884,aggregate_candidate_needs_confirmation,,,,,https://monitor.statnipokladna.gov.cz/api/ukazatele?ic=00372081&obdobi=2412
2024,,single_school,founder:00372102,00372102,Obec Hrušky,obec,1,1,824000,0,824000,1,11254137,aggregate_candidate_needs_confirmation,,,,,https://monitor.statnipokladna.gov.cz/api/ukazatele?ic=00372102&obdobi=2412
2024,,single_school,founder:00372480,00372480,Obec Ježkovice,obec,1,1,180062,0,180062,1,2332845,aggregate_candidate_needs_confirmation,,,,,https://monitor.statnipokladna.gov.cz/api/ukazatele?ic=00372480&obdobi=2412
2024,,single_school,founder:00373184,00373184,Obec Luleč,obec,1,1,1050000,0,1050000,1,4483631,aggregate_candidate_needs_confirmation,,,,,https://monitor.statnipokladna.gov.cz/api/ukazatele?ic=00373184&obdobi=2412
2024,,single_school,founder:00373460,00373460,Obec Mouchnice,obec,1,1,560000,0,560000,1,2704691,aggregate_candidate_needs_confirmation,,,,,https://monitor.statnipokladna.gov.cz/api/ukazatele?ic=00373460&obdobi=2412
2024,,single_school,founder:00373508,00373508,Obec Nemochovice,obec,1,1,450000,0,450000,1,2933785,aggregate_candidate_needs_confirmation,,,,,https://monitor.statnipokladna.gov.cz/api/ukazatele?ic=00373508&obdobi=2412
2024,,single_school,founder:00373541,00373541,Obec Orlovice,obec,1,1,790000,0,790000,1,3079821,aggregate_candidate_needs_confirmation,,,,,https://monitor.statnipokladna.gov.cz/api/ukazatele?ic=00373541&obdobi=2412
2024,,single_school,founder:00373567,00373567,Obec Radslavice,obec,1,1,488000,0,488000,1,2578141,aggregate_candidate_needs_confirmation,,,,,https://monitor.statnipokladna.gov.cz/api/ukazatele?ic=00373567&obdobi=2412
2024,,single_school,founder:00373575,00373575,Obec Snovídky,obec,1,1,315000,0,315000,1,2575568,aggregate_candidate_needs_confirmation,,,,,https://monitor.statnipokladna.gov.cz/api/ukazatele?ic=00373575&obdobi=2412
2024,,single_school,founder:00373583,00373583,Obec Tučapy,obec,1,1,975000,0,975000,1,9795976,aggregate_candidate_needs_confirmation,,,,,https://monitor.statnipokladna.gov.cz/api/ukazatele?ic=00373583&obdobi=2412
2024,,single_school,founder:00373591,00373591,Obec Vážany,obec,1,1,730000,0,730000,1,3104548,aggregate_candidate_needs_confirmation,,,,,https://monitor.statnipokladna.gov.cz/api/ukazatele?ic=00373591&obdobi=2412
2024,,single_school,founder:00373664,00373664,Obec Dlouhá Brtnice,obec,1,1,1530000,0,1530000,1,5864836,aggregate_candidate_needs_confirmation,,,,,https://monitor.statnipokladna.gov.cz/api/ukazatele?ic=00373664&obdobi=2412
2024,,single_school,founder:00373729,00373729,Obec Jersín,obec,1,1,404000,0,404000,1,2939022,aggregate_candidate_needs_confirmation,,,,,https://monitor.statnipokladna.gov.cz/api/ukazatele?ic=00373729&obdobi=2412
2024,,single_school,founder:00374440,00374440,Obec Vepřová,obec,1,1,850144,0,850144,1,5408814,aggregate_candidate_needs_confirmation,,,,,https://monitor.statnipokladna.gov.cz/api/ukazatele?ic=00374440&obdobi=2412
2024,,single_school,founder:00374466,00374466,Obec Sázava,obec,1,1,1155000,0,1155000,1,8036243,aggregate_candidate_needs_confirmation,,,,,https://monitor.statnipokladna.gov.cz/api/ukazatele?ic=00374466&obdobi=2412
2024,,single_school,founder:00374903,00374903,Obec Řícmanice,obec,1,1,530000,0,530000,1,2933985,aggregate_candidate_needs_confirmation,,,,,https://monitor.statnipokladna.gov.cz/api/ukazatele?ic=00374903&obdobi=2412
2024,,single_school,founder:00375322,00375322,Obec Ketkovice,obec,1,1,1800000,0,1800000,1,11142965,aggregate_candidate_needs_confirmation,,,,,https://monitor.statnipokladna.gov.cz/api/ukazatele?ic=00375322&obdobi=2412
2024,,single_school,founder:00375381,00375381,Obec Benetice,obec,1,1,600000,0,600000,1,2571844,aggregate_candidate_needs_confirmation,,,,,https://monitor.statnipokladna.gov.cz/api/ukazatele?ic=00375381&obdobi=2412
2024,,single_school,founder:00375403,00375403,Obec Blatnice,obec,1,1,550000,0,550000,1,6139208,aggregate_candidate_needs_confirmation,,,,,https://monitor.statnipokladna.gov.cz/api/ukazatele?ic=00375403&obdobi=2412
2024,,single_school,founder:00376833,00376833,Městys Heraltice,obec,1,1,600000,0,600000,1,6927532,aggregate_candidate_needs_confirmation,,,,,https://monitor.statnipokladna.gov.cz/api/ukazatele?ic=00376833&obdobi=2412
2024,,single_school,founder:00376850,00376850,Obec Hodov,obec,1,1,300000,0,300000,1,2213083,aggregate_candidate_needs_confirmation,,,,,https://monitor.statnipokladna.gov.cz/api/ukazatele?ic=00376850&obdobi=2412
2024,,single_school,founder:00377155,00377155,Městys Ostrovačice,obec,1,1,6731624,0,6731624,1,39255115,aggregate_candidate_needs_confirmation,,,,,https://monitor.statnipokladna.gov.cz/api/ukazatele?ic=00377155&obdobi=2412
2024,,single_school,founder:00377732,00377732,Obec Koněšín,obec,1,1,1046000,0,1046000,1,9335317,aggregate_candidate_needs_confirmation,,,,,https://monitor.statnipokladna.gov.cz/api/ukazatele?ic=00377732&obdobi=2412
2024,,single_school,founder:00378062,00378062,Obec Litohoř,obec,1,1,990000,0,990000,1,6174456,aggregate_candidate_needs_confirmation,,,,,https://monitor.statnipokladna.gov.cz/api/ukazatele?ic=00378062&obdobi=2412
2024,,single_school,founder:00378135,00378135,Obec Lukov,obec,1,1,750000,0,750000,1,9410816,aggregate_candidate_needs_confirmation,,,,,https://monitor.statnipokladna.gov.cz/api/ukazatele?ic=00378135&obdobi=2412
2024,,single_school,founder:00378143,00378143,Obec Markvartice,obec,1,1,469390,0,469390,1,2807925,aggregate_candidate_needs_confirmation,,,,,https://monitor.statnipokladna.gov.cz/api/ukazatele?ic=00378143&obdobi=2412
2024,,single_school,founder:00378194,00378194,Obec Mladoňovice,obec,1,1,730000,0,730000,1,7291030,aggregate_candidate_needs_confirmation,,,,,https://monitor.statnipokladna.gov.cz/api/ukazatele?ic=00378194&obdobi=2412
2024,,single_school,founder:00378216,00378216,obec Nárameč,obec,1,1,310000,0,310000,1,2471521,aggregate_candidate_needs_confirmation,,,,,https://monitor.statnipokladna.gov.cz/api/ukazatele?ic=00378216&obdobi=2412
2024,,single_school,founder:00378470,00378470,Obec Petrovice,obec,1,1,320000,0,320000,1,3058725,aggregate_candidate_needs_confirmation,,,,,https://monitor.statnipokladna.gov.cz/api/ukazatele?ic=00378470&obdobi=2412
2024,,single_school,founder:00378542,00378542,Obec Rudka,obec,1,1,377000,0,377000,1,2881979,aggregate_candidate_needs_confirmation,,,,,https://monitor.statnipokladna.gov.cz/api/ukazatele?ic=00378542&obdobi=2412
2024,,single_school,founder:00378577,00378577,obec Římov,obec,1,1,237000,0,237000,1,2246143,aggregate_candidate_needs_confirmation,,,,,https://monitor.statnipokladna.gov.cz/api/ukazatele?ic=00378577&obdobi=2412
2024,,single_school,founder:00378585,00378585,Obec Sedlec,obec,1,1,500000,0,500000,1,4937092,aggregate_candidate_needs_confirmation,,,,,https://monitor.statnipokladna.gov.cz/api/ukazatele?ic=00378585&obdobi=2412
2024,,single_school,founder:00378691,00378691,Obec Sudice,obec,1,1,700000,0,700000,1,3901902,aggregate_candidate_needs_confirmation,,,,,https://monitor.statnipokladna.gov.cz/api/ukazatele?ic=00378691&obdobi=2412
2024,,single_school,founder:00380865,00380865,obec Karolín,obec,1,1,342014,0,342014,1,2130616,aggregate_candidate_needs_confirmation,,,,,https://monitor.statnipokladna.gov.cz/api/ukazatele?ic=00380865&obdobi=2412
2024,,single_school,founder:00380873,00380873,Obec Vítonice,obec,1,1,480000,0,480000,1,5432294,aggregate_candidate_needs_confirmation,,,,,https://monitor.statnipokladna.gov.cz/api/ukazatele?ic=00380873&obdobi=2412
2024,,single_school,founder:00397342,00397342,Obec Volenice,obec,1,1,1700000,0,1700000,1,22055330,aggregate_candidate_needs_confirmation,,,,,https://monitor.statnipokladna.gov.cz/api/ukazatele?ic=00397342&obdobi=2412
2024,,single_school,founder:00472051,00472051,Městys Zápy,obec,1,1,1115000,0,1115000,1,7012785,aggregate_candidate_needs_confirmation,,,,,https://monitor.statnipokladna.gov.cz/api/ukazatele?ic=00472051&obdobi=2412
2024,,single_school,founder:00473481,00473481,Obec Ratměřice,obec,1,1,308693,0,308693,1,2928903,aggregate_candidate_needs_confirmation,,,,,https://monitor.statnipokladna.gov.cz/api/ukazatele?ic=00473481&obdobi=2412
2024,,single_school,founder:00473766,00473766,Obec Přistoupim,obec,1,1,815500,0,815500,1,5649474,aggregate_candidate_needs_confirmation,,,,,https://monitor.statnipokladna.gov.cz/api/ukazatele?ic=00473766&obdobi=2412
2024,,single_school,founder:00476447,00476447,Obec Horní Ves,obec,1,1,600000,0,600000,1,3745828,aggregate_candidate_needs_confirmation,,,,,https://monitor.statnipokladna.gov.cz/api/ukazatele?ic=00476447&obdobi=2412
2024,,single_school,founder:00477311,00477311,Obec Lužnice,obec,1,1,536500,0,536500,1,6452535,aggregate_candidate_needs_confirmation,,,,,https://monitor.statnipokladna.gov.cz/api/ukazatele?ic=00477311&obdobi=2412
2024,,single_school,founder:00479292,00479292,Obec Kostelec,obec,1,1,842430,0,842430,1,6704049,aggregate_candidate_needs_confirmation,,,,,https://monitor.statnipokladna.gov.cz/api/ukazatele?ic=00479292&obdobi=2412
2024,,single_school,founder:00480002,00480002,Město Horní Blatná,obec,1,1,1452000,0,1452000,1,5573165,aggregate_candidate_needs_confirmation,,,,,https://monitor.statnipokladna.gov.cz/api/ukazatele?ic=00480002&obdobi=2412
2024,,single_school,founder:00480975,00480975,Obec Petrohrad,obec,1,1,1512385,0,1512385,1,8706965,aggregate_candidate_needs_confirmation,,,,,https://monitor.statnipokladna.gov.cz/api/ukazatele?ic=00480975&obdobi=2412
2024,,single_school,founder:00483095,00483095,Obec Liběšice,obec,1,1,1000000,0,1000000,1,9596501,aggregate_candidate_needs_confirmation,,,,,https://monitor.statnipokladna.gov.cz/api/ukazatele?ic=00483095&obdobi=2412
2024,,single_school,founder:00483109,00483109,Obec Lipno,obec,1,2,2457929,4896734,7354663,1,15442095,aggregate_candidate_needs_confirmation,,,,,https://monitor.statnipokladna.gov.cz/api/ukazatele?ic=00483109&obdobi=2412
2024,,single_school,founder:00485667,00485667,Obec Bítovany,obec,1,1,370000,0,370000,1,5443810,aggregate_candidate_needs_confirmation,,,,,https://monitor.statnipokladna.gov.cz/api/ukazatele?ic=00485667&obdobi=2412
2024,,single_school,founder:00486299,00486299,Obec Červená Hora,obec,1,1,120000,0,120000,1,3010229,aggregate_candidate_needs_confirmation,,,,,https://monitor.statnipokladna.gov.cz/api/ukazatele?ic=00486299&obdobi=2412
2024,,single_school,founder:00487520,00487520,Obec Radostice,obec,1,1,980000,0,980000,1,10681991,aggregate_candidate_needs_confirmation,,,,,https://monitor.statnipokladna.gov.cz/api/ukazatele?ic=00487520&obdobi=2412
2024,,single_school,founder:00488038,00488038,Obec Malešovice,obec,1,1,1000000,0,1000000,1,5553283,aggregate_candidate_needs_confirmation,,,,,https://monitor.statnipokladna.gov.cz/api/ukazatele?ic=00488038&obdobi=2412
2024,,single_school,founder:00488046,00488046,Městys Medlov,obec,1,1,2840000,0,2840000,1,12515022,aggregate_candidate_needs_confirmation,,,,,https://monitor.statnipokladna.gov.cz/api/ukazatele?ic=00488046&obdobi=2412
2024,,single_school,founder:00488054,00488054,Obec Němčičky,obec,1,1,520000,0,520000,1,2917279,aggregate_candidate_needs_confirmation,,,,,https://monitor.statnipokladna.gov.cz/api/ukazatele?ic=00488054&obdobi=2412
2024,,single_school,founder:00488071,00488071,Obec Pravlov,obec,1,1,1050000,0,1050000,1,4977523,aggregate_candidate_needs_confirmation,,,,,https://monitor.statnipokladna.gov.cz/api/ukazatele?ic=00488071&obdobi=2412
2024,,single_school,founder:00488089,00488089,Obec Rebešovice,obec,1,1,1590000,0,1590000,1,6566981,aggregate_candidate_needs_confirmation,,,,,https://monitor.statnipokladna.gov.cz/api/ukazatele?ic=00488089&obdobi=2412
2024,,single_school,founder:00488097,00488097,obec Nebovidy,obec,1,1,1020000,0,1020000,1,5297954,aggregate_candidate_needs_confirmation,,,,,https://monitor.statnipokladna.gov.cz/api/ukazatele?ic=00488097&obdobi=2412
2024,,single_school,founder:00488127,00488127,Obec Bratčice,obec,1,1,3450000,0,3450000,1,12629324,aggregate_candidate_needs_confirmation,,,,,https://monitor.statnipokladna.gov.cz/api/ukazatele?ic=00488127&obdobi=2412
2024,,single_school,founder:00488143,00488143,Obec Holasice,obec,1,1,3080316,0,3080316,1,18060715,aggregate_candidate_needs_confirmation,,,,,https://monitor.statnipokladna.gov.cz/api/ukazatele?ic=00488143&obdobi=2412
2024,,single_school,founder:00488151,00488151,Obec Hostěnice,obec,1,1,840000,0,840000,1,4697068,aggregate_candidate_needs_confirmation,,,,,https://monitor.statnipokladna.gov.cz/api/ukazatele?ic=00488151&obdobi=2412
2024,,single_school,founder:00488160,00488160,Obec Kobylnice,obec,1,1,2000000,0,2000000,1,15153092,aggregate_candidate_needs_confirmation,,,,,https://monitor.statnipokladna.gov.cz/api/ukazatele?ic=00488160&obdobi=2412
2024,,single_school,founder:00488178,00488178,Obec Kovalovice,obec,1,2,670000,100000,770000,1,7070658,aggregate_candidate_needs_confirmation,,,,,https://monitor.statnipokladna.gov.cz/api/ukazatele?ic=00488178&obdobi=2412
2024,,single_school,founder:00488208,00488208,Obec Moravské Bránice,obec,1,1,1300000,0,1300000,1,10133316,aggregate_candidate_needs_confirmation,,,,,https://monitor.statnipokladna.gov.cz/api/ukazatele?ic=00488208&obdobi=2412
2024,,single_school,founder:00488216,00488216,Obec Moravské Knínice,obec,1,1,2125000,0,2125000,1,18180681,aggregate_candidate_needs_confirmation,,,,,https://monitor.statnipokladna.gov.cz/api/ukazatele?ic=00488216&obdobi=2412
2024,,single_school,founder:00488224,00488224,Obec Nové Bránice,obec,1,1,1840000,0,1840000,1,6906574,aggregate_candidate_needs_confirmation,,,,,https://monitor.statnipokladna.gov.cz/api/ukazatele?ic=00488224&obdobi=2412
2024,,single_school,founder:00488232,00488232,Obec Omice,obec,1,1,1098000,0,1098000,1,3643551,aggregate_candidate_needs_confirmation,,,,,https://monitor.statnipokladna.gov.cz/api/ukazatele?ic=00488232&obdobi=2412
2024,,single_school,founder:00488283,00488283,Obec Přísnotice,obec,1,1,1500000,0,1500000,1,12664414,aggregate_candidate_needs_confirmation,,,,,https://monitor.statnipokladna.gov.cz/api/ukazatele?ic=00488283&obdobi=2412
2024,,single_school,founder:00488305,00488305,Obec Silůvky,obec,1,1,1066000,0,1066000,1,7780875,aggregate_candidate_needs_confirmation,,,,,https://monitor.statnipokladna.gov.cz/api/ukazatele?ic=00488305&obdobi=2412
2024,,single_school,founder:00488313,00488313,Obec Sivice,obec,1,1,1560000,0,1560000,1,16094841,aggregate_candidate_needs_confirmation,,,,,https://monitor.statnipokladna.gov.cz/api/ukazatele?ic=00488313&obdobi=2412
2024,,single_school,founder:00488321,00488321,Obec Sobotovice,obec,1,1,342968,0,342968,1,2919446,aggregate_candidate_needs_confirmation,,,,,https://monitor.statnipokladna.gov.cz/api/ukazatele?ic=00488321&obdobi=2412
2024,,single_school,founder:00488348,00488348,Obec Újezd u Rosic,obec,1,1,350000,0,350000,1,4182414,aggregate_candidate_needs_confirmation,,,,,https://monitor.statnipokladna.gov.cz/api/ukazatele?ic=00488348&obdobi=2412
2024,,single_school,founder:00488356,00488356,Obec Unkovice,obec,1,1,1200000,0,1200000,1,9060629,aggregate_candidate_needs_confirmation,,,,,https://monitor.statnipokladna.gov.cz/api/ukazatele?ic=00488356&obdobi=2412
2024,,single_school,founder:00488364,00488364,Obec Velatice,obec,1,1,730000,0,730000,1,5219175,aggregate_candidate_needs_confirmation,,,,,https://monitor.statnipokladna.gov.cz/api/ukazatele?ic=00488364&obdobi=2412
2024,,single_school,founder:00488372,00488372,Obec Viničné Šumice,obec,1,1,1306767,0,1306767,1,16225741,aggregate_candidate_needs_confirmation,,,,,https://monitor.statnipokladna.gov.cz/api/ukazatele?ic=00488372&obdobi=2412
2024,,single_school,founder:00488381,00488381,Obec Vojkovice,obec,1,1,1400000,0,1400000,1,11689075,aggregate_candidate_needs_confirmation,,,,,https://monitor.statnipokladna.gov.cz/api/ukazatele?ic=00488381&obdobi=2412
2024,,single_school,founder:00488399,00488399,Obec Zastávka,obec,1,4,6120000,0,6120000,1,51391154,aggregate_candidate_needs_confirmation,,,,,https://monitor.statnipokladna.gov.cz/api/ukazatele?ic=00488399&obdobi=2412
2024,,single_school,founder:00488445,00488445,Obec Nechvalín,obec,1,1,1057000,0,1057000,1,5149127,aggregate_candidate_needs_confirmation,,,,,https://monitor.statnipokladna.gov.cz/api/ukazatele?ic=00488445&obdobi=2412
2024,,single_school,founder:00488488,00488488,Obec Javorník,obec,1,1,1511693,0,1511693,1,10736418,aggregate_candidate_needs_confirmation,,,,,https://monitor.statnipokladna.gov.cz/api/ukazatele?ic=00488488&obdobi=2412
2024,,single_school,founder:00488526,00488526,Obec Rohatec,obec,1,2,5570000,1080390,6650390,1,35849785,aggregate_candidate_needs_confirmation,,,,,https://monitor.statnipokladna.gov.cz/api/ukazatele?ic=00488526&obdobi=2412
2024,,single_school,founder:00488534,00488534,Obec Skoronice,obec,1,1,760000,0,760000,1,2969076,aggregate_candidate_needs_confirmation,,,,,https://monitor.statnipokladna.gov.cz/api/ukazatele?ic=00488534&obdobi=2412
2024,,single_school,founder:00488615,00488615,Obec Cejle,obec,1,1,520000,0,520000,1,5694083,aggregate_candidate_needs_confirmation,,,,,https://monitor.statnipokladna.gov.cz/api/ukazatele?ic=00488615&obdobi=2412
2024,,single_school,founder:00488658,00488658,Obec Růžená,obec,1,1,500000,0,500000,1,5927367,aggregate_candidate_needs_confirmation,,,,,https://monitor.statnipokladna.gov.cz/api/ukazatele?ic=00488658&obdobi=2412
2024,,single_school,founder:00488852,00488852,Obec Nenkovice,obec,1,1,1200000,0,1200000,1,19295826,aggregate_candidate_needs_confirmation,,,,,https://monitor.statnipokladna.gov.cz/api/ukazatele?ic=00488852&obdobi=2412
2024,,single_school,founder:00488861,00488861,Obec Kozojídky,obec,1,1,202768,0,202768,1,2814069,aggregate_candidate_needs_confirmation,,,,,https://monitor.statnipokladna.gov.cz/api/ukazatele?ic=00488861&obdobi=2412
2024,,single_school,founder:00488879,00488879,Obec Tasov,obec,1,1,750000,0,750000,1,3706229,aggregate_candidate_needs_confirmation,,,,,https://monitor.statnipokladna.gov.cz/api/ukazatele?ic=00488879&obdobi=2412
2024,,single_school,founder:00488895,00488895,Obec Chvalčov,obec,1,1,2575000,0,2575000,1,13787719,aggregate_candidate_needs_confirmation,,,,,https://monitor.statnipokladna.gov.cz/api/ukazatele?ic=00488895&obdobi=2412
2024,,single_school,founder:00488909,00488909,obec Skaštice,obec,1,1,331000,0,331000,1,2422546,aggregate_candidate_needs_confirmation,,,,,https://monitor.statnipokladna.gov.cz/api/ukazatele?ic=00488909&obdobi=2412
2024,,single_school,founder:00489450,00489450,Obec Březí,obec,1,1,330000,0,330000,1,2473565,aggregate_candidate_needs_confirmation,,,,,https://monitor.statnipokladna.gov.cz/api/ukazatele?ic=00489450&obdobi=2412
2024,,single_school,founder:00491845,00491845,Obec Košařiska,obec,1,1,914104,0,914104,1,11836026,aggregate_candidate_needs_confirmation,,,,,https://monitor.statnipokladna.gov.cz/api/ukazatele?ic=00491845&obdobi=2412
2024,,single_school,founder:00492868,00492868,Obec Nýdek,obec,1,1,2610000,0,2610000,1,23669834,aggregate_candidate_needs_confirmation,,,,,https://monitor.statnipokladna.gov.cz/api/ukazatele?ic=00492868&obdobi=2412
2024,,single_school,founder:00493619,00493619,Obec Janovice,obec,1,2,5613605,178395,5792000,1,31229986,aggregate_candidate_needs_confirmation,,,,,https://monitor.statnipokladna.gov.cz/api/ukazatele?ic=00493619&obdobi=2412
2024,,single_school,founder:00494216,00494216,Obec Pržno,obec,1,1,2600000,0,2600000,1,13327109,aggregate_candidate_needs_confirmation,,,,,https://monitor.statnipokladna.gov.cz/api/ukazatele?ic=00494216&obdobi=2412
2024,,single_school,founder:00494232,00494232,Obec Komorní Lhotka,obec,1,1,1770000,0,1770000,1,15775349,aggregate_candidate_needs_confirmation,,,,,https://monitor.statnipokladna.gov.cz/api/ukazatele?ic=00494232&obdobi=2412
2024,,single_school,founder:00494241,00494241,Obec Dolní Domaslavice,obec,1,1,2900000,0,2900000,1,30274504,aggregate_candidate_needs_confirmation,,,,,https://monitor.statnipokladna.gov.cz/api/ukazatele?ic=00494241&obdobi=2412
2024,,single_school,founder:00497011,00497011,Obec Licibořice,obec,1,1,300000,0,300000,1,2772927,aggregate_candidate_needs_confirmation,,,,,https://monitor.statnipokladna.gov.cz/api/ukazatele?ic=00497011&obdobi=2412
2024,,single_school,founder:00507644,00507644,Obec Vestec,obec,1,1,3425000,0,3425000,1,17758290,aggregate_candidate_needs_confirmation,,,,,https://monitor.statnipokladna.gov.cz/api/ukazatele?ic=00507644&obdobi=2412
2024,,single_school,founder:00508896,00508896,Obec Dalovice,obec,1,2,1644000,0,1644000,1,15614429,aggregate_candidate_needs_confirmation,,,,,https://monitor.statnipokladna.gov.cz/api/ukazatele?ic=00508896&obdobi=2412
2024,,single_school,founder:00508926,00508926,Obec Zdětín,obec,1,1,460000,0,460000,1,3043281,aggregate_candidate_needs_confirmation,,,,,https://monitor.statnipokladna.gov.cz/api/ukazatele?ic=00508926&obdobi=2412
2024,,single_school,founder:00508942,00508942,Obec Dlouhá Lhota,obec,1,1,200000,0,200000,1,2580202,aggregate_candidate_needs_confirmation,,,,,https://monitor.statnipokladna.gov.cz/api/ukazatele?ic=00508942&obdobi=2412
2024,,single_school,founder:00509001,00509001,Obec Vlkava,obec,1,1,587300,0,587300,1,3366189,aggregate_candidate_needs_confirmation,,,,,https://monitor.statnipokladna.gov.cz/api/ukazatele?ic=00509001&obdobi=2412
2024,,single_school,founder:00509035,00509035,Obec Rohatsko,obec,1,1,300000,0,300000,1,3528819,aggregate_candidate_needs_confirmation,,,,,https://monitor.statnipokladna.gov.cz/api/ukazatele?ic=00509035&obdobi=2412
2024,,single_school,founder:00509043,00509043,Obec Mečeříž,obec,1,1,826500,0,826500,1,4852792,aggregate_candidate_needs_confirmation,,,,,https://monitor.statnipokladna.gov.cz/api/ukazatele?ic=00509043&obdobi=2412
2024,,single_school,founder:00509116,00509116,Obec Charvatce,obec,1,1,230000,0,230000,1,2051410,aggregate_candidate_needs_confirmation,,,,,https://monitor.statnipokladna.gov.cz/api/ukazatele?ic=00509116&obdobi=2412
2024,,single_school,founder:00509124,00509124,Obec Chudíř,obec,1,1,497000,0,497000,1,4467637,aggregate_candidate_needs_confirmation,,,,,https://monitor.statnipokladna.gov.cz/api/ukazatele?ic=00509124&obdobi=2412
2024,,single_school,founder:00509329,00509329,Obec Březina,obec,1,1,600000,0,600000,1,5646346,aggregate_candidate_needs_confirmation,,,,,https://monitor.statnipokladna.gov.cz/api/ukazatele?ic=00509329&obdobi=2412
2024,,single_school,founder:00509337,00509337,Obec Dolní Stakory,obec,1,1,840000,0,840000,1,2683672,aggregate_candidate_needs_confirmation,,,,,https://monitor.statnipokladna.gov.cz/api/ukazatele?ic=00509337&obdobi=2412
2024,,single_school,founder:00509655,00509655,Obec Chodouň,obec,1,1,750000,0,750000,1,4877422,aggregate_candidate_needs_confirmation,,,,,https://monitor.statnipokladna.gov.cz/api/ukazatele?ic=00509655&obdobi=2412
2024,,single_school,founder:00509663,00509663,Obec Chrustenice,obec,1,1,480000,0,480000,1,2988176,aggregate_candidate_needs_confirmation,,,,,https://monitor.statnipokladna.gov.cz/api/ukazatele?ic=00509663&obdobi=2412
2024,,single_school,founder:00510530,00510530,Zřizovatel IČO 00510530,obec,1,1,1400000,0,1400000,1,6069567,aggregate_candidate_needs_confirmation,,,,,https://monitor.statnipokladna.gov.cz/api/ukazatele?ic=00510530&obdobi=2412
2024,,single_school,founder:00510548,00510548,Obec Liblice,obec,1,1,533100,0,533100,1,2896799,aggregate_candidate_needs_confirmation,,,,,https://monitor.statnipokladna.gov.cz/api/ukazatele?ic=00510548&obdobi=2412
2024,,missing_finm_total,founder:00510564,00510564,Obec Konětopy,obec,1,0,0,0,0,1,2759985,founder_source_required,,,,,https://monitor.statnipokladna.gov.cz/api/ukazatele?ic=00510564&obdobi=2412
2024,,single_school,founder:00511200,00511200,Obec Rodinov,obec,1,1,310000,0,310000,1,2397719,aggregate_candidate_needs_confirmation,,,,,https://monitor.statnipokladna.gov.cz/api/ukazatele?ic=00511200&obdobi=2412
2024,,single_school,founder:00511315,00511315,Obec Kojčice,obec,1,1,330000,0,330000,1,3246670,aggregate_candidate_needs_confirmation,,,,,https://monitor.statnipokladna.gov.cz/api/ukazatele?ic=00511315&obdobi=2412
2024,,single_school,founder:00511692,00511692,Obec Zbelítov,obec,1,1,100000,0,100000,1,2192696,aggregate_candidate_needs_confirmation,,,,,https://monitor.statnipokladna.gov.cz/api/ukazatele?ic=00511692&obdobi=2412
2024,,single_school,founder:00512699,00512699,Obec Plavsko,obec,1,1,950000,0,950000,1,12012143,aggregate_candidate_needs_confirmation,,,,,https://monitor.statnipokladna.gov.cz/api/ukazatele?ic=00512699&obdobi=2412
2024,,single_school,founder:00512737,00512737,Obec Střížovice,obec,1,1,433000,0,433000,1,2728652,aggregate_candidate_needs_confirmation,,,,,https://monitor.statnipokladna.gov.cz/api/ukazatele?ic=00512737&obdobi=2412
2024,,single_school,founder:00512915,00512915,Obec Báňovice,obec,1,1,200000,0,200000,1,2329184,aggregate_candidate_needs_confirmation,,,,,https://monitor.statnipokladna.gov.cz/api/ukazatele?ic=00512915&obdobi=2412
2024,,single_school,founder:00515761,00515761,Obec Olešná,obec,1,1,1000000,0,1000000,1,14314525,aggregate_candidate_needs_confirmation,,,,,https://monitor.statnipokladna.gov.cz/api/ukazatele?ic=00515761&obdobi=2412
2024,,single_school,founder:00515809,00515809,Obec Zachotín,obec,1,1,352000,0,352000,1,2043584,aggregate_candidate_needs_confirmation,,,,,https://monitor.statnipokladna.gov.cz/api/ukazatele?ic=00515809&obdobi=2412
2024,,single_school,founder:00515817,00515817,Obec Rynárec,obec,1,1,1565917,0,1565917,1,11213796,aggregate_candidate_needs_confirmation,,,,,https://monitor.statnipokladna.gov.cz/api/ukazatele?ic=00515817&obdobi=2412
2024,,single_school,founder:00519391,00519391,Obec Raková,obec,1,1,220000,0,220000,1,2582191,aggregate_candidate_needs_confirmation,,,,,https://monitor.statnipokladna.gov.cz/api/ukazatele?ic=00519391&obdobi=2412
2024,,single_school,founder:00524212,00524212,Obec Rybniště,obec,1,1,1400000,0,1400000,1,9622376,aggregate_candidate_needs_confirmation,,,,,https://monitor.statnipokladna.gov.cz/api/ukazatele?ic=00524212&obdobi=2412
2024,,single_school,founder:00524221,00524221,Obec Horní Podluží,obec,1,1,217000,0,217000,1,3031240,aggregate_candidate_needs_confirmation,,,,,https://monitor.statnipokladna.gov.cz/api/ukazatele?ic=00524221&obdobi=2412
2024,,single_school,founder:00524301,00524301,Obec Kunratice u Cvikova,obec,1,1,750000,0,750000,1,6315782,aggregate_candidate_needs_confirmation,,,,,https://monitor.statnipokladna.gov.cz/api/ukazatele?ic=00524301&obdobi=2412
2024,,single_school,founder:00524743,00524743,Obec Blíževedly,obec,1,1,630000,0,630000,1,5711987,aggregate_candidate_needs_confirmation,,,,,https://monitor.statnipokladna.gov.cz/api/ukazatele?ic=00524743&obdobi=2412
2024,,single_school,founder:00524760,00524760,Obec Provodín,obec,1,1,870000,0,870000,1,5531569,aggregate_candidate_needs_confirmation,,,,,https://monitor.statnipokladna.gov.cz/api/ukazatele?ic=00524760&obdobi=2412
2024,,single_school,founder:00525049,00525049,Obec Malá Veleň,obec,1,1,170000,0,170000,1,2942363,aggregate_candidate_needs_confirmation,,,,,https://monitor.statnipokladna.gov.cz/api/ukazatele?ic=00525049&obdobi=2412
2024,,single_school,founder:00525197,00525197,Obec Prysk,obec,1,1,1060000,0,1060000,1,7573186,aggregate_candidate_needs_confirmation,,,,,https://monitor.statnipokladna.gov.cz/api/ukazatele?ic=00525197&obdobi=2412
2024,,single_school,founder:00525405,00525405,Obec Polevsko,obec,1,1,1000000,0,1000000,1,11903221,aggregate_candidate_needs_confirmation,,,,,https://monitor.statnipokladna.gov.cz/api/ukazatele?ic=00525405&obdobi=2412
2024,,single_school,founder:00525677,00525677,Obec Sloup v Čechách,obec,1,1,530000,0,530000,1,11825480,aggregate_candidate_needs_confirmation,,,,,https://monitor.statnipokladna.gov.cz/api/ukazatele?ic=00525677&obdobi=2412
2024,,single_school,founder:00525707,00525707,Obec Dubnice,obec,1,1,1500000,0,1500000,1,10238941,aggregate_candidate_needs_confirmation,,,,,https://monitor.statnipokladna.gov.cz/api/ukazatele?ic=00525707&obdobi=2412
2024,,single_school,founder:00526045,00526045,Obec Malé Žernoseky,obec,1,1,357300,0,357300,1,4241553,aggregate_candidate_needs_confirmation,,,,,https://monitor.statnipokladna.gov.cz/api/ukazatele?ic=00526045&obdobi=2412
2024,,single_school,founder:00526061,00526061,Obec Vrutice,obec,1,1,350000,0,350000,1,2418179,aggregate_candidate_needs_confirmation,,,,,https://monitor.statnipokladna.gov.cz/api/ukazatele?ic=00526061&obdobi=2412
2024,,single_school,founder:00526088,00526088,Obec Radovesice,obec,1,1,845000,0,845000,1,5013332,aggregate_candidate_needs_confirmation,,,,,https://monitor.statnipokladna.gov.cz/api/ukazatele?ic=00526088&obdobi=2412
2024,,single_school,founder:00526096,00526096,Obec Chotěšov,obec,1,1,420000,0,420000,1,2613822,aggregate_candidate_needs_confirmation,,,,,https://monitor.statnipokladna.gov.cz/api/ukazatele?ic=00526096&obdobi=2412
2024,,single_school,founder:00526134,00526134,Obec Lukavec,obec,1,1,200000,0,200000,1,2072506,aggregate_candidate_needs_confirmation,,,,,https://monitor.statnipokladna.gov.cz/api/ukazatele?ic=00526134&obdobi=2412
2024,,single_school,founder:00526461,00526461,Obec Dobříň,obec,1,1,600000,0,600000,1,3193107,aggregate_candidate_needs_confirmation,,,,,https://monitor.statnipokladna.gov.cz/api/ukazatele?ic=00526461&obdobi=2412
2024,,single_school,founder:00526479,00526479,Obec Židovice,obec,1,1,504000,0,504000,1,2840369,aggregate_candidate_needs_confirmation,,,,,https://monitor.statnipokladna.gov.cz/api/ukazatele?ic=00526479&obdobi=2412
2024,,single_school,founder:00531677,00531677,Obec Křižánky,obec,1,1,1131564,0,1131564,1,4237863,aggregate_candidate_needs_confirmation,,,,,https://monitor.statnipokladna.gov.cz/api/ukazatele?ic=00531677&obdobi=2412
2024,,single_school,founder:00532088,00532088,Obec Brumov,obec,1,1,290000,0,290000,1,2358196,aggregate_candidate_needs_confirmation,,,,,https://monitor.statnipokladna.gov.cz/api/ukazatele?ic=00532088&obdobi=2412
2024,,single_school,founder:00532096,00532096,Obec Bukovina,obec,1,1,1600000,0,1600000,1,8041406,aggregate_candidate_needs_confirmation,,,,,https://monitor.statnipokladna.gov.cz/api/ukazatele?ic=00532096&obdobi=2412
2024,,single_school,founder:00532100,00532100,Obec Bukovinka,obec,1,1,981798,0,981798,1,5760489,aggregate_candidate_needs_confirmation,,,,,https://monitor.statnipokladna.gov.cz/api/ukazatele?ic=00532100&obdobi=2412
2024,,single_school,founder:00532118,00532118,Obec Deštná,obec,1,1,1100000,0,1100000,1,7404738,aggregate_candidate_needs_confirmation,,,,,https://monitor.statnipokladna.gov.cz/api/ukazatele?ic=00532118&obdobi=2412
2024,,single_school,founder:00533947,00533947,Obec Chlebičov,obec,1,1,2230880,0,2230880,1,13959247,aggregate_candidate_needs_confirmation,,,,,https://monitor.statnipokladna.gov.cz/api/ukazatele?ic=00533947&obdobi=2412
2024,,single_school,founder:00534650,00534650,Obec Bělá,obec,1,1,1000000,0,1000000,1,6873400,aggregate_candidate_needs_confirmation,,,,,https://monitor.statnipokladna.gov.cz/api/ukazatele?ic=00534650&obdobi=2412
2024,,single_school,founder:00534668,00534668,Obec Strahovice,obec,1,1,1000000,0,1000000,1,9376837,aggregate_candidate_needs_confirmation,,,,,https://monitor.statnipokladna.gov.cz/api/ukazatele?ic=00534668&obdobi=2412
2024,,single_school,founder:00534722,00534722,Obec Kyjovice,obec,1,1,1495000,0,1495000,1,11461407,aggregate_candidate_needs_confirmation,,,,,https://monitor.statnipokladna.gov.cz/api/ukazatele?ic=00534722&obdobi=2412
2024,,single_school,founder:00535117,00535117,Obec Těškovice,obec,1,1,1200000,0,1200000,1,10190199,aggregate_candidate_needs_confirmation,,,,,https://monitor.statnipokladna.gov.cz/api/ukazatele?ic=00535117&obdobi=2412
2024,,single_school,founder:00535141,00535141,Obec Čavisov,obec,1,1,380000,0,380000,1,2551093,aggregate_candidate_needs_confirmation,,,,,https://monitor.statnipokladna.gov.cz/api/ukazatele?ic=00535141&obdobi=2412
2024,,single_school,founder:00535931,00535931,Obec Bocanovice,obec,1,1,200000,0,200000,1,2835139,aggregate_candidate_needs_confirmation,,,,,https://monitor.statnipokladna.gov.cz/api/ukazatele?ic=00535931&obdobi=2412
2024,,single_school,founder:00535966,00535966,Obec Dolní Lomná,obec,1,1,1668000,0,1668000,1,11815952,aggregate_candidate_needs_confirmation,,,,,https://monitor.statnipokladna.gov.cz/api/ukazatele?ic=00535966&obdobi=2412
2024,,single_school,founder:00535982,00535982,Obec Písek,obec,1,2,5751892,64372,5816264,1,42071740,aggregate_candidate_needs_confirmation,,,,,https://monitor.statnipokladna.gov.cz/api/ukazatele?ic=00535982&obdobi=2412
2024,,single_school,founder:00535991,00535991,Obec Metylovice,obec,1,2,2519150,235000,2754150,1,15416500,aggregate_candidate_needs_confirmation,,,,,https://monitor.statnipokladna.gov.cz/api/ukazatele?ic=00535991&obdobi=2412
2024,,single_school,founder:00536008,00536008,Obec Horní Domaslavice,obec,1,1,865000,0,865000,1,5684846,aggregate_candidate_needs_confirmation,,,,,https://monitor.statnipokladna.gov.cz/api/ukazatele?ic=00536008&obdobi=2412
2024,,single_school,founder:00542229,00542229,Obec Stříbrnice,obec,1,1,422000,0,422000,1,2477460,aggregate_candidate_needs_confirmation,,,,,https://monitor.statnipokladna.gov.cz/api/ukazatele?ic=00542229&obdobi=2412
2024,,single_school,founder:00542253,00542253,Obec Břestek,obec,1,1,660000,0,660000,1,4521671,aggregate_candidate_needs_confirmation,,,,,https://monitor.statnipokladna.gov.cz/api/ukazatele?ic=00542253&obdobi=2412
2024,,single_school,founder:00542261,00542261,Obec Sušice,obec,1,1,400000,0,400000,1,2652893,aggregate_candidate_needs_confirmation,,,,,https://monitor.statnipokladna.gov.cz/api/ukazatele?ic=00542261&obdobi=2412
2024,,single_school,founder:00542300,00542300,Obec Ořechov,obec,1,1,1245458,0,1245458,1,8211010,aggregate_candidate_needs_confirmation,,,,,https://monitor.statnipokladna.gov.cz/api/ukazatele?ic=00542300&obdobi=2412
2024,,single_school,founder:00542318,00542318,Obec Vážany,obec,1,1,220000,0,220000,1,1963000,aggregate_candidate_needs_confirmation,,,,,https://monitor.statnipokladna.gov.cz/api/ukazatele?ic=00542318&obdobi=2412
2024,,single_school,founder:00542326,00542326,Obec Pašovice,obec,1,1,350000,0,350000,1,2462303,aggregate_candidate_needs_confirmation,,,,,https://monitor.statnipokladna.gov.cz/api/ukazatele?ic=00542326&obdobi=2412
2024,,single_school,founder:00542369,00542369,Obec Jankovice,obec,1,1,225000,0,225000,1,2367043,aggregate_candidate_needs_confirmation,,,,,https://monitor.statnipokladna.gov.cz/api/ukazatele?ic=00542369&obdobi=2412
2024,,single_school,founder:00542377,00542377,Obec Košíky,obec,1,1,550000,0,550000,1,2708150,aggregate_candidate_needs_confirmation,,,,,https://monitor.statnipokladna.gov.cz/api/ukazatele?ic=00542377&obdobi=2412
2024,,single_school,founder:00542385,00542385,Obec Veletiny,obec,1,1,350000,0,350000,1,2546447,aggregate_candidate_needs_confirmation,,,,,https://monitor.statnipokladna.gov.cz/api/ukazatele?ic=00542385&obdobi=2412
2024,,single_school,founder:00542393,00542393,Obec Tupesy,obec,1,1,2500000,0,2500000,1,25432775,aggregate_candidate_needs_confirmation,,,,,https://monitor.statnipokladna.gov.cz/api/ukazatele?ic=00542393&obdobi=2412
2024,,single_school,founder:00542415,00542415,Obec Medlovice,obec,1,1,354000,0,354000,1,2850001,aggregate_candidate_needs_confirmation,,,,,https://monitor.statnipokladna.gov.cz/api/ukazatele?ic=00542415&obdobi=2412
2024,,single_school,founder:00542423,00542423,Obec Holubice,obec,1,2,4522839,0,4522839,1,20476410,aggregate_candidate_needs_confirmation,,,,,https://monitor.statnipokladna.gov.cz/api/ukazatele?ic=00542423&obdobi=2412
2024,,single_school,founder:00542431,00542431,Obec Křižanovice,obec,1,1,1000000,0,1000000,1,9470380,aggregate_candidate_needs_confirmation,,,,,https://monitor.statnipokladna.gov.cz/api/ukazatele?ic=00542431&obdobi=2412
2024,,single_school,founder:00542440,00542440,Obec Zbýšov,obec,1,1,320000,0,320000,1,3951805,aggregate_candidate_needs_confirmation,,,,,https://monitor.statnipokladna.gov.cz/api/ukazatele?ic=00542440&obdobi=2412
2024,,single_school,founder:00542458,00542458,Obec Heršpice,obec,1,1,1430000,0,1430000,1,10031740,aggregate_candidate_needs_confirmation,,,,,https://monitor.statnipokladna.gov.cz/api/ukazatele?ic=00542458&obdobi=2412
2024,,single_school,founder:00543713,00543713,Obec Malý Beranov,obec,1,1,300000,0,300000,1,2598289,aggregate_candidate_needs_confirmation,,,,,https://monitor.statnipokladna.gov.cz/api/ukazatele?ic=00543713&obdobi=2412
2024,,single_school,founder:00543730,00543730,Obec Rantířov,obec,1,1,440000,0,440000,1,3922993,aggregate_candidate_needs_confirmation,,,,,https://monitor.statnipokladna.gov.cz/api/ukazatele?ic=00543730&obdobi=2412
2024,,single_school,founder:00543870,00543870,Obec Hamry nad Sázavou,obec,1,1,1700000,0,1700000,1,13592933,aggregate_candidate_needs_confirmation,,,,,https://monitor.statnipokladna.gov.cz/api/ukazatele?ic=00543870&obdobi=2412
2024,,single_school,founder:00544175,00544175,Obec Dobrá Voda,obec,1,1,465000,0,465000,1,6260597,aggregate_candidate_needs_confirmation,,,,,https://monitor.statnipokladna.gov.cz/api/ukazatele?ic=00544175&obdobi=2412
2024,,single_school,founder:00544418,00544418,Obec Pavlov,obec,1,1,240000,0,240000,1,2301989,aggregate_candidate_needs_confirmation,,,,,https://monitor.statnipokladna.gov.cz/api/ukazatele?ic=00544418&obdobi=2412
2024,,single_school,founder:00544507,00544507,Obec Všemina,obec,1,1,2400000,0,2400000,1,9895616,aggregate_candidate_needs_confirmation,,,,,https://monitor.statnipokladna.gov.cz/api/ukazatele?ic=00544507&obdobi=2412
2024,,single_school,founder:00544558,00544558,Obec Rymice,obec,1,1,705953,0,705953,1,7948751,aggregate_candidate_needs_confirmation,,,,,https://monitor.statnipokladna.gov.cz/api/ukazatele?ic=00544558&obdobi=2412
2024,,single_school,founder:00544566,00544566,Obec Pravčice,obec,1,1,1499240,0,1499240,1,5807216,aggregate_candidate_needs_confirmation,,,,,https://monitor.statnipokladna.gov.cz/api/ukazatele?ic=00544566&obdobi=2412
2024,,single_school,founder:00544604,00544604,obec Němčice,obec,1,1,140000,0,140000,1,2186233,aggregate_candidate_needs_confirmation,,,,,https://monitor.statnipokladna.gov.cz/api/ukazatele?ic=00544604&obdobi=2412
2024,,single_school,founder:00544701,00544701,Obec Kuželov,obec,1,1,1490000,0,1490000,1,14944371,aggregate_candidate_needs_confirmation,,,,,https://monitor.statnipokladna.gov.cz/api/ukazatele?ic=00544701&obdobi=2412
2024,,single_school,founder:00545031,00545031,Obec Světnov,obec,1,1,1130000,0,1130000,1,6762274,aggregate_candidate_needs_confirmation,,,,,https://monitor.statnipokladna.gov.cz/api/ukazatele?ic=00545031&obdobi=2412
2024,,single_school,founder:00545171,00545171,Obec Malá Losenice,obec,1,1,232367,0,232367,1,2252383,aggregate_candidate_needs_confirmation,,,,,https://monitor.statnipokladna.gov.cz/api/ukazatele?ic=00545171&obdobi=2412
2024,,single_school,founder:00545406,00545406,Obec Křoví,obec,1,1,987450,0,987450,1,7661883,aggregate_candidate_needs_confirmation,,,,,https://monitor.statnipokladna.gov.cz/api/ukazatele?ic=00545406&obdobi=2412
2024,,single_school,founder:00545422,00545422,Obec Radňovice,obec,1,1,700000,0,700000,1,6876746,aggregate_candidate_needs_confirmation,,,,,https://monitor.statnipokladna.gov.cz/api/ukazatele?ic=00545422&obdobi=2412
2024,,single_school,founder:00545627,00545627,Obec Třebenice,obec,1,2,440000,150000,590000,1,2353950,aggregate_candidate_needs_confirmation,,,,,https://monitor.statnipokladna.gov.cz/api/ukazatele?ic=00545627&obdobi=2412
2024,,single_school,founder:00545759,00545759,Obec Poděšín,obec,1,1,190000,0,190000,1,2358317,aggregate_candidate_needs_confirmation,,,,,https://monitor.statnipokladna.gov.cz/api/ukazatele?ic=00545759&obdobi=2412
2024,,single_school,founder:00545775,00545775,Obec Ořechov,obec,1,1,440000,0,440000,1,4114667,aggregate_candidate_needs_confirmation,,,,,https://monitor.statnipokladna.gov.cz/api/ukazatele?ic=00545775&obdobi=2412
2024,,single_school,founder:00546739,00546739,Obec Obyčtov,obec,1,1,260000,0,260000,1,2408986,aggregate_candidate_needs_confirmation,,,,,https://monitor.statnipokladna.gov.cz/api/ukazatele?ic=00546739&obdobi=2412
2024,,single_school,founder:00547905,00547905,Obec Dřevnovice,obec,1,1,491848,0,491848,1,2791422,aggregate_candidate_needs_confirmation,,,,,https://monitor.statnipokladna.gov.cz/api/ukazatele?ic=00547905&obdobi=2412
2024,,single_school,founder:00554839,00554839,Obec Sulejovice,obec,1,1,1649000,0,1649000,1,11859551,aggregate_candidate_needs_confirmation,,,,,https://monitor.statnipokladna.gov.cz/api/ukazatele?ic=00554839&obdobi=2412
2024,,single_school,founder:00554847,00554847,Obec Vchynice,obec,1,1,425000,0,425000,1,2750578,aggregate_candidate_needs_confirmation,,,,,https://monitor.statnipokladna.gov.cz/api/ukazatele?ic=00554847&obdobi=2412
2024,,single_school,founder:00555207,00555207,Obec Podsedice,obec,1,1,1565000,0,1565000,1,5224599,aggregate_candidate_needs_confirmation,,,,,https://monitor.statnipokladna.gov.cz/api/ukazatele?ic=00555207&obdobi=2412
2024,,single_school,founder:00555215,00555215,Obec Přestavlky,obec,1,1,481000,0,481000,1,2375566,aggregate_candidate_needs_confirmation,,,,,https://monitor.statnipokladna.gov.cz/api/ukazatele?ic=00555215&obdobi=2412
2024,,single_school,founder:00555444,00555444,Obec Horní Libchava,obec,1,1,1400000,0,1400000,1,12344429,aggregate_candidate_needs_confirmation,,,,,https://monitor.statnipokladna.gov.cz/api/ukazatele?ic=00555444&obdobi=2412
2024,,single_school,founder:00555886,00555886,Obec Velká Bukovina,obec,1,1,302600,0,302600,1,2939022,aggregate_candidate_needs_confirmation,,,,,https://monitor.statnipokladna.gov.cz/api/ukazatele?ic=00555886&obdobi=2412
2024,,single_school,founder:00555916,00555916,Obec Markvartice,obec,1,1,1938963,0,1938963,1,23081222,aggregate_candidate_needs_confirmation,,,,,https://monitor.statnipokladna.gov.cz/api/ukazatele?ic=00555916&obdobi=2412
2024,,single_school,founder:00555924,00555924,Obec Dolní Habartice,obec,1,1,985000,0,985000,1,10151829,aggregate_candidate_needs_confirmation,,,,,https://monitor.statnipokladna.gov.cz/api/ukazatele?ic=00555924&obdobi=2412
2024,,single_school,founder:00555932,00555932,Obec Horní Habartice,obec,1,1,649083,0,649083,1,4623683,aggregate_candidate_needs_confirmation,,,,,https://monitor.statnipokladna.gov.cz/api/ukazatele?ic=00555932&obdobi=2412
2024,,single_school,founder:00555967,00555967,Obec Valkeřice,obec,1,1,240000,0,240000,1,2702434,aggregate_candidate_needs_confirmation,,,,,https://monitor.statnipokladna.gov.cz/api/ukazatele?ic=00555967&obdobi=2412
2024,,single_school,founder:00555975,00555975,Obec Dobrná,obec,1,1,382500,0,382500,1,3436370,aggregate_candidate_needs_confirmation,,,,,https://monitor.statnipokladna.gov.cz/api/ukazatele?ic=00555975&obdobi=2412
2024,,single_school,founder:00555983,00555983,Obec Lobendava,obec,1,1,360000,0,360000,1,3182314,aggregate_candidate_needs_confirmation,,,,,https://monitor.statnipokladna.gov.cz/api/ukazatele?ic=00555983&obdobi=2412
2024,,single_school,founder:00556025,00556025,Obec Janov,obec,1,1,268000,0,268000,1,4914025,aggregate_candidate_needs_confirmation,,,,,https://monitor.statnipokladna.gov.cz/api/ukazatele?ic=00556025&obdobi=2412
2024,,single_school,founder:00556211,00556211,Obec Chotiměř,obec,1,1,430000,0,430000,1,2183954,aggregate_candidate_needs_confirmation,,,,,https://monitor.statnipokladna.gov.cz/api/ukazatele?ic=00556211&obdobi=2412
2024,,single_school,founder:00556238,00556238,Obec Bitozeves,obec,1,1,2003000,0,2003000,1,12154387,aggregate_candidate_needs_confirmation,,,,,https://monitor.statnipokladna.gov.cz/api/ukazatele?ic=00556238&obdobi=2412
2024,,single_school,founder:00556262,00556262,Městys Cítoliby,obec,1,2,1933000,0,1933000,1,14180344,aggregate_candidate_needs_confirmation,,,,,https://monitor.statnipokladna.gov.cz/api/ukazatele?ic=00556262&obdobi=2412
2024,,single_school,founder:00556271,00556271,Obec Černčice,obec,1,1,4833086,0,4833086,1,37222888,aggregate_candidate_needs_confirmation,,,,,https://monitor.statnipokladna.gov.cz/api/ukazatele?ic=00556271&obdobi=2412
2024,,single_school,founder:00556297,00556297,Obec Holedeč,obec,1,1,610000,0,610000,1,3626167,aggregate_candidate_needs_confirmation,,,,,https://monitor.statnipokladna.gov.cz/api/ukazatele?ic=00556297&obdobi=2412
2024,,single_school,founder:00556327,00556327,Obec Jimlín,obec,1,1,1455445,0,1455445,1,8984615,aggregate_candidate_needs_confirmation,,,,,https://monitor.statnipokladna.gov.cz/api/ukazatele?ic=00556327&obdobi=2412
2024,,single_school,founder:00556432,00556432,Obec Staňkovice,obec,1,1,1500000,0,1500000,1,11079066,aggregate_candidate_needs_confirmation,,,,,https://monitor.statnipokladna.gov.cz/api/ukazatele?ic=00556432&obdobi=2412
2024,,single_school,founder:00556475,00556475,Obec Veltěže,obec,1,1,450000,0,450000,1,3388236,aggregate_candidate_needs_confirmation,,,,,https://monitor.statnipokladna.gov.cz/api/ukazatele?ic=00556475&obdobi=2412
2024,,single_school,founder:00556483,00556483,Obec Vrbno nad Lesy,obec,1,1,450000,0,450000,1,3426203,aggregate_candidate_needs_confirmation,,,,,https://monitor.statnipokladna.gov.cz/api/ukazatele?ic=00556483&obdobi=2412
2024,,single_school,founder:00556891,00556891,Obec Malé Březno,obec,1,1,550000,0,550000,1,3336515,aggregate_candidate_needs_confirmation,,,,,https://monitor.statnipokladna.gov.cz/api/ukazatele?ic=00556891&obdobi=2412
2024,,single_school,founder:00557889,00557889,Obec Drnovice,obec,1,1,600000,0,600000,1,6518992,aggregate_candidate_needs_confirmation,,,,,https://monitor.statnipokladna.gov.cz/api/ukazatele?ic=00557889&obdobi=2412
2024,,single_school,founder:00561193,00561193,Obec Neplachovice,obec,1,1,5158000,0,5158000,1,38455777,aggregate_candidate_needs_confirmation,,,,,https://monitor.statnipokladna.gov.cz/api/ukazatele?ic=00561193&obdobi=2412
2024,,single_school,founder:00568511,00568511,Obec Březová,obec,1,1,300000,0,300000,1,2528770,aggregate_candidate_needs_confirmation,,,,,https://monitor.statnipokladna.gov.cz/api/ukazatele?ic=00568511&obdobi=2412
2024,,single_school,founder:00568546,00568546,Obec Držková,obec,1,1,558649,0,558649,1,2805704,aggregate_candidate_needs_confirmation,,,,,https://monitor.statnipokladna.gov.cz/api/ukazatele?ic=00568546&obdobi=2412
2024,,single_school,founder:00568554,00568554,Obec Horní Lhota,obec,1,1,997970,0,997970,1,997970,aggregate_candidate_needs_confirmation,,,,,https://monitor.statnipokladna.gov.cz/api/ukazatele?ic=00568554&obdobi=2412
2024,,single_school,founder:00568571,00568571,obec Hrobice,obec,1,1,472000,0,472000,1,4439559,aggregate_candidate_needs_confirmation,,,,,https://monitor.statnipokladna.gov.cz/api/ukazatele?ic=00568571&obdobi=2412
2024,,single_school,founder:00568597,00568597,Obec Komárov,obec,1,1,384000,0,384000,1,2986271,aggregate_candidate_needs_confirmation,,,,,https://monitor.statnipokladna.gov.cz/api/ukazatele?ic=00568597&obdobi=2412
2024,,single_school,founder:00568627,00568627,Obec Lípa,obec,1,1,480000,0,480000,1,5155581,aggregate_candidate_needs_confirmation,,,,,https://monitor.statnipokladna.gov.cz/api/ukazatele?ic=00568627&obdobi=2412
2024,,single_school,founder:00568635,00568635,Obec Lhota,obec,1,1,500000,0,500000,1,4469002,aggregate_candidate_needs_confirmation,,,,,https://monitor.statnipokladna.gov.cz/api/ukazatele?ic=00568635&obdobi=2412
2024,,single_school,founder:00568643,00568643,Obec Loučka,obec,1,1,325000,0,325000,1,2496123,aggregate_candidate_needs_confirmation,,,,,https://monitor.statnipokladna.gov.cz/api/ukazatele?ic=00568643&obdobi=2412
2024,,single_school,founder:00568651,00568651,obec Machová,obec,1,1,348000,0,348000,1,3291849,aggregate_candidate_needs_confirmation,,,,,https://monitor.statnipokladna.gov.cz/api/ukazatele?ic=00568651&obdobi=2412
2024,,single_school,founder:00568660,00568660,Obec Neubuz,obec,1,1,350000,0,350000,1,3839665,aggregate_candidate_needs_confirmation,,,,,https://monitor.statnipokladna.gov.cz/api/ukazatele?ic=00568660&obdobi=2412
2024,,single_school,founder:00568686,00568686,Obec Pohořelice,obec,1,2,500000,0,500000,1,13558127,aggregate_candidate_needs_confirmation,,,,,https://monitor.statnipokladna.gov.cz/api/ukazatele?ic=00568686&obdobi=2412
2024,,single_school,founder:00568694,00568694,Obec Poteč,obec,1,1,185000,0,185000,1,2460388,aggregate_candidate_needs_confirmation,,,,,https://monitor.statnipokladna.gov.cz/api/ukazatele?ic=00568694&obdobi=2412
2024,,single_school,founder:00568708,00568708,Městys Pozlovice,obec,1,3,1680000,0,1680000,1,17905603,aggregate_candidate_needs_confirmation,,,,,https://monitor.statnipokladna.gov.cz/api/ukazatele?ic=00568708&obdobi=2412
2024,,single_school,founder:00568716,00568716,Obec Sazovice,obec,1,1,1300000,0,1300000,1,9513380,aggregate_candidate_needs_confirmation,,,,,https://monitor.statnipokladna.gov.cz/api/ukazatele?ic=00568716&obdobi=2412
2024,,single_school,founder:00568724,00568724,Obec Sehradice,obec,1,1,600000,0,600000,1,6624561,aggregate_candidate_needs_confirmation,,,,,https://monitor.statnipokladna.gov.cz/api/ukazatele?ic=00568724&obdobi=2412
2024,,single_school,founder:00568732,00568732,Obec Slopné,obec,1,1,260000,0,260000,1,5915784,aggregate_candidate_needs_confirmation,,,,,https://monitor.statnipokladna.gov.cz/api/ukazatele?ic=00568732&obdobi=2412
2024,,single_school,founder:00568741,00568741,Obec Tečovice,obec,1,1,1260660,0,1260660,1,16798879,aggregate_candidate_needs_confirmation,,,,,https://monitor.statnipokladna.gov.cz/api/ukazatele?ic=00568741&obdobi=2412
2024,,single_school,founder:00568759,00568759,Obec Ublo,obec,1,1,420000,0,420000,1,2758516,aggregate_candidate_needs_confirmation,,,,,https://monitor.statnipokladna.gov.cz/api/ukazatele?ic=00568759&obdobi=2412
2024,,single_school,founder:00572179,00572179,Obec Pasečnice,obec,1,1,250000,0,250000,1,2130046,aggregate_candidate_needs_confirmation,,,,,https://monitor.statnipokladna.gov.cz/api/ukazatele?ic=00572179&obdobi=2412
2024,,single_school,founder:00572209,00572209,Obec Trhanov,obec,1,1,500000,0,500000,1,4948753,aggregate_candidate_needs_confirmation,,,,,https://monitor.statnipokladna.gov.cz/api/ukazatele?ic=00572209&obdobi=2412
2024,,single_school,founder:00572292,00572292,Obec Nový Kramolín,obec,1,1,565000,0,565000,1,3069089,aggregate_candidate_needs_confirmation,,,,,https://monitor.statnipokladna.gov.cz/api/ukazatele?ic=00572292&obdobi=2412
2024,,single_school,founder:00572357,00572357,Obec Kvíčovice,obec,1,1,190973,0,190973,1,3436715,aggregate_candidate_needs_confirmation,,,,,https://monitor.statnipokladna.gov.cz/api/ukazatele?ic=00572357&obdobi=2412
2024,,single_school,founder:00572535,00572535,Obec Úsilov,obec,1,1,300000,0,300000,1,2694680,aggregate_candidate_needs_confirmation,,,,,https://monitor.statnipokladna.gov.cz/api/ukazatele?ic=00572535&obdobi=2412
2024,,single_school,founder:00572543,00572543,Obec Chodská Lhota,obec,1,1,255500,0,255500,1,2209222,aggregate_candidate_needs_confirmation,,,,,https://monitor.statnipokladna.gov.cz/api/ukazatele?ic=00572543&obdobi=2412
2024,,single_school,founder:00572551,00572551,Obec Babylon,obec,1,1,240000,0,240000,1,2666065,aggregate_candidate_needs_confirmation,,,,,https://monitor.statnipokladna.gov.cz/api/ukazatele?ic=00572551&obdobi=2412
2024,,single_school,founder:00572608,00572608,Obec Brnířov,obec,1,1,224687,0,224687,1,2519423,aggregate_candidate_needs_confirmation,,,,,https://monitor.statnipokladna.gov.cz/api/ukazatele?ic=00572608&obdobi=2412
2024,,single_school,founder:00572659,00572659,Obec Mířkov,obec,1,1,510000,0,510000,1,2670128,aggregate_candidate_needs_confirmation,,,,,https://monitor.statnipokladna.gov.cz/api/ukazatele?ic=00572659&obdobi=2412
2024,,single_school,founder:00572675,00572675,obec Krásná,obec,1,1,800000,0,800000,1,2284000,aggregate_candidate_needs_confirmation,,,,,https://monitor.statnipokladna.gov.cz/api/ukazatele?ic=00572675&obdobi=2412
2024,,single_school,founder:00572691,00572691,Obec Okrouhlá,obec,1,1,360000,0,360000,1,2159667,aggregate_candidate_needs_confirmation,,,,,https://monitor.statnipokladna.gov.cz/api/ukazatele?ic=00572691&obdobi=2412
2024,,single_school,founder:00572705,00572705,Obec Třebeň,obec,1,1,191000,0,191000,1,2409056,aggregate_candidate_needs_confirmation,,,,,https://monitor.statnipokladna.gov.cz/api/ukazatele?ic=00572705&obdobi=2412
2024,,single_school,founder:00572748,00572748,Obec Stará Voda,obec,1,1,700000,0,700000,1,4563375,aggregate_candidate_needs_confirmation,,,,,https://monitor.statnipokladna.gov.cz/api/ukazatele?ic=00572748&obdobi=2412
2024,,single_school,founder:00572861,00572861,Obec Rochlov,obec,1,1,438281,0,438281,1,6546571,aggregate_candidate_needs_confirmation,,,,,https://monitor.statnipokladna.gov.cz/api/ukazatele?ic=00572861&obdobi=2412
2024,,single_school,founder:00572969,00572969,Obec Rybnice,obec,1,1,380000,0,380000,1,2477885,aggregate_candidate_needs_confirmation,,,,,https://monitor.statnipokladna.gov.cz/api/ukazatele?ic=00572969&obdobi=2412
2024,,single_school,founder:00573132,00573132,Obec Dolní Rychnov,obec,1,1,600000,0,600000,1,5392384,aggregate_candidate_needs_confirmation,,,,,https://monitor.statnipokladna.gov.cz/api/ukazatele?ic=00573132&obdobi=2412
2024,,single_school,founder:00573141,00573141,Městys Svatava,obec,1,1,3005000,0,3005000,1,13502052,aggregate_candidate_needs_confirmation,,,,,https://monitor.statnipokladna.gov.cz/api/ukazatele?ic=00573141&obdobi=2412
2024,,single_school,founder:00573159,00573159,Obec Šabina,obec,1,1,310000,0,310000,1,2344322,aggregate_candidate_needs_confirmation,,,,,https://monitor.statnipokladna.gov.cz/api/ukazatele?ic=00573159&obdobi=2412
2024,,single_school,founder:00573167,00573167,Obec Krásno,obec,1,1,757600,0,757600,1,4112366,aggregate_candidate_needs_confirmation,,,,,https://monitor.statnipokladna.gov.cz/api/ukazatele?ic=00573167&obdobi=2412
2024,,single_school,founder:00573183,00573183,Obec Božičany,obec,1,1,1600000,0,1600000,1,7302716,aggregate_candidate_needs_confirmation,,,,,https://monitor.statnipokladna.gov.cz/api/ukazatele?ic=00573183&obdobi=2412
2024,,single_school,founder:00573191,00573191,Obec Březová,obec,1,1,700000,0,700000,1,4549185,aggregate_candidate_needs_confirmation,,,,,https://monitor.statnipokladna.gov.cz/api/ukazatele?ic=00573191&obdobi=2412
2024,,single_school,founder:00573213,00573213,Obec Dalovice,obec,1,1,2441000,0,2441000,1,23487991,aggregate_candidate_needs_confirmation,,,,,https://monitor.statnipokladna.gov.cz/api/ukazatele?ic=00573213&obdobi=2412
2024,,single_school,founder:00573256,00573256,Město Krásné Údolí,obec,1,1,264826,0,264826,1,2668290,aggregate_candidate_needs_confirmation,,,,,https://monitor.statnipokladna.gov.cz/api/ukazatele?ic=00573256&obdobi=2412
2024,,single_school,founder:00573337,00573337,Obec  Svéradice,obec,1,1,250000,0,250000,1,2486116,aggregate_candidate_needs_confirmation,,,,,https://monitor.statnipokladna.gov.cz/api/ukazatele?ic=00573337&obdobi=2412
2024,,single_school,founder:00573388,00573388,Obec Borovy,obec,1,1,343000,0,343000,1,3160946,aggregate_candidate_needs_confirmation,,,,,https://monitor.statnipokladna.gov.cz/api/ukazatele?ic=00573388&obdobi=2412
2024,,single_school,founder:00573744,00573744,Obec Studánka,obec,1,1,350000,0,350000,1,2804974,aggregate_candidate_needs_confirmation,,,,,https://monitor.statnipokladna.gov.cz/api/ukazatele?ic=00573744&obdobi=2412
2024,,single_school,founder:00573752,00573752,Obec Lom u Tachova,obec,1,1,800000,0,800000,1,7086231,aggregate_candidate_needs_confirmation,,,,,https://monitor.statnipokladna.gov.cz/api/ukazatele?ic=00573752&obdobi=2412
2024,,single_school,founder:00573809,00573809,Obec Tisová,obec,1,1,700000,0,700000,1,3058405,aggregate_candidate_needs_confirmation,,,,,https://monitor.statnipokladna.gov.cz/api/ukazatele?ic=00573809&obdobi=2412
2024,,single_school,founder:00573957,00573957,Obec Kamenný Újezd,obec,1,1,520000,0,520000,1,3444299,aggregate_candidate_needs_confirmation,,,,,https://monitor.statnipokladna.gov.cz/api/ukazatele?ic=00573957&obdobi=2412
2024,,single_school,founder:00574147,00574147,Obec Oplot,obec,1,1,250000,0,250000,1,2590154,aggregate_candidate_needs_confirmation,,,,,https://monitor.statnipokladna.gov.cz/api/ukazatele?ic=00574147&obdobi=2412
2024,,single_school,founder:00574155,00574155,Obec Letkov,obec,1,1,450000,0,450000,1,4275548,aggregate_candidate_needs_confirmation,,,,,https://monitor.statnipokladna.gov.cz/api/ukazatele?ic=00574155&obdobi=2412
2024,,single_school,founder:00575640,00575640,Obec Krčmaň,obec,1,1,820000,0,820000,1,2865556,aggregate_candidate_needs_confirmation,,,,,https://monitor.statnipokladna.gov.cz/api/ukazatele?ic=00575640&obdobi=2412
2024,,single_school,founder:00575666,00575666,Obec Medlov,obec,1,1,2000000,0,2000000,1,24269095,aggregate_candidate_needs_confirmation,,,,,https://monitor.statnipokladna.gov.cz/api/ukazatele?ic=00575666&obdobi=2412
2024,,single_school,founder:00575950,00575950,Obec Stará Ves,obec,1,1,1625000,0,1625000,1,11335765,aggregate_candidate_needs_confirmation,,,,,https://monitor.statnipokladna.gov.cz/api/ukazatele?ic=00575950&obdobi=2412
2024,,single_school,founder:00575976,00575976,Město Andělská Hora,obec,1,1,2848000,0,2848000,1,18865993,aggregate_candidate_needs_confirmation,,,,,https://monitor.statnipokladna.gov.cz/api/ukazatele?ic=00575976&obdobi=2412
2024,,single_school,founder:00575984,00575984,Obec Rudná pod Pradědem,obec,1,1,650000,0,650000,1,6525914,aggregate_candidate_needs_confirmation,,,,,https://monitor.statnipokladna.gov.cz/api/ukazatele?ic=00575984&obdobi=2412
2024,,single_school,founder:00576018,00576018,Obec Velká Štáhle,obec,1,1,440000,0,440000,1,3213769,aggregate_candidate_needs_confirmation,,,,,https://monitor.statnipokladna.gov.cz/api/ukazatele?ic=00576018&obdobi=2412
2024,,single_school,founder:00576042,00576042,Obec Moravskoslezský Kočov,obec,1,1,340000,0,340000,1,2587975,aggregate_candidate_needs_confirmation,,,,,https://monitor.statnipokladna.gov.cz/api/ukazatele?ic=00576042&obdobi=2412
2024,,single_school,founder:00576051,00576051,Obec Staré Město,obec,1,1,680000,0,680000,1,3579045,aggregate_candidate_needs_confirmation,,,,,https://monitor.statnipokladna.gov.cz/api/ukazatele?ic=00576051&obdobi=2412
2024,,single_school,founder:00576077,00576077,Obec Staré Heřminovy,obec,1,1,230000,0,230000,1,2736729,aggregate_candidate_needs_confirmation,,,,,https://monitor.statnipokladna.gov.cz/api/ukazatele?ic=00576077&obdobi=2412
2024,,single_school,founder:00576085,00576085,Obec Horní Životice,obec,1,1,620000,0,620000,1,3549097,aggregate_candidate_needs_confirmation,,,,,https://monitor.statnipokladna.gov.cz/api/ukazatele?ic=00576085&obdobi=2412
2024,,single_school,founder:00576115,00576115,Obec Dívčí Hrad,obec,1,1,969000,0,969000,1,7158999,aggregate_candidate_needs_confirmation,,,,,https://monitor.statnipokladna.gov.cz/api/ukazatele?ic=00576115&obdobi=2412
2024,,single_school,founder:00576255,00576255,Obec Přáslavice,obec,1,1,2526045,0,2526045,1,18260920,aggregate_candidate_needs_confirmation,,,,,https://monitor.statnipokladna.gov.cz/api/ukazatele?ic=00576255&obdobi=2412
2024,,single_school,founder:00576263,00576263,Obec Bukovany,obec,1,1,350000,0,350000,1,4482793,aggregate_candidate_needs_confirmation,,,,,https://monitor.statnipokladna.gov.cz/api/ukazatele?ic=00576263&obdobi=2412
2024,,single_school,founder:00576867,00576867,Obec Žabeň,obec,1,1,2390000,0,2390000,1,13832335,aggregate_candidate_needs_confirmation,,,,,https://monitor.statnipokladna.gov.cz/api/ukazatele?ic=00576867&obdobi=2412
2024,,single_school,founder:00576905,00576905,Obec Smilovice,obec,1,1,1690000,0,1690000,1,14690120,aggregate_candidate_needs_confirmation,,,,,https://monitor.statnipokladna.gov.cz/api/ukazatele?ic=00576905&obdobi=2412
2024,,single_school,founder:00576913,00576913,Obec Střítež,obec,1,1,2045346,0,2045346,1,14080527,aggregate_candidate_needs_confirmation,,,,,https://monitor.statnipokladna.gov.cz/api/ukazatele?ic=00576913&obdobi=2412
2024,,single_school,founder:00576921,00576921,Obec Třanovice,obec,1,1,1500000,0,1500000,1,17756589,aggregate_candidate_needs_confirmation,,,,,https://monitor.statnipokladna.gov.cz/api/ukazatele?ic=00576921&obdobi=2412
2024,,single_school,founder:00576948,00576948,Obec Staré Město,obec,1,1,3500000,0,3500000,1,29108446,aggregate_candidate_needs_confirmation,,,,,https://monitor.statnipokladna.gov.cz/api/ukazatele?ic=00576948&obdobi=2412
2024,,single_school,founder:00576956,00576956,Obec Staříč,obec,1,1,6000000,0,6000000,1,25013890,aggregate_candidate_needs_confirmation,,,,,https://monitor.statnipokladna.gov.cz/api/ukazatele?ic=00576956&obdobi=2412
2024,,single_school,founder:00576972,00576972,Obec Pstruží,obec,1,1,1500000,0,1500000,1,13297021,aggregate_candidate_needs_confirmation,,,,,https://monitor.statnipokladna.gov.cz/api/ukazatele?ic=00576972&obdobi=2412
2024,,single_school,founder:00576981,00576981,Obec Soběšovice,obec,1,1,1761600,0,1761600,1,9196756,aggregate_candidate_needs_confirmation,,,,,https://monitor.statnipokladna.gov.cz/api/ukazatele?ic=00576981&obdobi=2412
2024,,single_school,founder:00576999,00576999,Obec Pražmo,obec,1,1,650000,0,650000,1,5422674,aggregate_candidate_needs_confirmation,,,,,https://monitor.statnipokladna.gov.cz/api/ukazatele?ic=00576999&obdobi=2412
2024,,single_school,founder:00577006,00577006,Obec Raškovice,obec,1,1,6682000,0,6682000,1,53186463,aggregate_candidate_needs_confirmation,,,,,https://monitor.statnipokladna.gov.cz/api/ukazatele?ic=00577006&obdobi=2412
2024,,single_school,founder:00577014,00577014,Obec Vyšní Lhoty,obec,1,1,740000,0,740000,1,3903059,aggregate_candidate_needs_confirmation,,,,,https://monitor.statnipokladna.gov.cz/api/ukazatele?ic=00577014&obdobi=2412
2024,,single_school,founder:00577031,00577031,Obec Řepiště,obec,1,1,4583000,0,4583000,1,22350345,aggregate_candidate_needs_confirmation,,,,,https://monitor.statnipokladna.gov.cz/api/ukazatele?ic=00577031&obdobi=2412
2024,,single_school,founder:00577049,00577049,Obec Nošovice,obec,1,1,3300000,0,3300000,1,12898577,aggregate_candidate_needs_confirmation,,,,,https://monitor.statnipokladna.gov.cz/api/ukazatele?ic=00577049&obdobi=2412
2024,,single_school,founder:00577057,00577057,Obec Dobratice,obec,1,1,4475000,0,4475000,1,23992204,aggregate_candidate_needs_confirmation,,,,,https://monitor.statnipokladna.gov.cz/api/ukazatele?ic=00577057&obdobi=2412
2024,,single_school,founder:00577669,00577669,Obec Bílá,obec,1,1,500000,0,500000,1,3038224,aggregate_candidate_needs_confirmation,,,,,https://monitor.statnipokladna.gov.cz/api/ukazatele?ic=00577669&obdobi=2412
2024,,single_school,founder:00578193,00578193,Obec Libotov,obec,1,1,267980,0,267980,1,2489204,aggregate_candidate_needs_confirmation,,,,,https://monitor.statnipokladna.gov.cz/api/ukazatele?ic=00578193&obdobi=2412
2024,,single_school,founder:00578363,00578363,Obec Jinolice,obec,1,1,430000,0,430000,1,4798983,aggregate_candidate_needs_confirmation,,,,,https://monitor.statnipokladna.gov.cz/api/ukazatele?ic=00578363&obdobi=2412
2024,,single_school,founder:00578371,00578371,Obec Kacákova Lhota,obec,1,1,200000,0,200000,1,2333617,aggregate_candidate_needs_confirmation,,,,,https://monitor.statnipokladna.gov.cz/api/ukazatele?ic=00578371&obdobi=2412
2024,,single_school,founder:00578444,00578444,Obec Milovice u Hořic,obec,1,1,637000,0,637000,1,4645370,aggregate_candidate_needs_confirmation,,,,,https://monitor.statnipokladna.gov.cz/api/ukazatele?ic=00578444&obdobi=2412
2024,,single_school,founder:00578495,00578495,Obec Ostružno,obec,1,1,50000,0,50000,1,2792417,aggregate_candidate_needs_confirmation,,,,,https://monitor.statnipokladna.gov.cz/api/ukazatele?ic=00578495&obdobi=2412
2024,,single_school,founder:00578525,00578525,Obec Rohoznice,obec,1,1,415140,0,415140,1,3512720,aggregate_candidate_needs_confirmation,,,,,https://monitor.statnipokladna.gov.cz/api/ukazatele?ic=00578525&obdobi=2412
2024,,single_school,founder:00579106,00579106,Obec Albrechtice nad Orlicí,obec,1,1,2596200,0,2596200,1,13552442,aggregate_candidate_needs_confirmation,,,,,https://monitor.statnipokladna.gov.cz/api/ukazatele?ic=00579106&obdobi=2412
2024,,single_school,founder:00579246,00579246,Obec Rohenice,obec,1,1,394855,0,394855,1,3021495,aggregate_candidate_needs_confirmation,,,,,https://monitor.statnipokladna.gov.cz/api/ukazatele?ic=00579246&obdobi=2412
2024,,single_school,founder:00579289,00579289,Obec Synkov - Slemeno,obec,1,1,581500,0,581500,1,6561144,aggregate_candidate_needs_confirmation,,,,,https://monitor.statnipokladna.gov.cz/api/ukazatele?ic=00579289&obdobi=2412
2024,,single_school,founder:00579301,00579301,Obec Lukavice,obec,1,2,1754498,60350,1814848,1,6825550,aggregate_candidate_needs_confirmation,,,,,https://monitor.statnipokladna.gov.cz/api/ukazatele?ic=00579301&obdobi=2412
2024,,single_school,founder:00579319,00579319,Obec Podbřezí,obec,1,1,1000000,0,1000000,1,8439407,aggregate_candidate_needs_confirmation,,,,,https://monitor.statnipokladna.gov.cz/api/ukazatele?ic=00579319&obdobi=2412
2024,,single_school,founder:00579441,00579441,Obec Banín,obec,1,1,250000,0,250000,1,2340765,aggregate_candidate_needs_confirmation,,,,,https://monitor.statnipokladna.gov.cz/api/ukazatele?ic=00579441&obdobi=2412
2024,,single_school,founder:00579459,00579459,Obec Bělá nad Svitavou,obec,1,1,550000,0,550000,1,4573211,aggregate_candidate_needs_confirmation,,,,,https://monitor.statnipokladna.gov.cz/api/ukazatele?ic=00579459&obdobi=2412
2024,,single_school,founder:00579467,00579467,Obec Biskupice,obec,1,1,479000,0,479000,1,3220423,aggregate_candidate_needs_confirmation,,,,,https://monitor.statnipokladna.gov.cz/api/ukazatele?ic=00579467&obdobi=2412
2024,,single_school,founder:00579483,00579483,Obec Desná,obec,1,1,450000,0,450000,1,4729462,aggregate_candidate_needs_confirmation,,,,,https://monitor.statnipokladna.gov.cz/api/ukazatele?ic=00579483&obdobi=2412
2024,,single_school,founder:00579491,00579491,Obec Dětřichov u Moravské Třebové,obec,1,1,200000,0,200000,1,3345383,aggregate_candidate_needs_confirmation,,,,,https://monitor.statnipokladna.gov.cz/api/ukazatele?ic=00579491&obdobi=2412
2024,,single_school,founder:00579521,00579521,Obec Horní Újezd,obec,1,1,344000,0,344000,1,4270289,aggregate_candidate_needs_confirmation,,,,,https://monitor.statnipokladna.gov.cz/api/ukazatele?ic=00579521&obdobi=2412
2024,,single_school,founder:00579530,00579530,Obec Hradec nad Svitavou,obec,1,1,3500000,0,3500000,1,25492830,aggregate_candidate_needs_confirmation,,,,,https://monitor.statnipokladna.gov.cz/api/ukazatele?ic=00579530&obdobi=2412
2024,,single_school,founder:00579556,00579556,Obec Javorník,obec,1,1,540000,0,540000,1,9089038,aggregate_candidate_needs_confirmation,,,,,https://monitor.statnipokladna.gov.cz/api/ukazatele?ic=00579556&obdobi=2412
2024,,single_school,founder:00579564,00579564,Obec Karle,obec,1,1,320000,0,320000,1,3137783,aggregate_candidate_needs_confirmation,,,,,https://monitor.statnipokladna.gov.cz/api/ukazatele?ic=00579564&obdobi=2412
2024,,single_school,founder:00579602,00579602,Obec Opatovec,obec,1,1,740000,0,740000,1,8520155,aggregate_candidate_needs_confirmation,,,,,https://monitor.statnipokladna.gov.cz/api/ukazatele?ic=00579602&obdobi=2412
2024,,single_school,founder:00579653,00579653,Obec Útěchov,obec,1,1,100000,0,100000,1,2271146,aggregate_candidate_needs_confirmation,,,,,https://monitor.statnipokladna.gov.cz/api/ukazatele?ic=00579653&obdobi=2412
2024,,single_school,founder:00579980,00579980,Obec Nová Ves u Chotěboře,obec,1,1,680000,0,680000,1,5447493,aggregate_candidate_needs_confirmation,,,,,https://monitor.statnipokladna.gov.cz/api/ukazatele?ic=00579980&obdobi=2412
2024,,single_school,founder:00580112,00580112,Obec Stříbrné Hory,obec,1,1,349192,0,349192,1,3029092,aggregate_candidate_needs_confirmation,,,,,https://monitor.statnipokladna.gov.cz/api/ukazatele?ic=00580112&obdobi=2412
2024,,single_school,founder:00580171,00580171,Obec Dolní Olešnice,obec,1,1,914675,0,914675,1,7390404,aggregate_candidate_needs_confirmation,,,,,https://monitor.statnipokladna.gov.cz/api/ukazatele?ic=00580171&obdobi=2412
2024,,single_school,founder:00580198,00580198,Obec Lanžov,obec,1,1,383000,0,383000,1,2804496,aggregate_candidate_needs_confirmation,,,,,https://monitor.statnipokladna.gov.cz/api/ukazatele?ic=00580198&obdobi=2412
2024,,single_school,founder:00580210,00580210,Obec Borovnice,obec,1,1,177000,0,177000,1,2287853,aggregate_candidate_needs_confirmation,,,,,https://monitor.statnipokladna.gov.cz/api/ukazatele?ic=00580210&obdobi=2412
2024,,single_school,founder:00580511,00580511,Obec Malé Výkleky,obec,1,1,353702,0,353702,1,3601030,aggregate_candidate_needs_confirmation,,,,,https://monitor.statnipokladna.gov.cz/api/ukazatele?ic=00580511&obdobi=2412
2024,,single_school,founder:00580589,00580589,Obec Němčice,obec,1,1,190000,0,190000,1,2783181,aggregate_candidate_needs_confirmation,,,,,https://monitor.statnipokladna.gov.cz/api/ukazatele?ic=00580589&obdobi=2412
2024,,single_school,founder:00580775,00580775,Obec Suchovršice,obec,1,1,360000,0,360000,1,4793907,aggregate_candidate_needs_confirmation,,,,,https://monitor.statnipokladna.gov.cz/api/ukazatele?ic=00580775&obdobi=2412
2024,,single_school,founder:00580783,00580783,Obec Horní Kalná,obec,1,1,530000,0,530000,1,2797899,aggregate_candidate_needs_confirmation,,,,,https://monitor.statnipokladna.gov.cz/api/ukazatele?ic=00580783&obdobi=2412
2024,,single_school,founder:00580791,00580791,Obec Paseky nad Jizerou,obec,1,1,220000,0,220000,1,2077283,aggregate_candidate_needs_confirmation,,,,,https://monitor.statnipokladna.gov.cz/api/ukazatele?ic=00580791&obdobi=2412
2024,,single_school,founder:00580805,00580805,Obec Martinice v Krkonoších,obec,1,1,1000000,0,1000000,1,8823383,aggregate_candidate_needs_confirmation,,,,,https://monitor.statnipokladna.gov.cz/api/ukazatele?ic=00580805&obdobi=2412
2024,,single_school,founder:00580899,00580899,Obec Dlouhoňovice,obec,1,1,538000,0,538000,1,3035699,aggregate_candidate_needs_confirmation,,,,,https://monitor.statnipokladna.gov.cz/api/ukazatele?ic=00580899&obdobi=2412
2024,,single_school,founder:00580902,00580902,Obec Dlouhá Třebová,obec,1,1,620000,0,620000,1,11732401,aggregate_candidate_needs_confirmation,,,,,https://monitor.statnipokladna.gov.cz/api/ukazatele?ic=00580902&obdobi=2412
2024,,single_school,founder:00580929,00580929,Obec Helvíkovice,obec,1,1,240000,0,240000,1,2449435,aggregate_candidate_needs_confirmation,,,,,https://monitor.statnipokladna.gov.cz/api/ukazatele?ic=00580929&obdobi=2412
2024,,single_school,founder:00581003,00581003,Obec Albrechtice,obec,1,1,470000,0,470000,1,3007590,aggregate_candidate_needs_confirmation,,,,,https://monitor.statnipokladna.gov.cz/api/ukazatele?ic=00581003&obdobi=2412
2024,,single_school,founder:00581020,00581020,Obec Rybník,obec,1,1,1695000,0,1695000,1,18092722,aggregate_candidate_needs_confirmation,,,,,https://monitor.statnipokladna.gov.cz/api/ukazatele?ic=00581020&obdobi=2412
2024,,single_school,founder:00581038,00581038,Obec Horní Brusnice,obec,1,2,365000,0,365000,1,3785467,aggregate_candidate_needs_confirmation,,,,,https://monitor.statnipokladna.gov.cz/api/ukazatele?ic=00581038&obdobi=2412
2024,,single_school,founder:00581160,00581160,Obec Adamov,obec,1,1,350000,0,350000,1,3828951,aggregate_candidate_needs_confirmation,,,,,https://monitor.statnipokladna.gov.cz/api/ukazatele?ic=00581160&obdobi=2412
2024,,single_school,founder:00581216,00581216,Obec Čakov,obec,1,1,285000,0,285000,1,2828991,aggregate_candidate_needs_confirmation,,,,,https://monitor.statnipokladna.gov.cz/api/ukazatele?ic=00581216&obdobi=2412
2024,,single_school,founder:00581224,00581224,Obec Dasný,obec,1,1,535000,0,535000,1,2904853,aggregate_candidate_needs_confirmation,,,,,https://monitor.statnipokladna.gov.cz/api/ukazatele?ic=00581224&obdobi=2412
2024,,single_school,founder:00581232,00581232,Obec Dobrá Voda u Českých Budějovic,obec,1,2,2604000,150000,2754000,1,41357506,aggregate_candidate_needs_confirmation,,,,,https://monitor.statnipokladna.gov.cz/api/ukazatele?ic=00581232&obdobi=2412
2024,,single_school,founder:00581321,00581321,Obec Hlincová Hora,obec,1,1,360000,0,360000,1,3948426,aggregate_candidate_needs_confirmation,,,,,https://monitor.statnipokladna.gov.cz/api/ukazatele?ic=00581321&obdobi=2412
2024,,single_school,founder:00581372,00581372,Obec Zahájí,obec,1,1,1530500,0,1530500,1,10538821,aggregate_candidate_needs_confirmation,,,,,https://monitor.statnipokladna.gov.cz/api/ukazatele?ic=00581372&obdobi=2412
2024,,single_school,founder:00581381,00581381,Obec Hůry,obec,1,1,300000,0,300000,1,3746915,aggregate_candidate_needs_confirmation,,,,,https://monitor.statnipokladna.gov.cz/api/ukazatele?ic=00581381&obdobi=2412
2024,,single_school,founder:00581445,00581445,Obec Libníč,obec,1,1,380000,0,380000,1,2489080,aggregate_candidate_needs_confirmation,,,,,https://monitor.statnipokladna.gov.cz/api/ukazatele?ic=00581445&obdobi=2412
2024,,single_school,founder:00581810,00581810,Obec Nová Ves,obec,1,1,370500,0,370500,1,3130860,aggregate_candidate_needs_confirmation,,,,,https://monitor.statnipokladna.gov.cz/api/ukazatele?ic=00581810&obdobi=2412
2024,,single_school,founder:00581836,00581836,Obec Petříkov,obec,1,1,110000,0,110000,1,7101684,aggregate_candidate_needs_confirmation,,,,,https://monitor.statnipokladna.gov.cz/api/ukazatele?ic=00581836&obdobi=2412
2024,,single_school,founder:00581844,00581844,Obec Pištín,obec,1,1,315000,0,315000,1,2598793,aggregate_candidate_needs_confirmation,,,,,https://monitor.statnipokladna.gov.cz/api/ukazatele?ic=00581844&obdobi=2412
2024,,single_school,founder:00581861,00581861,Obec Plav,obec,1,1,663000,0,663000,1,2974643,aggregate_candidate_needs_confirmation,,,,,https://monitor.statnipokladna.gov.cz/api/ukazatele?ic=00581861&obdobi=2412
2024,,single_school,founder:00581879,00581879,Obec Radošovice,obec,1,1,430000,0,430000,1,4575581,aggregate_candidate_needs_confirmation,,,,,https://monitor.statnipokladna.gov.cz/api/ukazatele?ic=00581879&obdobi=2412
2024,,missing_finm_total,founder:00581887,00581887,Zřizovatel IČO 00581887,obec,1,0,0,0,0,0,0,founder_source_required,,,,,https://monitor.statnipokladna.gov.cz/api/ukazatele?ic=00581887&obdobi=2412
2024,,single_school,founder:00581895,00581895,Obec Střížov,obec,1,1,886000,0,886000,1,9044125,aggregate_candidate_needs_confirmation,,,,,https://monitor.statnipokladna.gov.cz/api/ukazatele?ic=00581895&obdobi=2412
2024,,single_school,founder:00581909,00581909,Obec Úsilné,obec,1,1,250000,0,250000,1,2724269,aggregate_candidate_needs_confirmation,,,,,https://monitor.statnipokladna.gov.cz/api/ukazatele?ic=00581909&obdobi=2412
2024,,single_school,founder:00581976,00581976,Obec Žár,obec,1,1,370000,0,370000,1,2662896,aggregate_candidate_needs_confirmation,,,,,https://monitor.statnipokladna.gov.cz/api/ukazatele?ic=00581976&obdobi=2412
2024,,single_school,founder:00582999,00582999,Obec Bušanovice,obec,1,1,294800,0,294800,1,2361818,aggregate_candidate_needs_confirmation,,,,,https://monitor.statnipokladna.gov.cz/api/ukazatele?ic=00582999&obdobi=2412
2024,,single_school,founder:00583022,00583022,Obec Chlumany,obec,1,1,264000,0,264000,1,2695038,aggregate_candidate_needs_confirmation,,,,,https://monitor.statnipokladna.gov.cz/api/ukazatele?ic=00583022&obdobi=2412
2024,,single_school,founder:00599174,00599174,Obec Vícenice u Náměště nad Oslavou,obec,1,1,550000,0,550000,1,5405120,aggregate_candidate_needs_confirmation,,,,,https://monitor.statnipokladna.gov.cz/api/ukazatele?ic=00599174&obdobi=2412
2024,,single_school,founder:00599247,00599247,Obec Prace,obec,1,1,1565000,0,1565000,1,12275815,aggregate_candidate_needs_confirmation,,,,,https://monitor.statnipokladna.gov.cz/api/ukazatele?ic=00599247&obdobi=2412
2024,,single_school,founder:00599280,00599280,Obec Bohdalec,obec,1,1,500000,0,500000,1,5728514,aggregate_candidate_needs_confirmation,,,,,https://monitor.statnipokladna.gov.cz/api/ukazatele?ic=00599280&obdobi=2412
2024,,single_school,founder:00599352,00599352,Obec Daňkovice,obec,1,1,405200,0,405200,1,2422145,aggregate_candidate_needs_confirmation,,,,,https://monitor.statnipokladna.gov.cz/api/ukazatele?ic=00599352&obdobi=2412
2024,,single_school,founder:00599379,00599379,Obec Dolní Libochová,obec,1,1,352150,0,352150,1,2298463,aggregate_candidate_needs_confirmation,,,,,https://monitor.statnipokladna.gov.cz/api/ukazatele?ic=00599379&obdobi=2412
2024,,single_school,founder:00599611,00599611,Obec Netín,obec,1,1,328000,0,328000,1,2733239,aggregate_candidate_needs_confirmation,,,,,https://monitor.statnipokladna.gov.cz/api/ukazatele?ic=00599611&obdobi=2412
2024,,single_school,founder:00599654,00599654,Obec Pavlínov,obec,1,1,427100,0,427100,1,2633538,aggregate_candidate_needs_confirmation,,,,,https://monitor.statnipokladna.gov.cz/api/ukazatele?ic=00599654&obdobi=2412
2024,,single_school,founder:00599841,00599841,Obec Stránecká Zhoř,obec,1,1,470000,0,470000,1,2477206,aggregate_candidate_needs_confirmation,,,,,https://monitor.statnipokladna.gov.cz/api/ukazatele?ic=00599841&obdobi=2412
2024,,single_school,founder:00599905,00599905,Obec Unčín,obec,1,1,500000,0,500000,1,4274390,aggregate_candidate_needs_confirmation,,,,,https://monitor.statnipokladna.gov.cz/api/ukazatele?ic=00599905&obdobi=2412
2024,,single_school,founder:00600032,00600032,Obec Mostkovice,obec,1,1,1100000,0,1100000,1,17151516,aggregate_candidate_needs_confirmation,,,,,https://monitor.statnipokladna.gov.cz/api/ukazatele?ic=00600032&obdobi=2412
2024,,single_school,founder:00600067,00600067,Obec Raková u Konice,obec,1,1,406664,0,406664,1,2233347,aggregate_candidate_needs_confirmation,,,,,https://monitor.statnipokladna.gov.cz/api/ukazatele?ic=00600067&obdobi=2412
2024,,single_school,founder:00600083,00600083,Obec Skřípov,obec,1,1,350000,0,350000,1,2918944,aggregate_candidate_needs_confirmation,,,,,https://monitor.statnipokladna.gov.cz/api/ukazatele?ic=00600083&obdobi=2412
2024,,single_school,founder:00600121,00600121,Obec Bezkov,obec,1,1,345000,0,345000,1,3996273,aggregate_candidate_needs_confirmation,,,,,https://monitor.statnipokladna.gov.cz/api/ukazatele?ic=00600121&obdobi=2412
2024,,single_school,founder:00600156,00600156,Obec Cvrčovice,obec,1,1,1000000,0,1000000,1,5359336,aggregate_candidate_needs_confirmation,,,,,https://monitor.statnipokladna.gov.cz/api/ukazatele?ic=00600156&obdobi=2412
2024,,single_school,founder:00600164,00600164,Obec Ivaň,obec,1,1,800000,0,800000,1,9732258,aggregate_candidate_needs_confirmation,,,,,https://monitor.statnipokladna.gov.cz/api/ukazatele?ic=00600164&obdobi=2412
2024,,single_school,founder:00600172,00600172,Obec Jevišovka,obec,1,1,552000,0,552000,1,4588505,aggregate_candidate_needs_confirmation,,,,,https://monitor.statnipokladna.gov.cz/api/ukazatele?ic=00600172&obdobi=2412
2024,,single_school,founder:00600199,00600199,Obec Klentnice,obec,1,1,130000,0,130000,1,2621396,aggregate_candidate_needs_confirmation,,,,,https://monitor.statnipokladna.gov.cz/api/ukazatele?ic=00600199&obdobi=2412
2024,,single_school,founder:00600202,00600202,Obec Nový Přerov,obec,1,1,488000,0,488000,1,2727668,aggregate_candidate_needs_confirmation,,,,,https://monitor.statnipokladna.gov.cz/api/ukazatele?ic=00600202&obdobi=2412
2024,,single_school,founder:00600211,00600211,Obec Přibice,obec,1,1,1500000,0,1500000,1,10341642,aggregate_candidate_needs_confirmation,,,,,https://monitor.statnipokladna.gov.cz/api/ukazatele?ic=00600211&obdobi=2412
2024,,single_school,founder:00600270,00600270,Obec Damnice,obec,1,1,338700,0,338700,1,2676424,aggregate_candidate_needs_confirmation,,,,,https://monitor.statnipokladna.gov.cz/api/ukazatele?ic=00600270&obdobi=2412
2024,,single_school,founder:00600296,00600296,Obec Dobřínsko,obec,1,1,650000,0,650000,1,2677482,aggregate_candidate_needs_confirmation,,,,,https://monitor.statnipokladna.gov.cz/api/ukazatele?ic=00600296&obdobi=2412
2024,,single_school,founder:00600351,00600351,Obec Hnanice,obec,1,1,705000,0,705000,1,3432606,aggregate_candidate_needs_confirmation,,,,,https://monitor.statnipokladna.gov.cz/api/ukazatele?ic=00600351&obdobi=2412
2024,,single_school,founder:00600385,00600385,Obec Hrabětice,obec,1,2,1915864,260000,2175864,1,11318624,aggregate_candidate_needs_confirmation,,,,,https://monitor.statnipokladna.gov.cz/api/ukazatele?ic=00600385&obdobi=2412
2024,,single_school,founder:00600431,00600431,Obec Krhovice,obec,1,1,490000,0,490000,1,3093586,aggregate_candidate_needs_confirmation,,,,,https://monitor.statnipokladna.gov.cz/api/ukazatele?ic=00600431&obdobi=2412
2024,,single_school,founder:00600458,00600458,Obec Kuchařovice,obec,1,1,2000000,0,2000000,1,16099498,aggregate_candidate_needs_confirmation,,,,,https://monitor.statnipokladna.gov.cz/api/ukazatele?ic=00600458&obdobi=2412
2024,,single_school,founder:00600482,00600482,Obec Lesná,obec,1,1,324500,0,324500,1,2913094,aggregate_candidate_needs_confirmation,,,,,https://monitor.statnipokladna.gov.cz/api/ukazatele?ic=00600482&obdobi=2412
2024,,single_school,founder:00600491,00600491,Obec Lesonice,obec,1,1,510000,0,510000,1,4791551,aggregate_candidate_needs_confirmation,,,,,https://monitor.statnipokladna.gov.cz/api/ukazatele?ic=00600491&obdobi=2412
2024,,single_school,founder:00600504,00600504,Obec Litobratřice,obec,1,1,650000,0,650000,1,3257986,aggregate_candidate_needs_confirmation,,,,,https://monitor.statnipokladna.gov.cz/api/ukazatele?ic=00600504&obdobi=2412
2024,,single_school,founder:00600644,00600644,Obec Býkovice,obec,1,1,350000,0,350000,1,2763066,aggregate_candidate_needs_confirmation,,,,,https://monitor.statnipokladna.gov.cz/api/ukazatele?ic=00600644&obdobi=2412
2024,,single_school,founder:00600661,00600661,Obec Slatina,obec,1,1,1297070,0,1297070,1,8092314,aggregate_candidate_needs_confirmation,,,,,https://monitor.statnipokladna.gov.cz/api/ukazatele?ic=00600661&obdobi=2412
2024,,single_school,founder:00600679,00600679,Obec Velké Albrechtice,obec,1,1,1818349,0,1818349,1,10737531,aggregate_candidate_needs_confirmation,,,,,https://monitor.statnipokladna.gov.cz/api/ukazatele?ic=00600679&obdobi=2412
2024,,single_school,founder:00600687,00600687,Obec  Bordovice,obec,1,1,500000,0,500000,1,3600768,aggregate_candidate_needs_confirmation,,,,,https://monitor.statnipokladna.gov.cz/api/ukazatele?ic=00600687&obdobi=2412
2024,,single_school,founder:00600695,00600695,Obec Zbyslavice,obec,1,1,1125000,0,1125000,1,7894165,aggregate_candidate_needs_confirmation,,,,,https://monitor.statnipokladna.gov.cz/api/ukazatele?ic=00600695&obdobi=2412
2024,,single_school,founder:00600709,00600709,Obec Závišice,obec,1,1,671000,0,671000,1,10298541,aggregate_candidate_needs_confirmation,,,,,https://monitor.statnipokladna.gov.cz/api/ukazatele?ic=00600709&obdobi=2412
2024,,single_school,founder:00600717,00600717,Obec Bernartice nad Odrou,obec,1,1,1100000,0,1100000,1,11217051,aggregate_candidate_needs_confirmation,,,,,https://monitor.statnipokladna.gov.cz/api/ukazatele?ic=00600717&obdobi=2412
2024,,single_school,founder:00600725,00600725,Obec Hostašovice,obec,1,1,1400000,0,1400000,1,12866891,aggregate_candidate_needs_confirmation,,,,,https://monitor.statnipokladna.gov.cz/api/ukazatele?ic=00600725&obdobi=2412
2024,,single_school,founder:00600733,00600733,Obec Kunín,obec,1,1,4546300,0,4546300,1,35485143,aggregate_candidate_needs_confirmation,,,,,https://monitor.statnipokladna.gov.cz/api/ukazatele?ic=00600733&obdobi=2412
2024,,single_school,founder:00600750,00600750,Obec Heřmanice u Oder,obec,1,1,388000,0,388000,1,4537538,aggregate_candidate_needs_confirmation,,,,,https://monitor.statnipokladna.gov.cz/api/ukazatele?ic=00600750&obdobi=2412
2024,,single_school,founder:00600776,00600776,Obec Mankovice,obec,1,1,1080000,0,1080000,1,6003026,aggregate_candidate_needs_confirmation,,,,,https://monitor.statnipokladna.gov.cz/api/ukazatele?ic=00600776&obdobi=2412
2024,,single_school,founder:00600784,00600784,Obec Kateřinice,obec,1,1,600000,0,600000,1,4814473,aggregate_candidate_needs_confirmation,,,,,https://monitor.statnipokladna.gov.cz/api/ukazatele?ic=00600784&obdobi=2412
2024,,single_school,founder:00600792,00600792,Obec Mošnov,obec,1,1,975000,0,975000,1,9725408,aggregate_candidate_needs_confirmation,,,,,https://monitor.statnipokladna.gov.cz/api/ukazatele?ic=00600792&obdobi=2412
2024,,single_school,founder:00600806,00600806,Obec Skotnice,obec,1,1,570000,0,570000,1,2931976,aggregate_candidate_needs_confirmation,,,,,https://monitor.statnipokladna.gov.cz/api/ukazatele?ic=00600806&obdobi=2412
2024,,single_school,founder:00600814,00600814,Obec Albrechtičky,obec,1,1,838344,0,838344,1,9503878,aggregate_candidate_needs_confirmation,,,,,https://monitor.statnipokladna.gov.cz/api/ukazatele?ic=00600814&obdobi=2412
2024,,single_school,founder:00600822,00600822,Obec Pustějov,obec,1,1,1521000,0,1521000,1,8106875,aggregate_candidate_needs_confirmation,,,,,https://monitor.statnipokladna.gov.cz/api/ukazatele?ic=00600822&obdobi=2412
2024,,single_school,founder:00600831,00600831,Obec Ženklava,obec,1,1,1400000,0,1400000,1,11378968,aggregate_candidate_needs_confirmation,,,,,https://monitor.statnipokladna.gov.cz/api/ukazatele?ic=00600831&obdobi=2412
2024,,single_school,founder:00600849,00600849,Obec Ústí,obec,1,1,1200000,0,1200000,1,11585989,aggregate_candidate_needs_confirmation,,,,,https://monitor.statnipokladna.gov.cz/api/ukazatele?ic=00600849&obdobi=2412
2024,,single_school,founder:00600865,00600865,Obec Vlkoš,obec,1,2,1314000,0,1314000,1,8766264,aggregate_candidate_needs_confirmation,,,,,https://monitor.statnipokladna.gov.cz/api/ukazatele?ic=00600865&obdobi=2412
2024,,single_school,founder:00635260,00635260,Obec Babice,obec,1,1,811000,0,811000,1,8322226,aggregate_candidate_needs_confirmation,,,,,https://monitor.statnipokladna.gov.cz/api/ukazatele?ic=00635260&obdobi=2412
2024,,single_school,founder:00635286,00635286,Obec Domašov u Šternberka,obec,1,1,425300,0,425300,1,2979755,aggregate_candidate_needs_confirmation,,,,,https://monitor.statnipokladna.gov.cz/api/ukazatele?ic=00635286&obdobi=2412
2024,,single_school,founder:00635308,00635308,Obec Mladějovice,obec,1,1,900000,0,900000,1,7608003,aggregate_candidate_needs_confirmation,,,,,https://monitor.statnipokladna.gov.cz/api/ukazatele?ic=00635308&obdobi=2412
2024,,single_school,founder:00635332,00635332,Obec Slavětín,obec,1,1,279000,0,279000,1,2009816,aggregate_candidate_needs_confirmation,,,,,https://monitor.statnipokladna.gov.cz/api/ukazatele?ic=00635332&obdobi=2412
2024,,single_school,founder:00635359,00635359,Obec Daskabát,obec,1,1,1140000,0,1140000,1,7526536,aggregate_candidate_needs_confirmation,,,,,https://monitor.statnipokladna.gov.cz/api/ukazatele?ic=00635359&obdobi=2412
2024,,single_school,founder:00635367,00635367,Obec Blatec,obec,1,1,1303100,0,1303100,1,6132101,aggregate_candidate_needs_confirmation,,,,,https://monitor.statnipokladna.gov.cz/api/ukazatele?ic=00635367&obdobi=2412
2024,,single_school,founder:00635456,00635456,Obec Darkovice,obec,1,1,1550000,0,1550000,1,14628133,aggregate_candidate_needs_confirmation,,,,,https://monitor.statnipokladna.gov.cz/api/ukazatele?ic=00635456&obdobi=2412
2024,,single_school,founder:00635464,00635464,Obec Děhylov,obec,1,1,505000,0,505000,1,7186490,aggregate_candidate_needs_confirmation,,,,,https://monitor.statnipokladna.gov.cz/api/ukazatele?ic=00635464&obdobi=2412
2024,,single_school,founder:00635499,00635499,Obec Rohov,obec,1,1,350000,0,350000,1,2402330,aggregate_candidate_needs_confirmation,,,,,https://monitor.statnipokladna.gov.cz/api/ukazatele?ic=00635499&obdobi=2412
2024,,single_school,founder:00635502,00635502,Obec Mladecko,obec,1,1,1200000,0,1200000,1,15584142,aggregate_candidate_needs_confirmation,,,,,https://monitor.statnipokladna.gov.cz/api/ukazatele?ic=00635502&obdobi=2412
2024,,single_school,founder:00635511,00635511,Obec Hať,obec,1,2,4298090,1092666,5390756,1,38157337,aggregate_candidate_needs_confirmation,,,,,https://monitor.statnipokladna.gov.cz/api/ukazatele?ic=00635511&obdobi=2412
2024,,single_school,founder:00635545,00635545,Obec Vřesina,obec,1,1,1800000,0,1800000,1,16122760,aggregate_candidate_needs_confirmation,,,,,https://monitor.statnipokladna.gov.cz/api/ukazatele?ic=00635545&obdobi=2412
2024,,single_school,founder:00635570,00635570,Obec Dolní Životice,obec,1,1,2014244,0,2014244,1,10808750,aggregate_candidate_needs_confirmation,,,,,https://monitor.statnipokladna.gov.cz/api/ukazatele?ic=00635570&obdobi=2412
2024,,single_school,founder:00635596,00635596,Obec Hlavnice,obec,1,1,1300000,0,1300000,1,9089262,aggregate_candidate_needs_confirmation,,,,,https://monitor.statnipokladna.gov.cz/api/ukazatele?ic=00635596&obdobi=2412
2024,,single_school,founder:00635618,00635618,Obec Ústín,obec,1,1,310000,0,310000,1,4480295,aggregate_candidate_needs_confirmation,,,,,https://monitor.statnipokladna.gov.cz/api/ukazatele?ic=00635618&obdobi=2412
2024,,single_school,founder:00635626,00635626,Obec Toveř,obec,1,1,400000,0,400000,1,2613082,aggregate_candidate_needs_confirmation,,,,,https://monitor.statnipokladna.gov.cz/api/ukazatele?ic=00635626&obdobi=2412
2024,,single_school,founder:00635642,00635642,Obec Luběnice,obec,1,1,420000,0,420000,1,3745246,aggregate_candidate_needs_confirmation,,,,,https://monitor.statnipokladna.gov.cz/api/ukazatele?ic=00635642&obdobi=2412
2024,,single_school,founder:00635651,00635651,Obec Loučany,obec,1,1,747247,0,747247,1,7917540,aggregate_candidate_needs_confirmation,,,,,https://monitor.statnipokladna.gov.cz/api/ukazatele?ic=00635651&obdobi=2412
2024,,single_school,founder:00635677,00635677,Obec Hlušovice,obec,1,1,910000,0,910000,1,5665521,aggregate_candidate_needs_confirmation,,,,,https://monitor.statnipokladna.gov.cz/api/ukazatele?ic=00635677&obdobi=2412
2024,,single_school,founder:00635685,00635685,Obec Štarnov,obec,1,1,2000000,0,2000000,1,7721469,aggregate_candidate_needs_confirmation,,,,,https://monitor.statnipokladna.gov.cz/api/ukazatele?ic=00635685&obdobi=2412
2024,,single_school,founder:00635693,00635693,Obec Skrbeň,obec,1,1,2000000,0,2000000,1,13727495,aggregate_candidate_needs_confirmation,,,,,https://monitor.statnipokladna.gov.cz/api/ukazatele?ic=00635693&obdobi=2412
2024,,single_school,founder:00635707,00635707,Obec Věrovany,obec,1,2,2110200,229344,2339544,1,7351969,aggregate_candidate_needs_confirmation,,,,,https://monitor.statnipokladna.gov.cz/api/ukazatele?ic=00635707&obdobi=2412
2024,,single_school,founder:00635715,00635715,Obec Charváty,obec,1,1,1050000,0,1050000,1,8585233,aggregate_candidate_needs_confirmation,,,,,https://monitor.statnipokladna.gov.cz/api/ukazatele?ic=00635715&obdobi=2412
2024,,single_school,founder:00635723,00635723,Obec Haňovice,obec,1,1,940000,0,940000,1,8125843,aggregate_candidate_needs_confirmation,,,,,https://monitor.statnipokladna.gov.cz/api/ukazatele?ic=00635723&obdobi=2412
2024,,single_school,founder:00635731,00635731,Obec Pňovice,obec,1,1,3122500,0,3122500,1,23560931,aggregate_candidate_needs_confirmation,,,,,https://monitor.statnipokladna.gov.cz/api/ukazatele?ic=00635731&obdobi=2412
2024,,single_school,founder:00635740,00635740,Obec Červenka,obec,1,1,1871742,0,1871742,1,15622305,aggregate_candidate_needs_confirmation,,,,,https://monitor.statnipokladna.gov.cz/api/ukazatele?ic=00635740&obdobi=2412
2024,,single_school,founder:00635758,00635758,Obec Liboš,obec,1,1,345000,0,345000,1,2496612,aggregate_candidate_needs_confirmation,,,,,https://monitor.statnipokladna.gov.cz/api/ukazatele?ic=00635758&obdobi=2412
2024,,single_school,founder:00635774,00635774,Obec Valašská Senice,obec,1,1,618000,0,618000,1,3353827,aggregate_candidate_needs_confirmation,,,,,https://monitor.statnipokladna.gov.cz/api/ukazatele?ic=00635774&obdobi=2412
2024,,single_school,founder:00635782,00635782,Obec Pržno,obec,1,1,940000,0,940000,1,6580548,aggregate_candidate_needs_confirmation,,,,,https://monitor.statnipokladna.gov.cz/api/ukazatele?ic=00635782&obdobi=2412
2024,,single_school,founder:00635804,00635804,Obec Police,obec,1,1,1050000,0,1050000,1,6134784,aggregate_candidate_needs_confirmation,,,,,https://monitor.statnipokladna.gov.cz/api/ukazatele?ic=00635804&obdobi=2412
2024,,single_school,founder:00635812,00635812,Obec Kunovice,obec,1,1,617985,0,617985,1,7298949,aggregate_candidate_needs_confirmation,,,,,https://monitor.statnipokladna.gov.cz/api/ukazatele?ic=00635812&obdobi=2412
2024,,single_school,founder:00635839,00635839,Obec Střítež nad Bečvou,obec,1,1,800000,0,800000,1,3151607,aggregate_candidate_needs_confirmation,,,,,https://monitor.statnipokladna.gov.cz/api/ukazatele?ic=00635839&obdobi=2412
2024,,single_school,founder:00635847,00635847,Obec Bratrušov,obec,1,1,850000,0,850000,1,6661286,aggregate_candidate_needs_confirmation,,,,,https://monitor.statnipokladna.gov.cz/api/ukazatele?ic=00635847&obdobi=2412
2024,,single_school,founder:00635855,00635855,Obec Velká Kraš,obec,1,2,590000,0,590000,1,4999375,aggregate_candidate_needs_confirmation,,,,,https://monitor.statnipokladna.gov.cz/api/ukazatele?ic=00635855&obdobi=2412
2024,,single_school,founder:00635863,00635863,Obec Skorošice,obec,1,1,1945000,0,1945000,1,7614770,aggregate_candidate_needs_confirmation,,,,,https://monitor.statnipokladna.gov.cz/api/ukazatele?ic=00635863&obdobi=2412
2024,,single_school,founder:00635871,00635871,Obec Nemile,obec,1,2,686000,51468,737468,1,9233092,aggregate_candidate_needs_confirmation,,,,,https://monitor.statnipokladna.gov.cz/api/ukazatele?ic=00635871&obdobi=2412
2024,,single_school,founder:00635898,00635898,Obec Vikýřovice,obec,1,1,3541444,0,3541444,1,19637173,aggregate_candidate_needs_confirmation,,,,,https://monitor.statnipokladna.gov.cz/api/ukazatele?ic=00635898&obdobi=2412
2024,,missing_finm_total,founder:00635901,00635901,Zřizovatel IČO 00635901,obec,1,0,0,0,0,0,0,founder_source_required,,,,,https://monitor.statnipokladna.gov.cz/api/ukazatele?ic=00635901&obdobi=2412
2024,,single_school,founder:00635936,00635936,Obec Dolní Studénky,obec,1,2,1800000,2836990,4636990,1,18291349,aggregate_candidate_needs_confirmation,,,,,https://monitor.statnipokladna.gov.cz/api/ukazatele?ic=00635936&obdobi=2412
2024,,single_school,founder:00635944,00635944,Obec Horní Studénky,obec,1,1,797888,0,797888,1,6783917,aggregate_candidate_needs_confirmation,,,,,https://monitor.statnipokladna.gov.cz/api/ukazatele?ic=00635944&obdobi=2412
2024,,single_school,founder:00635952,00635952,Obec Velké Kunětice,obec,1,1,420000,0,420000,1,2680183,aggregate_candidate_needs_confirmation,,,,,https://monitor.statnipokladna.gov.cz/api/ukazatele?ic=00635952&obdobi=2412
2024,,single_school,founder:00635961,00635961,Obec Postřelmůvek,obec,1,1,340000,0,340000,1,2771732,aggregate_candidate_needs_confirmation,,,,,https://monitor.statnipokladna.gov.cz/api/ukazatele?ic=00635961&obdobi=2412
2024,,single_school,founder:00635987,00635987,Obec Třeština,obec,1,1,200000,0,200000,1,2456944,aggregate_candidate_needs_confirmation,,,,,https://monitor.statnipokladna.gov.cz/api/ukazatele?ic=00635987&obdobi=2412
2024,,single_school,founder:00635995,00635995,Obec Mírov,obec,1,1,319000,0,319000,1,2513536,aggregate_candidate_needs_confirmation,,,,,https://monitor.statnipokladna.gov.cz/api/ukazatele?ic=00635995&obdobi=2412
2024,,single_school,founder:00636045,00636045,Obec Vlčice,obec,1,1,350000,0,350000,1,3547173,aggregate_candidate_needs_confirmation,,,,,https://monitor.statnipokladna.gov.cz/api/ukazatele?ic=00636045&obdobi=2412
2024,,single_school,founder:00636053,00636053,Obec Uhelná,obec,1,1,815000,0,815000,1,4458155,aggregate_candidate_needs_confirmation,,,,,https://monitor.statnipokladna.gov.cz/api/ukazatele?ic=00636053&obdobi=2412
2024,,single_school,founder:00636061,00636061,Obec Hrabová,obec,1,1,1100000,0,1100000,1,12742392,aggregate_candidate_needs_confirmation,,,,,https://monitor.statnipokladna.gov.cz/api/ukazatele?ic=00636061&obdobi=2412
2024,,single_school,founder:00636118,00636118,Obec Bezuchov,obec,1,1,376000,0,376000,1,2911756,aggregate_candidate_needs_confirmation,,,,,https://monitor.statnipokladna.gov.cz/api/ukazatele?ic=00636118&obdobi=2412
2024,,single_school,founder:00636126,00636126,Obec Beňov,obec,1,1,1300000,0,1300000,1,6705589,aggregate_candidate_needs_confirmation,,,,,https://monitor.statnipokladna.gov.cz/api/ukazatele?ic=00636126&obdobi=2412
2024,,single_school,founder:00636151,00636151,Obec Buk,obec,1,1,480000,0,480000,1,3152649,aggregate_candidate_needs_confirmation,,,,,https://monitor.statnipokladna.gov.cz/api/ukazatele?ic=00636151&obdobi=2412
2024,,single_school,founder:00636223,00636223,Obec Dolní Újezd,obec,1,1,1500000,0,1500000,1,9817004,aggregate_candidate_needs_confirmation,,,,,https://monitor.statnipokladna.gov.cz/api/ukazatele?ic=00636223&obdobi=2412
2024,,single_school,founder:00636274,00636274,Obec Horní Újezd,obec,1,1,350000,0,350000,1,2990731,aggregate_candidate_needs_confirmation,,,,,https://monitor.statnipokladna.gov.cz/api/ukazatele?ic=00636274&obdobi=2412
2024,,single_school,founder:00636304,00636304,Obec Křenovice,obec,1,2,1073000,0,1073000,1,11593544,aggregate_candidate_needs_confirmation,,,,,https://monitor.statnipokladna.gov.cz/api/ukazatele?ic=00636304&obdobi=2412
2024,,single_school,founder:00636355,00636355,Obec Líšná,obec,1,1,730000,0,730000,1,6496888,aggregate_candidate_needs_confirmation,,,,,https://monitor.statnipokladna.gov.cz/api/ukazatele?ic=00636355&obdobi=2412
2024,,single_school,founder:00636371,00636371,Obec Malhotice,obec,1,1,430000,0,430000,1,2377485,aggregate_candidate_needs_confirmation,,,,,https://monitor.statnipokladna.gov.cz/api/ukazatele?ic=00636371&obdobi=2412
2024,,single_school,founder:00636380,00636380,Obec Měrovice nad Hanou,obec,1,1,1000000,0,1000000,1,9570878,aggregate_candidate_needs_confirmation,,,,,https://monitor.statnipokladna.gov.cz/api/ukazatele?ic=00636380&obdobi=2412
2024,,single_school,founder:00636398,00636398,Obec Milotice nad Bečvou,obec,1,1,384000,0,384000,1,2142955,aggregate_candidate_needs_confirmation,,,,,https://monitor.statnipokladna.gov.cz/api/ukazatele?ic=00636398&obdobi=2412
2024,,single_school,founder:00636436,00636436,Obec Olšovec,obec,1,1,770509,0,770509,1,5977752,aggregate_candidate_needs_confirmation,,,,,https://monitor.statnipokladna.gov.cz/api/ukazatele?ic=00636436&obdobi=2412
2024,,single_school,founder:00636461,00636461,Obec Paršovice,obec,1,1,550000,0,550000,1,2677978,aggregate_candidate_needs_confirmation,,,,,https://monitor.statnipokladna.gov.cz/api/ukazatele?ic=00636461&obdobi=2412
2024,,single_school,founder:00636541,00636541,Obec Rakov,obec,1,1,250000,0,250000,1,2897234,aggregate_candidate_needs_confirmation,,,,,https://monitor.statnipokladna.gov.cz/api/ukazatele?ic=00636541&obdobi=2412
2024,,single_school,founder:00636584,00636584,Obec Stará Ves,obec,1,1,550000,0,550000,1,12259729,aggregate_candidate_needs_confirmation,,,,,https://monitor.statnipokladna.gov.cz/api/ukazatele?ic=00636584&obdobi=2412
2024,,single_school,founder:00636606,00636606,Obec Sušice,obec,1,2,270000,0,270000,1,2981448,aggregate_candidate_needs_confirmation,,,,,https://monitor.statnipokladna.gov.cz/api/ukazatele?ic=00636606&obdobi=2412
2024,,single_school,founder:00636622,00636622,Obec Teplice nad Bečvou,obec,1,1,605000,0,605000,1,4750320,aggregate_candidate_needs_confirmation,,,,,https://monitor.statnipokladna.gov.cz/api/ukazatele?ic=00636622&obdobi=2412
2024,,single_school,founder:00636631,00636631,Obec Tučín,obec,1,1,270000,0,270000,1,2555629,aggregate_candidate_needs_confirmation,,,,,https://monitor.statnipokladna.gov.cz/api/ukazatele?ic=00636631&obdobi=2412
2024,,single_school,founder:00636657,00636657,Obec Uhřičice,obec,1,1,515000,0,515000,1,3310653,aggregate_candidate_needs_confirmation,,,,,https://monitor.statnipokladna.gov.cz/api/ukazatele?ic=00636657&obdobi=2412
2024,,single_school,founder:00636690,00636690,Obec Šošůvka,obec,1,1,600000,0,600000,1,3405405,aggregate_candidate_needs_confirmation,,,,,https://monitor.statnipokladna.gov.cz/api/ukazatele?ic=00636690&obdobi=2412
2024,,single_school,founder:00636754,00636754,Obec Jabloňany,obec,1,1,460000,0,460000,1,3883176,aggregate_candidate_needs_confirmation,,,,,https://monitor.statnipokladna.gov.cz/api/ukazatele?ic=00636754&obdobi=2412
2024,,single_school,founder:00636771,00636771,Obec Petrovice,obec,1,1,444000,0,444000,1,2600686,aggregate_candidate_needs_confirmation,,,,,https://monitor.statnipokladna.gov.cz/api/ukazatele?ic=00636771&obdobi=2412
2024,,single_school,founder:00636835,00636835,Obec Lubnice,obec,1,1,1600000,0,1600000,1,14221212,aggregate_candidate_needs_confirmation,,,,,https://monitor.statnipokladna.gov.cz/api/ukazatele?ic=00636835&obdobi=2412
2024,,single_school,founder:00636886,00636886,"Městys Olbramkostel, okres Znojmo",obec,1,1,490000,0,490000,1,2520026,aggregate_candidate_needs_confirmation,,,,,https://monitor.statnipokladna.gov.cz/api/ukazatele?ic=00636886&obdobi=2412
2024,,single_school,founder:00636932,00636932,Obec Pravice,obec,1,1,300000,0,300000,1,2625318,aggregate_candidate_needs_confirmation,,,,,https://monitor.statnipokladna.gov.cz/api/ukazatele?ic=00636932&obdobi=2412
2024,,single_school,founder:00636991,00636991,Obec Rybníky,obec,1,1,1323070,0,1323070,1,10784950,aggregate_candidate_needs_confirmation,,,,,https://monitor.statnipokladna.gov.cz/api/ukazatele?ic=00636991&obdobi=2412
2024,,single_school,founder:00637017,00637017,Obec Slup,obec,1,1,630000,0,630000,1,3310387,aggregate_candidate_needs_confirmation,,,,,https://monitor.statnipokladna.gov.cz/api/ukazatele?ic=00637017&obdobi=2412
2024,,single_school,founder:00637033,00637033,Obec Šafov,obec,1,1,230000,0,230000,1,2405942,aggregate_candidate_needs_confirmation,,,,,https://monitor.statnipokladna.gov.cz/api/ukazatele?ic=00637033&obdobi=2412
2024,,single_school,founder:00637068,00637068,Obec Tvořihráz,obec,1,1,450000,0,450000,1,4685395,aggregate_candidate_needs_confirmation,,,,,https://monitor.statnipokladna.gov.cz/api/ukazatele?ic=00637068&obdobi=2412
2024,,single_school,founder:00637165,00637165,Obec Želetice,obec,1,1,1250000,0,1250000,1,16230867,aggregate_candidate_needs_confirmation,,,,,https://monitor.statnipokladna.gov.cz/api/ukazatele?ic=00637165&obdobi=2412
2024,,single_school,founder:00637190,00637190,Obec Lesní Hluboké,obec,1,1,300000,0,300000,1,3211356,aggregate_candidate_needs_confirmation,,,,,https://monitor.statnipokladna.gov.cz/api/ukazatele?ic=00637190&obdobi=2412
2024,,single_school,founder:00637203,00637203,Obec Senetářov,obec,1,2,500000,140000,640000,1,3055079,aggregate_candidate_needs_confirmation,,,,,https://monitor.statnipokladna.gov.cz/api/ukazatele?ic=00637203&obdobi=2412
2024,,single_school,founder:00637246,00637246,Obec Nýrov,obec,1,1,395000,0,395000,1,3234177,aggregate_candidate_needs_confirmation,,,,,https://monitor.statnipokladna.gov.cz/api/ukazatele?ic=00637246&obdobi=2412
2024,,single_school,founder:00637254,00637254,obec Okrouhlá,obec,1,1,600000,0,600000,1,2954191,aggregate_candidate_needs_confirmation,,,,,https://monitor.statnipokladna.gov.cz/api/ukazatele?ic=00637254&obdobi=2412
2024,,single_school,founder:00637262,00637262,Obec Kořenec,obec,1,1,400000,0,400000,1,2511316,aggregate_candidate_needs_confirmation,,,,,https://monitor.statnipokladna.gov.cz/api/ukazatele?ic=00637262&obdobi=2412
2024,,single_school,founder:00637327,00637327,Obec Kotvrdovice,obec,1,1,1600000,0,1600000,1,8241213,aggregate_candidate_needs_confirmation,,,,,https://monitor.statnipokladna.gov.cz/api/ukazatele?ic=00637327&obdobi=2412
2024,,single_school,founder:00637343,00637343,Obec Bohutice,obec,1,1,994600,0,994600,1,8076382,aggregate_candidate_needs_confirmation,,,,,https://monitor.statnipokladna.gov.cz/api/ukazatele?ic=00637343&obdobi=2412
2024,,single_school,founder:00637360,00637360,Obec Branišovice,obec,1,1,685000,0,685000,1,3219644,aggregate_candidate_needs_confirmation,,,,,https://monitor.statnipokladna.gov.cz/api/ukazatele?ic=00637360&obdobi=2412
2024,,single_school,founder:00637475,00637475,Městys Oleksovice,obec,1,1,860000,0,860000,1,5301711,aggregate_candidate_needs_confirmation,,,,,https://monitor.statnipokladna.gov.cz/api/ukazatele?ic=00637475&obdobi=2412
2024,,single_school,founder:00637483,00637483,Obec Plaveč,obec,1,1,500000,0,500000,1,2895876,aggregate_candidate_needs_confirmation,,,,,https://monitor.statnipokladna.gov.cz/api/ukazatele?ic=00637483&obdobi=2412
2024,,single_school,founder:00637521,00637521,Obec Čučice,obec,1,1,275000,0,275000,1,3096354,aggregate_candidate_needs_confirmation,,,,,https://monitor.statnipokladna.gov.cz/api/ukazatele?ic=00637521&obdobi=2412
2024,,single_school,founder:00637530,00637530,Obec Nová Ves,obec,1,1,1316000,0,1316000,1,11441282,aggregate_candidate_needs_confirmation,,,,,https://monitor.statnipokladna.gov.cz/api/ukazatele?ic=00637530&obdobi=2412
2024,,single_school,founder:00637548,00637548,Obec Přibyslavice,obec,1,1,405000,0,405000,1,3640296,aggregate_candidate_needs_confirmation,,,,,https://monitor.statnipokladna.gov.cz/api/ukazatele?ic=00637548&obdobi=2412
2024,,single_school,founder:00637599,00637599,Obec Suchohrdly u Miroslavi,obec,1,1,990000,0,990000,1,9547407,aggregate_candidate_needs_confirmation,,,,,https://monitor.statnipokladna.gov.cz/api/ukazatele?ic=00637599&obdobi=2412
2024,,single_school,founder:00637611,00637611,Obec Tasovice,obec,1,1,4320000,0,4320000,1,45257204,aggregate_candidate_needs_confirmation,,,,,https://monitor.statnipokladna.gov.cz/api/ukazatele?ic=00637611&obdobi=2412
2024,,single_school,founder:00637629,00637629,Obec Těšetice,obec,1,1,476000,0,476000,1,2812955,aggregate_candidate_needs_confirmation,,,,,https://monitor.statnipokladna.gov.cz/api/ukazatele?ic=00637629&obdobi=2412
2024,,single_school,founder:00637637,00637637,Městys Troskotovice,obec,1,1,1500000,0,1500000,1,11631677,aggregate_candidate_needs_confirmation,,,,,https://monitor.statnipokladna.gov.cz/api/ukazatele?ic=00637637&obdobi=2412
2024,,single_school,founder:00637653,00637653,Obec Valtrovice,obec,1,1,400000,0,400000,1,2824711,aggregate_candidate_needs_confirmation,,,,,https://monitor.statnipokladna.gov.cz/api/ukazatele?ic=00637653&obdobi=2412
2024,,single_school,founder:00637700,00637700,Obec Svinošice,obec,1,1,500000,0,500000,1,3753171,aggregate_candidate_needs_confirmation,,,,,https://monitor.statnipokladna.gov.cz/api/ukazatele?ic=00637700&obdobi=2412
2024,,single_school,founder:00637769,00637769,Obec Újezd u Černé Hory,obec,1,1,638000,0,638000,1,3076823,aggregate_candidate_needs_confirmation,,,,,https://monitor.statnipokladna.gov.cz/api/ukazatele?ic=00637769&obdobi=2412
2024,,single_school,founder:00637785,00637785,Obec Prostřední Poříčí,obec,1,1,380000,0,380000,1,2796974,aggregate_candidate_needs_confirmation,,,,,https://monitor.statnipokladna.gov.cz/api/ukazatele?ic=00637785&obdobi=2412
2024,,single_school,founder:00639672,00639672,Obec Svémyslice,obec,1,1,388980,0,388980,1,2983951,aggregate_candidate_needs_confirmation,,,,,https://monitor.statnipokladna.gov.cz/api/ukazatele?ic=00639672&obdobi=2412
2024,,single_school,founder:00639966,00639966,Obec Roztoky,obec,1,1,690000,0,690000,1,12078314,aggregate_candidate_needs_confirmation,,,,,https://monitor.statnipokladna.gov.cz/api/ukazatele?ic=00639966&obdobi=2412
2024,,single_school,founder:00640042,00640042,obec Květnice,obec,1,2,1474000,1072283,2546283,1,10107897,aggregate_candidate_needs_confirmation,,,,,https://monitor.statnipokladna.gov.cz/api/ukazatele?ic=00640042&obdobi=2412
2024,,single_school,founder:00640077,00640077,Obec Močovice,obec,1,1,456000,0,456000,1,4136371,aggregate_candidate_needs_confirmation,,,,,https://monitor.statnipokladna.gov.cz/api/ukazatele?ic=00640077&obdobi=2412
2024,,single_school,founder:00640115,00640115,Obec Čakovičky,obec,1,1,800000,0,800000,1,5352187,aggregate_candidate_needs_confirmation,,,,,https://monitor.statnipokladna.gov.cz/api/ukazatele?ic=00640115&obdobi=2412
2024,,single_school,founder:00640123,00640123,Obec Březí,obec,1,1,467968,0,467968,1,3639934,aggregate_candidate_needs_confirmation,,,,,https://monitor.statnipokladna.gov.cz/api/ukazatele?ic=00640123&obdobi=2412
2024,,single_school,founder:00640140,00640140,Obec Herink,obec,1,1,1220000,0,1220000,1,5781059,aggregate_candidate_needs_confirmation,,,,,https://monitor.statnipokladna.gov.cz/api/ukazatele?ic=00640140&obdobi=2412
2024,,single_school,founder:00640158,00640158,Obec Modletice,obec,1,2,3148655,0,3148655,1,10841495,aggregate_candidate_needs_confirmation,,,,,https://monitor.statnipokladna.gov.cz/api/ukazatele?ic=00640158&obdobi=2412
2024,,single_school,founder:00640204,00640204,Obec Drobovice,obec,1,1,300000,0,300000,1,2202557,aggregate_candidate_needs_confirmation,,,,,https://monitor.statnipokladna.gov.cz/api/ukazatele?ic=00640204&obdobi=2412
2024,,single_school,founder:00640221,00640221,Obec Zbuzany,obec,1,1,830000,0,830000,1,6247679,aggregate_candidate_needs_confirmation,,,,,https://monitor.statnipokladna.gov.cz/api/ukazatele?ic=00640221&obdobi=2412
2024,,single_school,founder:00640255,00640255,Obec Doubek,obec,1,1,457225,0,457225,1,2703623,aggregate_candidate_needs_confirmation,,,,,https://monitor.statnipokladna.gov.cz/api/ukazatele?ic=00640255&obdobi=2412
2024,,single_school,founder:00640263,00640263,Obec Běleč,obec,1,1,360059,0,360059,1,2467933,aggregate_candidate_needs_confirmation,,,,,https://monitor.statnipokladna.gov.cz/api/ukazatele?ic=00640263&obdobi=2412
2024,,single_school,founder:00640336,00640336,Obec Hlízov,obec,1,1,370000,0,370000,1,2449362,aggregate_candidate_needs_confirmation,,,,,https://monitor.statnipokladna.gov.cz/api/ukazatele?ic=00640336&obdobi=2412
2024,,single_school,founder:00640361,00640361,obec Kobylnice,obec,1,1,130000,0,130000,1,2646509,aggregate_candidate_needs_confirmation,,,,,https://monitor.statnipokladna.gov.cz/api/ukazatele?ic=00640361&obdobi=2412
2024,,single_school,founder:00640433,00640433,obec Královice,obec,1,1,327000,0,327000,1,2837192,aggregate_candidate_needs_confirmation,,,,,https://monitor.statnipokladna.gov.cz/api/ukazatele?ic=00640433&obdobi=2412
2024,,single_school,founder:00640557,00640557,Obec Malé Kyšice,obec,1,1,560000,0,560000,1,3319586,aggregate_candidate_needs_confirmation,,,,,https://monitor.statnipokladna.gov.cz/api/ukazatele?ic=00640557&obdobi=2412
2024,,single_school,founder:00640581,00640581,Obec Netřebice,obec,1,1,327839,0,327839,1,3098813,aggregate_candidate_needs_confirmation,,,,,https://monitor.statnipokladna.gov.cz/api/ukazatele?ic=00640581&obdobi=2412
2024,,single_school,founder:00640671,00640671,Obec Záhornice,obec,1,1,816000,0,816000,1,6616690,aggregate_candidate_needs_confirmation,,,,,https://monitor.statnipokladna.gov.cz/api/ukazatele?ic=00640671&obdobi=2412
2024,,single_school,founder:00640719,00640719,Obec Klínec,obec,1,1,430000,0,430000,1,2556508,aggregate_candidate_needs_confirmation,,,,,https://monitor.statnipokladna.gov.cz/api/ukazatele?ic=00640719&obdobi=2412
2024,,single_school,founder:00640727,00640727,Obec Úholičky,obec,1,1,1048564,0,1048564,1,5784368,aggregate_candidate_needs_confirmation,,,,,https://monitor.statnipokladna.gov.cz/api/ukazatele?ic=00640727&obdobi=2412
2024,,single_school,founder:00640735,00640735,Obec Lichoceves,obec,1,1,800000,0,800000,1,7723976,aggregate_candidate_needs_confirmation,,,,,https://monitor.statnipokladna.gov.cz/api/ukazatele?ic=00640735&obdobi=2412
2024,,single_school,founder:00640816,00640816,Obec Nupaky,obec,1,1,1226000,0,1226000,1,7083747,aggregate_candidate_needs_confirmation,,,,,https://monitor.statnipokladna.gov.cz/api/ukazatele?ic=00640816&obdobi=2412
2024,,single_school,founder:00653357,00653357,Obec Neděliště,obec,1,1,700000,0,700000,1,4234818,aggregate_candidate_needs_confirmation,,,,,https://monitor.statnipokladna.gov.cz/api/ukazatele?ic=00653357&obdobi=2412
2024,,single_school,founder:00653381,00653381,Obec Osice,obec,1,1,2200000,0,2200000,1,25257907,aggregate_candidate_needs_confirmation,,,,,https://monitor.statnipokladna.gov.cz/api/ukazatele?ic=00653381&obdobi=2412
2024,,single_school,founder:00653411,00653411,Obec Sloupno,obec,1,1,970000,0,970000,1,8288318,aggregate_candidate_needs_confirmation,,,,,https://monitor.statnipokladna.gov.cz/api/ukazatele?ic=00653411&obdobi=2412
2024,,single_school,founder:00653420,00653420,Obec Starý Bydžov,obec,1,1,500000,0,500000,1,2923685,aggregate_candidate_needs_confirmation,,,,,https://monitor.statnipokladna.gov.cz/api/ukazatele?ic=00653420&obdobi=2412
2024,,single_school,founder:00653446,00653446,Obec Holohlavy,obec,1,1,1520000,0,1520000,1,8042431,aggregate_candidate_needs_confirmation,,,,,https://monitor.statnipokladna.gov.cz/api/ukazatele?ic=00653446&obdobi=2412
2024,,single_school,founder:00653454,00653454,Obec Jeníkovice,obec,1,1,724447,0,724447,1,4729082,aggregate_candidate_needs_confirmation,,,,,https://monitor.statnipokladna.gov.cz/api/ukazatele?ic=00653454&obdobi=2412
2024,,single_school,founder:00653560,00653560,Obec Adršpach,obec,1,3,1516000,0,1516000,1,8503310,aggregate_candidate_needs_confirmation,,,,,https://monitor.statnipokladna.gov.cz/api/ukazatele?ic=00653560&obdobi=2412
2024,,single_school,founder:00653594,00653594,Obec Hejtmánkovice,obec,1,1,437500,0,437500,1,2774333,aggregate_candidate_needs_confirmation,,,,,https://monitor.statnipokladna.gov.cz/api/ukazatele?ic=00653594&obdobi=2412
2024,,single_school,founder:00653616,00653616,Obec Heřmánkovice,obec,1,1,180000,0,180000,1,2480412,aggregate_candidate_needs_confirmation,,,,,https://monitor.statnipokladna.gov.cz/api/ukazatele?ic=00653616&obdobi=2412
2024,,single_school,founder:00653675,00653675,Obec Bukovice,obec,1,1,750000,0,750000,1,8786428,aggregate_candidate_needs_confirmation,,,,,https://monitor.statnipokladna.gov.cz/api/ukazatele?ic=00653675&obdobi=2412
2024,,single_school,founder:00653683,00653683,Obec Suchý Důl,obec,1,1,900000,0,900000,1,10133324,aggregate_candidate_needs_confirmation,,,,,https://monitor.statnipokladna.gov.cz/api/ukazatele?ic=00653683&obdobi=2412
2024,,single_school,founder:00653691,00653691,Obec Bezděkov nad Metují,obec,1,1,944488,0,944488,1,2204355,aggregate_candidate_needs_confirmation,,,,,https://monitor.statnipokladna.gov.cz/api/ukazatele?ic=00653691&obdobi=2412
2024,,single_school,founder:00654116,00654116,Obec Jetřichov,obec,1,1,401000,0,401000,1,6418752,aggregate_candidate_needs_confirmation,,,,,https://monitor.statnipokladna.gov.cz/api/ukazatele?ic=00654116&obdobi=2412
2024,,single_school,founder:00654124,00654124,Obec Vernéřovice,obec,1,1,850000,0,850000,1,5914219,aggregate_candidate_needs_confirmation,,,,,https://monitor.statnipokladna.gov.cz/api/ukazatele?ic=00654124&obdobi=2412
2024,,single_school,founder:00654621,00654621,Obec Předhradí,obec,1,1,420000,0,420000,1,2730377,aggregate_candidate_needs_confirmation,,,,,https://monitor.statnipokladna.gov.cz/api/ukazatele?ic=00654621&obdobi=2412
2024,,single_school,founder:00654752,00654752,Obec Stolany,obec,1,1,850000,0,850000,1,9088137,aggregate_candidate_needs_confirmation,,,,,https://monitor.statnipokladna.gov.cz/api/ukazatele?ic=00654752&obdobi=2412
2024,,single_school,founder:00662178,00662178,Obec Tuhaň,obec,1,1,705800,0,705800,1,4976988,aggregate_candidate_needs_confirmation,,,,,https://monitor.statnipokladna.gov.cz/api/ukazatele?ic=00662178&obdobi=2412
2024,,single_school,founder:00662259,00662259,Obec Nedomice,obec,1,1,810000,0,810000,1,8279377,aggregate_candidate_needs_confirmation,,,,,https://monitor.statnipokladna.gov.cz/api/ukazatele?ic=00662259&obdobi=2412
2024,,single_school,founder:00662291,00662291,Obec Hostín u Vojkovic,obec,1,1,900000,0,900000,1,11028768,aggregate_candidate_needs_confirmation,,,,,https://monitor.statnipokladna.gov.cz/api/ukazatele?ic=00662291&obdobi=2412
2024,,single_school,founder:00662861,00662861,Obec Korkyně,obec,1,1,455000,0,455000,1,3333151,aggregate_candidate_needs_confirmation,,,,,https://monitor.statnipokladna.gov.cz/api/ukazatele?ic=00662861&obdobi=2412
2024,,single_school,founder:00662887,00662887,Obec Lhota u Příbramě,obec,1,1,830000,0,830000,1,4422103,aggregate_candidate_needs_confirmation,,,,,https://monitor.statnipokladna.gov.cz/api/ukazatele?ic=00662887&obdobi=2412
2024,,single_school,founder:00662941,00662941,Obec Podlesí,obec,1,1,1476610,0,1476610,1,5098231,aggregate_candidate_needs_confirmation,,,,,https://monitor.statnipokladna.gov.cz/api/ukazatele?ic=00662941&obdobi=2412
2024,,single_school,founder:00662984,00662984,Obec Svaté Pole,obec,1,1,480960,0,480960,1,4146282,aggregate_candidate_needs_confirmation,,,,,https://monitor.statnipokladna.gov.cz/api/ukazatele?ic=00662984&obdobi=2412
2024,,single_school,founder:00665100,00665100,Obec Hradešín,obec,1,1,471300,0,471300,1,4030692,aggregate_candidate_needs_confirmation,,,,,https://monitor.statnipokladna.gov.cz/api/ukazatele?ic=00665100&obdobi=2412
2024,,single_school,founder:00666521,00666521,Obec Rapšach,obec,1,1,2323500,0,2323500,1,17119002,aggregate_candidate_needs_confirmation,,,,,https://monitor.statnipokladna.gov.cz/api/ukazatele?ic=00666521&obdobi=2412
2024,,single_school,founder:00666564,00666564,Obec Zahrádky,obec,1,1,250000,0,250000,1,2534604,aggregate_candidate_needs_confirmation,,,,,https://monitor.statnipokladna.gov.cz/api/ukazatele?ic=00666564&obdobi=2412
2024,,single_school,founder:00667161,00667161,Obec Slapy,obec,1,1,1000000,0,1000000,1,10767854,aggregate_candidate_needs_confirmation,,,,,https://monitor.statnipokladna.gov.cz/api/ukazatele?ic=00667161&obdobi=2412
2024,,single_school,founder:00667188,00667188,Obec Sviny,obec,1,1,700000,0,700000,1,4049228,aggregate_candidate_needs_confirmation,,,,,https://monitor.statnipokladna.gov.cz/api/ukazatele?ic=00667188&obdobi=2412
2024,,single_school,founder:00667315,00667315,Obec Zlukov,obec,1,1,688000,0,688000,1,2892677,aggregate_candidate_needs_confirmation,,,,,https://monitor.statnipokladna.gov.cz/api/ukazatele?ic=00667315&obdobi=2412
2024,,single_school,founder:00667820,00667820,Obec Řepice,obec,1,1,150000,0,150000,1,2606385,aggregate_candidate_needs_confirmation,,,,,https://monitor.statnipokladna.gov.cz/api/ukazatele?ic=00667820&obdobi=2412
2024,,single_school,founder:00671886,00671886,obec Šimonovice,obec,1,1,1371582,0,1371582,1,7833522,aggregate_candidate_needs_confirmation,,,,,https://monitor.statnipokladna.gov.cz/api/ukazatele?ic=00671886&obdobi=2412
2024,,single_school,founder:00671894,00671894,Obec Svijanský Újezd,obec,1,1,1000000,0,1000000,1,8573465,aggregate_candidate_needs_confirmation,,,,,https://monitor.statnipokladna.gov.cz/api/ukazatele?ic=00671894&obdobi=2412
2024,,single_school,founder:00671916,00671916,Obec Stráž nad Nisou,obec,1,1,7770573,0,7770573,1,37826073,aggregate_candidate_needs_confirmation,,,,,https://monitor.statnipokladna.gov.cz/api/ukazatele?ic=00671916&obdobi=2412
2024,,single_school,founder:00671967,00671967,Obec Paceřice,obec,1,1,321650,0,321650,1,3321411,aggregate_candidate_needs_confirmation,,,,,https://monitor.statnipokladna.gov.cz/api/ukazatele?ic=00671967&obdobi=2412
2024,,single_school,founder:00672009,00672009,Obec Krásný Les,obec,1,1,366000,0,366000,1,5320607,aggregate_candidate_needs_confirmation,,,,,https://monitor.statnipokladna.gov.cz/api/ukazatele?ic=00672009&obdobi=2412
2024,,single_school,founder:00672017,00672017,Obec Kobyly,obec,1,1,1449000,0,1449000,1,13268292,aggregate_candidate_needs_confirmation,,,,,https://monitor.statnipokladna.gov.cz/api/ukazatele?ic=00672017&obdobi=2412
2024,,single_school,founder:00672025,00672025,Obec Jindřichovice pod Smrkem,obec,1,1,1305471,0,1305471,1,9481874,aggregate_candidate_needs_confirmation,,,,,https://monitor.statnipokladna.gov.cz/api/ukazatele?ic=00672025&obdobi=2412
2024,,single_school,founder:00672033,00672033,Obec Chotyně,obec,1,1,1300000,0,1300000,1,13164746,aggregate_candidate_needs_confirmation,,,,,https://monitor.statnipokladna.gov.cz/api/ukazatele?ic=00672033&obdobi=2412
2024,,single_school,founder:00672050,00672050,Obec Hlavice,obec,1,1,1062000,0,1062000,1,4660737,aggregate_candidate_needs_confirmation,,,,,https://monitor.statnipokladna.gov.cz/api/ukazatele?ic=00672050&obdobi=2412
2024,,single_school,founder:00672106,00672106,Obec Bílý Kostel nad Nisou,obec,1,1,2390000,0,2390000,1,12787462,aggregate_candidate_needs_confirmation,,,,,https://monitor.statnipokladna.gov.cz/api/ukazatele?ic=00672106&obdobi=2412
2024,,single_school,founder:00672904,00672904,Obec Noviny pod Ralskem,obec,1,1,450000,0,450000,1,3227594,aggregate_candidate_needs_confirmation,,,,,https://monitor.statnipokladna.gov.cz/api/ukazatele?ic=00672904&obdobi=2412
2024,,single_school,founder:00673161,00673161,Obec Račetice,obec,1,1,540000,0,540000,1,2828686,aggregate_candidate_needs_confirmation,,,,,https://monitor.statnipokladna.gov.cz/api/ukazatele?ic=00673161&obdobi=2412
2024,,single_school,founder:00673170,00673170,Obec Nezabylice,obec,1,1,474000,0,474000,1,3062175,aggregate_candidate_needs_confirmation,,,,,https://monitor.statnipokladna.gov.cz/api/ukazatele?ic=00673170&obdobi=2412
2024,,single_school,founder:00673374,00673374,Obec Sosnová,obec,1,2,955382,70680,1026062,1,4686086,aggregate_candidate_needs_confirmation,,,,,https://monitor.statnipokladna.gov.cz/api/ukazatele?ic=00673374&obdobi=2412
2024,,single_school,founder:00673412,00673412,Obec Okna,obec,1,2,2720000,80000,2800000,1,24604076,aggregate_candidate_needs_confirmation,,,,,https://monitor.statnipokladna.gov.cz/api/ukazatele?ic=00673412&obdobi=2412
2024,,single_school,founder:00673447,00673447,Obec Okrouhlá,obec,1,1,290000,0,290000,1,4354475,aggregate_candidate_needs_confirmation,,,,,https://monitor.statnipokladna.gov.cz/api/ukazatele?ic=00673447&obdobi=2412
2024,,single_school,founder:00673455,00673455,Obec Skalice u České Lípy,obec,1,1,3200000,0,3200000,1,24576871,aggregate_candidate_needs_confirmation,,,,,https://monitor.statnipokladna.gov.cz/api/ukazatele?ic=00673455&obdobi=2412
2024,,single_school,founder:00831387,00831387,Obec Srbská Kamenice,obec,1,1,150000,0,150000,1,2638530,aggregate_candidate_needs_confirmation,,,,,https://monitor.statnipokladna.gov.cz/api/ukazatele?ic=00831387&obdobi=2412
2024,,single_school,founder:00831417,00831417,Obec Bílý Potok,obec,1,1,1338000,0,1338000,1,8005005,aggregate_candidate_needs_confirmation,,,,,https://monitor.statnipokladna.gov.cz/api/ukazatele?ic=00831417&obdobi=2412
2024,,single_school,founder:00831433,00831433,Obec Nová Ves,obec,1,1,2097208,0,2097208,1,13561110,aggregate_candidate_needs_confirmation,,,,,https://monitor.statnipokladna.gov.cz/api/ukazatele?ic=00831433&obdobi=2412
2024,,single_school,founder:00831468,00831468,Obec Dětřichov,obec,1,1,2250000,0,2250000,1,15766630,aggregate_candidate_needs_confirmation,,,,,https://monitor.statnipokladna.gov.cz/api/ukazatele?ic=00831468&obdobi=2412
2024,,single_school,founder:00831514,00831514,Město Ralsko,obec,1,1,3223000,0,3223000,1,13905110,aggregate_candidate_needs_confirmation,,,,,https://monitor.statnipokladna.gov.cz/api/ukazatele?ic=00831514&obdobi=2412
2024,,single_school,founder:00831786,00831786,Obec Dobroměřice,obec,1,1,700000,0,700000,1,6516959,aggregate_candidate_needs_confirmation,,,,,https://monitor.statnipokladna.gov.cz/api/ukazatele?ic=00831786&obdobi=2412
2024,,single_school,founder:00831964,00831964,Obec Ludvíkovice,obec,1,1,1696000,0,1696000,1,14976569,aggregate_candidate_needs_confirmation,,,,,https://monitor.statnipokladna.gov.cz/api/ukazatele?ic=00831964&obdobi=2412
2024,,single_school,founder:00837300,00837300,Obec Jestřabí,obec,1,1,402000,0,402000,1,2545325,aggregate_candidate_needs_confirmation,,,,,https://monitor.statnipokladna.gov.cz/api/ukazatele?ic=00837300&obdobi=2412
2024,,single_school,founder:00839582,00839582,Obec Bítovčice,obec,1,1,280000,0,280000,1,2007007,aggregate_candidate_needs_confirmation,,,,,https://monitor.statnipokladna.gov.cz/api/ukazatele?ic=00839582&obdobi=2412
2024,,single_school,founder:00839591,00839591,Obec Kozlov,obec,1,1,480000,0,480000,1,3870272,aggregate_candidate_needs_confirmation,,,,,https://monitor.statnipokladna.gov.cz/api/ukazatele?ic=00839591&obdobi=2412
2024,,single_school,founder:00840670,00840670,Obec Polnička,obec,1,1,2638478,0,2638478,1,21102951,aggregate_candidate_needs_confirmation,,,,,https://monitor.statnipokladna.gov.cz/api/ukazatele?ic=00840670&obdobi=2412
2024,,single_school,founder:00841811,00841811,Obec Němčice,obec,1,1,350000,0,350000,1,2768119,aggregate_candidate_needs_confirmation,,,,,https://monitor.statnipokladna.gov.cz/api/ukazatele?ic=00841811&obdobi=2412
2024,,single_school,founder:00841838,00841838,Obec Valchov,obec,1,1,450000,0,450000,1,3280486,aggregate_candidate_needs_confirmation,,,,,https://monitor.statnipokladna.gov.cz/api/ukazatele?ic=00841838&obdobi=2412
2024,,single_school,founder:00842133,00842133,Obec Jámy,obec,1,2,440367,105633,546000,1,4212258,aggregate_candidate_needs_confirmation,,,,,https://monitor.statnipokladna.gov.cz/api/ukazatele?ic=00842133&obdobi=2412
2024,,single_school,founder:00842184,00842184,Obec Věchnov,obec,1,1,590000,0,590000,1,2710821,aggregate_candidate_needs_confirmation,,,,,https://monitor.statnipokladna.gov.cz/api/ukazatele?ic=00842184&obdobi=2412
2024,,single_school,founder:00842206,00842206,Obec Písečné,obec,1,1,1000000,0,1000000,1,6701613,aggregate_candidate_needs_confirmation,,,,,https://monitor.statnipokladna.gov.cz/api/ukazatele?ic=00842206&obdobi=2412
2024,,single_school,founder:00842231,00842231,Obec Nové Dvory,obec,1,1,404000,0,404000,1,2600709,aggregate_candidate_needs_confirmation,,,,,https://monitor.statnipokladna.gov.cz/api/ukazatele?ic=00842231&obdobi=2412
2024,,single_school,founder:00842362,00842362,Obec Vatín,obec,1,1,292000,0,292000,1,2662643,aggregate_candidate_needs_confirmation,,,,,https://monitor.statnipokladna.gov.cz/api/ukazatele?ic=00842362&obdobi=2412
2024,,single_school,founder:00842443,00842443,Obec Dolní Heřmanice,obec,1,1,910130,0,910130,1,6481541,aggregate_candidate_needs_confirmation,,,,,https://monitor.statnipokladna.gov.cz/api/ukazatele?ic=00842443&obdobi=2412
2024,,single_school,founder:00842524,00842524,Obec Oslavice,obec,1,1,1034000,0,1034000,1,10529243,aggregate_candidate_needs_confirmation,,,,,https://monitor.statnipokladna.gov.cz/api/ukazatele?ic=00842524&obdobi=2412
2024,,single_school,founder:00842567,00842567,Obec Ruda,obec,1,1,600000,0,600000,1,5738177,aggregate_candidate_needs_confirmation,,,,,https://monitor.statnipokladna.gov.cz/api/ukazatele?ic=00842567&obdobi=2412
2024,,single_school,founder:00842575,00842575,Obec Uhřínov,obec,1,1,404285,0,404285,1,5102827,aggregate_candidate_needs_confirmation,,,,,https://monitor.statnipokladna.gov.cz/api/ukazatele?ic=00842575&obdobi=2412
2024,,single_school,founder:00842583,00842583,Obec Vídeň,obec,1,1,310000,0,310000,1,2743795,aggregate_candidate_needs_confirmation,,,,,https://monitor.statnipokladna.gov.cz/api/ukazatele?ic=00842583&obdobi=2412
2024,,single_school,founder:00842630,00842630,Obec Nová Ves u Nového Města na Moravě,obec,1,1,1000000,0,1000000,1,8561980,aggregate_candidate_needs_confirmation,,,,,https://monitor.statnipokladna.gov.cz/api/ukazatele?ic=00842630&obdobi=2412
2024,,single_school,founder:00842648,00842648,Obec Křídla,obec,1,1,620000,0,620000,1,6032732,aggregate_candidate_needs_confirmation,,,,,https://monitor.statnipokladna.gov.cz/api/ukazatele?ic=00842648&obdobi=2412
2024,,single_school,founder:00842656,00842656,Obec Zubří,obec,1,1,521000,0,521000,1,8975997,aggregate_candidate_needs_confirmation,,,,,https://monitor.statnipokladna.gov.cz/api/ukazatele?ic=00842656&obdobi=2412
2024,,single_school,founder:00842672,00842672,Obec Katov,obec,1,1,800000,0,800000,1,8114631,aggregate_candidate_needs_confirmation,,,,,https://monitor.statnipokladna.gov.cz/api/ukazatele?ic=00842672&obdobi=2412
2024,,single_school,founder:00842699,00842699,Obec Níhov,obec,1,1,220000,0,220000,1,2086299,aggregate_candidate_needs_confirmation,,,,,https://monitor.statnipokladna.gov.cz/api/ukazatele?ic=00842699&obdobi=2412
2024,,single_school,founder:00845132,00845132,Obec Domaželice,obec,1,1,931304,0,931304,1,7940216,aggregate_candidate_needs_confirmation,,,,,https://monitor.statnipokladna.gov.cz/api/ukazatele?ic=00845132&obdobi=2412
2024,,single_school,founder:00846511,00846511,Obec Milotice nad Opavou,obec,1,1,430000,0,430000,1,3017450,aggregate_candidate_needs_confirmation,,,,,https://monitor.statnipokladna.gov.cz/api/ukazatele?ic=00846511&obdobi=2412
2024,,single_school,founder:00846520,00846520,Obec Oborná,obec,1,1,360000,0,360000,1,2810857,aggregate_candidate_needs_confirmation,,,,,https://monitor.statnipokladna.gov.cz/api/ukazatele?ic=00846520&obdobi=2412
2024,,single_school,founder:00848441,00848441,Obec Trnávka,obec,1,1,790000,0,790000,1,6312334,aggregate_candidate_needs_confirmation,,,,,https://monitor.statnipokladna.gov.cz/api/ukazatele?ic=00848441&obdobi=2412
2024,,single_school,founder:00848468,00848468,Obec Hladké Životice,obec,1,1,1200000,0,1200000,1,11985451,aggregate_candidate_needs_confirmation,,,,,https://monitor.statnipokladna.gov.cz/api/ukazatele?ic=00848468&obdobi=2412
2024,,single_school,founder:00849529,00849529,Obec Lužice,obec,1,1,447500,0,447500,1,4471085,aggregate_candidate_needs_confirmation,,,,,https://monitor.statnipokladna.gov.cz/api/ukazatele?ic=00849529&obdobi=2412
2024,,single_school,founder:00849731,00849731,Obec Dobroslavice,obec,1,1,740000,0,740000,1,5288321,aggregate_candidate_needs_confirmation,,,,,https://monitor.statnipokladna.gov.cz/api/ukazatele?ic=00849731&obdobi=2412
2024,,single_school,founder:00849740,00849740,Obec Větřkovice,obec,1,1,1595000,0,1595000,1,8748457,aggregate_candidate_needs_confirmation,,,,,https://monitor.statnipokladna.gov.cz/api/ukazatele?ic=00849740&obdobi=2412
2024,,single_school,founder:00849952,00849952,Obec Jezdkovice,obec,1,1,399200,0,399200,1,3993366,aggregate_candidate_needs_confirmation,,,,,https://monitor.statnipokladna.gov.cz/api/ukazatele?ic=00849952&obdobi=2412
2024,,single_school,founder:00849961,00849961,Obec Kozmice,obec,1,1,2680000,0,2680000,1,15880958,aggregate_candidate_needs_confirmation,,,,,https://monitor.statnipokladna.gov.cz/api/ukazatele?ic=00849961&obdobi=2412
2024,,single_school,founder:00850641,00850641,Obec Týn nad Bečvou,obec,1,1,1050000,0,1050000,1,9371124,aggregate_candidate_needs_confirmation,,,,,https://monitor.statnipokladna.gov.cz/api/ukazatele?ic=00850641&obdobi=2412
2024,,single_school,founder:00850659,00850659,Obec Výkleky,obec,1,1,250000,0,250000,1,2378815,aggregate_candidate_needs_confirmation,,,,,https://monitor.statnipokladna.gov.cz/api/ukazatele?ic=00850659&obdobi=2412
2024,,single_school,founder:00850675,00850675,Obec Polom,obec,1,1,250000,0,250000,1,2147398,aggregate_candidate_needs_confirmation,,,,,https://monitor.statnipokladna.gov.cz/api/ukazatele?ic=00850675&obdobi=2412
2024,,single_school,founder:00850705,00850705,Obec Špičky,obec,1,1,481900,0,481900,1,2474110,aggregate_candidate_needs_confirmation,,,,,https://monitor.statnipokladna.gov.cz/api/ukazatele?ic=00850705&obdobi=2412
2024,,single_school,founder:00851825,00851825,Obec Ústí,obec,1,1,300000,0,300000,1,2506605,aggregate_candidate_needs_confirmation,,,,,https://monitor.statnipokladna.gov.cz/api/ukazatele?ic=00851825&obdobi=2412
2024,,single_school,founder:00851841,00851841,Obec Janová,obec,1,1,595000,0,595000,1,3002629,aggregate_candidate_needs_confirmation,,,,,https://monitor.statnipokladna.gov.cz/api/ukazatele?ic=00851841&obdobi=2412
2024,,single_school,founder:00853151,00853151,Obec Drozdov,obec,1,1,700000,0,700000,1,2313964,aggregate_candidate_needs_confirmation,,,,,https://monitor.statnipokladna.gov.cz/api/ukazatele?ic=00853151&obdobi=2412
2024,,single_school,founder:00853976,00853976,Obec Sázava,obec,1,1,457000,0,457000,1,2990501,aggregate_candidate_needs_confirmation,,,,,https://monitor.statnipokladna.gov.cz/api/ukazatele?ic=00853976&obdobi=2412
2024,,single_school,founder:00854034,00854034,Obec Hrušová,obec,1,1,329650,0,329650,1,2648934,aggregate_candidate_needs_confirmation,,,,,https://monitor.statnipokladna.gov.cz/api/ukazatele?ic=00854034&obdobi=2412
2024,,single_school,founder:00854662,00854662,Obec Levínská Olešnice,obec,1,1,264000,0,264000,1,2600883,aggregate_candidate_needs_confirmation,,,,,https://monitor.statnipokladna.gov.cz/api/ukazatele?ic=00854662&obdobi=2412
2024,,single_school,founder:00875121,00875121,Obec Železná,obec,1,1,360000,0,360000,1,2844996,aggregate_candidate_needs_confirmation,,,,,https://monitor.statnipokladna.gov.cz/api/ukazatele?ic=00875121&obdobi=2412
2024,,single_school,founder:00876054,00876054,Obec Hrubý Jeseník,obec,1,1,1300000,0,1300000,1,12078958,aggregate_candidate_needs_confirmation,,,,,https://monitor.statnipokladna.gov.cz/api/ukazatele?ic=00876054&obdobi=2412
2024,,single_school,founder:01265741,01265741,Obec Poličná,obec,1,2,3597000,115198,3712198,1,24643843,aggregate_candidate_needs_confirmation,,,,,https://monitor.statnipokladna.gov.cz/api/ukazatele?ic=01265741&obdobi=2412
2024,,single_school,founder:04498704,04498704,Obec Město Libavá,obec,1,2,2020000,2658929,4678929,1,14218403,aggregate_candidate_needs_confirmation,,,,,https://monitor.statnipokladna.gov.cz/api/ukazatele?ic=04498704&obdobi=2412
2024,,single_school,founder:18243665,18243665,Obec Příkosice,obec,1,1,550000,0,550000,1,3403398,aggregate_candidate_needs_confirmation,,,,,https://monitor.statnipokladna.gov.cz/api/ukazatele?ic=18243665&obdobi=2412
2024,,single_school,founder:42634512,42634512,Obec Radkov,obec,1,1,140000,0,140000,1,2735358,aggregate_candidate_needs_confirmation,,,,,https://monitor.statnipokladna.gov.cz/api/ukazatele?ic=42634512&obdobi=2412
2024,,single_school,founder:42634610,42634610,obec Vysoké Studnice,obec,1,1,230000,0,230000,1,2418094,aggregate_candidate_needs_confirmation,,,,,https://monitor.statnipokladna.gov.cz/api/ukazatele?ic=42634610&obdobi=2412
2024,,single_school,founder:43750648,43750648,Obec Tehovec,obec,1,1,590000,0,590000,1,5121795,aggregate_candidate_needs_confirmation,,,,,https://monitor.statnipokladna.gov.cz/api/ukazatele?ic=43750648&obdobi=2412
2024,,single_school,founder:44026927,44026927,Obec Nový Šaldorf-Sedlešovice,obec,1,1,600000,0,600000,1,7128739,aggregate_candidate_needs_confirmation,,,,,https://monitor.statnipokladna.gov.cz/api/ukazatele?ic=44026927&obdobi=2412
2024,,single_school,founder:44164343,44164343,Obec Lužice,obec,1,1,5000000,0,5000000,1,32711986,aggregate_candidate_needs_confirmation,,,,,https://monitor.statnipokladna.gov.cz/api/ukazatele?ic=44164343&obdobi=2412
2024,,single_school,founder:44684983,44684983,Obec Březová - Oleško,obec,1,1,1142350,0,1142350,1,5832779,aggregate_candidate_needs_confirmation,,,,,https://monitor.statnipokladna.gov.cz/api/ukazatele?ic=44684983&obdobi=2412
2024,,single_school,founder:44936362,44936362,Obec Suchonice,obec,1,1,600000,0,600000,1,6334298,aggregate_candidate_needs_confirmation,,,,,https://monitor.statnipokladna.gov.cz/api/ukazatele?ic=44936362&obdobi=2412
2024,,single_school,founder:44947917,44947917,Obec Tetčice,obec,1,1,1270000,0,1270000,1,6053727,aggregate_candidate_needs_confirmation,,,,,https://monitor.statnipokladna.gov.cz/api/ukazatele?ic=44947917&obdobi=2412
2024,,single_school,founder:45670773,45670773,Obec Dobšice,obec,1,1,2470000,0,2470000,1,17493609,aggregate_candidate_needs_confirmation,,,,,https://monitor.statnipokladna.gov.cz/api/ukazatele?ic=45670773&obdobi=2412
2024,,single_school,founder:45978140,45978140,Obec Librantice,obec,1,1,1000000,0,1000000,1,8561833,aggregate_candidate_needs_confirmation,,,,,https://monitor.statnipokladna.gov.cz/api/ukazatele?ic=45978140&obdobi=2412
2024,,single_school,founder:46276068,46276068,Obec Šanov,obec,1,1,250000,0,250000,1,4771524,aggregate_candidate_needs_confirmation,,,,,https://monitor.statnipokladna.gov.cz/api/ukazatele?ic=46276068&obdobi=2412
2024,,single_school,founder:46744941,46744941,Obec Dlouhý Most,obec,1,1,1736000,0,1736000,1,13127762,aggregate_candidate_needs_confirmation,,,,,https://monitor.statnipokladna.gov.cz/api/ukazatele?ic=46744941&obdobi=2412
2024,,single_school,founder:46744967,46744967,Obec Kunratice,obec,1,1,1080000,0,1080000,1,6081286,aggregate_candidate_needs_confirmation,,,,,https://monitor.statnipokladna.gov.cz/api/ukazatele?ic=46744967&obdobi=2412
2024,,single_school,founder:47812303,47812303,Obec Branka u Opavy,obec,1,1,1350000,0,1350000,1,10939920,aggregate_candidate_needs_confirmation,,,,,https://monitor.statnipokladna.gov.cz/api/ukazatele?ic=47812303&obdobi=2412
2024,,single_school,founder:47884541,47884541,Obec Velenov,obec,1,1,600000,0,600000,1,6468007,aggregate_candidate_needs_confirmation,,,,,https://monitor.statnipokladna.gov.cz/api/ukazatele?ic=47884541&obdobi=2412
2024,,single_school,founder:47997265,47997265,Obec Střeň,obec,1,1,892306,0,892306,1,7240422,aggregate_candidate_needs_confirmation,,,,,https://monitor.statnipokladna.gov.cz/api/ukazatele?ic=47997265&obdobi=2412
2024,,single_school,founder:48379701,48379701,Obec Litohlavy,obec,1,1,540000,0,540000,1,2966692,aggregate_candidate_needs_confirmation,,,,,https://monitor.statnipokladna.gov.cz/api/ukazatele?ic=48379701&obdobi=2412
2024,,single_school,founder:48430749,48430749,Obec Bílov,obec,1,1,550000,0,550000,1,2797648,aggregate_candidate_needs_confirmation,,,,,https://monitor.statnipokladna.gov.cz/api/ukazatele?ic=48430749&obdobi=2412
2024,,single_school,founder:48471828,48471828,Obec Březnice,obec,1,1,1999000,0,1999000,1,15312660,aggregate_candidate_needs_confirmation,,,,,https://monitor.statnipokladna.gov.cz/api/ukazatele?ic=48471828&obdobi=2412
2024,,single_school,founder:48527416,48527416,obec Kožichovice,obec,1,1,480000,0,480000,1,3705530,aggregate_candidate_needs_confirmation,,,,,https://monitor.statnipokladna.gov.cz/api/ukazatele?ic=48527416&obdobi=2412
2024,,single_school,founder:48769967,48769967,Obec Samotišky,obec,1,1,1800000,0,1800000,1,15455934,aggregate_candidate_needs_confirmation,,,,,https://monitor.statnipokladna.gov.cz/api/ukazatele?ic=48769967&obdobi=2412
2024,,single_school,founder:48770078,48770078,Obec Bystrovany,obec,1,1,2000000,0,2000000,1,13346537,aggregate_candidate_needs_confirmation,,,,,https://monitor.statnipokladna.gov.cz/api/ukazatele?ic=48770078&obdobi=2412
2024,,single_school,founder:48804711,48804711,Obec Životice u Nového Jičína,obec,1,1,1700000,0,1700000,1,8551460,aggregate_candidate_needs_confirmation,,,,,https://monitor.statnipokladna.gov.cz/api/ukazatele?ic=48804711&obdobi=2412
2024,,single_school,founder:60418559,60418559,obec Střítež,obec,1,1,450000,0,450000,1,2481018,aggregate_candidate_needs_confirmation,,,,,https://monitor.statnipokladna.gov.cz/api/ukazatele?ic=60418559&obdobi=2412
2024,,single_school,founder:60798416,60798416,Obec Olbramice,obec,1,1,1150000,0,1150000,1,8823186,aggregate_candidate_needs_confirmation,,,,,https://monitor.statnipokladna.gov.cz/api/ukazatele?ic=60798416&obdobi=2412
2024,,single_school,founder:60798432,60798432,Obec Šenov u Nového Jičína,obec,1,1,3600000,0,3600000,1,27428469,aggregate_candidate_needs_confirmation,,,,,https://monitor.statnipokladna.gov.cz/api/ukazatele?ic=60798432&obdobi=2412
2024,,single_school,founder:60798483,60798483,Obec Jakubčovice nad Odrou,obec,1,1,1440000,0,1440000,1,12667968,aggregate_candidate_needs_confirmation,,,,,https://monitor.statnipokladna.gov.cz/api/ukazatele?ic=60798483&obdobi=2412
2024,,single_school,founder:61729639,61729639,Obec Rostěnice - Zvonovice,obec,1,1,425000,0,425000,1,2840048,aggregate_candidate_needs_confirmation,,,,,https://monitor.statnipokladna.gov.cz/api/ukazatele?ic=61729639&obdobi=2412
2024,,single_school,founder:62351290,62351290,Obec Vražné,obec,1,1,964000,0,964000,1,8123470,aggregate_candidate_needs_confirmation,,,,,https://monitor.statnipokladna.gov.cz/api/ukazatele?ic=62351290&obdobi=2412
2024,,single_school,founder:63028255,63028255,Obec Křelov-Břuchotín,obec,1,1,1840000,0,1840000,1,12991095,aggregate_candidate_needs_confirmation,,,,,https://monitor.statnipokladna.gov.cz/api/ukazatele?ic=63028255&obdobi=2412
2024,,single_school,founder:64679446,64679446,Obec Těchlovice,obec,1,1,350000,0,350000,1,2976702,aggregate_candidate_needs_confirmation,,,,,https://monitor.statnipokladna.gov.cz/api/ukazatele?ic=64679446&obdobi=2412
2024,,single_school,founder:64990940,64990940,Obec Mrsklesy,obec,1,1,600000,0,600000,1,3573360,aggregate_candidate_needs_confirmation,,,,,https://monitor.statnipokladna.gov.cz/api/ukazatele?ic=64990940&obdobi=2412
2024,,single_school,founder:65197887,65197887,Obec Nová Ves u Světlé,obec,1,1,665000,0,665000,1,7083475,aggregate_candidate_needs_confirmation,,,,,https://monitor.statnipokladna.gov.cz/api/ukazatele?ic=65197887&obdobi=2412
2024,,single_school,founder:67339158,67339158,Obec Chotěbuz,obec,1,1,1101161,0,1101161,1,7848225,aggregate_candidate_needs_confirmation,,,,,https://monitor.statnipokladna.gov.cz/api/ukazatele?ic=67339158&obdobi=2412
2024,,single_school,founder:67340474,67340474,Obec Kujavy,obec,1,1,772000,0,772000,1,6351250,aggregate_candidate_needs_confirmation,,,,,https://monitor.statnipokladna.gov.cz/api/ukazatele?ic=67340474&obdobi=2412
2024,,single_school,founder:67441513,67441513,Obec Semanín,obec,1,1,2070100,0,2070100,1,11306342,aggregate_candidate_needs_confirmation,,,,,https://monitor.statnipokladna.gov.cz/api/ukazatele?ic=67441513&obdobi=2412
2024,,single_school,founder:68898797,68898797,Obec Lhota u Vsetína,obec,1,1,900000,0,900000,1,7681200,aggregate_candidate_needs_confirmation,,,,,https://monitor.statnipokladna.gov.cz/api/ukazatele?ic=68898797&obdobi=2412
2024,,single_school,founder:68921063,68921063,Obec Bravantice,obec,1,1,1600000,0,1600000,1,13614774,aggregate_candidate_needs_confirmation,,,,,https://monitor.statnipokladna.gov.cz/api/ukazatele?ic=68921063&obdobi=2412
2024,,single_school,founder:69171289,69171289,Obec Rabštejnská Lhota,obec,1,2,1600000,100000,1700000,1,15366369,aggregate_candidate_needs_confirmation,,,,,https://monitor.statnipokladna.gov.cz/api/ukazatele?ic=69171289&obdobi=2412
2024,,single_school,founder:70040915,70040915,Obec Jezernice,obec,1,1,1041560,0,1041560,1,7447712,aggregate_candidate_needs_confirmation,,,,,https://monitor.statnipokladna.gov.cz/api/ukazatele?ic=70040915&obdobi=2412
2024,,single_school,founder:70287066,70287066,Obec Spešov,obec,1,1,1000000,0,1000000,1,5804600,aggregate_candidate_needs_confirmation,,,,,https://monitor.statnipokladna.gov.cz/api/ukazatele?ic=70287066&obdobi=2412
2024,,single_school,founder:70305587,70305587,Obec Ropice,obec,1,1,2370000,0,2370000,1,19343093,aggregate_candidate_needs_confirmation,,,,,https://monitor.statnipokladna.gov.cz/api/ukazatele?ic=70305587&obdobi=2412
2024,,single_school,founder:70565295,70565295,Obec Sojovice,obec,1,3,1605165,115931,1721096,1,11008456,aggregate_candidate_needs_confirmation,,,,,https://monitor.statnipokladna.gov.cz/api/ukazatele?ic=70565295&obdobi=2412
2024,,single_school,founder:70599971,70599971,Obec Kobylá nad Vidnavkou,obec,1,1,800000,0,800000,1,7825356,aggregate_candidate_needs_confirmation,,,,,https://monitor.statnipokladna.gov.cz/api/ukazatele?ic=70599971&obdobi=2412
2024,,single_school,founder:70632430,70632430,Obec Písečná,obec,1,1,1100000,0,1100000,1,11607170,aggregate_candidate_needs_confirmation,,,,,https://monitor.statnipokladna.gov.cz/api/ukazatele?ic=70632430&obdobi=2412
2024,,single_school,founder:70805202,70805202,Obec Rokytnice,obec,1,1,542700,0,542700,1,5159366,aggregate_candidate_needs_confirmation,,,,,https://monitor.statnipokladna.gov.cz/api/ukazatele?ic=70805202&obdobi=2412
2024,,single_school,founder:70810877,70810877,Obec Mouřínov,obec,1,1,600000,0,600000,1,3040455,aggregate_candidate_needs_confirmation,,,,,https://monitor.statnipokladna.gov.cz/api/ukazatele?ic=70810877&obdobi=2412
2024,,single_school,founder:72086718,72086718,Obec Libhošť,obec,1,1,2491000,0,2491000,1,15880536,aggregate_candidate_needs_confirmation,,,,,https://monitor.statnipokladna.gov.cz/api/ukazatele?ic=72086718&obdobi=2412
2024,,single_school,founder:75082128,75082128,Obec Ladná,obec,1,1,1719407,0,1719407,1,14173939,aggregate_candidate_needs_confirmation,,,,,https://monitor.statnipokladna.gov.cz/api/ukazatele?ic=75082128&obdobi=2412
2024,,single_school,founder:75082144,75082144,Obec Držovice,obec,1,1,2000000,0,2000000,1,8126327,aggregate_candidate_needs_confirmation,,,,,https://monitor.statnipokladna.gov.cz/api/ukazatele?ic=75082144&obdobi=2412
2024,,single_school,founder:75158094,75158094,Obec Želechovice nad Dřevnicí,obec,1,2,4500000,1923973,6423973,1,50053753,aggregate_candidate_needs_confirmation,,,,,https://monitor.statnipokladna.gov.cz/api/ukazatele?ic=75158094&obdobi=2412
