reporting_year,priority_rank,priority_tier,founder_id,founder_ico,founder_name,founder_type,school_count,finm_line_count,finm_operating_czk,finm_investment_czk,finm_total_czk,current_support_school_count,current_attributed_czk,evidence_status,recipient_source_kind,recipient_source_basis,recipient_source_parser_status,recipient_source_url,monitor_url
2025,1,large_multi_school,founder:44992785,44992785,Statutární město Brno,obec,178,11,655108978,11587612,666696590,178,5488393316,recipient_schedule_required,,,,,https://monitor.statnipokladna.gov.cz/api/ukazatele?ic=44992785&obdobi=2512
2025,2,large_multi_school,founder:00064581,00064581,Hlavní město Praha,kraj,160,37,4724963925,578041979,5303005904,160,9358074140,recipient_schedule_required,,,,,https://monitor.statnipokladna.gov.cz/api/ukazatele?ic=00064581&obdobi=2512
2025,3,large_multi_school,founder:70890692,70890692,Moravskoslezský kraj,kraj,153,34,1283556777,568096893,1851653670,153,7531384654,recipient_schedule_required,,,,,https://monitor.statnipokladna.gov.cz/api/ukazatele?ic=70890692&obdobi=2512
2025,4,large_multi_school,founder:70891095,70891095,Středočeský kraj,kraj,145,17,1069433191,261869647,1331302838,145,7583796280,recipient_schedule_required,,,,,https://monitor.statnipokladna.gov.cz/api/ukazatele?ic=70891095&obdobi=2512
2025,5,large_multi_school,founder:70888337,70888337,Jihomoravský kraj,kraj,144,41,1320494836,696701284,2017196120,144,7634438173,recipient_schedule_required,,,,,https://monitor.statnipokladna.gov.cz/api/ukazatele?ic=70888337&obdobi=2512
2025,6,large_multi_school,founder:70890650,70890650,Jihočeský kraj,kraj,109,25,888574140,738636903,1627211043,109,4896879931,recipient_schedule_required,,,,,https://monitor.statnipokladna.gov.cz/api/ukazatele?ic=70890650&obdobi=2512
2025,7,large_multi_school,founder:00845451,00845451,Statutární město Ostrava,obec,101,14,527028537,27551910,554580447,101,3428069419,recipient_schedule_required,,,,,https://monitor.statnipokladna.gov.cz/api/ukazatele?ic=00845451&obdobi=2512
2025,8,large_multi_school,founder:60609460,60609460,Olomoucký kraj,kraj,93,25,602353186,65896793,668249979,93,4418348202,recipient_schedule_required,,,,,https://monitor.statnipokladna.gov.cz/api/ukazatele?ic=60609460&obdobi=2512
2025,9,large_multi_school,founder:70891320,70891320,Zlínský kraj,kraj,88,19,639751209,217731769,857482978,88,4180153990,recipient_schedule_required,,,,,https://monitor.statnipokladna.gov.cz/api/ukazatele?ic=70891320&obdobi=2512
2025,10,large_multi_school,founder:70892156,70892156,Ústecký kraj,kraj,79,23,922774818,82535394,1005310212,79,4976543423,recipient_schedule_required,,,,,https://monitor.statnipokladna.gov.cz/api/ukazatele?ic=70892156&obdobi=2512
2025,11,large_multi_school,founder:00075370,00075370,Statutární město Plzeň,obec,66,6,306132856,38748009,344880865,66,2137068515,recipient_schedule_required,,,,,https://monitor.statnipokladna.gov.cz/api/ukazatele?ic=00075370&obdobi=2512
2025,12,large_multi_school,founder:70892822,70892822,Pardubický kraj,obec,65,22,496728767,123618401,620347168,65,3368918085,recipient_schedule_required,,,,,https://monitor.statnipokladna.gov.cz/api/ukazatele?ic=70892822&obdobi=2512
2025,13,large_multi_school,founder:70889546,70889546,Královéhradecký kraj,kraj,64,20,633076845,155832519,788909364,64,3694972065,recipient_schedule_required,,,,,https://monitor.statnipokladna.gov.cz/api/ukazatele?ic=70889546&obdobi=2512
2025,14,large_multi_school,founder:70890366,70890366,Plzeňský kraj,kraj,61,26,589468415,664256730,1253725145,61,3714426823,recipient_schedule_required,,,,,https://monitor.statnipokladna.gov.cz/api/ukazatele?ic=70890366&obdobi=2512
2025,15,large_multi_school,founder:00262978,00262978,Statutární město Liberec,obec,54,8,224659907,3585351,228245258,54,1561672761,recipient_schedule_required,,,,,https://monitor.statnipokladna.gov.cz/api/ukazatele?ic=00262978&obdobi=2512
2025,16,large_multi_school,founder:00274046,00274046,Statutární město Pardubice,obec,49,9,156450228,7396000,163846228,49,1350172310,recipient_schedule_required,,,,,https://monitor.statnipokladna.gov.cz/api/ukazatele?ic=00274046&obdobi=2512
2025,17,large_multi_school,founder:00081531,00081531,Statutární město Ústí nad Labem,obec,46,4,180260624,1361693,181622317,46,1255859802,recipient_schedule_required,,,,,https://monitor.statnipokladna.gov.cz/api/ukazatele?ic=00081531&obdobi=2512
2025,18,large_multi_school,founder:70890749,70890749,Kraj Vysočina,kraj,45,14,595903281,26699257,622602538,45,2864440901,recipient_schedule_required,,,,,https://monitor.statnipokladna.gov.cz/api/ukazatele?ic=70890749&obdobi=2512
2025,19,large_multi_school,founder:70891508,70891508,Liberecký kraj,kraj,45,12,454300516,28610867,482911383,45,2410465705,recipient_schedule_required,,,,,https://monitor.statnipokladna.gov.cz/api/ukazatele?ic=70891508&obdobi=2512
2025,20,large_multi_school,founder:00063584,00063584,Městská část Praha 4,obec,39,0,0,0,0,39,1488052753,founder_source_required,,,,,https://monitor.statnipokladna.gov.cz/api/ukazatele?ic=00063584&obdobi=2512
2025,21,large_multi_school,founder:00283924,00283924,Statutární město Zlín,obec,35,4,141584669,32698510,174283179,35,1068286071,recipient_schedule_required,,,,,https://monitor.statnipokladna.gov.cz/api/ukazatele?ic=00283924&obdobi=2512
2025,22,large_multi_school,founder:00063703,00063703,Městská část Praha 6,obec,34,0,0,0,0,34,1391972277,founder_source_required,,,,,https://monitor.statnipokladna.gov.cz/api/ukazatele?ic=00063703&obdobi=2512
2025,23,large_multi_school,founder:00063797,00063797,Městská část Praha 8,obec,33,0,0,0,0,33,1281332632,founder_source_required,,,,,https://monitor.statnipokladna.gov.cz/api/ukazatele?ic=00063797&obdobi=2512
2025,24,large_multi_school,founder:00063941,00063941,Městská část Praha 10,obec,33,0,0,0,0,33,139430000,recipient_source_cataloged,approved_school_budget,budgeted,ready,https://praha10.cz/wp-content/uploads/2025/12/Rozpocet-prisp_-organizaci-odboru-skolstvi-na-rok-2025-a-vyhledy-2026-2027.xlsx,https://monitor.statnipokladna.gov.cz/api/ukazatele?ic=00063941&obdobi=2512
2025,25,large_multi_school,founder:00241687,00241687,Městská část Praha 13,obec,32,0,0,0,0,32,923837039,founder_source_required,,,,,https://monitor.statnipokladna.gov.cz/api/ukazatele?ic=00241687&obdobi=2512
2025,26,large_multi_school,founder:00244732,00244732,Statutární město České Budějovice,obec,31,6,238517506,45171420,283688926,31,1398353605,recipient_schedule_required,,,,,https://monitor.statnipokladna.gov.cz/api/ukazatele?ic=00244732&obdobi=2512
2025,27,large_multi_school,founder:00299308,00299308,Statutární město Olomouc,obec,31,5,220938518,22066427,243004945,31,1432806684,recipient_schedule_required,,,,,https://monitor.statnipokladna.gov.cz/api/ukazatele?ic=00299308&obdobi=2512
2025,28,large_multi_school,founder:00297488,00297488,Statutární město Havířov,obec,31,8,124979428,5084586,130064014,31,1065479979,recipient_schedule_required,,,,,https://monitor.statnipokladna.gov.cz/api/ukazatele?ic=00297488&obdobi=2512
2025,29,large_multi_school,founder:00268810,00268810,Statutární město Hradec Králové,obec,30,9,282346239,1569000,283915239,30,1293007829,recipient_schedule_required,,,,,https://monitor.statnipokladna.gov.cz/api/ukazatele?ic=00268810&obdobi=2512
2025,30,large_multi_school,founder:00234516,00234516,Statutární město Kladno,obec,28,4,126031189,2483000,128514189,28,1048300532,recipient_schedule_required,,,,,https://monitor.statnipokladna.gov.cz/api/ukazatele?ic=00234516&obdobi=2512
2025,31,large_multi_school,founder:00262340,00262340,Statutární město Jablonec nad Nisou,obec,28,8,97930660,1397548,99328208,28,639647537,recipient_schedule_required,,,,,https://monitor.statnipokladna.gov.cz/api/ukazatele?ic=00262340&obdobi=2512
2025,32,large_multi_school,founder:00300535,00300535,Statutární město Opava,obec,27,8,120055423,2845668,122901091,27,724600252,recipient_schedule_required,,,,,https://monitor.statnipokladna.gov.cz/api/ukazatele?ic=00300535&obdobi=2512
2025,33,large_multi_school,founder:00063631,00063631,Městská část Praha 5,obec,26,0,0,0,0,26,1005124738,founder_source_required,,,,,https://monitor.statnipokladna.gov.cz/api/ukazatele?ic=00063631&obdobi=2512
2025,34,large_multi_school,founder:70891168,70891168,Karlovarský kraj,kraj,24,15,279161378,67627689,346789067,24,1481858184,recipient_schedule_required,,,,,https://monitor.statnipokladna.gov.cz/api/ukazatele?ic=70891168&obdobi=2512
2025,35,large_multi_school,founder:00266621,00266621,Statutární město Teplice,obec,24,6,145913630,684845,146598475,24,690584050,recipient_schedule_required,,,,,https://monitor.statnipokladna.gov.cz/api/ukazatele?ic=00266621&obdobi=2512
2025,36,large_multi_school,founder:00231126,00231126,Městská část Praha 11,obec,24,0,0,0,0,24,1085905100,founder_source_required,,,,,https://monitor.statnipokladna.gov.cz/api/ukazatele?ic=00231126&obdobi=2512
2025,37,large_multi_school,founder:00231151,00231151,Městská část Praha 12,obec,23,0,0,0,0,23,832383714,founder_source_required,,,,,https://monitor.statnipokladna.gov.cz/api/ukazatele?ic=00231151&obdobi=2512
2025,38,large_multi_school,founder:00243132,00243132,Město Příbram,obec,22,7,59368984,2563006,61931990,22,589678112,recipient_schedule_required,,,,,https://monitor.statnipokladna.gov.cz/api/ukazatele?ic=00243132&obdobi=2512
2025,39,large_multi_school,founder:00063517,00063517,Městská část Praha 3,obec,22,0,0,0,0,22,793050990,founder_source_required,,,,,https://monitor.statnipokladna.gov.cz/api/ukazatele?ic=00063517&obdobi=2512
2025,40,multi_school,founder:00296643,00296643,Statutární město Frýdek-Místek,obec,20,7,127341298,6266170,133607468,20,820868639,recipient_schedule_required,,,,,https://monitor.statnipokladna.gov.cz/api/ukazatele?ic=00296643&obdobi=2512
2025,41,multi_school,founder:00301825,00301825,Statutární město Přerov,obec,19,6,67335017,7975816,75310833,19,487864819,recipient_schedule_required,,,,,https://monitor.statnipokladna.gov.cz/api/ukazatele?ic=00301825&obdobi=2512
2025,42,multi_school,founder:00290629,00290629,Město Třebíč,obec,19,6,54960569,243000,55203569,19,553134182,recipient_schedule_required,,,,,https://monitor.statnipokladna.gov.cz/api/ukazatele?ic=00290629&obdobi=2512
2025,43,multi_school,founder:00266094,00266094,Statutární město Most,obec,17,5,99172022,1096865,100268887,17,856176546,recipient_schedule_required,,,,,https://monitor.statnipokladna.gov.cz/api/ukazatele?ic=00266094&obdobi=2512
2025,44,multi_school,founder:00260428,00260428,Město Česká Lípa,obec,17,7,94448129,4364100,98812229,17,656679797,recipient_schedule_required,,,,,https://monitor.statnipokladna.gov.cz/api/ukazatele?ic=00260428&obdobi=2512
2025,45,multi_school,founder:00238295,00238295,Statutární město Mladá Boleslav,obec,17,6,80833763,350000,81183763,17,694920788,recipient_schedule_required,,,,,https://monitor.statnipokladna.gov.cz/api/ukazatele?ic=00238295&obdobi=2512
2025,46,multi_school,founder:00063461,00063461,Městská část Praha 2,obec,17,0,0,0,0,17,604240967,founder_source_required,,,,,https://monitor.statnipokladna.gov.cz/api/ukazatele?ic=00063461&obdobi=2512
2025,47,multi_school,founder:00231312,00231312,Městská část Praha 14,obec,16,0,0,0,0,16,567044988,founder_source_required,,,,,https://monitor.statnipokladna.gov.cz/api/ukazatele?ic=00231312&obdobi=2512
2025,48,multi_school,founder:00261238,00261238,Statutární město Děčín,obec,15,3,101241168,0,101241168,15,725069296,recipient_schedule_required,,,,,https://monitor.statnipokladna.gov.cz/api/ukazatele?ic=00261238&obdobi=2512
2025,49,multi_school,founder:00235440,00235440,Město Kolín,obec,15,5,71878288,271330,72149618,15,573008686,recipient_schedule_required,,,,,https://monitor.statnipokladna.gov.cz/api/ukazatele?ic=00235440&obdobi=2512
2025,50,multi_school,founder:00292427,00292427,Město Vyškov,obec,15,5,47641927,7925753,55567680,15,362210606,recipient_schedule_required,,,,,https://monitor.statnipokladna.gov.cz/api/ukazatele?ic=00292427&obdobi=2512
2025,51,multi_school,founder:00063894,00063894,Městská část Praha 9,obec,15,0,0,0,0,15,547177288,founder_source_required,,,,,https://monitor.statnipokladna.gov.cz/api/ukazatele?ic=00063894&obdobi=2512
2025,52,multi_school,founder:00288659,00288659,Statutární město Prostějov,obec,14,9,111305223,8755878,120061101,14,680573069,recipient_schedule_required,,,,,https://monitor.statnipokladna.gov.cz/api/ukazatele?ic=00288659&obdobi=2512
2025,53,multi_school,founder:00286010,00286010,Statutární město Jihlava,obec,14,7,99804877,6471000,106275877,14,865461722,recipient_schedule_required,,,,,https://monitor.statnipokladna.gov.cz/api/ukazatele?ic=00286010&obdobi=2512
2025,54,multi_school,founder:00304450,00304450,Město Vsetín,obec,14,4,61307913,16932310,78240223,14,417109640,recipient_schedule_required,,,,,https://monitor.statnipokladna.gov.cz/api/ukazatele?ic=00304450&obdobi=2512
2025,55,multi_school,founder:00253979,00253979,Město Cheb,obec,14,5,61631857,4704009,66335866,14,461066334,recipient_schedule_required,,,,,https://monitor.statnipokladna.gov.cz/api/ukazatele?ic=00253979&obdobi=2512
2025,56,multi_school,founder:00287351,00287351,Město Kroměříž,obec,14,5,52133000,3206000,55339000,14,408077895,recipient_schedule_required,,,,,https://monitor.statnipokladna.gov.cz/api/ukazatele?ic=00287351&obdobi=2512
2025,57,multi_school,founder:00272868,00272868,Město Náchod,obec,14,8,44209647,3665512,47875159,14,284456695,recipient_schedule_required,,,,,https://monitor.statnipokladna.gov.cz/api/ukazatele?ic=00272868&obdobi=2512
2025,58,multi_school,founder:00254657,00254657,Statutární město Karlovy Vary,obec,13,4,75506693,0,75506693,13,707157596,recipient_schedule_required,,,,,https://monitor.statnipokladna.gov.cz/api/ukazatele?ic=00254657&obdobi=2512
2025,59,multi_school,founder:00259586,00259586,Město Sokolov,obec,13,4,60049409,518298,60567707,13,379607511,recipient_schedule_required,,,,,https://monitor.statnipokladna.gov.cz/api/ukazatele?ic=00259586&obdobi=2512
2025,60,multi_school,founder:00283061,00283061,Město Břeclav,obec,13,4,47619000,1000000,48619000,13,363781358,recipient_schedule_required,,,,,https://monitor.statnipokladna.gov.cz/api/ukazatele?ic=00283061&obdobi=2512
2025,61,multi_school,founder:00279676,00279676,Město Ústí nad Orlicí,obec,13,9,36005208,4651141,40656349,13,232788268,recipient_schedule_required,,,,,https://monitor.statnipokladna.gov.cz/api/ukazatele?ic=00279676&obdobi=2512
2025,62,multi_school,founder:00276227,00276227,Město Turnov,obec,13,7,37467000,448800,37915800,13,328674350,recipient_schedule_required,,,,,https://monitor.statnipokladna.gov.cz/api/ukazatele?ic=00276227&obdobi=2512
2025,63,multi_school,founder:00231355,00231355,Městská část Praha 15,obec,13,0,0,0,0,13,439036841,founder_source_required,,,,,https://monitor.statnipokladna.gov.cz/api/ukazatele?ic=00231355&obdobi=2512
2025,64,multi_school,founder:00297313,00297313,Statutární město Třinec,obec,12,6,80701402,81779506,162480908,12,494019551,recipient_schedule_required,,,,,https://monitor.statnipokladna.gov.cz/api/ukazatele?ic=00297313&obdobi=2512
2025,65,multi_school,founder:00261891,00261891,Statutární město Chomutov,obec,12,5,90210042,0,90210042,12,749833788,recipient_schedule_required,,,,,https://monitor.statnipokladna.gov.cz/api/ukazatele?ic=00261891&obdobi=2512
2025,66,multi_school,founder:00293881,00293881,Město Znojmo,obec,12,6,70552103,2877368,73429471,12,552066407,recipient_schedule_required,,,,,https://monitor.statnipokladna.gov.cz/api/ukazatele?ic=00293881&obdobi=2512
2025,67,multi_school,founder:00237051,00237051,Město Mělník,obec,12,7,56338585,214751,56553336,12,340256052,recipient_schedule_required,,,,,https://monitor.statnipokladna.gov.cz/api/ukazatele?ic=00237051&obdobi=2512
2025,68,multi_school,founder:00304387,00304387,Město Valašské Meziříčí,obec,12,3,53553000,0,53553000,12,321626140,recipient_schedule_required,,,,,https://monitor.statnipokladna.gov.cz/api/ukazatele?ic=00304387&obdobi=2512
2025,69,multi_school,founder:00265209,00265209,Město Louny,obec,12,4,46609800,0,46609800,12,357746538,recipient_schedule_required,,,,,https://monitor.statnipokladna.gov.cz/api/ukazatele?ic=00265209&obdobi=2512
2025,70,multi_school,founder:00265781,00265781,Město Žatec,obec,12,6,44584211,40789,44625000,12,349286429,recipient_schedule_required,,,,,https://monitor.statnipokladna.gov.cz/api/ukazatele?ic=00265781&obdobi=2512
2025,71,multi_school,founder:00251810,00251810,Město Strakonice,obec,12,2,44463900,0,44463900,12,361764681,recipient_schedule_required,,,,,https://monitor.statnipokladna.gov.cz/api/ukazatele?ic=00251810&obdobi=2512
2025,72,multi_school,founder:00261912,00261912,Město Kadaň,obec,12,4,29706700,0,29706700,12,288888192,recipient_schedule_required,,,,,https://monitor.statnipokladna.gov.cz/api/ukazatele?ic=00261912&obdobi=2512
2025,73,multi_school,founder:00261718,00261718,Město Varnsdorf,obec,12,7,29086911,513341,29600252,12,211137635,recipient_schedule_required,,,,,https://monitor.statnipokladna.gov.cz/api/ukazatele?ic=00261718&obdobi=2512
2025,74,multi_school,founder:00063410,00063410,Městská část Praha 1,obec,12,0,0,0,0,12,417137477,founder_source_required,,,,,https://monitor.statnipokladna.gov.cz/api/ukazatele?ic=00063410&obdobi=2512
2025,75,multi_school,founder:00297534,00297534,Statutární město Karviná,obec,11,4,107785497,13600000,121385497,11,604389426,recipient_schedule_required,,,,,https://monitor.statnipokladna.gov.cz/api/ukazatele?ic=00297534&obdobi=2512
2025,76,multi_school,founder:00296139,00296139,Město Krnov,obec,11,5,76147883,794476,76942359,11,304368081,recipient_schedule_required,,,,,https://monitor.statnipokladna.gov.cz/api/ukazatele?ic=00296139&obdobi=2512
2025,77,multi_school,founder:00245836,00245836,Město Český Krumlov,obec,11,4,35974500,798719,36773219,11,235470956,recipient_schedule_required,,,,,https://monitor.statnipokladna.gov.cz/api/ukazatele?ic=00245836&obdobi=2512
2025,78,multi_school,founder:00240702,00240702,Město Říčany,obec,11,5,33855582,75000,33930582,11,305473438,recipient_schedule_required,,,,,https://monitor.statnipokladna.gov.cz/api/ukazatele?ic=00240702&obdobi=2512
2025,79,multi_school,founder:00277444,00277444,Město Svitavy,obec,11,7,33391516,474000,33865516,11,308109027,recipient_schedule_required,,,,,https://monitor.statnipokladna.gov.cz/api/ukazatele?ic=00277444&obdobi=2512
2025,80,multi_school,founder:00297577,00297577,Město Orlová,obec,11,4,31164183,1698817,32863000,11,337594999,recipient_schedule_required,,,,,https://monitor.statnipokladna.gov.cz/api/ukazatele?ic=00297577&obdobi=2512
2025,81,multi_school,founder:00270211,00270211,Město Chrudim,obec,11,3,31328100,0,31328100,11,343214002,recipient_schedule_required,,,,,https://monitor.statnipokladna.gov.cz/api/ukazatele?ic=00270211&obdobi=2512
2025,82,multi_school,founder:00291463,00291463,Město Uherský Brod,obec,11,2,27859164,0,27859164,11,224431053,recipient_schedule_required,,,,,https://monitor.statnipokladna.gov.cz/api/ukazatele?ic=00291463&obdobi=2512
2025,83,multi_school,founder:00063754,00063754,Městská část Praha 7,obec,11,0,0,0,0,11,566385671,founder_source_required,,,,,https://monitor.statnipokladna.gov.cz/api/ukazatele?ic=00063754&obdobi=2512
2025,84,multi_school,founder:00271632,00271632,Město Jičín,obec,10,5,35070724,2030480,37101204,10,326631360,recipient_schedule_required,,,,,https://monitor.statnipokladna.gov.cz/api/ukazatele?ic=00271632&obdobi=2512
2025,85,multi_school,founder:00246875,00246875,Město Jindřichův Hradec,obec,10,2,34309000,0,34309000,10,333587960,recipient_schedule_required,,,,,https://monitor.statnipokladna.gov.cz/api/ukazatele?ic=00246875&obdobi=2512
2025,86,multi_school,founder:00244309,00244309,Město Rakovník,obec,10,4,31043000,1591956,32634956,10,250425629,recipient_schedule_required,,,,,https://monitor.statnipokladna.gov.cz/api/ukazatele?ic=00244309&obdobi=2512
2025,87,multi_school,founder:00278360,00278360,Město Trutnov,obec,9,8,95081345,12423797,107505142,9,534349943,recipient_schedule_required,,,,,https://monitor.statnipokladna.gov.cz/api/ukazatele?ic=00278360&obdobi=2512
2025,88,multi_school,founder:00284891,00284891,Město Hodonín,obec,9,3,56676600,3333000,60009600,9,321039368,recipient_schedule_required,,,,,https://monitor.statnipokladna.gov.cz/api/ukazatele?ic=00284891&obdobi=2512
2025,89,multi_school,founder:00240079,00240079,Město Brandýs nad Labem - Stará Boleslav,obec,9,3,49574000,0,49574000,9,357340404,recipient_schedule_required,,,,,https://monitor.statnipokladna.gov.cz/api/ukazatele?ic=00240079&obdobi=2512
2025,90,multi_school,founder:00263958,00263958,Město Litoměřice,obec,9,5,47300233,110000,47410233,9,389862792,recipient_schedule_required,,,,,https://monitor.statnipokladna.gov.cz/api/ukazatele?ic=00263958&obdobi=2512
2025,91,multi_school,founder:00231401,00231401,Město Benešov,obec,9,8,37835000,925000,38760000,9,331950512,recipient_schedule_required,,,,,https://monitor.statnipokladna.gov.cz/api/ukazatele?ic=00231401&obdobi=2512
2025,92,multi_school,founder:00264334,00264334,Město Roudnice nad Labem,obec,9,5,36811000,1500000,38311000,9,281828364,recipient_schedule_required,,,,,https://monitor.statnipokladna.gov.cz/api/ukazatele?ic=00264334&obdobi=2512
2025,93,multi_school,founder:00236977,00236977,Město Kralupy nad Vltavou,obec,9,7,34291169,2015045,36306214,9,321102756,recipient_schedule_required,,,,,https://monitor.statnipokladna.gov.cz/api/ukazatele?ic=00236977&obdobi=2512
2025,94,multi_school,founder:00304271,00304271,Město Rožnov pod Radhoštěm,obec,9,6,32764117,1688000,34452117,9,220166991,recipient_schedule_required,,,,,https://monitor.statnipokladna.gov.cz/api/ukazatele?ic=00304271&obdobi=2512
2025,95,multi_school,founder:00279943,00279943,Město Blansko,obec,9,2,32828000,0,32828000,9,276564153,recipient_schedule_required,,,,,https://monitor.statnipokladna.gov.cz/api/ukazatele?ic=00279943&obdobi=2512
2025,96,multi_school,founder:00279102,00279102,Město Lanškroun,obec,9,7,20898591,10200000,31098591,9,181863295,recipient_schedule_required,,,,,https://monitor.statnipokladna.gov.cz/api/ukazatele?ic=00279102&obdobi=2512
2025,97,multi_school,founder:00275336,00275336,Město Rychnov nad Kněžnou,obec,9,6,23346901,1520641,24867542,9,185042291,recipient_schedule_required,,,,,https://monitor.statnipokladna.gov.cz/api/ukazatele?ic=00275336&obdobi=2512
2025,98,multi_school,founder:00254061,00254061,Město Mariánské Lázně,obec,9,4,23850000,0,23850000,9,211127547,recipient_schedule_required,,,,,https://monitor.statnipokladna.gov.cz/api/ukazatele?ic=00254061&obdobi=2512
2025,99,multi_school,founder:00260231,00260231,Město Tachov,obec,8,5,47997668,9584306,57581974,8,201334720,recipient_schedule_required,,,,,https://monitor.statnipokladna.gov.cz/api/ukazatele?ic=00260231&obdobi=2512
2025,100,multi_school,founder:00253014,00253014,Město Tábor,obec,8,6,51715786,3845132,55560918,8,387227620,recipient_schedule_required,,,,,https://monitor.statnipokladna.gov.cz/api/ukazatele?ic=00253014&obdobi=2512
2025,101,multi_school,founder:00303461,00303461,Město Šumperk,obec,8,4,54923486,250000,55173486,8,373510510,recipient_schedule_required,,,,,https://monitor.statnipokladna.gov.cz/api/ukazatele?ic=00303461&obdobi=2512
2025,102,multi_school,founder:00233129,00233129,Město Beroun,obec,8,4,51513249,3144055,54657304,8,328893229,recipient_schedule_required,,,,,https://monitor.statnipokladna.gov.cz/api/ukazatele?ic=00233129&obdobi=2512
2025,103,multi_school,founder:00266027,00266027,Město Litvínov,obec,8,6,53372281,1093948,54466229,8,442984302,recipient_schedule_required,,,,,https://monitor.statnipokladna.gov.cz/api/ukazatele?ic=00266027&obdobi=2512
2025,104,multi_school,founder:00295892,00295892,Město Bruntál,obec,8,4,45519566,1773739,47293305,8,284733335,recipient_schedule_required,,,,,https://monitor.statnipokladna.gov.cz/api/ukazatele?ic=00295892&obdobi=2512
2025,105,multi_school,founder:00300063,00300063,Město Hlučín,obec,8,4,28862975,7887177,36750152,8,210501881,recipient_schedule_required,,,,,https://monitor.statnipokladna.gov.cz/api/ukazatele?ic=00300063&obdobi=2512
2025,106,multi_school,founder:00303640,00303640,Město Zábřeh,obec,8,5,35192577,1227371,36419948,8,225323533,recipient_schedule_required,,,,,https://monitor.statnipokladna.gov.cz/api/ukazatele?ic=00303640&obdobi=2512
2025,107,multi_school,founder:00276111,00276111,Město Semily,obec,8,7,31049488,4350756,35400244,8,185619542,recipient_schedule_required,,,,,https://monitor.statnipokladna.gov.cz/api/ukazatele?ic=00276111&obdobi=2512
2025,108,multi_school,founder:00253901,00253901,Město Aš,obec,8,6,30057956,230000,30287956,8,207850705,recipient_schedule_required,,,,,https://monitor.statnipokladna.gov.cz/api/ukazatele?ic=00253901&obdobi=2512
2025,109,multi_school,founder:00278653,00278653,Město Česká Třebová,obec,8,3,25805800,0,25805800,8,217586401,recipient_schedule_required,,,,,https://monitor.statnipokladna.gov.cz/api/ukazatele?ic=00278653&obdobi=2512
2025,110,multi_school,founder:00279773,00279773,Město Vysoké Mýto,obec,8,7,24668500,677176,25345676,8,217748936,recipient_schedule_required,,,,,https://monitor.statnipokladna.gov.cz/api/ukazatele?ic=00279773&obdobi=2512
2025,111,multi_school,founder:00278475,00278475,Město Vrchlabí,obec,8,6,22713815,2040929,24754744,8,207048237,recipient_schedule_required,,,,,https://monitor.statnipokladna.gov.cz/api/ukazatele?ic=00278475&obdobi=2512
2025,112,multi_school,founder:00285030,00285030,Město Kyjov,obec,8,6,23566848,900375,24467223,8,201283502,recipient_schedule_required,,,,,https://monitor.statnipokladna.gov.cz/api/ukazatele?ic=00285030&obdobi=2512
2025,113,multi_school,founder:00259438,00259438,Město Kraslice,obec,8,5,22144363,2211859,24356222,8,158527628,recipient_schedule_required,,,,,https://monitor.statnipokladna.gov.cz/api/ukazatele?ic=00259438&obdobi=2512
2025,114,multi_school,founder:00261602,00261602,Město Rumburk,obec,8,3,23536721,653000,24189721,8,157391297,recipient_schedule_required,,,,,https://monitor.statnipokladna.gov.cz/api/ukazatele?ic=00261602&obdobi=2512
2025,115,multi_school,founder:00254843,00254843,Město Ostrov,obec,8,4,23163012,90000,23253012,8,233867279,recipient_schedule_required,,,,,https://monitor.statnipokladna.gov.cz/api/ukazatele?ic=00254843&obdobi=2512
2025,116,multi_school,founder:00239402,00239402,Město Lysá nad Labem,obec,8,6,19070000,525000,19595000,8,194022612,recipient_schedule_required,,,,,https://monitor.statnipokladna.gov.cz/api/ukazatele?ic=00239402&obdobi=2512
2025,117,multi_school,founder:00232947,00232947,Město Vlašim,obec,8,4,18650000,0,18650000,8,176766839,recipient_schedule_required,,,,,https://monitor.statnipokladna.gov.cz/api/ukazatele?ic=00232947&obdobi=2512
2025,118,multi_school,founder:00236195,00236195,Město Kutná Hora,obec,7,7,45953233,7742070,53695303,7,298044849,recipient_schedule_required,,,,,https://monitor.statnipokladna.gov.cz/api/ukazatele?ic=00236195&obdobi=2512
2025,119,multi_school,founder:00298212,00298212,Město Nový Jičín,obec,7,6,46483545,1073895,47557440,7,340838397,recipient_schedule_required,,,,,https://monitor.statnipokladna.gov.cz/api/ukazatele?ic=00298212&obdobi=2512
2025,120,multi_school,founder:00277177,00277177,Město Polička,obec,7,10,30964084,14930331,45894415,7,170912753,recipient_schedule_required,,,,,https://monitor.statnipokladna.gov.cz/api/ukazatele?ic=00277177&obdobi=2512
2025,121,multi_school,founder:00291471,00291471,Město Uherské Hradiště,obec,7,5,38468700,6243200,44711900,7,379130280,recipient_schedule_required,,,,,https://monitor.statnipokladna.gov.cz/api/ukazatele?ic=00291471&obdobi=2512
2025,122,multi_school,founder:00277819,00277819,Město Dvůr Králové nad Labem,obec,7,3,40519000,0,40519000,7,253417984,recipient_schedule_required,,,,,https://monitor.statnipokladna.gov.cz/api/ukazatele?ic=00277819&obdobi=2512
2025,123,multi_school,founder:00298077,00298077,Město Kopřivnice,obec,7,3,38616433,677600,39294033,7,285893344,recipient_schedule_required,,,,,https://monitor.statnipokladna.gov.cz/api/ukazatele?ic=00298077&obdobi=2512
2025,124,multi_school,founder:00267449,00267449,Město Havlíčkův Brod,obec,7,6,34738000,2770164,37508164,7,362721900,recipient_schedule_required,,,,,https://monitor.statnipokladna.gov.cz/api/ukazatele?ic=00267449&obdobi=2512
2025,125,multi_school,founder:00235334,00235334,Město Český Brod,obec,7,4,31716700,0,31716700,7,213806223,recipient_schedule_required,,,,,https://monitor.statnipokladna.gov.cz/api/ukazatele?ic=00235334&obdobi=2512
2025,126,multi_school,founder:00234877,00234877,Město Slaný,obec,7,3,30801335,0,30801335,7,245166326,recipient_schedule_required,,,,,https://monitor.statnipokladna.gov.cz/api/ukazatele?ic=00234877&obdobi=2512
2025,127,multi_school,founder:00301311,00301311,Město Hranice,obec,7,4,29818000,0,29818000,7,230024354,recipient_schedule_required,,,,,https://monitor.statnipokladna.gov.cz/api/ukazatele?ic=00301311&obdobi=2512
2025,128,multi_school,founder:00266230,00266230,Město Bílina,obec,7,4,28217293,0,28217293,7,230422223,recipient_schedule_required,,,,,https://monitor.statnipokladna.gov.cz/api/ukazatele?ic=00266230&obdobi=2512
2025,129,multi_school,founder:00242098,00242098,Město Dobříš,obec,7,5,24322000,150000,24472000,7,232673028,recipient_schedule_required,,,,,https://monitor.statnipokladna.gov.cz/api/ukazatele?ic=00242098&obdobi=2512
2025,130,multi_school,founder:00278955,00278955,Město Choceň,obec,7,6,24026992,279643,24306635,7,184637238,recipient_schedule_required,,,,,https://monitor.statnipokladna.gov.cz/api/ukazatele?ic=00278955&obdobi=2512
2025,131,multi_school,founder:00263991,00263991,Město Lovosice,obec,7,5,22989831,0,22989831,7,171415393,recipient_schedule_required,,,,,https://monitor.statnipokladna.gov.cz/api/ukazatele?ic=00263991&obdobi=2512
2025,132,multi_school,founder:00299529,00299529,Město Šternberk,obec,7,7,20833000,790000,21623000,7,200178442,recipient_schedule_required,,,,,https://monitor.statnipokladna.gov.cz/api/ukazatele?ic=00299529&obdobi=2512
2025,133,multi_school,founder:00295671,00295671,Město Velké Meziříčí,obec,7,2,20396000,0,20396000,7,200478421,recipient_schedule_required,,,,,https://monitor.statnipokladna.gov.cz/api/ukazatele?ic=00295671&obdobi=2512
2025,134,multi_school,founder:00254801,00254801,Město Nejdek,obec,7,3,18551332,0,18551332,7,126396311,recipient_schedule_required,,,,,https://monitor.statnipokladna.gov.cz/api/ukazatele?ic=00254801&obdobi=2512
2025,135,multi_school,founder:00287113,00287113,město Bystřice pod Hostýnem,obec,7,3,17986000,400000,18386000,7,131796174,recipient_schedule_required,,,,,https://monitor.statnipokladna.gov.cz/api/ukazatele?ic=00287113&obdobi=2512
2025,136,multi_school,founder:00271560,00271560,Město Hořice,obec,7,5,15490000,500000,15990000,7,141650832,recipient_schedule_required,,,,,https://monitor.statnipokladna.gov.cz/api/ukazatele?ic=00271560&obdobi=2512
2025,137,multi_school,founder:00262854,00262854,Město Hrádek nad Nisou,obec,7,3,14712788,0,14712788,7,140309016,recipient_schedule_required,,,,,https://monitor.statnipokladna.gov.cz/api/ukazatele?ic=00262854&obdobi=2512
2025,138,multi_school,founder:00266281,00266281,Město Dubí,obec,7,3,14354457,0,14354457,7,100051060,recipient_schedule_required,,,,,https://monitor.statnipokladna.gov.cz/api/ukazatele?ic=00266281&obdobi=2512
2025,139,multi_school,founder:00231223,00231223,Městská část Praha 17,obec,7,0,0,0,0,7,335656592,founder_source_required,,,,,https://monitor.statnipokladna.gov.cz/api/ukazatele?ic=00231223&obdobi=2512
2025,140,multi_school,founder:00249998,00249998,Město Písek,obec,6,3,65741176,85623208,151364384,6,495962193,recipient_schedule_required,,,,,https://monitor.statnipokladna.gov.cz/api/ukazatele?ic=00249998&obdobi=2512
2025,141,multi_school,founder:00297569,00297569,Město Bohumín,obec,6,4,62967857,5020124,67987981,6,265863803,recipient_schedule_required,,,,,https://monitor.statnipokladna.gov.cz/api/ukazatele?ic=00297569&obdobi=2512
2025,142,multi_school,founder:00261904,00261904,Město Jirkov,obec,6,5,62311201,2892633,65203834,6,326453639,recipient_schedule_required,,,,,https://monitor.statnipokladna.gov.cz/api/ukazatele?ic=00261904&obdobi=2512
2025,143,multi_school,founder:00302724,00302724,Město Jeseník,obec,6,8,52182464,1589730,53772194,6,161591096,recipient_schedule_required,,,,,https://monitor.statnipokladna.gov.cz/api/ukazatele?ic=00302724&obdobi=2512
2025,144,multi_school,founder:00295841,00295841,Město Žďár nad Sázavou,obec,6,5,47706471,956000,48662471,6,329364224,recipient_schedule_required,,,,,https://monitor.statnipokladna.gov.cz/api/ukazatele?ic=00295841&obdobi=2512
2025,145,multi_school,founder:00248801,00248801,Město Pelhřimov,obec,6,6,37181000,1188000,38369000,6,273272645,recipient_schedule_required,,,,,https://monitor.statnipokladna.gov.cz/api/ukazatele?ic=00248801&obdobi=2512
2025,146,multi_school,founder:00239453,00239453,Město Milovice,obec,6,3,36641200,0,36641200,6,243207838,recipient_schedule_required,,,,,https://monitor.statnipokladna.gov.cz/api/ukazatele?ic=00239453&obdobi=2512
2025,147,multi_school,founder:00287172,00287172,Město Holešov,obec,6,5,31222417,4500000,35722417,6,202148674,recipient_schedule_required,,,,,https://monitor.statnipokladna.gov.cz/api/ukazatele?ic=00287172&obdobi=2512
2025,148,multi_school,founder:00281859,00281859,Město Ivančice,obec,6,4,28099700,730000,28829700,6,162830990,recipient_schedule_required,,,,,https://monitor.statnipokladna.gov.cz/api/ukazatele?ic=00281859&obdobi=2512
2025,149,multi_school,founder:00260771,00260771,Město Nový Bor,obec,6,5,25388950,0,25388950,6,189470606,recipient_schedule_required,,,,,https://monitor.statnipokladna.gov.cz/api/ukazatele?ic=00260771&obdobi=2512
2025,150,multi_school,founder:00240117,00240117,Město Čelákovice,obec,6,5,23728000,770448,24498448,6,210550153,recipient_schedule_required,,,,,https://monitor.statnipokladna.gov.cz/api/ukazatele?ic=00240117&obdobi=2512
2025,151,multi_school,founder:00241121,00241121,Město Černošice,obec,6,3,22297053,0,22297053,6,150062339,recipient_schedule_required,,,,,https://monitor.statnipokladna.gov.cz/api/ukazatele?ic=00241121&obdobi=2512
2025,152,multi_school,founder:00266418,00266418,Město Krupka,obec,6,6,20090000,1926808,22016808,6,184575560,recipient_schedule_required,,,,,https://monitor.statnipokladna.gov.cz/api/ukazatele?ic=00266418&obdobi=2512
2025,153,multi_school,founder:00272876,00272876,Město Nové Město nad Metují,obec,6,3,21355200,0,21355200,6,179418249,recipient_schedule_required,,,,,https://monitor.statnipokladna.gov.cz/api/ukazatele?ic=00272876&obdobi=2512
2025,154,multi_school,founder:00259322,00259322,Město Horní Slavkov,obec,6,4,20100000,628226,20728226,6,121002045,recipient_schedule_required,,,,,https://monitor.statnipokladna.gov.cz/api/ukazatele?ic=00259322&obdobi=2512
2025,155,multi_school,founder:00249831,00249831,Město Milevsko,obec,6,3,17125000,2930000,20055000,6,122774309,recipient_schedule_required,,,,,https://monitor.statnipokladna.gov.cz/api/ukazatele?ic=00249831&obdobi=2512
2025,156,multi_school,founder:00273571,00273571,Město Holice,obec,6,8,17209225,725148,17934373,6,132746356,recipient_schedule_required,,,,,https://monitor.statnipokladna.gov.cz/api/ukazatele?ic=00273571&obdobi=2512
2025,157,multi_school,founder:00276944,00276944,Město Litomyšl,obec,6,7,14045000,3702876,17747876,6,186172090,recipient_schedule_required,,,,,https://monitor.statnipokladna.gov.cz/api/ukazatele?ic=00276944&obdobi=2512
2025,158,multi_school,founder:00270059,00270059,Město Hlinsko,obec,6,6,16042570,392130,16434700,6,158204104,recipient_schedule_required,,,,,https://monitor.statnipokladna.gov.cz/api/ukazatele?ic=00270059&obdobi=2512
2025,159,multi_school,founder:00266299,00266299,Město Duchcov,obec,6,3,13343000,1605806,14948806,6,111179234,recipient_schedule_required,,,,,https://monitor.statnipokladna.gov.cz/api/ukazatele?ic=00266299&obdobi=2512
2025,160,multi_school,founder:00295647,00295647,Město Velká Bíteš,obec,6,5,14864496,0,14864496,6,152717824,recipient_schedule_required,,,,,https://monitor.statnipokladna.gov.cz/api/ukazatele?ic=00295647&obdobi=2512
2025,161,multi_school,founder:00272566,00272566,Město Červený Kostelec,obec,6,3,14628957,0,14628957,6,132548391,recipient_schedule_required,,,,,https://monitor.statnipokladna.gov.cz/api/ukazatele?ic=00272566&obdobi=2512
2025,162,multi_school,founder:00262633,00262633,Město Železný Brod,obec,6,4,12287000,0,12287000,6,98741762,recipient_schedule_required,,,,,https://monitor.statnipokladna.gov.cz/api/ukazatele?ic=00262633&obdobi=2512
2025,163,multi_school,founder:00270903,00270903,Město Skuteč,obec,6,4,9837000,0,9837000,6,90718900,recipient_schedule_required,,,,,https://monitor.statnipokladna.gov.cz/api/ukazatele?ic=00270903&obdobi=2512
2025,164,multi_school,founder:00231142,00231142,Městská část Praha - Libuš,obec,6,0,0,0,0,6,145249757,founder_source_required,,,,,https://monitor.statnipokladna.gov.cz/api/ukazatele?ic=00231142&obdobi=2512
2025,165,multi_school,founder:00240192,00240192,Městská část Praha 20,obec,6,0,0,0,0,6,241634214,founder_source_required,,,,,https://monitor.statnipokladna.gov.cz/api/ukazatele?ic=00240192&obdobi=2512
2025,166,multi_school,founder:00297437,00297437,Město Český Těšín,obec,5,2,88157458,5862638,94020096,5,378871707,recipient_schedule_required,,,,,https://monitor.statnipokladna.gov.cz/api/ukazatele?ic=00297437&obdobi=2512
2025,167,multi_school,founder:00272728,00272728,Město Jaroměř,obec,5,7,36689468,16583594,53273062,5,210824972,recipient_schedule_required,,,,,https://monitor.statnipokladna.gov.cz/api/ukazatele?ic=00272728&obdobi=2512
2025,168,multi_school,founder:00259349,00259349,Město Chodov,obec,5,6,37385730,8670000,46055730,5,213909562,recipient_schedule_required,,,,,https://monitor.statnipokladna.gov.cz/api/ukazatele?ic=00259349&obdobi=2512
2025,169,multi_school,founder:00241610,00241610,Město Roztoky,obec,5,4,42120576,500000,42620576,5,175040274,recipient_schedule_required,,,,,https://monitor.statnipokladna.gov.cz/api/ukazatele?ic=00241610&obdobi=2512
2025,170,multi_school,founder:00255661,00255661,Město Klatovy,obec,5,3,34813372,89990,34903362,5,321263495,recipient_schedule_required,,,,,https://monitor.statnipokladna.gov.cz/api/ukazatele?ic=00255661&obdobi=2512
2025,171,multi_school,founder:00264466,00264466,Město Štětí,obec,5,8,28439139,5110422,33549561,5,146088785,recipient_schedule_required,,,,,https://monitor.statnipokladna.gov.cz/api/ukazatele?ic=00264466&obdobi=2512
2025,172,multi_school,founder:00261939,00261939,Město Klášterec nad Ohří,obec,5,3,28953637,0,28953637,5,221499692,recipient_schedule_required,,,,,https://monitor.statnipokladna.gov.cz/api/ukazatele?ic=00261939&obdobi=2512
2025,173,multi_school,founder:00259047,00259047,Město Rokycany,obec,5,4,26971229,773653,27744882,5,225077603,recipient_schedule_required,,,,,https://monitor.statnipokladna.gov.cz/api/ukazatele?ic=00259047&obdobi=2512
2025,174,multi_school,founder:00236021,00236021,Město Čáslav,obec,5,4,26584533,80707,26665240,5,228974740,recipient_schedule_required,,,,,https://monitor.statnipokladna.gov.cz/api/ukazatele?ic=00236021&obdobi=2512
2025,175,multi_school,founder:00252859,00252859,Město Sezimovo Ústí,obec,5,4,18868125,6610889,25479014,5,137676088,recipient_schedule_required,,,,,https://monitor.statnipokladna.gov.cz/api/ukazatele?ic=00252859&obdobi=2512
2025,176,multi_school,founder:00282707,00282707,Město Tišnov,obec,5,3,23520000,0,23520000,5,203439747,recipient_schedule_required,,,,,https://monitor.statnipokladna.gov.cz/api/ukazatele?ic=00282707&obdobi=2512
2025,177,multi_school,founder:00301493,00301493,Město Lipník nad Bečvou,obec,5,6,18823638,4200000,23023638,5,123629657,recipient_schedule_required,,,,,https://monitor.statnipokladna.gov.cz/api/ukazatele?ic=00301493&obdobi=2512
2025,178,multi_school,founder:00299138,00299138,Město Litovel,obec,5,4,22249169,740000,22989169,5,141175499,recipient_schedule_required,,,,,https://monitor.statnipokladna.gov.cz/api/ukazatele?ic=00299138&obdobi=2512
2025,179,multi_school,founder:00253316,00253316,Město Domažlice,obec,5,4,21194310,0,21194310,5,237988877,recipient_schedule_required,,,,,https://monitor.statnipokladna.gov.cz/api/ukazatele?ic=00253316&obdobi=2512
2025,180,multi_school,founder:00271888,00271888,Město Nová Paka,obec,5,6,19972449,611551,20584000,5,124893477,recipient_schedule_required,,,,,https://monitor.statnipokladna.gov.cz/api/ukazatele?ic=00271888&obdobi=2512
2025,181,multi_school,founder:00256129,00256129,Město Sušice,obec,5,4,20069000,0,20069000,5,180326766,recipient_schedule_required,,,,,https://monitor.statnipokladna.gov.cz/api/ukazatele?ic=00256129&obdobi=2512
2025,182,multi_school,founder:00257125,00257125,Město Přeštice,obec,5,4,18462000,756635,19218635,5,135362224,recipient_schedule_required,,,,,https://monitor.statnipokladna.gov.cz/api/ukazatele?ic=00257125&obdobi=2512
2025,183,multi_school,founder:00274101,00274101,Město Přelouč,obec,5,4,18534100,0,18534100,5,150573764,recipient_schedule_required,,,,,https://monitor.statnipokladna.gov.cz/api/ukazatele?ic=00274101&obdobi=2512
2025,184,multi_school,founder:00269247,00269247,Město Nový Bydžov,obec,5,5,17748926,120000,17868926,5,149452800,recipient_schedule_required,,,,,https://monitor.statnipokladna.gov.cz/api/ukazatele?ic=00269247&obdobi=2512
2025,185,multi_school,founder:00245941,00245941,Město Kaplice,obec,5,2,17248960,0,17248960,5,135443873,recipient_schedule_required,,,,,https://monitor.statnipokladna.gov.cz/api/ukazatele?ic=00245941&obdobi=2512
2025,186,multi_school,founder:00277037,00277037,Město Moravská Třebová,obec,5,3,16620000,0,16620000,5,146235470,recipient_schedule_required,,,,,https://monitor.statnipokladna.gov.cz/api/ukazatele?ic=00277037&obdobi=2512
2025,187,multi_school,founder:00280518,00280518,Město Letovice,obec,5,3,16330306,190000,16520306,5,109523035,recipient_schedule_required,,,,,https://monitor.statnipokladna.gov.cz/api/ukazatele?ic=00280518&obdobi=2512
2025,188,multi_school,founder:00248789,00248789,Město Pacov,obec,5,7,15720494,123855,15844349,5,105048135,recipient_schedule_required,,,,,https://monitor.statnipokladna.gov.cz/api/ukazatele?ic=00248789&obdobi=2512
2025,189,multi_school,founder:00279129,00279129,Město Letohrad,obec,5,5,14565630,930000,15495630,5,128221055,recipient_schedule_required,,,,,https://monitor.statnipokladna.gov.cz/api/ukazatele?ic=00279129&obdobi=2512
2025,190,multi_school,founder:00279846,00279846,Město Žamberk,obec,5,5,15144769,0,15144769,5,119434730,recipient_schedule_required,,,,,https://monitor.statnipokladna.gov.cz/api/ukazatele?ic=00279846&obdobi=2512
2025,191,multi_school,founder:00253081,00253081,Město Veselí nad Lužnicí,obec,5,3,14255580,0,14255580,5,97856556,recipient_schedule_required,,,,,https://monitor.statnipokladna.gov.cz/api/ukazatele?ic=00253081&obdobi=2512
2025,192,multi_school,founder:00265365,00265365,Město Podbořany,obec,5,3,14049689,0,14049689,5,118123585,recipient_schedule_required,,,,,https://monitor.statnipokladna.gov.cz/api/ukazatele?ic=00265365&obdobi=2512
2025,193,multi_school,founder:00279072,00279072,Město Králíky,obec,5,5,13589400,95313,13684713,5,89085766,recipient_schedule_required,,,,,https://monitor.statnipokladna.gov.cz/api/ukazatele?ic=00279072&obdobi=2512
2025,194,multi_school,founder:00275905,00275905,Město Lomnice nad Popelkou,obec,5,4,13586000,0,13586000,5,102655033,recipient_schedule_required,,,,,https://monitor.statnipokladna.gov.cz/api/ukazatele?ic=00275905&obdobi=2512
2025,195,multi_school,founder:00278386,00278386,Město Úpice,obec,5,4,13530000,0,13530000,5,123100212,recipient_schedule_required,,,,,https://monitor.statnipokladna.gov.cz/api/ukazatele?ic=00278386&obdobi=2512
2025,196,multi_school,founder:00253936,00253936,Město Františkovy Lázně,obec,5,3,13333473,0,13333473,5,100253355,recipient_schedule_required,,,,,https://monitor.statnipokladna.gov.cz/api/ukazatele?ic=00253936&obdobi=2512
2025,197,multi_school,founder:00255513,00255513,Město Horažďovice,obec,5,3,12811000,0,12811000,5,117836439,recipient_schedule_required,,,,,https://monitor.statnipokladna.gov.cz/api/ukazatele?ic=00255513&obdobi=2512
2025,198,multi_school,founder:00270041,00270041,Město Heřmanův Městec,obec,5,4,12508151,0,12508151,5,118899513,recipient_schedule_required,,,,,https://monitor.statnipokladna.gov.cz/api/ukazatele?ic=00270041&obdobi=2512
2025,199,multi_school,founder:00260444,00260444,Město Doksy,obec,5,4,11102600,50000,11152600,5,81934153,recipient_schedule_required,,,,,https://monitor.statnipokladna.gov.cz/api/ukazatele?ic=00260444&obdobi=2512
2025,200,multi_school,founder:00253464,00253464,Město Kdyně,obec,5,3,9410000,0,9410000,5,97330137,recipient_schedule_required,,,,,https://monitor.statnipokladna.gov.cz/api/ukazatele?ic=00253464&obdobi=2512
2025,201,multi_school,founder:63026112,63026112,Obec Vendryně,obec,5,2,9305397,0,9305397,5,72117794,recipient_schedule_required,,,,,https://monitor.statnipokladna.gov.cz/api/ukazatele?ic=63026112&obdobi=2512
2025,202,multi_school,founder:00300292,00300292,Město Kravaře,obec,5,3,8923650,0,8923650,5,94121767,recipient_schedule_required,,,,,https://monitor.statnipokladna.gov.cz/api/ukazatele?ic=00300292&obdobi=2512
2025,203,multi_school,founder:00289965,00289965,Město Náměšť nad Oslavou,obec,5,4,8759522,16008,8775530,5,99323578,recipient_schedule_required,,,,,https://monitor.statnipokladna.gov.cz/api/ukazatele?ic=00289965&obdobi=2512
2025,204,multi_school,founder:00261220,00261220,Město Česká Kamenice,obec,5,3,7530000,0,7530000,5,99366183,recipient_schedule_required,,,,,https://monitor.statnipokladna.gov.cz/api/ukazatele?ic=00261220&obdobi=2512
2025,205,multi_school,founder:00240915,00240915,Městská část Praha 22,obec,5,0,0,0,0,5,199554602,founder_source_required,,,,,https://monitor.statnipokladna.gov.cz/api/ukazatele?ic=00240915&obdobi=2512
2025,206,multi_school,founder:00240923,00240923,Městská část Praha 21,obec,5,0,0,0,0,5,158958952,founder_source_required,,,,,https://monitor.statnipokladna.gov.cz/api/ukazatele?ic=00240923&obdobi=2512
2025,207,multi_school,founder:00248266,00248266,Město Humpolec,obec,4,8,35077245,26675972,61753217,4,211759270,recipient_schedule_required,,,,,https://monitor.statnipokladna.gov.cz/api/ukazatele?ic=00248266&obdobi=2512
2025,208,multi_school,founder:00250627,00250627,Město Prachatice,obec,4,4,27365211,17978411,45343622,4,195706541,recipient_schedule_required,,,,,https://monitor.statnipokladna.gov.cz/api/ukazatele?ic=00250627&obdobi=2512
2025,209,multi_school,founder:00284301,00284301,Město Otrokovice,obec,4,2,45310158,0,45310158,4,234855462,recipient_schedule_required,,,,,https://monitor.statnipokladna.gov.cz/api/ukazatele?ic=00284301&obdobi=2512
2025,210,multi_school,founder:00239640,00239640,Město Poděbrady,obec,4,4,38417000,4500000,42917000,4,256381005,recipient_schedule_required,,,,,https://monitor.statnipokladna.gov.cz/api/ukazatele?ic=00239640&obdobi=2512
2025,211,multi_school,founder:00237108,00237108,Město Neratovice,obec,4,5,33186819,230040,33416859,4,252501886,recipient_schedule_required,,,,,https://monitor.statnipokladna.gov.cz/api/ukazatele?ic=00237108&obdobi=2512
2025,212,multi_school,founder:00238309,00238309,Město Mnichovo Hradiště,obec,4,4,23665648,2200000,25865648,4,150550090,recipient_schedule_required,,,,,https://monitor.statnipokladna.gov.cz/api/ukazatele?ic=00238309&obdobi=2512
2025,213,multi_school,founder:00241318,00241318,Město Jesenice,obec,4,3,25300000,300000,25600000,4,178663006,recipient_schedule_required,,,,,https://monitor.statnipokladna.gov.cz/api/ukazatele?ic=00241318&obdobi=2512
2025,214,multi_school,founder:00303038,00303038,Město Mohelnice,obec,4,4,24054512,233856,24288368,4,160313433,recipient_schedule_required,,,,,https://monitor.statnipokladna.gov.cz/api/ukazatele?ic=00303038&obdobi=2512
2025,215,multi_school,founder:00252921,00252921,Město Soběslav,obec,4,3,21615613,2360339,23975952,4,153693402,recipient_schedule_required,,,,,https://monitor.statnipokladna.gov.cz/api/ukazatele?ic=00252921&obdobi=2512
2025,216,multi_school,founder:00262587,00262587,Město Tanvald,obec,4,5,23212320,619168,23831488,4,123476394,recipient_schedule_required,,,,,https://monitor.statnipokladna.gov.cz/api/ukazatele?ic=00262587&obdobi=2512
2025,217,multi_school,founder:00298441,00298441,Město Studénka,obec,4,4,21351393,1393265,22744658,4,161429038,recipient_schedule_required,,,,,https://monitor.statnipokladna.gov.cz/api/ukazatele?ic=00298441&obdobi=2512
2025,218,multi_school,founder:00294900,00294900,Město Nové Město na Moravě,obec,4,4,21707710,383241,22090951,4,168312928,recipient_schedule_required,,,,,https://monitor.statnipokladna.gov.cz/api/ukazatele?ic=00294900&obdobi=2512
2025,219,multi_school,founder:00260177,00260177,Město Stříbro,obec,4,4,21142500,899000,22041500,4,132060052,recipient_schedule_required,,,,,https://monitor.statnipokladna.gov.cz/api/ukazatele?ic=00260177&obdobi=2512
2025,220,multi_school,founder:00283193,00283193,Město Hustopeče,obec,4,4,19856000,572000,20428000,4,130522789,recipient_schedule_required,,,,,https://monitor.statnipokladna.gov.cz/api/ukazatele?ic=00283193&obdobi=2512
2025,221,multi_school,founder:00296759,00296759,Město Jablunkov,obec,4,4,20212700,150000,20362700,4,126725383,recipient_schedule_required,,,,,https://monitor.statnipokladna.gov.cz/api/ukazatele?ic=00296759&obdobi=2512
2025,222,multi_school,founder:00297372,00297372,Město Vratimov,obec,4,4,18655500,488000,19143500,4,124740292,recipient_schedule_required,,,,,https://monitor.statnipokladna.gov.cz/api/ukazatele?ic=00297372&obdobi=2512
2025,223,multi_school,founder:00294136,00294136,Město Bystřice nad Pernštejnem,obec,4,4,17674000,995799,18669799,4,132190088,recipient_schedule_required,,,,,https://monitor.statnipokladna.gov.cz/api/ukazatele?ic=00294136&obdobi=2512
2025,224,multi_school,founder:00291676,00291676,Město Bučovice,obec,4,3,18033521,0,18033521,4,138210424,recipient_schedule_required,,,,,https://monitor.statnipokladna.gov.cz/api/ukazatele?ic=00291676&obdobi=2512
2025,225,multi_school,founder:00247618,00247618,Město Třeboň,obec,4,2,17961919,0,17961919,4,135863738,recipient_schedule_required,,,,,https://monitor.statnipokladna.gov.cz/api/ukazatele?ic=00247618&obdobi=2512
2025,226,multi_school,founder:00267538,00267538,Město Chotěboř,obec,4,4,17777000,0,17777000,4,135478816,recipient_schedule_required,,,,,https://monitor.statnipokladna.gov.cz/api/ukazatele?ic=00267538&obdobi=2512
2025,227,multi_school,founder:00289931,00289931,Město Moravské Budějovice,obec,4,5,14922038,2843144,17765182,4,139163548,recipient_schedule_required,,,,,https://monitor.statnipokladna.gov.cz/api/ukazatele?ic=00289931&obdobi=2512
2025,228,multi_school,founder:00250996,00250996,Město Blatná,obec,4,4,16233860,1232477,17466337,4,116296362,recipient_schedule_required,,,,,https://monitor.statnipokladna.gov.cz/api/ukazatele?ic=00250996&obdobi=2512
2025,229,multi_school,founder:00299634,00299634,Město Uničov,obec,4,4,14925500,2022000,16947500,4,156274613,recipient_schedule_required,,,,,https://monitor.statnipokladna.gov.cz/api/ukazatele?ic=00299634&obdobi=2512
2025,230,multi_school,founder:00272523,00272523,Město Broumov,obec,4,4,16833562,110000,16943562,4,130476675,recipient_schedule_required,,,,,https://monitor.statnipokladna.gov.cz/api/ukazatele?ic=00272523&obdobi=2512
2025,231,multi_school,founder:00298328,00298328,Město Příbor,obec,4,3,16608000,0,16608000,4,111842221,recipient_schedule_required,,,,,https://monitor.statnipokladna.gov.cz/api/ukazatele?ic=00298328&obdobi=2512
2025,232,multi_school,founder:00245585,00245585,Město Týn nad Vltavou,obec,4,4,16144500,117000,16261500,4,130331694,recipient_schedule_required,,,,,https://monitor.statnipokladna.gov.cz/api/ukazatele?ic=00245585&obdobi=2512
2025,233,multi_school,founder:00243272,00243272,Město Sedlčany,obec,4,4,16242000,0,16242000,4,137590682,recipient_schedule_required,,,,,https://monitor.statnipokladna.gov.cz/api/ukazatele?ic=00243272&obdobi=2512
2025,234,multi_school,founder:00283347,00283347,Město Mikulov,obec,4,2,16182000,0,16182000,4,121377830,recipient_schedule_required,,,,,https://monitor.statnipokladna.gov.cz/api/ukazatele?ic=00283347&obdobi=2512
2025,235,multi_school,founder:00250805,00250805,Město Vimperk,obec,4,2,15497000,0,15497000,4,106901973,recipient_schedule_required,,,,,https://monitor.statnipokladna.gov.cz/api/ukazatele?ic=00250805&obdobi=2512
2025,236,multi_school,founder:00237442,00237442,Město Benátky nad Jizerou,obec,4,3,15010561,0,15010561,4,142149589,recipient_schedule_required,,,,,https://monitor.statnipokladna.gov.cz/api/ukazatele?ic=00237442&obdobi=2512
2025,237,multi_school,founder:00259314,00259314,Město Habartov,obec,4,4,11599700,2317695,13917395,4,64618568,recipient_schedule_required,,,,,https://monitor.statnipokladna.gov.cz/api/ukazatele?ic=00259314&obdobi=2512
2025,238,multi_school,founder:00292311,00292311,Město Slavkov u Brna,obec,4,4,13730000,0,13730000,4,142950037,recipient_schedule_required,,,,,https://monitor.statnipokladna.gov.cz/api/ukazatele?ic=00292311&obdobi=2512
2025,239,multi_school,founder:00268861,00268861,Město Chlumec nad Cidlinou,obec,4,6,11795810,1895892,13691702,4,114722573,recipient_schedule_required,,,,,https://monitor.statnipokladna.gov.cz/api/ukazatele?ic=00268861&obdobi=2512
2025,240,multi_school,founder:00567884,00567884,Město Staré Město,obec,4,3,13262898,290000,13552898,4,113765286,recipient_schedule_required,,,,,https://monitor.statnipokladna.gov.cz/api/ukazatele?ic=00567884&obdobi=2512
2025,241,multi_school,founder:00268321,00268321,Město Světlá nad Sázavou,obec,4,4,12676859,271133,12947992,4,119463215,recipient_schedule_required,,,,,https://monitor.statnipokladna.gov.cz/api/ukazatele?ic=00268321&obdobi=2512
2025,242,multi_school,founder:00259454,00259454,Město Kynšperk nad Ohří,obec,4,6,10595115,2150000,12745115,4,81647277,recipient_schedule_required,,,,,https://monitor.statnipokladna.gov.cz/api/ukazatele?ic=00259454&obdobi=2512
2025,243,multi_school,founder:00242748,00242748,Město Mníšek pod Brdy,obec,4,3,12623513,0,12623513,4,134663150,recipient_schedule_required,,,,,https://monitor.statnipokladna.gov.cz/api/ukazatele?ic=00242748&obdobi=2512
2025,244,multi_school,founder:00242004,00242004,Město Březnice,obec,4,4,11598000,800000,12398000,4,67859905,recipient_schedule_required,,,,,https://monitor.statnipokladna.gov.cz/api/ukazatele?ic=00242004&obdobi=2512
2025,245,multi_school,founder:00257257,00257257,Město Starý Plzenec,obec,4,3,12230000,0,12230000,4,84771023,recipient_schedule_required,,,,,https://monitor.statnipokladna.gov.cz/api/ukazatele?ic=00257257&obdobi=2512
2025,246,multi_school,founder:00274879,00274879,Město Dobruška,obec,4,2,11862356,0,11862356,4,111221460,recipient_schedule_required,,,,,https://monitor.statnipokladna.gov.cz/api/ukazatele?ic=00274879&obdobi=2512
2025,247,multi_school,founder:00283258,00283258,Město Klobouky u Brna,obec,4,4,11314159,0,11314159,4,107345537,recipient_schedule_required,,,,,https://monitor.statnipokladna.gov.cz/api/ukazatele?ic=00283258&obdobi=2512
2025,248,multi_school,founder:00257966,00257966,Město Kralovice,obec,4,5,10670000,500000,11170000,4,86465646,recipient_schedule_required,,,,,https://monitor.statnipokladna.gov.cz/api/ukazatele?ic=00257966&obdobi=2512
2025,249,multi_school,founder:00243221,00243221,Město Rožmitál pod Třemšínem,obec,4,4,11020000,0,11020000,4,112685740,recipient_schedule_required,,,,,https://monitor.statnipokladna.gov.cz/api/ukazatele?ic=00243221&obdobi=2512
2025,250,multi_school,founder:00275468,00275468,Město Týniště nad Orlicí,obec,4,3,10544178,0,10544178,4,98267731,recipient_schedule_required,,,,,https://monitor.statnipokladna.gov.cz/api/ukazatele?ic=00275468&obdobi=2512
2025,251,multi_school,founder:00286745,00286745,Město Telč,obec,4,3,10050000,0,10050000,4,116045754,recipient_schedule_required,,,,,https://monitor.statnipokladna.gov.cz/api/ukazatele?ic=00286745&obdobi=2512
2025,252,multi_school,founder:00254819,00254819,Město Nová Role,obec,4,4,8860000,945616,9805616,4,57360154,recipient_schedule_required,,,,,https://monitor.statnipokladna.gov.cz/api/ukazatele?ic=00254819&obdobi=2512
2025,253,multi_school,founder:00284882,00284882,Město Dubňany,obec,4,6,9144500,624000,9768500,4,81903444,recipient_schedule_required,,,,,https://monitor.statnipokladna.gov.cz/api/ukazatele?ic=00284882&obdobi=2512
2025,254,multi_school,founder:00236667,00236667,Město Zruč nad Sázavou,obec,4,3,9510524,0,9510524,4,82959254,recipient_schedule_required,,,,,https://monitor.statnipokladna.gov.cz/api/ukazatele?ic=00236667&obdobi=2512
2025,255,multi_school,founder:00275808,00275808,Město Jilemnice,obec,4,3,9489075,0,9489075,4,108511592,recipient_schedule_required,,,,,https://monitor.statnipokladna.gov.cz/api/ukazatele?ic=00275808&obdobi=2512
2025,256,multi_school,founder:00255076,00255076,Město Toužim,obec,4,5,7080000,280000,7360000,4,71758359,recipient_schedule_required,,,,,https://monitor.statnipokladna.gov.cz/api/ukazatele?ic=00255076&obdobi=2512
2025,257,multi_school,founder:00274968,00274968,Město Kostelec nad Orlicí,obec,4,3,6845121,0,6845121,4,90996484,recipient_schedule_required,,,,,https://monitor.statnipokladna.gov.cz/api/ukazatele?ic=00274968&obdobi=2512
2025,258,multi_school,founder:00302708,00302708,Město Javorník,obec,4,4,6694298,104000,6798298,4,60251456,recipient_schedule_required,,,,,https://monitor.statnipokladna.gov.cz/api/ukazatele?ic=00302708&obdobi=2512
2025,259,multi_school,founder:00254053,00254053,Město Luby,obec,4,4,4845000,0,4845000,4,48595284,recipient_schedule_required,,,,,https://monitor.statnipokladna.gov.cz/api/ukazatele?ic=00254053&obdobi=2512
2025,260,multi_school,founder:00231274,00231274,Městská část Praha - Dolní Chabry,obec,4,0,0,0,0,4,84054821,founder_source_required,,,,,https://monitor.statnipokladna.gov.cz/api/ukazatele?ic=00231274&obdobi=2512
2025,261,multi_school,founder:00231291,00231291,Městská část Praha - Čakovice,obec,4,0,0,0,0,4,203526465,founder_source_required,,,,,https://monitor.statnipokladna.gov.cz/api/ukazatele?ic=00231291&obdobi=2512
2025,262,multi_school,founder:00231321,00231321,Městská část Praha 18,obec,4,0,0,0,0,4,267647275,founder_source_required,,,,,https://monitor.statnipokladna.gov.cz/api/ukazatele?ic=00231321&obdobi=2512
2025,263,multi_school,founder:00241857,00241857,Městská část Praha - Zbraslav,obec,4,0,0,0,0,4,136610565,founder_source_required,,,,,https://monitor.statnipokladna.gov.cz/api/ukazatele?ic=00241857&obdobi=2512
2025,264,multi_school,founder:00239500,00239500,Město Nymburk,obec,3,1,36365000,0,36365000,3,260802540,recipient_schedule_required,,,,,https://monitor.statnipokladna.gov.cz/api/ukazatele?ic=00239500&obdobi=2512
2025,265,multi_school,founder:00281964,00281964,Město Kuřim,obec,3,2,29207000,0,29207000,3,184988171,recipient_schedule_required,,,,,https://monitor.statnipokladna.gov.cz/api/ukazatele?ic=00281964&obdobi=2512
2025,266,multi_school,founder:00293199,00293199,Město Moravský Krumlov,obec,3,3,19026000,5387200,24413200,3,117752280,recipient_schedule_required,,,,,https://monitor.statnipokladna.gov.cz/api/ukazatele?ic=00293199&obdobi=2512
2025,267,multi_school,founder:00296651,00296651,Město Frýdlant nad  Ostravicí,obec,3,3,23410849,270000,23680849,3,159809630,recipient_schedule_required,,,,,https://monitor.statnipokladna.gov.cz/api/ukazatele?ic=00296651&obdobi=2512
2025,268,multi_school,founder:00233242,00233242,Město Hořovice,obec,3,5,19800000,3660597,23460597,3,122544652,recipient_schedule_required,,,,,https://monitor.statnipokladna.gov.cz/api/ukazatele?ic=00233242&obdobi=2512
2025,269,multi_school,founder:00252069,00252069,Město Bechyně,obec,3,4,8448000,14611875,23059875,3,70083301,recipient_schedule_required,,,,,https://monitor.statnipokladna.gov.cz/api/ukazatele?ic=00252069&obdobi=2512
2025,270,multi_school,founder:00251984,00251984,Město Vodňany,obec,3,4,21938700,300000,22238700,3,186728909,recipient_schedule_required,,,,,https://monitor.statnipokladna.gov.cz/api/ukazatele?ic=00251984&obdobi=2512
2025,271,multi_school,founder:00282651,00282651,Město Šlapanice,obec,3,3,21141088,1008912,22150000,3,152845615,recipient_schedule_required,,,,,https://monitor.statnipokladna.gov.cz/api/ukazatele?ic=00282651&obdobi=2512
2025,272,multi_school,founder:00296538,00296538,Město Brušperk,obec,3,5,14802351,5457000,20259351,3,99614256,recipient_schedule_required,,,,,https://monitor.statnipokladna.gov.cz/api/ukazatele?ic=00296538&obdobi=2512
2025,273,multi_school,founder:00297861,00297861,Město Fulnek,obec,3,3,15910000,3942615,19852615,3,98126134,recipient_schedule_required,,,,,https://monitor.statnipokladna.gov.cz/api/ukazatele?ic=00297861&obdobi=2512
2025,274,multi_school,founder:00256552,00256552,Město Dobřany,obec,3,6,15339267,4357435,19696702,3,118971111,recipient_schedule_required,,,,,https://monitor.statnipokladna.gov.cz/api/ukazatele?ic=00256552&obdobi=2512
2025,275,multi_school,founder:00246476,00246476,Město Dačice,obec,3,5,17469500,539100,18008600,3,125112891,recipient_schedule_required,,,,,https://monitor.statnipokladna.gov.cz/api/ukazatele?ic=00246476&obdobi=2512
2025,276,multi_school,founder:00241636,00241636,Město Řevnice,obec,3,3,15272000,0,15272000,3,102538008,recipient_schedule_required,,,,,https://monitor.statnipokladna.gov.cz/api/ukazatele?ic=00241636&obdobi=2512
2025,277,multi_school,founder:00297291,00297291,Město Šenov,obec,3,3,15196000,0,15196000,3,108601263,recipient_schedule_required,,,,,https://monitor.statnipokladna.gov.cz/api/ukazatele?ic=00297291&obdobi=2512
2025,278,multi_school,founder:00233773,00233773,Město Rudná,obec,3,3,15031000,0,15031000,3,112366483,recipient_schedule_required,,,,,https://monitor.statnipokladna.gov.cz/api/ukazatele?ic=00233773&obdobi=2512
2025,279,multi_school,founder:00262722,00262722,Město Český Dub,obec,3,4,14600000,139000,14739000,3,74591855,recipient_schedule_required,,,,,https://monitor.statnipokladna.gov.cz/api/ukazatele?ic=00262722&obdobi=2512
2025,280,multi_school,founder:00272680,00272680,Město Hronov,obec,3,3,14715300,0,14715300,3,90633972,recipient_schedule_required,,,,,https://monitor.statnipokladna.gov.cz/api/ukazatele?ic=00272680&obdobi=2512
2025,281,multi_school,founder:00285315,00285315,Město Strážnice,obec,3,4,13218000,1200000,14418000,3,95054381,recipient_schedule_required,,,,,https://monitor.statnipokladna.gov.cz/api/ukazatele?ic=00285315&obdobi=2512
2025,282,multi_school,founder:00284220,00284220,Město Napajedla,obec,3,2,14229000,0,14229000,3,100678107,recipient_schedule_required,,,,,https://monitor.statnipokladna.gov.cz/api/ukazatele?ic=00284220&obdobi=2512
2025,283,multi_school,founder:00262871,00262871,Město Chrastava,obec,3,4,14180792,0,14180792,3,85202471,recipient_schedule_required,,,,,https://monitor.statnipokladna.gov.cz/api/ukazatele?ic=00262871&obdobi=2512
2025,284,multi_school,founder:00253367,00253367,Město Holýšov,obec,3,5,13419568,355000,13774568,3,95798717,recipient_schedule_required,,,,,https://monitor.statnipokladna.gov.cz/api/ukazatele?ic=00253367&obdobi=2512
2025,285,multi_school,founder:00240966,00240966,Obec Velké Popovice,obec,3,3,13738605,0,13738605,3,84158303,recipient_schedule_required,,,,,https://monitor.statnipokladna.gov.cz/api/ukazatele?ic=00240966&obdobi=2512
2025,286,multi_school,founder:00284459,00284459,Město Slavičín,obec,3,3,11011000,2184988,13195988,3,98700933,recipient_schedule_required,,,,,https://monitor.statnipokladna.gov.cz/api/ukazatele?ic=00284459&obdobi=2512
2025,287,multi_school,founder:00296457,00296457,Město Vrbno pod Pradědem,obec,3,2,13025000,0,13025000,3,63675703,recipient_schedule_required,,,,,https://monitor.statnipokladna.gov.cz/api/ukazatele?ic=00296457&obdobi=2512
2025,288,multi_school,founder:00304492,00304492,Město Zubří,obec,3,2,12801000,0,12801000,3,76161722,recipient_schedule_required,,,,,https://monitor.statnipokladna.gov.cz/api/ukazatele?ic=00304492&obdobi=2512
2025,289,multi_school,founder:00266558,00266558,Město Osek,obec,3,3,12223000,278696,12501696,3,68774285,recipient_schedule_required,,,,,https://monitor.statnipokladna.gov.cz/api/ukazatele?ic=00266558&obdobi=2512
2025,290,multi_school,founder:00231584,00231584,Obec Čerčany,obec,3,5,11012526,1448729,12461255,3,75049510,recipient_schedule_required,,,,,https://monitor.statnipokladna.gov.cz/api/ukazatele?ic=00231584&obdobi=2512
2025,291,multi_school,founder:00248380,00248380,Město Kamenice nad Lipou,obec,3,4,11470000,803903,12273903,3,83137101,recipient_schedule_required,,,,,https://monitor.statnipokladna.gov.cz/api/ukazatele?ic=00248380&obdobi=2512
2025,292,multi_school,founder:00286753,00286753,Město Třešť,obec,3,4,12179000,75000,12254000,3,99375859,recipient_schedule_required,,,,,https://monitor.statnipokladna.gov.cz/api/ukazatele?ic=00286753&obdobi=2512
2025,293,multi_school,founder:00250023,00250023,Město Protivín,obec,3,3,11450000,450000,11900000,3,65079523,recipient_schedule_required,,,,,https://monitor.statnipokladna.gov.cz/api/ukazatele?ic=00250023&obdobi=2512
2025,294,multi_school,founder:00258415,00258415,Město Třemošná,obec,3,4,11260000,539990,11799990,3,72193607,recipient_schedule_required,,,,,https://monitor.statnipokladna.gov.cz/api/ukazatele?ic=00258415&obdobi=2512
2025,295,multi_school,founder:00292281,00292281,Město Rousínov,obec,3,4,11294500,500000,11794500,3,93922140,recipient_schedule_required,,,,,https://monitor.statnipokladna.gov.cz/api/ukazatele?ic=00292281&obdobi=2512
2025,296,multi_school,founder:00298221,00298221,Město Odry,obec,3,2,11709324,0,11709324,3,116776832,recipient_schedule_required,,,,,https://monitor.statnipokladna.gov.cz/api/ukazatele?ic=00298221&obdobi=2512
2025,297,multi_school,founder:00277908,00277908,Město Hostinné,obec,3,5,11044000,510000,11554000,3,66977868,recipient_schedule_required,,,,,https://monitor.statnipokladna.gov.cz/api/ukazatele?ic=00277908&obdobi=2512
2025,298,multi_school,founder:00265403,00265403,Město Postoloprty,obec,3,3,11224000,0,11224000,3,75893791,recipient_schedule_required,,,,,https://monitor.statnipokladna.gov.cz/api/ukazatele?ic=00265403&obdobi=2512
2025,299,multi_school,founder:00241831,00241831,Obec Vrané nad Vltavou,obec,3,6,11092098,100333,11192431,3,76404869,recipient_schedule_required,,,,,https://monitor.statnipokladna.gov.cz/api/ukazatele?ic=00241831&obdobi=2512
2025,300,multi_school,founder:00288497,00288497,Město Němčice nad Hanou,obec,3,3,11157089,0,11157089,3,85510430,recipient_schedule_required,,,,,https://monitor.statnipokladna.gov.cz/api/ukazatele?ic=00288497&obdobi=2512
2025,301,multi_school,founder:00257770,00257770,Město Horní Bříza,obec,3,2,11150000,0,11150000,3,73057043,recipient_schedule_required,,,,,https://monitor.statnipokladna.gov.cz/api/ukazatele?ic=00257770&obdobi=2512
2025,302,multi_school,founder:00272949,00272949,Město Police nad Metují,obec,3,3,11150000,0,11150000,3,89698506,recipient_schedule_required,,,,,https://monitor.statnipokladna.gov.cz/api/ukazatele?ic=00272949&obdobi=2512
2025,303,multi_school,founder:00296244,00296244,Město Moravský Beroun,obec,3,4,10057354,931700,10989054,3,53362000,recipient_schedule_required,,,,,https://monitor.statnipokladna.gov.cz/api/ukazatele?ic=00296244&obdobi=2512
2025,304,multi_school,founder:00300144,00300144,Město Hradec nad Moravicí,obec,3,3,10637652,300000,10937652,3,66547819,recipient_schedule_required,,,,,https://monitor.statnipokladna.gov.cz/api/ukazatele?ic=00300144&obdobi=2512
2025,305,multi_school,founder:00241181,00241181,Město Dobřichovice,obec,3,2,10920000,0,10920000,3,93999837,recipient_schedule_required,,,,,https://monitor.statnipokladna.gov.cz/api/ukazatele?ic=00241181&obdobi=2512
2025,306,multi_school,founder:00260410,00260410,Město Cvikov,obec,3,3,10857480,0,10857480,3,59880622,recipient_schedule_required,,,,,https://monitor.statnipokladna.gov.cz/api/ukazatele?ic=00260410&obdobi=2512
2025,307,multi_school,founder:00269719,00269719,Město Třebechovice pod Orebem,obec,3,4,10664440,71172,10735612,3,82592689,recipient_schedule_required,,,,,https://monitor.statnipokladna.gov.cz/api/ukazatele?ic=00269719&obdobi=2512
2025,308,multi_school,founder:00301370,00301370,Město Kojetín,obec,3,4,10509986,72116,10582102,3,70529827,recipient_schedule_required,,,,,https://monitor.statnipokladna.gov.cz/api/ukazatele?ic=00301370&obdobi=2512
2025,309,multi_school,founder:00391387,00391387,Město Chlumec,obec,3,2,10581000,0,10581000,3,59095050,recipient_schedule_required,,,,,https://monitor.statnipokladna.gov.cz/api/ukazatele?ic=00391387&obdobi=2512
2025,310,multi_school,founder:00250830,00250830,Město Volary,obec,3,3,10572000,0,10572000,3,71778233,recipient_schedule_required,,,,,https://monitor.statnipokladna.gov.cz/api/ukazatele?ic=00250830&obdobi=2512
2025,311,multi_school,founder:00260576,00260576,Město Jablonné v Podještědí,obec,3,3,10270000,0,10270000,3,77804077,recipient_schedule_required,,,,,https://monitor.statnipokladna.gov.cz/api/ukazatele?ic=00260576&obdobi=2512
2025,312,multi_school,founder:00567892,00567892,Město Kunovice,obec,3,2,10150000,0,10150000,3,78954215,recipient_schedule_required,,,,,https://monitor.statnipokladna.gov.cz/api/ukazatele?ic=00567892&obdobi=2512
2025,313,multi_school,founder:00244686,00244686,Město Borovany,obec,3,3,10100974,0,10100974,3,74554285,recipient_schedule_required,,,,,https://monitor.statnipokladna.gov.cz/api/ukazatele?ic=00244686&obdobi=2512
2025,314,multi_school,founder:00241407,00241407,Město Libčice nad Vltavou,obec,3,3,10083600,0,10083600,3,71452978,recipient_schedule_required,,,,,https://monitor.statnipokladna.gov.cz/api/ukazatele?ic=00241407&obdobi=2512
2025,315,multi_school,founder:00269557,00269557,Město Smiřice,obec,3,4,10076125,0,10076125,3,59484482,recipient_schedule_required,,,,,https://monitor.statnipokladna.gov.cz/api/ukazatele?ic=00269557&obdobi=2512
2025,316,multi_school,founder:00236527,00236527,Město Uhlířské Janovice,obec,3,3,10037000,0,10037000,3,86578365,recipient_schedule_required,,,,,https://monitor.statnipokladna.gov.cz/api/ukazatele?ic=00236527&obdobi=2512
2025,317,multi_school,founder:00232386,00232386,Město Neveklov,obec,3,4,10018751,0,10018751,3,77317136,recipient_schedule_required,,,,,https://monitor.statnipokladna.gov.cz/api/ukazatele?ic=00232386&obdobi=2512
2025,318,multi_school,founder:60781688,60781688,Obec Návsí,obec,3,5,9156450,815000,9971450,3,60402524,recipient_schedule_required,,,,,https://monitor.statnipokladna.gov.cz/api/ukazatele?ic=60781688&obdobi=2512
2025,319,multi_school,founder:00235105,00235105,Město Velvary,obec,3,4,9927452,0,9927452,3,81889105,recipient_schedule_required,,,,,https://monitor.statnipokladna.gov.cz/api/ukazatele?ic=00235105&obdobi=2512
2025,320,multi_school,founder:00239607,00239607,Město Pečky,obec,3,4,9573670,160000,9733670,3,101479771,recipient_schedule_required,,,,,https://monitor.statnipokladna.gov.cz/api/ukazatele?ic=00239607&obdobi=2512
2025,321,multi_school,founder:00281247,00281247,Město Velké Opatovice,obec,3,2,9684300,0,9684300,3,63899565,recipient_schedule_required,,,,,https://monitor.statnipokladna.gov.cz/api/ukazatele?ic=00281247&obdobi=2512
2025,322,multi_school,founder:00259225,00259225,Město Zbiroh,obec,3,3,9568400,0,9568400,3,60354348,recipient_schedule_required,,,,,https://monitor.statnipokladna.gov.cz/api/ukazatele?ic=00259225&obdobi=2512
2025,323,multi_school,founder:00253383,00253383,Město Horšovský Týn,obec,3,3,9492000,0,9492000,3,81327499,recipient_schedule_required,,,,,https://monitor.statnipokladna.gov.cz/api/ukazatele?ic=00253383&obdobi=2512
2025,324,multi_school,founder:00256455,00256455,Město Blovice,obec,3,4,9394000,0,9394000,3,80242516,recipient_schedule_required,,,,,https://monitor.statnipokladna.gov.cz/api/ukazatele?ic=00256455&obdobi=2512
2025,325,multi_school,founder:00298891,00298891,Obec Hlubočky,obec,3,2,9348000,0,9348000,3,27946947,recipient_schedule_required,,,,,https://monitor.statnipokladna.gov.cz/api/ukazatele?ic=00298891&obdobi=2512
2025,326,multi_school,founder:00270920,00270920,Město Slatiňany,obec,3,5,9179300,14000,9193300,3,79934239,recipient_schedule_required,,,,,https://monitor.statnipokladna.gov.cz/api/ukazatele?ic=00270920&obdobi=2512
2025,327,multi_school,founder:00278491,00278491,Město Žacléř,obec,3,3,9094400,0,9094400,3,48036512,recipient_schedule_required,,,,,https://monitor.statnipokladna.gov.cz/api/ukazatele?ic=00278491&obdobi=2512
2025,328,multi_school,founder:00286435,00286435,Město Polná,obec,3,3,9006400,0,9006400,3,95492815,recipient_schedule_required,,,,,https://monitor.statnipokladna.gov.cz/api/ukazatele?ic=00286435&obdobi=2512
2025,329,multi_school,founder:00270440,00270440,Město Luže,obec,3,3,8925510,0,8925510,3,57789969,recipient_schedule_required,,,,,https://monitor.statnipokladna.gov.cz/api/ukazatele?ic=00270440&obdobi=2512
2025,330,multi_school,founder:00296571,00296571,Obec Čeladná,obec,3,2,8760108,0,8760108,3,41651108,recipient_schedule_required,,,,,https://monitor.statnipokladna.gov.cz/api/ukazatele?ic=00296571&obdobi=2512
2025,331,multi_school,founder:00235075,00235075,Město Unhošť,obec,3,3,8582000,0,8582000,3,90499451,recipient_schedule_required,,,,,https://monitor.statnipokladna.gov.cz/api/ukazatele?ic=00235075&obdobi=2512
2025,332,multi_school,founder:00283703,00283703,Město Velké Pavlovice,obec,3,5,7827000,650000,8477000,3,74429865,recipient_schedule_required,,,,,https://monitor.statnipokladna.gov.cz/api/ukazatele?ic=00283703&obdobi=2512
2025,333,multi_school,founder:00299511,00299511,Obec Štěpánov,obec,3,3,7833000,500000,8333000,3,56303654,recipient_schedule_required,,,,,https://monitor.statnipokladna.gov.cz/api/ukazatele?ic=00299511&obdobi=2512
2025,334,multi_school,founder:00293164,00293164,Město Miroslav,obec,3,2,8307100,0,8307100,3,68569227,recipient_schedule_required,,,,,https://monitor.statnipokladna.gov.cz/api/ukazatele?ic=00293164&obdobi=2512
2025,335,multi_school,founder:00266400,00266400,Město Košťany,obec,3,2,8186113,0,8186113,3,38335818,recipient_schedule_required,,,,,https://monitor.statnipokladna.gov.cz/api/ukazatele?ic=00266400&obdobi=2512
2025,336,multi_school,founder:00255921,00255921,Město Nýrsko,obec,3,2,8170000,0,8170000,3,82237521,recipient_schedule_required,,,,,https://monitor.statnipokladna.gov.cz/api/ukazatele?ic=00255921&obdobi=2512
2025,337,multi_school,founder:00267759,00267759,Město Ledeč nad Sázavou,obec,3,4,7949787,150000,8099787,3,101277196,recipient_schedule_required,,,,,https://monitor.statnipokladna.gov.cz/api/ukazatele?ic=00267759&obdobi=2512
2025,338,multi_school,founder:00285498,00285498,Město Vracov,obec,3,3,7760000,0,7760000,3,57639336,recipient_schedule_required,,,,,https://monitor.statnipokladna.gov.cz/api/ukazatele?ic=00285498&obdobi=2512
2025,339,multi_school,founder:00240257,00240257,Obec Jirny,obec,3,2,7600000,0,7600000,3,63312862,recipient_schedule_required,,,,,https://monitor.statnipokladna.gov.cz/api/ukazatele?ic=00240257&obdobi=2512
2025,340,multi_school,founder:00282286,00282286,Město Oslavany,obec,3,2,7590306,0,7590306,3,77777611,recipient_schedule_required,,,,,https://monitor.statnipokladna.gov.cz/api/ukazatele?ic=00282286&obdobi=2512
2025,341,multi_school,founder:00283673,00283673,Město Velké Bílovice,obec,3,3,7577000,0,7577000,3,58511362,recipient_schedule_required,,,,,https://monitor.statnipokladna.gov.cz/api/ukazatele?ic=00283673&obdobi=2512
2025,342,multi_school,founder:00256986,00256986,Město Nepomuk,obec,3,3,7566776,0,7566776,3,77825014,recipient_schedule_required,,,,,https://monitor.statnipokladna.gov.cz/api/ukazatele?ic=00256986&obdobi=2512
2025,343,multi_school,founder:00302945,00302945,Město Loštice,obec,3,3,7278400,0,7278400,3,49671916,recipient_schedule_required,,,,,https://monitor.statnipokladna.gov.cz/api/ukazatele?ic=00302945&obdobi=2512
2025,344,multi_school,founder:00291846,00291846,Město Ivanovice na Hané,obec,3,3,7270000,0,7270000,3,62084880,recipient_schedule_required,,,,,https://monitor.statnipokladna.gov.cz/api/ukazatele?ic=00291846&obdobi=2512
2025,345,multi_school,founder:00278963,00278963,Město Jablonné nad Orlicí,obec,3,4,7170800,0,7170800,3,60667890,recipient_schedule_required,,,,,https://monitor.statnipokladna.gov.cz/api/ukazatele?ic=00278963&obdobi=2512
2025,346,multi_school,founder:00636037,00636037,Obec Česká Ves,obec,3,2,7090061,0,7090061,3,50854834,recipient_schedule_required,,,,,https://monitor.statnipokladna.gov.cz/api/ukazatele?ic=00636037&obdobi=2512
2025,347,multi_school,founder:00285536,00285536,Město Ždánice,obec,3,3,7022689,0,7022689,3,43836107,recipient_schedule_required,,,,,https://monitor.statnipokladna.gov.cz/api/ukazatele?ic=00285536&obdobi=2512
2025,348,multi_school,founder:00250601,00250601,Město Netolice,obec,3,3,7006876,0,7006876,3,48241372,recipient_schedule_required,,,,,https://monitor.statnipokladna.gov.cz/api/ukazatele?ic=00250601&obdobi=2512
2025,349,multi_school,founder:00259250,00259250,Město Březová,obec,3,3,6606712,400000,7006712,3,51174477,recipient_schedule_required,,,,,https://monitor.statnipokladna.gov.cz/api/ukazatele?ic=00259250&obdobi=2512
2025,350,multi_school,founder:00264474,00264474,Město Terezín,obec,3,2,6990000,0,6990000,3,51555541,recipient_schedule_required,,,,,https://monitor.statnipokladna.gov.cz/api/ukazatele?ic=00264474&obdobi=2512
2025,351,multi_school,founder:00258245,00258245,Město Plasy,obec,3,5,6867200,102000,6969200,3,63425353,recipient_schedule_required,,,,,https://monitor.statnipokladna.gov.cz/api/ukazatele?ic=00258245&obdobi=2512
2025,352,multi_school,founder:00253766,00253766,Město Staňkov,obec,3,3,6890000,0,6890000,3,72755213,recipient_schedule_required,,,,,https://monitor.statnipokladna.gov.cz/api/ukazatele?ic=00253766&obdobi=2512
2025,353,multi_school,founder:00572756,00572756,Obec Velká Hleďsebe,obec,3,4,6137602,634522,6772124,3,31769409,recipient_schedule_required,,,,,https://monitor.statnipokladna.gov.cz/api/ukazatele?ic=00572756&obdobi=2512
2025,354,multi_school,founder:00275191,00275191,Město Opočno,obec,3,4,6660000,107000,6767000,3,63467139,recipient_schedule_required,,,,,https://monitor.statnipokladna.gov.cz/api/ukazatele?ic=00275191&obdobi=2512
2025,355,multi_school,founder:00270199,00270199,Město Chrast,obec,3,3,6700000,0,6700000,3,82287141,recipient_schedule_required,,,,,https://monitor.statnipokladna.gov.cz/api/ukazatele?ic=00270199&obdobi=2512
2025,356,multi_school,founder:00263036,00263036,Město Nové Město pod Smrkem,obec,3,3,6653395,0,6653395,3,57845604,recipient_schedule_required,,,,,https://monitor.statnipokladna.gov.cz/api/ukazatele?ic=00263036&obdobi=2512
2025,357,multi_school,founder:00303313,00303313,Obec Ruda nad Moravou,obec,3,2,6303369,0,6303369,3,50090415,recipient_schedule_required,,,,,https://monitor.statnipokladna.gov.cz/api/ukazatele?ic=00303313&obdobi=2512
2025,358,multi_school,founder:00235482,00235482,Město Kouřim,obec,3,3,6264000,0,6264000,3,59056621,recipient_schedule_required,,,,,https://monitor.statnipokladna.gov.cz/api/ukazatele?ic=00235482&obdobi=2512
2025,359,multi_school,founder:00288632,00288632,Město Plumlov,obec,3,3,6162000,0,6162000,3,69568632,recipient_schedule_required,,,,,https://monitor.statnipokladna.gov.cz/api/ukazatele?ic=00288632&obdobi=2512
2025,360,multi_school,founder:00303003,00303003,Obec Mikulovice,obec,3,2,6112964,0,6112964,3,36485757,recipient_schedule_required,,,,,https://monitor.statnipokladna.gov.cz/api/ukazatele?ic=00303003&obdobi=2512
2025,361,multi_school,founder:00289426,00289426,Město Hrotovice,obec,3,3,5967242,0,5967242,3,44699465,recipient_schedule_required,,,,,https://monitor.statnipokladna.gov.cz/api/ukazatele?ic=00289426&obdobi=2512
2025,362,multi_school,founder:00276057,00276057,Město Rokytnice nad Jizerou,obec,3,4,5577981,299045,5877026,3,38220729,recipient_schedule_required,,,,,https://monitor.statnipokladna.gov.cz/api/ukazatele?ic=00276057&obdobi=2512
2025,363,multi_school,founder:00272841,00272841,Město Meziměstí,obec,3,2,5755000,0,5755000,3,35693687,recipient_schedule_required,,,,,https://monitor.statnipokladna.gov.cz/api/ukazatele?ic=00272841&obdobi=2512
2025,364,multi_school,founder:00276791,00276791,Město Jevíčko,obec,3,3,5465000,0,5465000,3,58944097,recipient_schedule_required,,,,,https://monitor.statnipokladna.gov.cz/api/ukazatele?ic=00276791&obdobi=2512
2025,365,multi_school,founder:00255050,00255050,Město Teplá,obec,3,4,5341800,115000,5456800,3,52704145,recipient_schedule_required,,,,,https://monitor.statnipokladna.gov.cz/api/ukazatele?ic=00255050&obdobi=2512
2025,366,multi_school,founder:00276529,00276529,Město Bystré,obec,3,5,4865015,264000,5129015,3,43458967,recipient_schedule_required,,,,,https://monitor.statnipokladna.gov.cz/api/ukazatele?ic=00276529&obdobi=2512
2025,367,multi_school,founder:00237078,00237078,Město Mšeno,obec,3,3,3839000,0,3839000,3,46575233,recipient_schedule_required,,,,,https://monitor.statnipokladna.gov.cz/api/ukazatele?ic=00237078&obdobi=2512
2025,368,multi_school,founder:00257851,00257851,Obec Chrást,obec,3,3,3719000,0,3719000,3,45617193,recipient_schedule_required,,,,,https://monitor.statnipokladna.gov.cz/api/ukazatele?ic=00257851&obdobi=2512
2025,369,multi_school,founder:00556912,00556912,Město Chabařovice,obec,3,3,3370000,0,3370000,3,58050674,recipient_schedule_required,,,,,https://monitor.statnipokladna.gov.cz/api/ukazatele?ic=00556912&obdobi=2512
2025,370,multi_school,founder:00235300,00235300,Městys Cerhenice,obec,3,4,3004000,0,3004000,3,27176148,recipient_schedule_required,,,,,https://monitor.statnipokladna.gov.cz/api/ukazatele?ic=00235300&obdobi=2512
2025,371,multi_school,founder:00276464,00276464,Obec Brněnec,obec,3,2,2848000,0,2848000,3,28736369,recipient_schedule_required,,,,,https://monitor.statnipokladna.gov.cz/api/ukazatele?ic=00276464&obdobi=2512
2025,372,multi_school,founder:00277185,00277185,Obec Pomezí,obec,3,3,2490000,0,2490000,3,20398002,recipient_schedule_required,,,,,https://monitor.statnipokladna.gov.cz/api/ukazatele?ic=00277185&obdobi=2512
2025,373,multi_school,founder:00231231,00231231,Městská část Praha - Suchdol,obec,3,0,0,0,0,3,89934766,founder_source_required,,,,,https://monitor.statnipokladna.gov.cz/api/ukazatele?ic=00231231&obdobi=2512
2025,374,multi_school,founder:00231304,00231304,Městská část Praha 19,obec,3,0,0,0,0,3,132726497,founder_source_required,,,,,https://monitor.statnipokladna.gov.cz/api/ukazatele?ic=00231304&obdobi=2512
2025,375,multi_school,founder:00240427,00240427,Obec Líbeznice,obec,2,2,35300000,0,35300000,2,178476127,recipient_schedule_required,,,,,https://monitor.statnipokladna.gov.cz/api/ukazatele?ic=00240427&obdobi=2512
2025,376,multi_school,founder:00287504,00287504,Město Morkovice - Slížany,obec,2,3,6369956,27792934,34162890,2,52371639,recipient_schedule_required,,,,,https://monitor.statnipokladna.gov.cz/api/ukazatele?ic=00287504&obdobi=2512
2025,377,multi_school,founder:00241237,00241237,Město Hostivice,obec,2,3,25467410,1214545,26681955,2,130597381,recipient_schedule_required,,,,,https://monitor.statnipokladna.gov.cz/api/ukazatele?ic=00241237&obdobi=2512
2025,378,multi_school,founder:00240931,00240931,Město Úvaly,obec,2,3,25878096,0,25878096,2,54636901,recipient_schedule_required,,,,,https://monitor.statnipokladna.gov.cz/api/ukazatele?ic=00240931&obdobi=2512
2025,379,multi_school,founder:00244899,00244899,Město Hluboká nad Vltavou,obec,2,3,21028826,2206495,23235321,2,80553230,recipient_schedule_required,,,,,https://monitor.statnipokladna.gov.cz/api/ukazatele?ic=00244899&obdobi=2512
2025,380,multi_school,founder:00262781,00262781,Město Frýdlant,obec,2,3,23223716,0,23223716,2,146475251,recipient_schedule_required,,,,,https://monitor.statnipokladna.gov.cz/api/ukazatele?ic=00262781&obdobi=2512
2025,381,multi_school,founder:00296317,00296317,Město Rýmařov,obec,2,4,22556614,367000,22923614,2,95726344,recipient_schedule_required,,,,,https://monitor.statnipokladna.gov.cz/api/ukazatele?ic=00296317&obdobi=2512
2025,382,multi_school,founder:00279978,00279978,Město Boskovice,obec,2,3,22479000,140941,22619941,2,192878035,recipient_schedule_required,,,,,https://monitor.statnipokladna.gov.cz/api/ukazatele?ic=00279978&obdobi=2512
2025,383,multi_school,founder:00297852,00297852,Město Frenštát pod Radhoštěm,obec,2,6,19211930,2254888,21466818,2,154018356,recipient_schedule_required,,,,,https://monitor.statnipokladna.gov.cz/api/ukazatele?ic=00297852&obdobi=2512
2025,384,multi_school,founder:00283509,00283509,Město Pohořelice,obec,2,4,20505000,380000,20885000,2,129619718,recipient_schedule_required,,,,,https://monitor.statnipokladna.gov.cz/api/ukazatele?ic=00283509&obdobi=2512
2025,385,multi_school,founder:00260746,00260746,Město Mimoň,obec,2,2,20710000,0,20710000,2,103176070,recipient_schedule_required,,,,,https://monitor.statnipokladna.gov.cz/api/ukazatele?ic=00260746&obdobi=2512
2025,386,multi_school,founder:00240508,00240508,Obec Mukařov,obec,2,3,19938263,431229,20369492,2,85555443,recipient_schedule_required,,,,,https://monitor.statnipokladna.gov.cz/api/ukazatele?ic=00240508&obdobi=2512
2025,387,multi_school,founder:00272591,00272591,Město Česká Skalice,obec,2,5,16485000,3031151,19516151,2,74523042,recipient_schedule_required,,,,,https://monitor.statnipokladna.gov.cz/api/ukazatele?ic=00272591&obdobi=2512
2025,388,multi_school,founder:00297755,00297755,Město Bílovec,obec,2,1,18205461,0,18205461,2,123843173,recipient_schedule_required,,,,,https://monitor.statnipokladna.gov.cz/api/ukazatele?ic=00297755&obdobi=2512
2025,389,multi_school,founder:00300870,00300870,Město Vítkov,obec,2,5,17347186,684329,18031515,2,102153928,recipient_schedule_required,,,,,https://monitor.statnipokladna.gov.cz/api/ukazatele?ic=00300870&obdobi=2512
2025,390,multi_school,founder:00282456,00282456,Město Rajhrad,obec,2,3,14228000,3770000,17998000,2,92164222,recipient_schedule_required,,,,,https://monitor.statnipokladna.gov.cz/api/ukazatele?ic=00282456&obdobi=2512
2025,391,multi_school,founder:00260096,00260096,Město Planá,obec,2,3,16259728,1147787,17407515,2,92774043,recipient_schedule_required,,,,,https://monitor.statnipokladna.gov.cz/api/ukazatele?ic=00260096&obdobi=2512
2025,392,multi_school,founder:00509701,00509701,Město Králův Dvůr,obec,2,1,17057291,0,17057291,2,139235782,recipient_schedule_required,,,,,https://monitor.statnipokladna.gov.cz/api/ukazatele?ic=00509701&obdobi=2512
2025,393,multi_school,founder:00258199,00258199,Město Nýřany,obec,2,2,17055000,0,17055000,2,108347460,recipient_schedule_required,,,,,https://monitor.statnipokladna.gov.cz/api/ukazatele?ic=00258199&obdobi=2512
2025,394,multi_school,founder:00241202,00241202,Obec Dolní Břežany,obec,2,3,16700000,0,16700000,2,79160980,recipient_schedule_required,,,,,https://monitor.statnipokladna.gov.cz/api/ukazatele?ic=00241202&obdobi=2512
2025,395,multi_school,founder:00297615,00297615,Město Rychvald,obec,2,2,16530000,0,16530000,2,89581644,recipient_schedule_required,,,,,https://monitor.statnipokladna.gov.cz/api/ukazatele?ic=00297615&obdobi=2512
2025,396,multi_school,founder:00284653,00284653,Město Vizovice,obec,2,4,15757500,469000,16226500,2,86064877,recipient_schedule_required,,,,,https://monitor.statnipokladna.gov.cz/api/ukazatele?ic=00284653&obdobi=2512
2025,397,multi_school,founder:00237434,00237434,Město Bělá pod Bezdězem,obec,2,2,16224342,0,16224342,2,76074678,recipient_schedule_required,,,,,https://monitor.statnipokladna.gov.cz/api/ukazatele?ic=00237434&obdobi=2512
2025,398,multi_school,founder:00297062,00297062,Město Paskov,obec,2,2,16148000,0,16148000,2,68410320,recipient_schedule_required,,,,,https://monitor.statnipokladna.gov.cz/api/ukazatele?ic=00297062&obdobi=2512
2025,399,multi_school,founder:00297593,00297593,Město Petřvald,obec,2,3,15634000,212553,15846553,2,95089144,recipient_schedule_required,,,,,https://monitor.statnipokladna.gov.cz/api/ukazatele?ic=00297593&obdobi=2512
2025,400,multi_school,founder:00259713,00259713,Město Bor,obec,2,4,13861340,1844718,15706058,2,70937131,recipient_schedule_required,,,,,https://monitor.statnipokladna.gov.cz/api/ukazatele?ic=00259713&obdobi=2512
2025,401,multi_school,founder:00255181,00255181,Město Žlutice,obec,2,3,7761935,7710533,15472468,2,56016131,recipient_schedule_required,,,,,https://monitor.statnipokladna.gov.cz/api/ukazatele?ic=00255181&obdobi=2512
2025,402,multi_school,founder:00282481,00282481,Město Rosice,obec,2,2,15335300,0,15335300,2,110712759,recipient_schedule_required,,,,,https://monitor.statnipokladna.gov.cz/api/ukazatele?ic=00282481&obdobi=2512
2025,403,multi_school,founder:00302899,00302899,Obec Libina,obec,2,4,10415000,4800000,15215000,2,51754414,recipient_schedule_required,,,,,https://monitor.statnipokladna.gov.cz/api/ukazatele?ic=00302899&obdobi=2512
2025,404,multi_school,founder:00235474,00235474,Město Kostelec nad Černými lesy,obec,2,4,14464000,441142,14905142,2,103881179,recipient_schedule_required,,,,,https://monitor.statnipokladna.gov.cz/api/ukazatele?ic=00235474&obdobi=2512
2025,405,multi_school,founder:00241229,00241229,Obec Horoměřice,obec,2,3,14162500,0,14162500,2,67826510,recipient_schedule_required,,,,,https://monitor.statnipokladna.gov.cz/api/ukazatele?ic=00241229&obdobi=2512
2025,406,multi_school,founder:00296562,00296562,Obec Bystřice,obec,2,1,13950000,0,13950000,2,106389941,recipient_schedule_required,,,,,https://monitor.statnipokladna.gov.cz/api/ukazatele?ic=00296562&obdobi=2512
2025,407,multi_school,founder:00282103,00282103,Město Modřice,obec,2,2,13928000,0,13928000,2,77929269,recipient_schedule_required,,,,,https://monitor.statnipokladna.gov.cz/api/ukazatele?ic=00282103&obdobi=2512
2025,408,multi_school,founder:00298051,00298051,Město Klimkovice,obec,2,4,12468000,1101396,13569396,2,71046733,recipient_schedule_required,,,,,https://monitor.statnipokladna.gov.cz/api/ukazatele?ic=00298051&obdobi=2512
2025,409,multi_school,founder:00296589,00296589,Obec Dobrá,obec,2,3,13295000,233000,13528000,2,83860695,recipient_schedule_required,,,,,https://monitor.statnipokladna.gov.cz/api/ukazatele?ic=00296589&obdobi=2512
2025,410,multi_school,founder:00285455,00285455,Město Veselí nad Moravou,obec,2,2,13520849,0,13520849,2,84769436,recipient_schedule_required,,,,,https://monitor.statnipokladna.gov.cz/api/ukazatele?ic=00285455&obdobi=2512
2025,411,multi_school,founder:00241326,00241326,Město Jílové u Prahy,obec,2,2,13455000,0,13455000,2,99974439,recipient_schedule_required,,,,,https://monitor.statnipokladna.gov.cz/api/ukazatele?ic=00241326&obdobi=2512
2025,412,multi_school,founder:00240559,00240559,Město Odolena Voda,obec,2,2,13229000,0,13229000,2,112452072,recipient_schedule_required,,,,,https://monitor.statnipokladna.gov.cz/api/ukazatele?ic=00240559&obdobi=2512
2025,413,multi_school,founder:00575917,00575917,Obec Horní Suchá,obec,2,1,13160000,0,13160000,2,66172695,recipient_schedule_required,,,,,https://monitor.statnipokladna.gov.cz/api/ukazatele?ic=00575917&obdobi=2512
2025,414,multi_school,founder:00284165,00284165,Město Luhačovice,obec,2,2,12987000,0,12987000,2,74086553,recipient_schedule_required,,,,,https://monitor.statnipokladna.gov.cz/api/ukazatele?ic=00284165&obdobi=2512
2025,415,multi_school,founder:00237272,00237272,Město Veltrusy,obec,2,3,11846902,1000000,12846902,2,67125002,recipient_schedule_required,,,,,https://monitor.statnipokladna.gov.cz/api/ukazatele?ic=00237272&obdobi=2512
2025,416,multi_school,founder:00237418,00237418,Město Bakov nad Jizerou,obec,2,2,12805400,0,12805400,2,70749316,recipient_schedule_required,,,,,https://monitor.statnipokladna.gov.cz/api/ukazatele?ic=00237418&obdobi=2512
2025,417,multi_school,founder:00287245,00287245,Město Chropyně,obec,2,4,12294000,150000,12444000,2,51068910,recipient_schedule_required,,,,,https://monitor.statnipokladna.gov.cz/api/ukazatele?ic=00287245&obdobi=2512
2025,418,multi_school,founder:00240478,00240478,Město Mnichovice,obec,2,3,12158068,165516,12323584,2,106030056,recipient_schedule_required,,,,,https://monitor.statnipokladna.gov.cz/api/ukazatele?ic=00240478&obdobi=2512
2025,419,multi_school,founder:00290777,00290777,Obec Babice,obec,2,4,7836382,4325064,12161446,2,34059536,recipient_schedule_required,,,,,https://monitor.statnipokladna.gov.cz/api/ukazatele?ic=00290777&obdobi=2512
2025,420,multi_school,founder:00241041,00241041,Obec Zeleneč,obec,2,3,11956156,0,11956156,2,64567622,recipient_schedule_required,,,,,https://monitor.statnipokladna.gov.cz/api/ukazatele?ic=00241041&obdobi=2512
2025,421,multi_school,founder:00246174,00246174,Město Velešín,obec,2,3,10816005,1100000,11916005,2,68634006,recipient_schedule_required,,,,,https://monitor.statnipokladna.gov.cz/api/ukazatele?ic=00246174&obdobi=2512
2025,422,multi_school,founder:00274241,00274241,Město Sezemice,obec,2,2,11850000,0,11850000,2,75138536,recipient_schedule_required,,,,,https://monitor.statnipokladna.gov.cz/api/ukazatele?ic=00274241&obdobi=2512
2025,423,multi_school,founder:00300021,00300021,Obec Háj ve Slezsku,obec,2,3,11648000,150000,11798000,2,46728096,recipient_schedule_required,,,,,https://monitor.statnipokladna.gov.cz/api/ukazatele?ic=00300021&obdobi=2512
2025,424,multi_school,founder:00259098,00259098,Obec Strašice,obec,2,2,11645000,0,11645000,2,53278793,recipient_schedule_required,,,,,https://monitor.statnipokladna.gov.cz/api/ukazatele?ic=00259098&obdobi=2512
2025,425,multi_school,founder:00261688,00261688,Město Šluknov,obec,2,2,11453000,0,11453000,2,92229527,recipient_schedule_required,,,,,https://monitor.statnipokladna.gov.cz/api/ukazatele?ic=00261688&obdobi=2512
2025,426,multi_school,founder:00290939,00290939,Město Hluk,obec,2,2,11419809,0,11419809,2,55097706,recipient_schedule_required,,,,,https://monitor.statnipokladna.gov.cz/api/ukazatele?ic=00290939&obdobi=2512
2025,427,multi_school,founder:00232904,00232904,Město Týnec nad Sázavou,obec,2,3,11395500,0,11395500,2,81559889,recipient_schedule_required,,,,,https://monitor.statnipokladna.gov.cz/api/ukazatele?ic=00232904&obdobi=2512
2025,428,multi_school,founder:00296481,00296481,Město Zlaté Hory,obec,2,2,11393604,0,11393604,2,54727399,recipient_schedule_required,,,,,https://monitor.statnipokladna.gov.cz/api/ukazatele?ic=00296481&obdobi=2512
2025,429,multi_school,founder:00282979,00282979,Město Židlochovice,obec,2,4,10700000,623341,11323341,2,112822508,recipient_schedule_required,,,,,https://monitor.statnipokladna.gov.cz/api/ukazatele?ic=00282979&obdobi=2512
2025,430,multi_school,founder:00262595,00262595,Město Velké Hamry,obec,2,4,10575000,620000,11195000,2,54303626,recipient_schedule_required,,,,,https://monitor.statnipokladna.gov.cz/api/ukazatele?ic=00262595&obdobi=2512
2025,431,multi_school,founder:00291200,00291200,Obec Ostrožská Nová Ves,obec,2,3,8168378,2980818,11149196,2,47337673,recipient_schedule_required,,,,,https://monitor.statnipokladna.gov.cz/api/ukazatele?ic=00291200&obdobi=2512
2025,432,multi_school,founder:00257303,00257303,Obec Štěnovice,obec,2,2,11020000,0,11020000,2,72635451,recipient_schedule_required,,,,,https://monitor.statnipokladna.gov.cz/api/ukazatele?ic=00257303&obdobi=2512
2025,433,multi_school,founder:00299898,00299898,Město Budišov nad Budišovkou,obec,2,4,10802054,78650,10880704,2,46461942,recipient_schedule_required,,,,,https://monitor.statnipokladna.gov.cz/api/ukazatele?ic=00299898&obdobi=2512
2025,434,multi_school,founder:00287385,00287385,Obec Kvasice,obec,2,3,10020164,800000,10820164,2,43259111,recipient_schedule_required,,,,,https://monitor.statnipokladna.gov.cz/api/ukazatele?ic=00287385&obdobi=2512
2025,435,multi_school,founder:00258555,00258555,Obec Zbůch,obec,2,3,9991546,809238,10800784,2,37204328,recipient_schedule_required,,,,,https://monitor.statnipokladna.gov.cz/api/ukazatele?ic=00258555&obdobi=2512
2025,436,multi_school,founder:00241580,00241580,Obec Psáry,obec,2,2,10785000,0,10785000,2,10785000,recipient_schedule_required,,,,,https://monitor.statnipokladna.gov.cz/api/ukazatele?ic=00241580&obdobi=2512
2025,437,multi_school,founder:00291480,00291480,Město Uherský Ostroh,obec,2,4,10130000,500000,10630000,2,54303645,recipient_schedule_required,,,,,https://monitor.statnipokladna.gov.cz/api/ukazatele?ic=00291480&obdobi=2512
2025,438,multi_school,founder:00256706,00256706,Obec Chotěšov,obec,2,3,10323442,229389,10552831,2,46907026,recipient_schedule_required,,,,,https://monitor.statnipokladna.gov.cz/api/ukazatele?ic=00256706&obdobi=2512
2025,439,multi_school,founder:00284556,00284556,Obec Štítná nad Vláří - Popov,obec,2,3,9167953,1322417,10490370,2,33616725,recipient_schedule_required,,,,,https://monitor.statnipokladna.gov.cz/api/ukazatele?ic=00284556&obdobi=2512
2025,440,multi_school,founder:00297461,00297461,Obec Dolní Lutyně,obec,2,1,10350000,0,10350000,2,75811105,recipient_schedule_required,,,,,https://monitor.statnipokladna.gov.cz/api/ukazatele?ic=00297461&obdobi=2512
2025,441,multi_school,founder:00240290,00240290,Město Klecany,obec,2,2,10244095,0,10244095,2,88493553,recipient_schedule_required,,,,,https://monitor.statnipokladna.gov.cz/api/ukazatele?ic=00240290&obdobi=2512
2025,442,multi_school,founder:00287229,00287229,Město Hulín,obec,2,2,10163080,0,10163080,2,73696629,recipient_schedule_required,,,,,https://monitor.statnipokladna.gov.cz/api/ukazatele?ic=00287229&obdobi=2512
2025,443,multi_school,founder:00245551,00245551,Město Trhové Sviny,obec,2,3,10003730,125000,10128730,2,85391457,recipient_schedule_required,,,,,https://monitor.statnipokladna.gov.cz/api/ukazatele?ic=00245551&obdobi=2512
2025,444,multi_school,founder:00268097,00268097,Město Přibyslav,obec,2,2,10126000,0,10126000,2,81103590,recipient_schedule_required,,,,,https://monitor.statnipokladna.gov.cz/api/ukazatele?ic=00268097&obdobi=2512
2025,445,multi_school,founder:00284611,00284611,Město Valašské Klobouky,obec,2,2,10048000,0,10048000,2,83319260,recipient_schedule_required,,,,,https://monitor.statnipokladna.gov.cz/api/ukazatele?ic=00284611&obdobi=2512
2025,446,multi_school,founder:00282596,00282596,Obec Sokolnice,obec,2,4,8362643,1535851,9898494,2,42763890,recipient_schedule_required,,,,,https://monitor.statnipokladna.gov.cz/api/ukazatele?ic=00282596&obdobi=2512
2025,447,multi_school,founder:00261408,00261408,Město Jílové,obec,2,3,8391834,1500000,9891834,2,65384728,recipient_schedule_required,,,,,https://monitor.statnipokladna.gov.cz/api/ukazatele?ic=00261408&obdobi=2512
2025,448,multi_school,founder:00241806,00241806,Obec Velké Přílepy,obec,2,2,9876500,0,9876500,2,62953007,recipient_schedule_required,,,,,https://monitor.statnipokladna.gov.cz/api/ukazatele?ic=00241806&obdobi=2512
2025,449,multi_school,founder:00508870,00508870,Město Kosmonosy,obec,2,2,9760000,0,9760000,2,68112903,recipient_schedule_required,,,,,https://monitor.statnipokladna.gov.cz/api/ukazatele?ic=00508870&obdobi=2512
2025,450,multi_school,founder:00258563,00258563,Obec Zruč-Senec,obec,2,3,9733852,0,9733852,2,61165140,recipient_schedule_required,,,,,https://monitor.statnipokladna.gov.cz/api/ukazatele?ic=00258563&obdobi=2512
2025,451,multi_school,founder:00281581,00281581,Obec Bílovice nad Svitavou,obec,2,2,9697600,0,9697600,2,73881153,recipient_schedule_required,,,,,https://monitor.statnipokladna.gov.cz/api/ukazatele?ic=00281581&obdobi=2512
2025,452,multi_school,founder:00287938,00287938,Obec Zdounky,obec,2,2,9618600,0,9618600,2,36596542,recipient_schedule_required,,,,,https://monitor.statnipokladna.gov.cz/api/ukazatele?ic=00287938&obdobi=2512
2025,453,multi_school,founder:00257893,00257893,Město Kaznějov,obec,2,2,9545000,0,9545000,2,51515599,recipient_schedule_required,,,,,https://monitor.statnipokladna.gov.cz/api/ukazatele?ic=00257893&obdobi=2512
2025,454,multi_school,founder:00296228,00296228,Město Město Albrechtice,obec,2,3,7351262,2003259,9354521,2,53772952,recipient_schedule_required,,,,,https://monitor.statnipokladna.gov.cz/api/ukazatele?ic=00296228&obdobi=2512
2025,455,multi_school,founder:00236951,00236951,Město Kostelec nad Labem,obec,2,2,9345500,0,9345500,2,63340934,recipient_schedule_required,,,,,https://monitor.statnipokladna.gov.cz/api/ukazatele?ic=00236951&obdobi=2512
2025,456,multi_school,founder:00252654,00252654,Město Planá nad Lužnicí,obec,2,3,9239831,60000,9299831,2,70750144,recipient_schedule_required,,,,,https://monitor.statnipokladna.gov.cz/api/ukazatele?ic=00252654&obdobi=2512
2025,457,multi_school,founder:00239721,00239721,Město Sadská,obec,2,2,9288000,0,9288000,2,68740007,recipient_schedule_required,,,,,https://monitor.statnipokladna.gov.cz/api/ukazatele?ic=00239721&obdobi=2512
2025,458,multi_school,founder:00282740,00282740,Město Újezd u Brna,obec,2,3,8871080,399300,9270380,2,61674238,recipient_schedule_required,,,,,https://monitor.statnipokladna.gov.cz/api/ukazatele?ic=00282740&obdobi=2512
2025,459,multi_school,founder:00259527,00259527,Město Nové Sedlo,obec,2,3,6978977,2282802,9261779,2,31982120,recipient_schedule_required,,,,,https://monitor.statnipokladna.gov.cz/api/ukazatele?ic=00259527&obdobi=2512
2025,460,multi_school,founder:00282090,00282090,Obec Měnín,obec,2,3,7547422,1690388,9237810,2,39770202,recipient_schedule_required,,,,,https://monitor.statnipokladna.gov.cz/api/ukazatele?ic=00282090&obdobi=2512
2025,461,multi_school,founder:00278238,00278238,Město Rtyně v Podkrkonoší,obec,2,3,8938000,226197,9164197,2,50447735,recipient_schedule_required,,,,,https://monitor.statnipokladna.gov.cz/api/ukazatele?ic=00278238&obdobi=2512
2025,462,multi_school,founder:00297666,00297666,Obec Těrlicko,obec,2,2,8517000,600000,9117000,2,66847667,recipient_schedule_required,,,,,https://monitor.statnipokladna.gov.cz/api/ukazatele?ic=00297666&obdobi=2512
2025,463,multi_school,founder:00282111,00282111,Obec Mokrá-Horákov,obec,2,2,9100000,0,9100000,2,58204169,recipient_schedule_required,,,,,https://monitor.statnipokladna.gov.cz/api/ukazatele?ic=00282111&obdobi=2512
2025,464,multi_school,founder:00282618,00282618,Obec Střelice,obec,2,2,9100000,0,9100000,2,64406506,recipient_schedule_required,,,,,https://monitor.statnipokladna.gov.cz/api/ukazatele?ic=00282618&obdobi=2512
2025,465,multi_school,founder:00283819,00283819,Město Brumov - Bylnice,obec,2,2,9080856,0,9080856,2,75618098,recipient_schedule_required,,,,,https://monitor.statnipokladna.gov.cz/api/ukazatele?ic=00283819&obdobi=2512
2025,466,multi_school,founder:00273660,00273660,Město Chvaletice,obec,2,2,9041208,0,9041208,2,41416925,recipient_schedule_required,,,,,https://monitor.statnipokladna.gov.cz/api/ukazatele?ic=00273660&obdobi=2512
2025,467,multi_school,founder:00284475,00284475,Město Slušovice,obec,2,2,8947057,0,8947057,2,65108113,recipient_schedule_required,,,,,https://monitor.statnipokladna.gov.cz/api/ukazatele?ic=00284475&obdobi=2512
2025,468,multi_school,founder:00240826,00240826,Obec Světice,obec,2,2,8910000,0,8910000,2,47250586,recipient_schedule_required,,,,,https://monitor.statnipokladna.gov.cz/api/ukazatele?ic=00240826&obdobi=2512
2025,469,multi_school,founder:00241245,00241245,Obec Hradištko,obec,2,2,8860000,0,8860000,2,53624565,recipient_schedule_required,,,,,https://monitor.statnipokladna.gov.cz/api/ukazatele?ic=00241245&obdobi=2512
2025,470,multi_school,founder:00288365,00288365,Město Konice,obec,2,2,8822000,0,8822000,2,71377697,recipient_schedule_required,,,,,https://monitor.statnipokladna.gov.cz/api/ukazatele?ic=00288365&obdobi=2512
2025,471,multi_school,founder:00289531,00289531,Město Jemnice,obec,2,2,8786000,0,8786000,2,68686989,recipient_schedule_required,,,,,https://monitor.statnipokladna.gov.cz/api/ukazatele?ic=00289531&obdobi=2512
2025,472,multi_school,founder:00283916,00283916,Město Fryšták,obec,2,2,8700000,0,8700000,2,55159785,recipient_schedule_required,,,,,https://monitor.statnipokladna.gov.cz/api/ukazatele?ic=00283916&obdobi=2512
2025,473,multi_school,founder:00233510,00233510,Obec Loděnice,obec,2,3,7800000,800000,8600000,2,63269865,recipient_schedule_required,,,,,https://monitor.statnipokladna.gov.cz/api/ukazatele?ic=00233510&obdobi=2512
2025,474,multi_school,founder:00235873,00235873,Obec Velký Osek,obec,2,2,8503117,0,8503117,2,50923883,recipient_schedule_required,,,,,https://monitor.statnipokladna.gov.cz/api/ukazatele?ic=00235873&obdobi=2512
2025,475,multi_school,founder:00267139,00267139,Obec Velké Březno,obec,2,2,8498539,0,8498539,2,53164991,recipient_schedule_required,,,,,https://monitor.statnipokladna.gov.cz/api/ukazatele?ic=00267139&obdobi=2512
2025,476,multi_school,founder:00231525,00231525,Město Bystřice,obec,2,2,8423000,0,8423000,2,62729326,recipient_schedule_required,,,,,https://monitor.statnipokladna.gov.cz/api/ukazatele?ic=00231525&obdobi=2512
2025,477,multi_school,founder:00295906,00295906,Město Břidličná,obec,2,2,8373014,0,8373014,2,40121046,recipient_schedule_required,,,,,https://monitor.statnipokladna.gov.cz/api/ukazatele?ic=00295906&obdobi=2512
2025,478,multi_school,founder:00273643,00273643,Městys Choltice,obec,2,3,6348000,2000000,8348000,2,50631331,recipient_schedule_required,,,,,https://monitor.statnipokladna.gov.cz/api/ukazatele?ic=00273643&obdobi=2512
2025,479,multi_school,founder:00283665,00283665,Město Valtice,obec,2,2,8342000,0,8342000,2,45830763,recipient_schedule_required,,,,,https://monitor.statnipokladna.gov.cz/api/ukazatele?ic=00283665&obdobi=2512
2025,480,multi_school,founder:00247456,00247456,Město Slavonice,obec,2,2,8330000,0,8330000,2,41466463,recipient_schedule_required,,,,,https://monitor.statnipokladna.gov.cz/api/ukazatele?ic=00247456&obdobi=2512
2025,481,multi_school,founder:00283495,00283495,Město Podivín,obec,2,4,7717036,600000,8317036,2,35529495,recipient_schedule_required,,,,,https://monitor.statnipokladna.gov.cz/api/ukazatele?ic=00283495&obdobi=2512
2025,482,multi_school,founder:00245721,00245721,Město Zliv,obec,2,2,8243800,0,8243800,2,59866970,recipient_schedule_required,,,,,https://monitor.statnipokladna.gov.cz/api/ukazatele?ic=00245721&obdobi=2512
2025,483,multi_school,founder:00296953,00296953,Obec Mosty u Jablunkova,obec,2,2,8178000,0,8178000,2,51296508,recipient_schedule_required,,,,,https://monitor.statnipokladna.gov.cz/api/ukazatele?ic=00296953&obdobi=2512
2025,484,multi_school,founder:00304476,00304476,Obec Zašová,obec,2,2,8075000,0,8075000,2,48677391,recipient_schedule_required,,,,,https://monitor.statnipokladna.gov.cz/api/ukazatele?ic=00304476&obdobi=2512
2025,485,multi_school,founder:00283321,00283321,Město Lanžhot,obec,2,3,5810000,2214455,8024455,2,43239975,recipient_schedule_required,,,,,https://monitor.statnipokladna.gov.cz/api/ukazatele?ic=00283321&obdobi=2512
2025,486,multi_school,founder:00260118,00260118,Město Přimda,obec,2,2,8018000,0,8018000,2,34176184,recipient_schedule_required,,,,,https://monitor.statnipokladna.gov.cz/api/ukazatele?ic=00260118&obdobi=2512
2025,487,multi_school,founder:00259888,00259888,Město Kladruby,obec,2,2,7962852,0,7962852,2,37184917,recipient_schedule_required,,,,,https://monitor.statnipokladna.gov.cz/api/ukazatele?ic=00259888&obdobi=2512
2025,488,multi_school,founder:00265217,00265217,Obec Lubenec,obec,2,2,7961000,0,7961000,2,31952313,recipient_schedule_required,,,,,https://monitor.statnipokladna.gov.cz/api/ukazatele?ic=00265217&obdobi=2512
2025,489,multi_school,founder:00240788,00240788,Obec Strančice,obec,2,2,7910000,0,7910000,2,54061942,recipient_schedule_required,,,,,https://monitor.statnipokladna.gov.cz/api/ukazatele?ic=00240788&obdobi=2512
2025,490,multi_school,founder:00260622,00260622,Město Kamenický Šenov,obec,2,2,7900000,0,7900000,2,65744421,recipient_schedule_required,,,,,https://monitor.statnipokladna.gov.cz/api/ukazatele?ic=00260622&obdobi=2512
2025,491,multi_school,founder:00297429,00297429,Obec Albrechtice,obec,2,2,7810000,60000,7870000,2,39349573,recipient_schedule_required,,,,,https://monitor.statnipokladna.gov.cz/api/ukazatele?ic=00297429&obdobi=2512
2025,492,multi_school,founder:00284823,00284823,Obec Čejkovice,obec,2,3,7761829,97491,7859320,2,37576777,recipient_schedule_required,,,,,https://monitor.statnipokladna.gov.cz/api/ukazatele?ic=00284823&obdobi=2512
2025,493,multi_school,founder:00263931,00263931,Město Libochovice,obec,2,2,7817250,0,7817250,2,66965957,recipient_schedule_required,,,,,https://monitor.statnipokladna.gov.cz/api/ukazatele?ic=00263931&obdobi=2512
2025,494,multi_school,founder:00275492,00275492,Město Vamberk,obec,2,2,7766000,0,7766000,2,53081728,recipient_schedule_required,,,,,https://monitor.statnipokladna.gov.cz/api/ukazatele?ic=00275492&obdobi=2512
2025,495,multi_school,founder:00257265,00257265,Město Stod,obec,2,2,7675000,0,7675000,2,83734112,recipient_schedule_required,,,,,https://monitor.statnipokladna.gov.cz/api/ukazatele?ic=00257265&obdobi=2512
2025,496,multi_school,founder:00259497,00259497,Obec Lomnice,obec,2,3,3672000,4000000,7672000,2,27787092,recipient_schedule_required,,,,,https://monitor.statnipokladna.gov.cz/api/ukazatele?ic=00259497&obdobi=2512
2025,497,multi_school,founder:00255611,00255611,Město Janovice nad Úhlavou,obec,2,4,6954725,712111,7666836,2,46171024,recipient_schedule_required,,,,,https://monitor.statnipokladna.gov.cz/api/ukazatele?ic=00255611&obdobi=2512
2025,498,multi_school,founder:00252000,00252000,Město Volyně,obec,2,2,7641200,0,7641200,2,62117243,recipient_schedule_required,,,,,https://monitor.statnipokladna.gov.cz/api/ukazatele?ic=00252000&obdobi=2512
2025,499,multi_school,founder:00662241,00662241,Obec Libiš,obec,2,3,6638250,1000000,7638250,2,25248089,recipient_schedule_required,,,,,https://monitor.statnipokladna.gov.cz/api/ukazatele?ic=00662241&obdobi=2512
2025,500,multi_school,founder:00303755,00303755,Obec Francova Lhota,obec,2,3,3529000,4100000,7629000,2,23853692,recipient_schedule_required,,,,,https://monitor.statnipokladna.gov.cz/api/ukazatele?ic=00303755&obdobi=2512
2025,501,multi_school,founder:00291340,00291340,Obec Strání,obec,2,2,7626000,0,7626000,2,48167457,recipient_schedule_required,,,,,https://monitor.statnipokladna.gov.cz/api/ukazatele?ic=00291340&obdobi=2512
2025,502,multi_school,founder:00237094,00237094,Obec Nelahozeves,obec,2,3,6293600,1313415,7607015,2,25579347,recipient_schedule_required,,,,,https://monitor.statnipokladna.gov.cz/api/ukazatele?ic=00237094&obdobi=2512
2025,503,multi_school,founder:00259489,00259489,Město Loket,obec,2,2,7558500,0,7558500,2,40939718,recipient_schedule_required,,,,,https://monitor.statnipokladna.gov.cz/api/ukazatele?ic=00259489&obdobi=2512
2025,504,multi_school,founder:00291731,00291731,Obec Drnovice,obec,2,3,6872000,677600,7549600,2,46766766,recipient_schedule_required,,,,,https://monitor.statnipokladna.gov.cz/api/ukazatele?ic=00291731&obdobi=2512
2025,505,multi_school,founder:00288063,00288063,Městys Brodek u Prostějova,obec,2,2,7495289,0,7495289,2,42757918,recipient_schedule_required,,,,,https://monitor.statnipokladna.gov.cz/api/ukazatele?ic=00288063&obdobi=2512
2025,506,multi_school,founder:00262820,00262820,Město Hodkovice nad Mohelkou,obec,2,3,7250000,240000,7490000,2,45792209,recipient_schedule_required,,,,,https://monitor.statnipokladna.gov.cz/api/ukazatele?ic=00262820&obdobi=2512
2025,507,multi_school,founder:00240273,00240273,Obec Kamenice,obec,2,2,7480000,0,7480000,2,72797152,recipient_schedule_required,,,,,https://monitor.statnipokladna.gov.cz/api/ukazatele?ic=00240273&obdobi=2512
2025,508,multi_school,founder:00289507,00289507,Město Jaroměřice nad Rokytnou,obec,2,2,7422813,0,7422813,2,52818244,recipient_schedule_required,,,,,https://monitor.statnipokladna.gov.cz/api/ukazatele?ic=00289507&obdobi=2512
2025,509,multi_school,founder:00283746,00283746,Obec Zaječí,obec,2,3,6910000,456102,7366102,2,28260933,recipient_schedule_required,,,,,https://monitor.statnipokladna.gov.cz/api/ukazatele?ic=00283746&obdobi=2512
2025,510,multi_school,founder:00304131,00304131,Městys Nový Hrozenkov,obec,2,2,7346000,0,7346000,2,39507392,recipient_schedule_required,,,,,https://monitor.statnipokladna.gov.cz/api/ukazatele?ic=00304131&obdobi=2512
2025,511,multi_school,founder:00272132,00272132,Obec Stará Paka,obec,2,4,6168532,1160000,7328532,2,36164578,recipient_schedule_required,,,,,https://monitor.statnipokladna.gov.cz/api/ukazatele?ic=00272132&obdobi=2512
2025,512,multi_school,founder:00270156,00270156,Město Hrochův Týnec,obec,2,2,7297500,0,7297500,2,42451868,recipient_schedule_required,,,,,https://monitor.statnipokladna.gov.cz/api/ukazatele?ic=00270156&obdobi=2512
2025,513,multi_school,founder:00234061,00234061,Město Zdice,obec,2,2,7212000,0,7212000,2,77267866,recipient_schedule_required,,,,,https://monitor.statnipokladna.gov.cz/api/ukazatele?ic=00234061&obdobi=2512
2025,514,multi_school,founder:00271730,00271730,Město Lázně Bělohrad,obec,2,2,7212000,0,7212000,2,61587428,recipient_schedule_required,,,,,https://monitor.statnipokladna.gov.cz/api/ukazatele?ic=00271730&obdobi=2512
2025,515,multi_school,founder:00237141,00237141,Obec Obříství,obec,2,2,7190700,0,7190700,2,31065170,recipient_schedule_required,,,,,https://monitor.statnipokladna.gov.cz/api/ukazatele?ic=00237141&obdobi=2512
2025,516,multi_school,founder:00254444,00254444,Město Bochov,obec,2,2,7174000,0,7174000,2,36457661,recipient_schedule_required,,,,,https://monitor.statnipokladna.gov.cz/api/ukazatele?ic=00254444&obdobi=2512
2025,517,multi_school,founder:00287334,00287334,Město Koryčany,obec,2,2,7155200,0,7155200,2,37578301,recipient_schedule_required,,,,,https://monitor.statnipokladna.gov.cz/api/ukazatele?ic=00287334&obdobi=2512
2025,518,multi_school,founder:00239437,00239437,Město Městec Králové,obec,2,3,7073000,0,7073000,2,50705696,recipient_schedule_required,,,,,https://monitor.statnipokladna.gov.cz/api/ukazatele?ic=00239437&obdobi=2512
2025,519,multi_school,founder:00301078,00301078,Městys Brodek u Přerova,obec,2,3,6764577,283590,7048167,2,40229463,recipient_schedule_required,,,,,https://monitor.statnipokladna.gov.cz/api/ukazatele?ic=00301078&obdobi=2512
2025,520,multi_school,founder:00241156,00241156,Městys Davle,obec,2,2,6989480,0,6989480,2,59766300,recipient_schedule_required,,,,,https://monitor.statnipokladna.gov.cz/api/ukazatele?ic=00241156&obdobi=2512
2025,521,multi_school,founder:00283339,00283339,Obec Lednice,obec,2,2,6980000,0,6980000,2,43578275,recipient_schedule_required,,,,,https://monitor.statnipokladna.gov.cz/api/ukazatele?ic=00283339&obdobi=2512
2025,522,multi_school,founder:00296678,00296678,Obec Hnojník,obec,2,1,6940000,0,6940000,2,30410353,recipient_schedule_required,,,,,https://monitor.statnipokladna.gov.cz/api/ukazatele?ic=00296678&obdobi=2512
2025,523,multi_school,founder:00281824,00281824,Obec Hrušovany u Brna,obec,2,3,6457529,427471,6885000,2,43432602,recipient_schedule_required,,,,,https://monitor.statnipokladna.gov.cz/api/ukazatele?ic=00281824&obdobi=2512
2025,524,multi_school,founder:00300411,00300411,Obec Markvartovice,obec,2,3,6882000,0,6882000,2,19741443,recipient_schedule_required,,,,,https://monitor.statnipokladna.gov.cz/api/ukazatele?ic=00300411&obdobi=2512
2025,525,multi_school,founder:00272124,00272124,Město Sobotka,obec,2,3,6850000,0,6850000,2,47982324,recipient_schedule_required,,,,,https://monitor.statnipokladna.gov.cz/api/ukazatele?ic=00272124&obdobi=2512
2025,526,multi_school,founder:00282804,00282804,Město Veverská Bítýška,obec,2,3,6624926,180008,6804934,2,54770683,recipient_schedule_required,,,,,https://monitor.statnipokladna.gov.cz/api/ukazatele?ic=00282804&obdobi=2512
2025,527,multi_school,founder:00234214,00234214,Město Buštěhrad,obec,2,2,6800000,0,6800000,2,89735579,recipient_schedule_required,,,,,https://monitor.statnipokladna.gov.cz/api/ukazatele?ic=00234214&obdobi=2512
2025,528,multi_school,founder:00292877,00292877,Město Hrušovany nad Jevišovkou,obec,2,2,6786000,0,6786000,2,57042209,recipient_schedule_required,,,,,https://monitor.statnipokladna.gov.cz/api/ukazatele?ic=00292877&obdobi=2512
2025,529,multi_school,founder:00262579,00262579,Město Smržovka,obec,2,2,6781000,0,6781000,2,52114114,recipient_schedule_required,,,,,https://monitor.statnipokladna.gov.cz/api/ukazatele?ic=00262579&obdobi=2512
2025,530,multi_school,founder:00266337,00266337,Město Hrob,obec,2,2,6760000,0,6760000,2,36713509,recipient_schedule_required,,,,,https://monitor.statnipokladna.gov.cz/api/ukazatele?ic=00266337&obdobi=2512
2025,531,multi_school,founder:00275301,00275301,Město Rokytnice v Orlických horách,obec,2,2,6732000,0,6732000,2,35001903,recipient_schedule_required,,,,,https://monitor.statnipokladna.gov.cz/api/ukazatele?ic=00275301&obdobi=2512
2025,532,multi_school,founder:00282928,00282928,Město Zbýšov,obec,2,2,6700000,0,6700000,2,53866678,recipient_schedule_required,,,,,https://monitor.statnipokladna.gov.cz/api/ukazatele?ic=00282928&obdobi=2512
2025,533,multi_school,founder:00266931,00266931,Obec Povrly,obec,2,2,6690000,0,6690000,2,44565750,recipient_schedule_required,,,,,https://monitor.statnipokladna.gov.cz/api/ukazatele?ic=00266931&obdobi=2512
2025,534,multi_school,founder:00270822,00270822,Město Ronov nad Doubravou,obec,2,2,6687533,0,6687533,2,36814922,recipient_schedule_required,,,,,https://monitor.statnipokladna.gov.cz/api/ukazatele?ic=00270822&obdobi=2512
2025,535,multi_school,founder:00303801,00303801,Obec Hovězí,obec,2,2,6660199,0,6660199,2,39434970,recipient_schedule_required,,,,,https://monitor.statnipokladna.gov.cz/api/ukazatele?ic=00303801&obdobi=2512
2025,536,multi_school,founder:00233382,00233382,Městys Komárov,obec,2,2,6600000,0,6600000,2,45304850,recipient_schedule_required,,,,,https://monitor.statnipokladna.gov.cz/api/ukazatele?ic=00233382&obdobi=2512
2025,537,multi_school,founder:00299669,00299669,Obec Velký Týnec,obec,2,2,6600000,0,6600000,2,60879307,recipient_schedule_required,,,,,https://monitor.statnipokladna.gov.cz/api/ukazatele?ic=00299669&obdobi=2512
2025,538,multi_school,founder:00247561,00247561,Město Suchdol nad Lužnicí,obec,2,2,6565999,0,6565999,2,45768280,recipient_schedule_required,,,,,https://monitor.statnipokladna.gov.cz/api/ukazatele?ic=00247561&obdobi=2512
2025,539,multi_school,founder:00290807,00290807,Město Bojkovice,obec,2,2,6526000,0,6526000,2,65871027,recipient_schedule_required,,,,,https://monitor.statnipokladna.gov.cz/api/ukazatele?ic=00290807&obdobi=2512
2025,540,multi_school,founder:00234893,00234893,Město Smečno,obec,2,2,6500000,0,6500000,2,47252314,recipient_schedule_required,,,,,https://monitor.statnipokladna.gov.cz/api/ukazatele?ic=00234893&obdobi=2512
2025,541,multi_school,founder:00271071,00271071,Město Třemošnice,obec,2,4,6233000,241000,6474000,2,40110187,recipient_schedule_required,,,,,https://monitor.statnipokladna.gov.cz/api/ukazatele?ic=00271071&obdobi=2512
2025,542,multi_school,founder:00299979,00299979,Město Dolní Benešov,obec,2,3,6303980,131020,6435000,2,45721605,recipient_schedule_required,,,,,https://monitor.statnipokladna.gov.cz/api/ukazatele?ic=00299979&obdobi=2512
2025,543,multi_school,founder:00253669,00253669,Město Poběžovice,obec,2,2,6414200,0,6414200,2,39924169,recipient_schedule_required,,,,,https://monitor.statnipokladna.gov.cz/api/ukazatele?ic=00253669&obdobi=2512
2025,544,multi_school,founder:00235831,00235831,Město Týnec nad Labem,obec,2,2,6400000,0,6400000,2,55696567,recipient_schedule_required,,,,,https://monitor.statnipokladna.gov.cz/api/ukazatele?ic=00235831&obdobi=2512
2025,545,multi_school,founder:00238252,00238252,Obec Luštěnice,obec,2,2,6374719,0,6374719,2,45278975,recipient_schedule_required,,,,,https://monitor.statnipokladna.gov.cz/api/ukazatele?ic=00238252&obdobi=2512
2025,546,multi_school,founder:00284572,00284572,Obec Tlumačov,obec,2,2,6373000,0,6373000,2,31783451,recipient_schedule_required,,,,,https://monitor.statnipokladna.gov.cz/api/ukazatele?ic=00284572&obdobi=2512
2025,547,multi_school,founder:00303909,00303909,Město Karolinka,obec,2,2,6370000,0,6370000,2,46951512,recipient_schedule_required,,,,,https://monitor.statnipokladna.gov.cz/api/ukazatele?ic=00303909&obdobi=2512
2025,548,multi_school,founder:00294799,00294799,Městys Měřín,obec,2,2,6323675,0,6323675,2,50292997,recipient_schedule_required,,,,,https://monitor.statnipokladna.gov.cz/api/ukazatele?ic=00294799&obdobi=2512
2025,549,multi_school,founder:00284670,00284670,Obec Vlachovice,obec,2,2,6313928,0,6313928,2,15114577,recipient_schedule_required,,,,,https://monitor.statnipokladna.gov.cz/api/ukazatele?ic=00284670&obdobi=2512
2025,550,multi_school,founder:00241725,00241725,Městys Štěchovice,obec,2,2,6279952,0,6279952,2,33021591,recipient_schedule_required,,,,,https://monitor.statnipokladna.gov.cz/api/ukazatele?ic=00241725&obdobi=2512
2025,551,multi_school,founder:00235865,00235865,Obec Velim,obec,2,3,6128838,145162,6274000,2,43012735,recipient_schedule_required,,,,,https://monitor.statnipokladna.gov.cz/api/ukazatele?ic=00235865&obdobi=2512
2025,552,multi_school,founder:00242730,00242730,Obec Milín,obec,2,3,6068000,200000,6268000,2,45644488,recipient_schedule_required,,,,,https://monitor.statnipokladna.gov.cz/api/ukazatele?ic=00242730&obdobi=2512
2025,553,multi_school,founder:00280615,00280615,Městys Lysice,obec,2,2,6266000,0,6266000,2,66162289,recipient_schedule_required,,,,,https://monitor.statnipokladna.gov.cz/api/ukazatele?ic=00280615&obdobi=2512
2025,554,multi_school,founder:00241563,00241563,Obec Průhonice,obec,2,2,6238147,0,6238147,2,68470523,recipient_schedule_required,,,,,https://monitor.statnipokladna.gov.cz/api/ukazatele?ic=00241563&obdobi=2512
2025,555,multi_school,founder:00259276,00259276,Obec Bukovany,obec,2,4,5682000,550000,6232000,2,26665838,recipient_schedule_required,,,,,https://monitor.statnipokladna.gov.cz/api/ukazatele?ic=00259276&obdobi=2512
2025,556,multi_school,founder:00283631,00283631,Obec Tvrdonice,obec,2,2,6105856,0,6105856,2,38367977,recipient_schedule_required,,,,,https://monitor.statnipokladna.gov.cz/api/ukazatele?ic=00283631&obdobi=2512
2025,557,multi_school,founder:00278742,00278742,Obec Dolní Dobrouč,obec,2,3,5938497,107630,6046127,2,38259790,recipient_schedule_required,,,,,https://monitor.statnipokladna.gov.cz/api/ukazatele?ic=00278742&obdobi=2512
2025,558,multi_school,founder:00256650,00256650,Obec Chlumčany,obec,2,2,5972000,0,5972000,2,31847924,recipient_schedule_required,,,,,https://monitor.statnipokladna.gov.cz/api/ukazatele?ic=00256650&obdobi=2512
2025,559,multi_school,founder:00266116,00266116,Obec Obrnice,obec,2,2,5910000,0,5910000,2,14831848,recipient_schedule_required,,,,,https://monitor.statnipokladna.gov.cz/api/ukazatele?ic=00266116&obdobi=2512
2025,560,multi_school,founder:00274011,00274011,Obec Opatovice nad Labem,obec,2,1,5880000,0,5880000,2,45919261,recipient_schedule_required,,,,,https://monitor.statnipokladna.gov.cz/api/ukazatele?ic=00274011&obdobi=2512
2025,561,multi_school,founder:00301213,00301213,Městys Dřevohostice,obec,2,3,4498807,1380656,5879463,2,28655321,recipient_schedule_required,,,,,https://monitor.statnipokladna.gov.cz/api/ukazatele?ic=00301213&obdobi=2512
2025,562,multi_school,founder:00674010,00674010,Město Trmice,obec,2,2,5837000,0,5837000,2,48685094,recipient_schedule_required,,,,,https://monitor.statnipokladna.gov.cz/api/ukazatele?ic=00674010&obdobi=2512
2025,563,multi_school,founder:00262170,00262170,Město Vejprty,obec,2,2,5817000,0,5817000,2,41632525,recipient_schedule_required,,,,,https://monitor.statnipokladna.gov.cz/api/ukazatele?ic=00262170&obdobi=2512
2025,564,multi_school,founder:00265331,00265331,Městys Peruc,obec,2,2,5810000,0,5810000,2,32178839,recipient_schedule_required,,,,,https://monitor.statnipokladna.gov.cz/api/ukazatele?ic=00265331&obdobi=2512
2025,565,multi_school,founder:00282910,00282910,Obec Zbraslav,obec,2,3,4197838,1608507,5806345,2,28881711,recipient_schedule_required,,,,,https://monitor.statnipokladna.gov.cz/api/ukazatele?ic=00282910&obdobi=2512
2025,566,multi_school,founder:00282120,00282120,Obec Moravany,obec,2,2,5792000,0,5792000,2,33030130,recipient_schedule_required,,,,,https://monitor.statnipokladna.gov.cz/api/ukazatele?ic=00282120&obdobi=2512
2025,567,multi_school,founder:00285480,00285480,Obec Vnorovy,obec,2,2,5785238,0,5785238,2,36707844,recipient_schedule_required,,,,,https://monitor.statnipokladna.gov.cz/api/ukazatele?ic=00285480&obdobi=2512
2025,568,multi_school,founder:00270733,00270733,Obec Prachovice,obec,2,2,5759000,0,5759000,2,27945773,recipient_schedule_required,,,,,https://monitor.statnipokladna.gov.cz/api/ukazatele?ic=00270733&obdobi=2512
2025,569,multi_school,founder:00235636,00235636,Městys Plaňany,obec,2,3,5125000,600000,5725000,2,48916562,recipient_schedule_required,,,,,https://monitor.statnipokladna.gov.cz/api/ukazatele?ic=00235636&obdobi=2512
2025,570,multi_school,founder:00262153,00262153,Obec Údlice,obec,2,2,5709500,0,5709500,2,32251971,recipient_schedule_required,,,,,https://monitor.statnipokladna.gov.cz/api/ukazatele?ic=00262153&obdobi=2512
2025,571,multi_school,founder:00248843,00248843,Město Počátky,obec,2,2,5681745,0,5681745,2,46877833,recipient_schedule_required,,,,,https://monitor.statnipokladna.gov.cz/api/ukazatele?ic=00248843&obdobi=2512
2025,572,multi_school,founder:00302368,00302368,Obec Bludov,obec,2,2,5677338,0,5677338,2,52710040,recipient_schedule_required,,,,,https://monitor.statnipokladna.gov.cz/api/ukazatele?ic=00302368&obdobi=2512
2025,573,multi_school,founder:00240664,00240664,Město Pyšely,obec,2,2,5671749,0,5671749,2,50534061,recipient_schedule_required,,,,,https://monitor.statnipokladna.gov.cz/api/ukazatele?ic=00240664&obdobi=2512
2025,574,multi_school,founder:00261424,00261424,Město Jiříkov,obec,2,3,5621000,50000,5671000,2,42225830,recipient_schedule_required,,,,,https://monitor.statnipokladna.gov.cz/api/ukazatele?ic=00261424&obdobi=2512
2025,575,multi_school,founder:00304352,00304352,Obec Valašská Bystřice,obec,2,2,5637000,0,5637000,2,35451722,recipient_schedule_required,,,,,https://monitor.statnipokladna.gov.cz/api/ukazatele?ic=00304352&obdobi=2512
2025,576,multi_school,founder:00235041,00235041,Obec Tuchlovice,obec,2,2,5600000,0,5600000,2,47215593,recipient_schedule_required,,,,,https://monitor.statnipokladna.gov.cz/api/ukazatele?ic=00235041&obdobi=2512
2025,577,multi_school,founder:00233269,00233269,Město Hostomice,obec,2,3,5598000,0,5598000,2,37526762,recipient_schedule_required,,,,,https://monitor.statnipokladna.gov.cz/api/ukazatele?ic=00233269&obdobi=2512
2025,578,multi_school,founder:00280283,00280283,Městys Jedovnice,obec,2,3,5412584,170000,5582584,2,55467883,recipient_schedule_required,,,,,https://monitor.statnipokladna.gov.cz/api/ukazatele?ic=00280283&obdobi=2512
2025,579,multi_school,founder:00303798,00303798,Obec Hošťálková,obec,2,2,5550000,0,5550000,2,43336838,recipient_schedule_required,,,,,https://monitor.statnipokladna.gov.cz/api/ukazatele?ic=00303798&obdobi=2512
2025,580,multi_school,founder:00254592,00254592,Obec Hroznětín,obec,2,4,3423139,2113823,5536962,2,23718912,recipient_schedule_required,,,,,https://monitor.statnipokladna.gov.cz/api/ukazatele?ic=00254592&obdobi=2512
2025,581,multi_school,founder:00283690,00283690,Městys Velké Němčice,obec,2,3,5535578,0,5535578,2,35469507,recipient_schedule_required,,,,,https://monitor.statnipokladna.gov.cz/api/ukazatele?ic=00283690&obdobi=2512
2025,582,multi_school,founder:00298425,00298425,Obec Starý Jičín,obec,2,2,5472416,0,5472416,2,49838009,recipient_schedule_required,,,,,https://monitor.statnipokladna.gov.cz/api/ukazatele?ic=00298425&obdobi=2512
2025,583,multi_school,founder:00304417,00304417,Obec Velké Karlovice,obec,2,2,5441000,0,5441000,2,29803598,recipient_schedule_required,,,,,https://monitor.statnipokladna.gov.cz/api/ukazatele?ic=00304417&obdobi=2512
2025,584,multi_school,founder:00273589,00273589,Město Horní Jelení,obec,2,2,5439000,0,5439000,2,40379009,recipient_schedule_required,,,,,https://monitor.statnipokladna.gov.cz/api/ukazatele?ic=00273589&obdobi=2512
2025,585,multi_school,founder:00234427,00234427,Obec Hřebeč,obec,2,2,5437198,0,5437198,2,32463886,recipient_schedule_required,,,,,https://monitor.statnipokladna.gov.cz/api/ukazatele?ic=00234427&obdobi=2512
2025,586,multi_school,founder:00304361,00304361,Obec Valašská Polanka,obec,2,3,4900000,528916,5428916,2,34377064,recipient_schedule_required,,,,,https://monitor.statnipokladna.gov.cz/api/ukazatele?ic=00304361&obdobi=2512
2025,587,multi_school,founder:00247146,00247146,Město Nová Včelnice,obec,2,2,5400000,0,5400000,2,38654702,recipient_schedule_required,,,,,https://monitor.statnipokladna.gov.cz/api/ukazatele?ic=00247146&obdobi=2512
2025,588,multi_school,founder:00291251,00291251,Městys Polešovice,obec,2,3,5175000,223463,5398463,2,46041788,recipient_schedule_required,,,,,https://monitor.statnipokladna.gov.cz/api/ukazatele?ic=00291251&obdobi=2512
2025,589,multi_school,founder:00297721,00297721,Obec Bartošovice,obec,2,3,2964400,2428285,5392685,2,24850951,recipient_schedule_required,,,,,https://monitor.statnipokladna.gov.cz/api/ukazatele?ic=00297721&obdobi=2512
2025,590,multi_school,founder:00296635,00296635,Obec Fryčovice,obec,2,2,5388000,0,5388000,2,35138222,recipient_schedule_required,,,,,https://monitor.statnipokladna.gov.cz/api/ukazatele?ic=00296635&obdobi=2512
2025,591,multi_school,founder:00281611,00281611,Obec Blučina,obec,2,2,5377776,0,5377776,2,26559416,recipient_schedule_required,,,,,https://monitor.statnipokladna.gov.cz/api/ukazatele?ic=00281611&obdobi=2512
2025,592,multi_school,founder:00247511,00247511,Město Strmilov,obec,2,4,4600000,754055,5354055,2,26269606,recipient_schedule_required,,,,,https://monitor.statnipokladna.gov.cz/api/ukazatele?ic=00247511&obdobi=2512
2025,593,multi_school,founder:00290050,00290050,Městys Okříšky,obec,2,2,5347500,0,5347500,2,39505761,recipient_schedule_required,,,,,https://monitor.statnipokladna.gov.cz/api/ukazatele?ic=00290050&obdobi=2512
2025,594,multi_school,founder:00245267,00245267,Město Nové Hrady,obec,2,2,5343000,0,5343000,2,36037397,recipient_schedule_required,,,,,https://monitor.statnipokladna.gov.cz/api/ukazatele?ic=00245267&obdobi=2512
2025,595,multi_school,founder:00266256,00266256,Obec Bystřany,obec,2,2,5330991,0,5330991,2,34777120,recipient_schedule_required,,,,,https://monitor.statnipokladna.gov.cz/api/ukazatele?ic=00266256&obdobi=2512
2025,596,multi_school,founder:00301329,00301329,Městys Hustopeče nad Bečvou,obec,2,2,5320000,0,5320000,2,29046252,recipient_schedule_required,,,,,https://monitor.statnipokladna.gov.cz/api/ukazatele?ic=00301329&obdobi=2512
2025,597,multi_school,founder:00240869,00240869,Městys Škvorec,obec,2,2,5299700,0,5299700,2,40826835,recipient_schedule_required,,,,,https://monitor.statnipokladna.gov.cz/api/ukazatele?ic=00240869&obdobi=2512
2025,598,multi_school,founder:00282537,00282537,Obec Říčany,obec,2,2,5289415,0,5289415,2,25524218,recipient_schedule_required,,,,,https://monitor.statnipokladna.gov.cz/api/ukazatele?ic=00282537&obdobi=2512
2025,599,multi_school,founder:00250945,00250945,Město Bavorov,obec,2,2,5280000,0,5280000,2,33065881,recipient_schedule_required,,,,,https://monitor.statnipokladna.gov.cz/api/ukazatele?ic=00250945&obdobi=2512
2025,600,multi_school,founder:00232025,00232025,Obec Krhanice,obec,2,3,4708042,561000,5269042,2,24473683,recipient_schedule_required,,,,,https://monitor.statnipokladna.gov.cz/api/ukazatele?ic=00232025&obdobi=2512
2025,601,multi_school,founder:00280097,00280097,Městys Černá Hora,obec,2,2,5260000,0,5260000,2,44321712,recipient_schedule_required,,,,,https://monitor.statnipokladna.gov.cz/api/ukazatele?ic=00280097&obdobi=2512
2025,602,multi_school,founder:00235172,00235172,Městys Zlonice,obec,2,2,5250000,0,5250000,2,47935156,recipient_schedule_required,,,,,https://monitor.statnipokladna.gov.cz/api/ukazatele?ic=00235172&obdobi=2512
2025,603,multi_school,founder:00240524,00240524,Městys Nehvizdy,obec,2,2,5250000,0,5250000,2,116927660,recipient_schedule_required,,,,,https://monitor.statnipokladna.gov.cz/api/ukazatele?ic=00240524&obdobi=2512
2025,604,multi_school,founder:00240851,00240851,Obec Šestajovice,obec,2,2,5250000,0,5250000,2,61814613,recipient_schedule_required,,,,,https://monitor.statnipokladna.gov.cz/api/ukazatele?ic=00240851&obdobi=2512
2025,605,multi_school,founder:00275891,00275891,Městys Libštát,obec,2,3,4245130,1000000,5245130,2,25771679,recipient_schedule_required,,,,,https://monitor.statnipokladna.gov.cz/api/ukazatele?ic=00275891&obdobi=2512
2025,606,multi_school,founder:00300845,00300845,Obec Velké Hoštice,obec,2,2,5222760,0,5222760,2,30272415,recipient_schedule_required,,,,,https://monitor.statnipokladna.gov.cz/api/ukazatele?ic=00300845&obdobi=2512
2025,607,multi_school,founder:00296848,00296848,Obec Krmelín,obec,2,3,5063792,133706,5197498,2,20944539,recipient_schedule_required,,,,,https://monitor.statnipokladna.gov.cz/api/ukazatele?ic=00296848&obdobi=2512
2025,608,multi_school,founder:00261734,00261734,Město Velký Šenov,obec,2,2,5183000,0,5183000,2,36842258,recipient_schedule_required,,,,,https://monitor.statnipokladna.gov.cz/api/ukazatele?ic=00261734&obdobi=2512
2025,609,multi_school,founder:00252387,00252387,Město Chýnov,obec,2,3,4936378,236071,5172449,2,47533017,recipient_schedule_required,,,,,https://monitor.statnipokladna.gov.cz/api/ukazatele?ic=00252387&obdobi=2512
2025,610,multi_school,founder:00231690,00231690,Městys Divišov,obec,2,2,5163000,0,5163000,2,44873747,recipient_schedule_required,,,,,https://monitor.statnipokladna.gov.cz/api/ukazatele?ic=00231690&obdobi=2512
2025,611,multi_school,founder:00283070,00283070,Obec Březí,obec,2,2,5146000,0,5146000,2,31285578,recipient_schedule_required,,,,,https://monitor.statnipokladna.gov.cz/api/ukazatele?ic=00283070&obdobi=2512
2025,612,multi_school,founder:00253961,00253961,Město Hranice,obec,2,2,5136000,0,5136000,2,27882813,recipient_schedule_required,,,,,https://monitor.statnipokladna.gov.cz/api/ukazatele?ic=00253961&obdobi=2512
2025,613,multi_school,founder:00303232,00303232,Obec Postřelmov,obec,2,2,5125000,0,5125000,2,42759477,recipient_schedule_required,,,,,https://monitor.statnipokladna.gov.cz/api/ukazatele?ic=00303232&obdobi=2512
2025,614,multi_school,founder:00232645,00232645,Město Sedlec-Prčice,obec,2,4,4625277,490642,5115919,2,51318737,recipient_schedule_required,,,,,https://monitor.statnipokladna.gov.cz/api/ukazatele?ic=00232645&obdobi=2512
2025,615,multi_school,founder:00266531,00266531,Obec Novosedlice,obec,2,2,5112082,0,5112082,2,37230343,recipient_schedule_required,,,,,https://monitor.statnipokladna.gov.cz/api/ukazatele?ic=00266531&obdobi=2512
2025,616,multi_school,founder:00298018,00298018,Obec Jistebník,obec,2,3,4225359,883784,5109143,2,27499717,recipient_schedule_required,,,,,https://monitor.statnipokladna.gov.cz/api/ukazatele?ic=00298018&obdobi=2512
2025,617,multi_school,founder:00290785,00290785,Obec Bánov,obec,2,2,5100000,0,5100000,2,38364955,recipient_schedule_required,,,,,https://monitor.statnipokladna.gov.cz/api/ukazatele?ic=00290785&obdobi=2512
2025,618,multi_school,founder:00654451,00654451,Městys Velké Poříčí,obec,2,2,5100000,0,5100000,2,38123400,recipient_schedule_required,,,,,https://monitor.statnipokladna.gov.cz/api/ukazatele?ic=00654451&obdobi=2512
2025,619,multi_school,founder:00303780,00303780,Obec Horní Lideč,obec,2,2,5080400,0,5080400,2,42078299,recipient_schedule_required,,,,,https://monitor.statnipokladna.gov.cz/api/ukazatele?ic=00303780&obdobi=2512
2025,620,multi_school,founder:00236616,00236616,Obec Vrdy,obec,2,3,4600000,450000,5050000,2,46119350,recipient_schedule_required,,,,,https://monitor.statnipokladna.gov.cz/api/ukazatele?ic=00236616&obdobi=2512
2025,621,multi_school,founder:00488275,00488275,Obec Popůvky,obec,2,2,5050000,0,5050000,2,15631216,recipient_schedule_required,,,,,https://monitor.statnipokladna.gov.cz/api/ukazatele?ic=00488275&obdobi=2512
2025,622,multi_school,founder:00262455,00262455,Město Lučany nad Nisou,obec,2,2,5046007,0,5046007,2,29028207,recipient_schedule_required,,,,,https://monitor.statnipokladna.gov.cz/api/ukazatele?ic=00262455&obdobi=2512
2025,623,multi_school,founder:00260479,00260479,Město Dubá,obec,2,2,5032000,0,5032000,2,32914982,recipient_schedule_required,,,,,https://monitor.statnipokladna.gov.cz/api/ukazatele?ic=00260479&obdobi=2512
2025,624,multi_school,founder:00281701,00281701,Město Dolní Kounice,obec,2,3,4824000,191254,5015254,2,55141577,recipient_schedule_required,,,,,https://monitor.statnipokladna.gov.cz/api/ukazatele?ic=00281701&obdobi=2512
2025,625,multi_school,founder:00240401,00240401,Obec Kunice,obec,2,2,4978862,0,4978862,2,37629415,recipient_schedule_required,,,,,https://monitor.statnipokladna.gov.cz/api/ukazatele?ic=00240401&obdobi=2512
2025,626,multi_school,founder:00283266,00283266,Obec Kobylí,obec,2,2,4950000,0,4950000,2,41122815,recipient_schedule_required,,,,,https://monitor.statnipokladna.gov.cz/api/ukazatele?ic=00283266&obdobi=2512
2025,627,multi_school,founder:00290823,00290823,Obec Boršice,obec,2,2,4925141,0,4925141,2,33488050,recipient_schedule_required,,,,,https://monitor.statnipokladna.gov.cz/api/ukazatele?ic=00290823&obdobi=2512
2025,628,multi_school,founder:00235750,00235750,Obec Stříbrná Skalice,obec,2,2,4920681,0,4920681,2,36962279,recipient_schedule_required,,,,,https://monitor.statnipokladna.gov.cz/api/ukazatele?ic=00235750&obdobi=2512
2025,629,multi_school,founder:00234079,00234079,Město Žebrák,obec,2,3,4915700,0,4915700,2,38369881,recipient_schedule_required,,,,,https://monitor.statnipokladna.gov.cz/api/ukazatele?ic=00234079&obdobi=2512
2025,630,multi_school,founder:00241695,00241695,Obec Středokluky,obec,2,2,4908559,0,4908559,2,36126637,recipient_schedule_required,,,,,https://monitor.statnipokladna.gov.cz/api/ukazatele?ic=00241695&obdobi=2512
2025,631,multi_school,founder:00293971,00293971,Městys Bobrová,obec,2,2,4849697,0,4849697,2,31551611,recipient_schedule_required,,,,,https://monitor.statnipokladna.gov.cz/api/ukazatele?ic=00293971&obdobi=2512
2025,632,multi_school,founder:00249505,00249505,Město Žirovnice,obec,2,2,4835000,0,4835000,2,39367959,recipient_schedule_required,,,,,https://monitor.statnipokladna.gov.cz/api/ukazatele?ic=00249505&obdobi=2512
2025,633,multi_school,founder:00273481,00273481,Město Dašice,obec,2,2,4830000,0,4830000,2,42905475,recipient_schedule_required,,,,,https://monitor.statnipokladna.gov.cz/api/ukazatele?ic=00273481&obdobi=2512
2025,634,multi_school,founder:00257028,00257028,Obec Nezvěstice,obec,2,2,4800000,0,4800000,2,44962823,recipient_schedule_required,,,,,https://monitor.statnipokladna.gov.cz/api/ukazatele?ic=00257028&obdobi=2512
2025,635,multi_school,founder:00270580,00270580,Město Nasavrky,obec,2,2,4800000,0,4800000,2,36388588,recipient_schedule_required,,,,,https://monitor.statnipokladna.gov.cz/api/ukazatele?ic=00270580&obdobi=2512
2025,636,multi_school,founder:00290904,00290904,Obec Dolní Němčí,obec,2,2,4800000,0,4800000,2,55732377,recipient_schedule_required,,,,,https://monitor.statnipokladna.gov.cz/api/ukazatele?ic=00290904&obdobi=2512
2025,637,multi_school,founder:00237035,00237035,Obec Lužec nad Vltavou,obec,2,4,4330000,420000,4750000,2,35040166,recipient_schedule_required,,,,,https://monitor.statnipokladna.gov.cz/api/ukazatele?ic=00237035&obdobi=2512
2025,638,multi_school,founder:00248185,00248185,Město Horní Cerekev,obec,2,2,4750000,0,4750000,2,26712517,recipient_schedule_required,,,,,https://monitor.statnipokladna.gov.cz/api/ukazatele?ic=00248185&obdobi=2512
2025,639,multi_school,founder:00303925,00303925,Město Kelč,obec,2,2,4750000,0,4750000,2,38089857,recipient_schedule_required,,,,,https://monitor.statnipokladna.gov.cz/api/ukazatele?ic=00303925&obdobi=2512
2025,640,multi_school,founder:00277258,00277258,Městys Radiměř,obec,2,2,4737000,0,4737000,2,21848475,recipient_schedule_required,,,,,https://monitor.statnipokladna.gov.cz/api/ukazatele?ic=00277258&obdobi=2512
2025,641,multi_school,founder:00274861,00274861,Obec Dobré,obec,2,2,4690000,0,4690000,2,28038555,recipient_schedule_required,,,,,https://monitor.statnipokladna.gov.cz/api/ukazatele?ic=00274861&obdobi=2512
2025,642,multi_school,founder:00483869,00483869,Město Březová nad Svitavou,obec,2,2,4680000,0,4680000,2,29070542,recipient_schedule_required,,,,,https://monitor.statnipokladna.gov.cz/api/ukazatele?ic=00483869&obdobi=2512
2025,643,multi_school,founder:00265080,00265080,Město Kryry,obec,2,2,4660000,0,4660000,2,31360195,recipient_schedule_required,,,,,https://monitor.statnipokladna.gov.cz/api/ukazatele?ic=00265080&obdobi=2512
2025,644,multi_school,founder:00266566,00266566,Obec Proboštov,obec,2,2,4655841,0,4655841,2,34419823,recipient_schedule_required,,,,,https://monitor.statnipokladna.gov.cz/api/ukazatele?ic=00266566&obdobi=2512
2025,645,multi_school,founder:00265098,00265098,Obec Lenešice,obec,2,2,4650000,0,4650000,2,30626553,recipient_schedule_required,,,,,https://monitor.statnipokladna.gov.cz/api/ukazatele?ic=00265098&obdobi=2512
2025,646,multi_school,founder:00246964,00246964,Obec Kunžak,obec,2,2,4649500,0,4649500,2,29452046,recipient_schedule_required,,,,,https://monitor.statnipokladna.gov.cz/api/ukazatele?ic=00246964&obdobi=2512
2025,647,multi_school,founder:00257290,00257290,Obec Šťáhlavy,obec,2,2,4647136,0,4647136,2,27411491,recipient_schedule_required,,,,,https://monitor.statnipokladna.gov.cz/api/ukazatele?ic=00257290&obdobi=2512
2025,648,multi_school,founder:00293415,00293415,Městys Prosiměřice,obec,2,2,4645000,0,4645000,2,43593833,recipient_schedule_required,,,,,https://monitor.statnipokladna.gov.cz/api/ukazatele?ic=00293415&obdobi=2512
2025,649,multi_school,founder:00275697,00275697,Město Harrachov,obec,2,2,4612166,0,4612166,2,22048662,recipient_schedule_required,,,,,https://monitor.statnipokladna.gov.cz/api/ukazatele?ic=00275697&obdobi=2512
2025,650,multi_school,founder:00275417,00275417,Město Solnice,obec,2,2,4600000,0,4600000,2,47276518,recipient_schedule_required,,,,,https://monitor.statnipokladna.gov.cz/api/ukazatele?ic=00275417&obdobi=2512
2025,651,multi_school,founder:00274810,00274810,Obec České Meziříčí,obec,2,2,4597000,0,4597000,2,43812559,recipient_schedule_required,,,,,https://monitor.statnipokladna.gov.cz/api/ukazatele?ic=00274810&obdobi=2512
2025,652,multi_school,founder:00273503,00273503,Obec Dolní Roveň,obec,2,2,4583010,0,4583010,2,38958994,recipient_schedule_required,,,,,https://monitor.statnipokladna.gov.cz/api/ukazatele?ic=00273503&obdobi=2512
2025,653,multi_school,founder:00235954,00235954,Město Zásmuky,obec,2,2,4550000,0,4550000,2,44902930,recipient_schedule_required,,,,,https://monitor.statnipokladna.gov.cz/api/ukazatele?ic=00235954&obdobi=2512
2025,654,multi_school,founder:00291404,00291404,Obec Šumice,obec,2,2,4516220,0,4516220,2,35123553,recipient_schedule_required,,,,,https://monitor.statnipokladna.gov.cz/api/ukazatele?ic=00291404&obdobi=2512
2025,655,multi_school,founder:00273431,00273431,Obec Býšť,obec,2,2,4513000,0,4513000,2,31293373,recipient_schedule_required,,,,,https://monitor.statnipokladna.gov.cz/api/ukazatele?ic=00273431&obdobi=2512
2025,656,multi_school,founder:00239283,00239283,Obec Kostomlaty nad Labem,obec,2,2,4500000,0,4500000,2,34872557,recipient_schedule_required,,,,,https://monitor.statnipokladna.gov.cz/api/ukazatele?ic=00239283&obdobi=2512
2025,657,multi_school,founder:00285447,00285447,Obec Velká nad Veličkou,obec,2,2,4500000,0,4500000,2,34505614,recipient_schedule_required,,,,,https://monitor.statnipokladna.gov.cz/api/ukazatele?ic=00285447&obdobi=2512
2025,658,multi_school,founder:00234788,00234788,Obec Pchery,obec,2,2,4437615,0,4437615,2,30144023,recipient_schedule_required,,,,,https://monitor.statnipokladna.gov.cz/api/ukazatele?ic=00234788&obdobi=2512
2025,659,multi_school,founder:00287342,00287342,Obec Kostelec u Holešova,obec,2,3,3799868,627529,4427397,2,26304230,recipient_schedule_required,,,,,https://monitor.statnipokladna.gov.cz/api/ukazatele?ic=00287342&obdobi=2512
2025,660,multi_school,founder:00283363,00283363,Městys Moravská Nová Ves,obec,2,2,4412000,0,4412000,2,39643208,recipient_schedule_required,,,,,https://monitor.statnipokladna.gov.cz/api/ukazatele?ic=00283363&obdobi=2512
2025,661,multi_school,founder:00258679,00258679,Obec Dobřív,obec,2,3,4189865,164821,4354686,2,14839981,recipient_schedule_required,,,,,https://monitor.statnipokladna.gov.cz/api/ukazatele?ic=00258679&obdobi=2512
2025,662,multi_school,founder:00262617,00262617,Městys Zásada,obec,2,2,4300000,0,4300000,2,27318405,recipient_schedule_required,,,,,https://monitor.statnipokladna.gov.cz/api/ukazatele?ic=00262617&obdobi=2512
2025,663,multi_school,founder:00241890,00241890,Obec Zvole,obec,2,3,4293400,0,4293400,2,25047869,recipient_schedule_required,,,,,https://monitor.statnipokladna.gov.cz/api/ukazatele?ic=00241890&obdobi=2512
2025,664,multi_school,founder:00285374,00285374,Obec Šardice,obec,2,3,4293000,0,4293000,2,24855729,recipient_schedule_required,,,,,https://monitor.statnipokladna.gov.cz/api/ukazatele?ic=00285374&obdobi=2512
2025,665,multi_school,founder:00251721,00251721,Městys Radomyšl,obec,2,2,4273000,0,4273000,2,41028347,recipient_schedule_required,,,,,https://monitor.statnipokladna.gov.cz/api/ukazatele?ic=00251721&obdobi=2512
2025,666,multi_school,founder:00260169,00260169,Městys Stráž,obec,2,2,4250000,0,4250000,2,29812422,recipient_schedule_required,,,,,https://monitor.statnipokladna.gov.cz/api/ukazatele?ic=00260169&obdobi=2512
2025,667,multi_school,founder:00244694,00244694,Obec Boršov nad Vltavou,obec,2,2,4211000,0,4211000,2,36849762,recipient_schedule_required,,,,,https://monitor.statnipokladna.gov.cz/api/ukazatele?ic=00244694&obdobi=2512
2025,668,multi_school,founder:00254231,00254231,Město Skalná,obec,2,2,4200000,0,4200000,2,34059793,recipient_schedule_required,,,,,https://monitor.statnipokladna.gov.cz/api/ukazatele?ic=00254231&obdobi=2512
2025,669,multi_school,founder:00270881,00270881,Město Seč,obec,2,2,4172000,0,4172000,2,25095807,recipient_schedule_required,,,,,https://monitor.statnipokladna.gov.cz/api/ukazatele?ic=00270881&obdobi=2512
2025,670,multi_school,founder:00236641,00236641,Obec Zbraslavice,obec,2,2,4169575,0,4169575,2,37737539,recipient_schedule_required,,,,,https://monitor.statnipokladna.gov.cz/api/ukazatele?ic=00236641&obdobi=2512
2025,671,multi_school,founder:00846872,00846872,Obec Sviadnov,obec,2,2,4150000,0,4150000,2,23890900,recipient_schedule_required,,,,,https://monitor.statnipokladna.gov.cz/api/ukazatele?ic=00846872&obdobi=2512
2025,672,multi_school,founder:00291536,00291536,Obec Velehrad,obec,2,2,4137000,0,4137000,2,34916764,recipient_schedule_required,,,,,https://monitor.statnipokladna.gov.cz/api/ukazatele?ic=00291536&obdobi=2512
2025,673,multi_school,founder:00239747,00239747,Obec Semice,obec,2,2,4136000,0,4136000,2,34412999,recipient_schedule_required,,,,,https://monitor.statnipokladna.gov.cz/api/ukazatele?ic=00239747&obdobi=2512
2025,674,multi_school,founder:00303763,00303763,Obec Halenkov,obec,2,2,4119000,0,4119000,2,41043563,recipient_schedule_required,,,,,https://monitor.statnipokladna.gov.cz/api/ukazatele?ic=00303763&obdobi=2512
2025,675,multi_school,founder:00303585,00303585,Město Vidnava,obec,2,2,4103624,0,4103624,2,27462458,recipient_schedule_required,,,,,https://monitor.statnipokladna.gov.cz/api/ukazatele?ic=00303585&obdobi=2512
2025,676,multi_school,founder:00236918,00236918,Obec Kly,obec,2,4,3950000,150000,4100000,2,35559820,recipient_schedule_required,,,,,https://monitor.statnipokladna.gov.cz/api/ukazatele?ic=00236918&obdobi=2512
2025,677,multi_school,founder:00261131,00261131,Město Žandov,obec,2,3,3969000,96316,4065316,2,31373662,recipient_schedule_required,,,,,https://monitor.statnipokladna.gov.cz/api/ukazatele?ic=00261131&obdobi=2512
2025,678,multi_school,founder:00239305,00239305,Městys Kounice,obec,2,2,4064276,0,4064276,2,38702812,recipient_schedule_required,,,,,https://monitor.statnipokladna.gov.cz/api/ukazatele?ic=00239305&obdobi=2512
2025,679,multi_school,founder:00303852,00303852,Obec Jablůnka,obec,2,2,4060000,0,4060000,2,30850373,recipient_schedule_required,,,,,https://monitor.statnipokladna.gov.cz/api/ukazatele?ic=00303852&obdobi=2512
2025,680,multi_school,founder:00264571,00264571,Město Úštěk,obec,2,2,4043287,0,4043287,2,31468049,recipient_schedule_required,,,,,https://monitor.statnipokladna.gov.cz/api/ukazatele?ic=00264571&obdobi=2512
2025,681,multi_school,founder:00303526,00303526,Obec Vápenná,obec,2,3,3992000,50000,4042000,2,35700793,recipient_schedule_required,,,,,https://monitor.statnipokladna.gov.cz/api/ukazatele?ic=00303526&obdobi=2512
2025,682,multi_school,founder:00299570,00299570,Obec Troubelice,obec,2,2,4041400,0,4041400,2,30017169,recipient_schedule_required,,,,,https://monitor.statnipokladna.gov.cz/api/ukazatele?ic=00299570&obdobi=2512
2025,683,multi_school,founder:00284581,00284581,Obec Trnava,obec,2,2,4041194,0,4041194,2,20012421,recipient_schedule_required,,,,,https://monitor.statnipokladna.gov.cz/api/ukazatele?ic=00284581&obdobi=2512
2025,684,multi_school,founder:00303771,00303771,Obec Horní Bečva,obec,2,2,4018931,0,4018931,2,37003115,recipient_schedule_required,,,,,https://monitor.statnipokladna.gov.cz/api/ukazatele?ic=00303771&obdobi=2512
2025,685,multi_school,founder:00284173,00284173,Obec Lukov,obec,2,2,4018000,0,4018000,2,13740760,recipient_schedule_required,,,,,https://monitor.statnipokladna.gov.cz/api/ukazatele?ic=00284173&obdobi=2512
2025,686,multi_school,founder:00237221,00237221,Obec Tišice,obec,2,2,4012000,0,4012000,2,29233918,recipient_schedule_required,,,,,https://monitor.statnipokladna.gov.cz/api/ukazatele?ic=00237221&obdobi=2512
2025,687,multi_school,founder:00287920,00287920,Obec Zborovice,obec,2,2,3975000,0,3975000,2,22023232,recipient_schedule_required,,,,,https://monitor.statnipokladna.gov.cz/api/ukazatele?ic=00287920&obdobi=2512
2025,688,multi_school,founder:00261271,00261271,Obec Dolní Podluží,obec,2,2,3950000,0,3950000,2,37246418,recipient_schedule_required,,,,,https://monitor.statnipokladna.gov.cz/api/ukazatele?ic=00261271&obdobi=2512
2025,689,multi_school,founder:00259772,00259772,Město Černošín,obec,2,2,3920000,0,3920000,2,21876499,recipient_schedule_required,,,,,https://monitor.statnipokladna.gov.cz/api/ukazatele?ic=00259772&obdobi=2512
2025,690,multi_school,founder:00276596,00276596,Obec Dolní Újezd,obec,2,2,3920000,0,3920000,2,59063149,recipient_schedule_required,,,,,https://monitor.statnipokladna.gov.cz/api/ukazatele?ic=00276596&obdobi=2512
2025,691,multi_school,founder:00274739,00274739,Město Borohrádek,obec,2,3,3831869,70000,3901869,2,41105285,recipient_schedule_required,,,,,https://monitor.statnipokladna.gov.cz/api/ukazatele?ic=00274739&obdobi=2512
2025,692,multi_school,founder:00289922,00289922,Městys Mohelno,obec,2,2,3900000,0,3900000,2,28510592,recipient_schedule_required,,,,,https://monitor.statnipokladna.gov.cz/api/ukazatele?ic=00289922&obdobi=2512
2025,693,multi_school,founder:00298794,00298794,Obec Dlouhá Loučka,obec,2,3,3567878,330330,3898208,2,31360498,recipient_schedule_required,,,,,https://monitor.statnipokladna.gov.cz/api/ukazatele?ic=00298794&obdobi=2512
2025,694,multi_school,founder:00276880,00276880,Obec Kunčina,obec,2,2,3889000,0,3889000,2,25984814,recipient_schedule_required,,,,,https://monitor.statnipokladna.gov.cz/api/ukazatele?ic=00276880&obdobi=2512
2025,695,multi_school,founder:00266311,00266311,Městys Hostomice,obec,2,2,3888000,0,3888000,2,38339425,recipient_schedule_required,,,,,https://monitor.statnipokladna.gov.cz/api/ukazatele?ic=00266311&obdobi=2512
2025,696,multi_school,founder:00298662,00298662,Obec Bílá Lhota,obec,2,2,3884000,0,3884000,2,25520342,recipient_schedule_required,,,,,https://monitor.statnipokladna.gov.cz/api/ukazatele?ic=00298662&obdobi=2512
2025,697,multi_school,founder:00240818,00240818,Obec Sulice,obec,2,2,3800000,0,3800000,2,53030173,recipient_schedule_required,,,,,https://monitor.statnipokladna.gov.cz/api/ukazatele?ic=00240818&obdobi=2512
2025,698,multi_school,founder:00232360,00232360,Městys Netvořice,obec,2,3,3648400,150000,3798400,2,30799957,recipient_schedule_required,,,,,https://monitor.statnipokladna.gov.cz/api/ukazatele?ic=00232360&obdobi=2512
2025,699,multi_school,founder:00233285,00233285,Obec Hudlice,obec,2,2,3797000,0,3797000,2,25260633,recipient_schedule_required,,,,,https://monitor.statnipokladna.gov.cz/api/ukazatele?ic=00233285&obdobi=2512
2025,700,multi_school,founder:00636100,00636100,Obec Chromeč,obec,2,3,1582150,2211338,3793488,2,10866149,recipient_schedule_required,,,,,https://monitor.statnipokladna.gov.cz/api/ukazatele?ic=00636100&obdobi=2512
2025,701,multi_school,founder:00280569,00280569,Obec Lipůvka,obec,2,2,3778515,0,3778515,2,32896527,recipient_schedule_required,,,,,https://monitor.statnipokladna.gov.cz/api/ukazatele?ic=00280569&obdobi=2512
2025,702,multi_school,founder:00241946,00241946,Obec Bohutín,obec,2,3,3770000,0,3770000,2,30993149,recipient_schedule_required,,,,,https://monitor.statnipokladna.gov.cz/api/ukazatele?ic=00241946&obdobi=2512
2025,703,multi_school,founder:00300691,00300691,Obec Stěbořice,obec,2,2,3760000,0,3760000,2,34539678,recipient_schedule_required,,,,,https://monitor.statnipokladna.gov.cz/api/ukazatele?ic=00300691&obdobi=2512
2025,704,multi_school,founder:00303682,00303682,Město Žulová,obec,2,2,3749780,0,3749780,2,23122400,recipient_schedule_required,,,,,https://monitor.statnipokladna.gov.cz/api/ukazatele?ic=00303682&obdobi=2512
2025,705,multi_school,founder:00281662,00281662,Obec Čebín,obec,2,2,3747300,0,3747300,2,32954144,recipient_schedule_required,,,,,https://monitor.statnipokladna.gov.cz/api/ukazatele?ic=00281662&obdobi=2512
2025,706,multi_school,founder:00274623,00274623,Obec Zdechovice,obec,2,2,3738000,0,3738000,2,11780505,recipient_schedule_required,,,,,https://monitor.statnipokladna.gov.cz/api/ukazatele?ic=00274623&obdobi=2512
2025,707,multi_school,founder:00266981,00266981,Obec Řehlovice,obec,2,3,2181000,1550733,3731733,2,12776867,recipient_schedule_required,,,,,https://monitor.statnipokladna.gov.cz/api/ukazatele?ic=00266981&obdobi=2512
2025,708,multi_school,founder:00249050,00249050,Obec Senožaty,obec,2,2,3700000,0,3700000,2,22938307,recipient_schedule_required,,,,,https://monitor.statnipokladna.gov.cz/api/ukazatele?ic=00249050&obdobi=2512
2025,709,multi_school,founder:00262366,00262366,Obec Jenišovice,obec,2,2,3700000,0,3700000,2,29983139,recipient_schedule_required,,,,,https://monitor.statnipokladna.gov.cz/api/ukazatele?ic=00262366&obdobi=2512
2025,710,multi_school,founder:00524662,00524662,Obec Horní Police,obec,2,2,3700000,0,3700000,2,24382190,recipient_schedule_required,,,,,https://monitor.statnipokladna.gov.cz/api/ukazatele?ic=00524662&obdobi=2512
2025,711,multi_school,founder:00243027,00243027,Obec Petrovice,obec,2,3,3698689,0,3698689,2,32569088,recipient_schedule_required,,,,,https://monitor.statnipokladna.gov.cz/api/ukazatele?ic=00243027&obdobi=2512
2025,712,multi_school,founder:00281042,00281042,Městys Svitávka,obec,2,2,3684674,0,3684674,2,28837884,recipient_schedule_required,,,,,https://monitor.statnipokladna.gov.cz/api/ukazatele?ic=00281042&obdobi=2512
2025,713,multi_school,founder:00275841,00275841,Obec Košťálov,obec,2,2,3650913,0,3650913,2,16252157,recipient_schedule_required,,,,,https://monitor.statnipokladna.gov.cz/api/ukazatele?ic=00275841&obdobi=2512
2025,714,multi_school,founder:00283371,00283371,Obec Moravský Žižkov,obec,2,3,3530911,119089,3650000,2,24270800,recipient_schedule_required,,,,,https://monitor.statnipokladna.gov.cz/api/ukazatele?ic=00283371&obdobi=2512
2025,715,multi_school,founder:00269867,00269867,Městys Bojanov,obec,2,2,3635000,0,3635000,2,24212987,recipient_schedule_required,,,,,https://monitor.statnipokladna.gov.cz/api/ukazatele?ic=00269867&obdobi=2512
2025,716,multi_school,founder:00259641,00259641,Obec Vintířov,obec,2,2,3633604,0,3633604,2,21394442,recipient_schedule_required,,,,,https://monitor.statnipokladna.gov.cz/api/ukazatele?ic=00259641&obdobi=2512
2025,717,multi_school,founder:00260657,00260657,Obec Kravaře,obec,2,3,3460000,150000,3610000,2,21862530,recipient_schedule_required,,,,,https://monitor.statnipokladna.gov.cz/api/ukazatele?ic=00260657&obdobi=2512
2025,718,multi_school,founder:00303992,00303992,Obec Lešná,obec,2,2,3600000,0,3600000,2,28389560,recipient_schedule_required,,,,,https://monitor.statnipokladna.gov.cz/api/ukazatele?ic=00303992&obdobi=2512
2025,719,multi_school,founder:00260126,00260126,Obec Rozvadov,obec,2,2,3580796,0,3580796,2,10838224,recipient_schedule_required,,,,,https://monitor.statnipokladna.gov.cz/api/ukazatele?ic=00260126&obdobi=2512
2025,720,multi_school,founder:00272884,00272884,Městys Nový Hrádek,obec,2,2,3565000,0,3565000,2,26849766,recipient_schedule_required,,,,,https://monitor.statnipokladna.gov.cz/api/ukazatele?ic=00272884&obdobi=2512
2025,721,multi_school,founder:00276073,00276073,Město Rovensko pod Troskami,obec,2,2,3543027,0,3543027,2,26860853,recipient_schedule_required,,,,,https://monitor.statnipokladna.gov.cz/api/ukazatele?ic=00276073&obdobi=2512
2025,722,multi_school,founder:00244112,00244112,Obec Mutějovice,obec,2,2,3542840,0,3542840,2,23443957,recipient_schedule_required,,,,,https://monitor.statnipokladna.gov.cz/api/ukazatele?ic=00244112&obdobi=2512
2025,723,multi_school,founder:00279765,00279765,Obec Výprachtice,obec,2,2,3529900,0,3529900,2,20588298,recipient_schedule_required,,,,,https://monitor.statnipokladna.gov.cz/api/ukazatele?ic=00279765&obdobi=2512
2025,724,multi_school,founder:00253618,00253618,Obec Mrákov,obec,2,3,3528000,0,3528000,2,27315352,recipient_schedule_required,,,,,https://monitor.statnipokladna.gov.cz/api/ukazatele?ic=00253618&obdobi=2512
2025,725,multi_school,founder:00243981,00243981,Obec Lány,obec,2,2,3500000,0,3500000,2,36194803,recipient_schedule_required,,,,,https://monitor.statnipokladna.gov.cz/api/ukazatele?ic=00243981&obdobi=2512
2025,726,multi_school,founder:00272311,00272311,Obec Valdice,obec,2,2,3500000,0,3500000,2,18837439,recipient_schedule_required,,,,,https://monitor.statnipokladna.gov.cz/api/ukazatele?ic=00272311&obdobi=2512
2025,727,multi_school,founder:00280143,00280143,Městys Doubravice nad Svitavou,obec,2,4,3301000,183433,3484433,2,20097452,recipient_schedule_required,,,,,https://monitor.statnipokladna.gov.cz/api/ukazatele?ic=00280143&obdobi=2512
2025,728,multi_school,founder:00256901,00256901,Obec Merklín,obec,2,2,3480000,0,3480000,2,12458326,recipient_schedule_required,,,,,https://monitor.statnipokladna.gov.cz/api/ukazatele?ic=00256901&obdobi=2512
2025,729,multi_school,founder:00239381,00239381,Obec Libice nad Cidlinou,obec,2,2,3475668,0,3475668,2,26433878,recipient_schedule_required,,,,,https://monitor.statnipokladna.gov.cz/api/ukazatele?ic=00239381&obdobi=2512
2025,730,multi_school,founder:00241342,00241342,Obec Jinočany,obec,2,2,3460000,0,3460000,2,40462836,recipient_schedule_required,,,,,https://monitor.statnipokladna.gov.cz/api/ukazatele?ic=00241342&obdobi=2512
2025,731,multi_school,founder:00253391,00253391,Město Hostouň,obec,2,3,3450000,0,3450000,2,22057561,recipient_schedule_required,,,,,https://monitor.statnipokladna.gov.cz/api/ukazatele?ic=00253391&obdobi=2512
2025,732,multi_school,founder:00273988,00273988,Obec Moravany,obec,2,2,3448000,0,3448000,2,28027013,recipient_schedule_required,,,,,https://monitor.statnipokladna.gov.cz/api/ukazatele?ic=00273988&obdobi=2512
2025,733,multi_school,founder:00277029,00277029,Obec Morašice,obec,2,2,3406666,0,3406666,2,27072162,recipient_schedule_required,,,,,https://monitor.statnipokladna.gov.cz/api/ukazatele?ic=00277029&obdobi=2512
2025,734,multi_school,founder:00233641,00233641,Obec Nižbor,obec,2,2,3396300,0,3396300,2,19626892,recipient_schedule_required,,,,,https://monitor.statnipokladna.gov.cz/api/ukazatele?ic=00233641&obdobi=2512
2025,735,multi_school,founder:00292702,00292702,Městys Dyjákovice,obec,2,3,3050000,338301,3388301,2,25749494,recipient_schedule_required,,,,,https://monitor.statnipokladna.gov.cz/api/ukazatele?ic=00292702&obdobi=2512
2025,736,multi_school,founder:00279021,00279021,Obec Klášterec nad Orlicí,obec,2,2,3387000,0,3387000,2,21196427,recipient_schedule_required,,,,,https://monitor.statnipokladna.gov.cz/api/ukazatele?ic=00279021&obdobi=2512
2025,737,multi_school,founder:00234257,00234257,Obec Černuc,obec,2,2,3375303,0,3375303,2,11969916,recipient_schedule_required,,,,,https://monitor.statnipokladna.gov.cz/api/ukazatele?ic=00234257&obdobi=2512
2025,738,multi_school,founder:01265750,01265750,Obec Krhová,obec,2,3,3258620,100000,3358620,2,22808487,recipient_schedule_required,,,,,https://monitor.statnipokladna.gov.cz/api/ukazatele?ic=01265750&obdobi=2512
2025,739,multi_school,founder:00283185,00283185,Obec Hrušky,obec,2,2,3350000,0,3350000,2,16774081,recipient_schedule_required,,,,,https://monitor.statnipokladna.gov.cz/api/ukazatele?ic=00283185&obdobi=2512
2025,740,multi_school,founder:00234630,00234630,Město Libušín,obec,2,2,3342000,0,3342000,2,40264948,recipient_schedule_required,,,,,https://monitor.statnipokladna.gov.cz/api/ukazatele?ic=00234630&obdobi=2512
2025,741,multi_school,founder:00293580,00293580,Městys Šatov,obec,2,2,3330000,0,3330000,2,24500854,recipient_schedule_required,,,,,https://monitor.statnipokladna.gov.cz/api/ukazatele?ic=00293580&obdobi=2512
2025,742,multi_school,founder:00253481,00253481,Městys Koloveč,obec,2,3,3320000,0,3320000,2,34738375,recipient_schedule_required,,,,,https://monitor.statnipokladna.gov.cz/api/ukazatele?ic=00253481&obdobi=2512
2025,743,multi_school,founder:00276537,00276537,Obec Cerekvice nad Loučnou,obec,2,2,3297000,0,3297000,2,26409602,recipient_schedule_required,,,,,https://monitor.statnipokladna.gov.cz/api/ukazatele?ic=00276537&obdobi=2512
2025,744,multi_school,founder:00278114,00278114,Obec Malé Svatoňovice,obec,2,2,3296000,0,3296000,2,25895922,recipient_schedule_required,,,,,https://monitor.statnipokladna.gov.cz/api/ukazatele?ic=00278114&obdobi=2512
2025,745,multi_school,founder:00283291,00283291,Obec Křepice,obec,2,2,3284462,0,3284462,2,15357013,recipient_schedule_required,,,,,https://monitor.statnipokladna.gov.cz/api/ukazatele?ic=00283291&obdobi=2512
2025,746,multi_school,founder:00304280,00304280,Obec Růžďka,obec,2,2,3265000,0,3265000,2,20962855,recipient_schedule_required,,,,,https://monitor.statnipokladna.gov.cz/api/ukazatele?ic=00304280&obdobi=2512
2025,747,multi_school,founder:00249483,00249483,Obec Želiv,obec,2,2,3257000,0,3257000,2,28203021,recipient_schedule_required,,,,,https://monitor.statnipokladna.gov.cz/api/ukazatele?ic=00249483&obdobi=2512
2025,748,multi_school,founder:00300527,00300527,Obec Oldřišov,obec,2,3,3180000,76000,3256000,2,22856069,recipient_schedule_required,,,,,https://monitor.statnipokladna.gov.cz/api/ukazatele?ic=00300527&obdobi=2512
2025,749,multi_school,founder:00289159,00289159,Městys Budišov,obec,2,2,3233400,0,3233400,2,34030166,recipient_schedule_required,,,,,https://monitor.statnipokladna.gov.cz/api/ukazatele?ic=00289159&obdobi=2512
2025,750,multi_school,founder:00562424,00562424,Obec Doubrava,obec,2,2,3231446,0,3231446,2,17734214,recipient_schedule_required,,,,,https://monitor.statnipokladna.gov.cz/api/ukazatele?ic=00562424&obdobi=2512
2025,751,multi_school,founder:00263621,00263621,Obec Horní Beřkovice,obec,2,3,3202510,25490,3228000,2,27144124,recipient_schedule_required,,,,,https://monitor.statnipokladna.gov.cz/api/ukazatele?ic=00263621&obdobi=2512
2025,752,multi_school,founder:00256731,00256731,Město Kasejovice,obec,2,3,3091450,136325,3227775,2,24892881,recipient_schedule_required,,,,,https://monitor.statnipokladna.gov.cz/api/ukazatele?ic=00256731&obdobi=2512
2025,753,multi_school,founder:00235881,00235881,Obec Veltruby,obec,2,2,3225000,0,3225000,2,15835432,recipient_schedule_required,,,,,https://monitor.statnipokladna.gov.cz/api/ukazatele?ic=00235881&obdobi=2512
2025,754,multi_school,founder:00288675,00288675,Městys Protivanov,obec,2,2,3220000,0,3220000,2,25377769,recipient_schedule_required,,,,,https://monitor.statnipokladna.gov.cz/api/ukazatele?ic=00288675&obdobi=2512
2025,755,multi_school,founder:00262501,00262501,Obec Pěnčín,obec,2,2,3200000,0,3200000,2,31821430,recipient_schedule_required,,,,,https://monitor.statnipokladna.gov.cz/api/ukazatele?ic=00262501&obdobi=2512
2025,756,multi_school,founder:00288390,00288390,Městys Kralice na Hané,obec,2,2,3200000,0,3200000,2,20093381,recipient_schedule_required,,,,,https://monitor.statnipokladna.gov.cz/api/ukazatele?ic=00288390&obdobi=2512
2025,757,multi_school,founder:00244961,00244961,Obec Hrdějovice,obec,2,2,3186500,0,3186500,2,18147005,recipient_schedule_required,,,,,https://monitor.statnipokladna.gov.cz/api/ukazatele?ic=00244961&obdobi=2512
2025,758,multi_school,founder:00285439,00285439,Obec Vacenovice,obec,2,2,3160000,0,3160000,2,20682444,recipient_schedule_required,,,,,https://monitor.statnipokladna.gov.cz/api/ukazatele?ic=00285439&obdobi=2512
2025,759,multi_school,founder:00287105,00287105,Obec Břest,obec,2,4,3094292,40000,3134292,2,20787830,recipient_schedule_required,,,,,https://monitor.statnipokladna.gov.cz/api/ukazatele?ic=00287105&obdobi=2512
2025,760,multi_school,founder:00242861,00242861,Obec Nová Ves pod Pleší,obec,2,3,3015733,85722,3101455,2,19277905,recipient_schedule_required,,,,,https://monitor.statnipokladna.gov.cz/api/ukazatele?ic=00242861&obdobi=2512
2025,761,multi_school,founder:00304433,00304433,Obec Vidče,obec,2,2,3100000,0,3100000,2,23636968,recipient_schedule_required,,,,,https://monitor.statnipokladna.gov.cz/api/ukazatele?ic=00304433&obdobi=2512
2025,762,multi_school,founder:00250821,00250821,Město Vlachovo Březí,obec,2,2,3080500,0,3080500,2,46925201,recipient_schedule_required,,,,,https://monitor.statnipokladna.gov.cz/api/ukazatele?ic=00250821&obdobi=2512
2025,763,multi_school,founder:66109973,66109973,Obec Velké Chvojno,obec,2,2,3076185,0,3076185,2,10849537,recipient_schedule_required,,,,,https://monitor.statnipokladna.gov.cz/api/ukazatele?ic=66109973&obdobi=2512
2025,764,multi_school,founder:00233501,00233501,Městys Liteň,obec,2,2,3072429,0,3072429,2,31583723,recipient_schedule_required,,,,,https://monitor.statnipokladna.gov.cz/api/ukazatele?ic=00233501&obdobi=2512
2025,765,multi_school,founder:00257338,00257338,Obec Tymákov,obec,2,2,3060000,0,3060000,2,20864964,recipient_schedule_required,,,,,https://monitor.statnipokladna.gov.cz/api/ukazatele?ic=00257338&obdobi=2512
2025,766,multi_school,founder:00274151,00274151,Obec Rohovládova Bělá,obec,2,2,3027892,0,3027892,2,31928421,recipient_schedule_required,,,,,https://monitor.statnipokladna.gov.cz/api/ukazatele?ic=00274151&obdobi=2512
2025,767,multi_school,founder:00299537,00299537,Obec Šumvald,obec,2,2,3023950,0,3023950,2,24070366,recipient_schedule_required,,,,,https://monitor.statnipokladna.gov.cz/api/ukazatele?ic=00299537&obdobi=2512
2025,768,multi_school,founder:00488291,00488291,Obec Rajhradice,obec,2,2,3020000,0,3020000,2,24271640,recipient_schedule_required,,,,,https://monitor.statnipokladna.gov.cz/api/ukazatele?ic=00488291&obdobi=2512
2025,769,multi_school,founder:00278882,00278882,Obec Horní Čermná,obec,2,3,2923978,80000,3003978,2,20307832,recipient_schedule_required,,,,,https://monitor.statnipokladna.gov.cz/api/ukazatele?ic=00278882&obdobi=2512
2025,770,multi_school,founder:00235962,00235962,Obec Žiželice,obec,2,2,3000000,0,3000000,2,28223918,recipient_schedule_required,,,,,https://monitor.statnipokladna.gov.cz/api/ukazatele?ic=00235962&obdobi=2512
2025,771,multi_school,founder:00237914,00237914,Městys Chotětov,obec,2,2,2994987,0,2994987,2,20695645,recipient_schedule_required,,,,,https://monitor.statnipokladna.gov.cz/api/ukazatele?ic=00237914&obdobi=2512
2025,772,multi_school,founder:00292834,00292834,Obec Hostěradice,obec,2,2,2991300,0,2991300,2,17953828,recipient_schedule_required,,,,,https://monitor.statnipokladna.gov.cz/api/ukazatele?ic=00292834&obdobi=2512
2025,773,multi_school,founder:00288349,00288349,Obec Klenovice na Hané,obec,2,3,2836000,149032,2985032,2,29426097,recipient_schedule_required,,,,,https://monitor.statnipokladna.gov.cz/api/ukazatele?ic=00288349&obdobi=2512
2025,774,multi_school,founder:00234508,00234508,Obec Kamenné Žehrovice,obec,2,2,2960000,0,2960000,2,31534141,recipient_schedule_required,,,,,https://monitor.statnipokladna.gov.cz/api/ukazatele?ic=00234508&obdobi=2512
2025,775,multi_school,founder:00232874,00232874,Město Trhový Štěpánov,obec,2,3,2950000,0,2950000,2,26324840,recipient_schedule_required,,,,,https://monitor.statnipokladna.gov.cz/api/ukazatele?ic=00232874&obdobi=2512
2025,776,multi_school,founder:00262510,00262510,Obec Plavy,obec,2,2,2934253,0,2934253,2,14341155,recipient_schedule_required,,,,,https://monitor.statnipokladna.gov.cz/api/ukazatele?ic=00262510&obdobi=2512
2025,777,multi_school,founder:00240486,00240486,Obec Mochov,obec,2,2,2904000,0,2904000,2,15198741,recipient_schedule_required,,,,,https://monitor.statnipokladna.gov.cz/api/ukazatele?ic=00240486&obdobi=2512
2025,778,multi_school,founder:00255467,00255467,Město Hartmanice,obec,2,3,2900000,0,2900000,2,11220237,recipient_schedule_required,,,,,https://monitor.statnipokladna.gov.cz/api/ukazatele?ic=00255467&obdobi=2512
2025,779,multi_school,founder:00038130,00038130,Obec Sloupnice,obec,2,3,2885000,0,2885000,2,25557901,recipient_schedule_required,,,,,https://monitor.statnipokladna.gov.cz/api/ukazatele?ic=00038130&obdobi=2512
2025,780,multi_school,founder:00275913,00275913,Obec Mírová pod Kozákovem,obec,2,2,2860000,0,2860000,2,18622628,recipient_schedule_required,,,,,https://monitor.statnipokladna.gov.cz/api/ukazatele?ic=00275913&obdobi=2512
2025,781,multi_school,founder:00207381,00207381,Obec Záhorovice,obec,2,2,2815000,0,2815000,2,12830669,recipient_schedule_required,,,,,https://monitor.statnipokladna.gov.cz/api/ukazatele?ic=00207381&obdobi=2512
2025,782,multi_school,founder:00283444,00283444,Obec Novosedly,obec,2,2,2797200,0,2797200,2,19910332,recipient_schedule_required,,,,,https://monitor.statnipokladna.gov.cz/api/ukazatele?ic=00283444&obdobi=2512
2025,783,multi_school,founder:00233307,00233307,Obec Hýskov,obec,2,2,2768000,0,2768000,2,25723916,recipient_schedule_required,,,,,https://monitor.statnipokladna.gov.cz/api/ukazatele?ic=00233307&obdobi=2512
2025,784,multi_school,founder:00264431,00264431,Obec Straškov-Vodochody,obec,2,3,2748332,0,2748332,2,41576133,recipient_schedule_required,,,,,https://monitor.statnipokladna.gov.cz/api/ukazatele?ic=00264431&obdobi=2512
2025,785,multi_school,founder:00293768,00293768,Městys Vémyslice,obec,2,3,2433556,277344,2710900,2,23189418,recipient_schedule_required,,,,,https://monitor.statnipokladna.gov.cz/api/ukazatele?ic=00293768&obdobi=2512
2025,786,multi_school,founder:00258911,00258911,Město Mýto,obec,2,2,2706000,0,2706000,2,31081546,recipient_schedule_required,,,,,https://monitor.statnipokladna.gov.cz/api/ukazatele?ic=00258911&obdobi=2512
2025,787,multi_school,founder:00240800,00240800,Obec Struhařov,obec,2,3,2607606,77319,2684925,2,16463297,recipient_schedule_required,,,,,https://monitor.statnipokladna.gov.cz/api/ukazatele?ic=00240800&obdobi=2512
2025,788,multi_school,founder:00249718,00249718,Obec Chyšky,obec,2,2,2670556,0,2670556,2,23734003,recipient_schedule_required,,,,,https://monitor.statnipokladna.gov.cz/api/ukazatele?ic=00249718&obdobi=2512
2025,789,multi_school,founder:00235822,00235822,Obec Tuklaty,obec,2,2,2666600,0,2666600,2,16163630,recipient_schedule_required,,,,,https://monitor.statnipokladna.gov.cz/api/ukazatele?ic=00235822&obdobi=2512
2025,790,multi_school,founder:00273449,00273449,Obec Čeperka,obec,2,2,2660000,0,2660000,2,15947626,recipient_schedule_required,,,,,https://monitor.statnipokladna.gov.cz/api/ukazatele?ic=00273449&obdobi=2512
2025,791,multi_school,founder:00276006,00276006,Obec Poniklá,obec,2,2,2650000,0,2650000,2,18959133,recipient_schedule_required,,,,,https://monitor.statnipokladna.gov.cz/api/ukazatele?ic=00276006&obdobi=2512
2025,792,multi_school,founder:00294870,00294870,Obec Nížkov,obec,2,2,2629000,0,2629000,2,24119493,recipient_schedule_required,,,,,https://monitor.statnipokladna.gov.cz/api/ukazatele?ic=00294870&obdobi=2512
2025,793,multi_school,founder:00231550,00231550,Městys Čechtice,obec,2,2,2607517,0,2607517,2,34876191,recipient_schedule_required,,,,,https://monitor.statnipokladna.gov.cz/api/ukazatele?ic=00231550&obdobi=2512
2025,794,multi_school,founder:00488241,00488241,Obec Opatovice,obec,2,2,2606860,0,2606860,2,12641790,recipient_schedule_required,,,,,https://monitor.statnipokladna.gov.cz/api/ukazatele?ic=00488241&obdobi=2512
2025,795,multi_school,founder:00237981,00237981,Obec Katusice,obec,2,2,2600000,0,2600000,2,19820334,recipient_schedule_required,,,,,https://monitor.statnipokladna.gov.cz/api/ukazatele?ic=00237981&obdobi=2512
2025,796,multi_school,founder:00293806,00293806,Městys Vranov nad Dyjí,obec,2,2,2570000,0,2570000,2,17809709,recipient_schedule_required,,,,,https://monitor.statnipokladna.gov.cz/api/ukazatele?ic=00293806&obdobi=2512
2025,797,multi_school,founder:00293385,00293385,Obec Práče,obec,2,2,2561000,0,2561000,2,11881609,recipient_schedule_required,,,,,https://monitor.statnipokladna.gov.cz/api/ukazatele?ic=00293385&obdobi=2512
2025,798,multi_school,founder:00261548,00261548,Obec Malšovice,obec,2,2,2556500,0,2556500,2,12553948,recipient_schedule_required,,,,,https://monitor.statnipokladna.gov.cz/api/ukazatele?ic=00261548&obdobi=2512
2025,799,multi_school,founder:00291986,00291986,Obec Letonice,obec,2,2,2534000,0,2534000,2,15317776,recipient_schedule_required,,,,,https://monitor.statnipokladna.gov.cz/api/ukazatele?ic=00291986&obdobi=2512
2025,800,multi_school,founder:00241512,00241512,Obec Ořech,obec,2,2,2528112,0,2528112,2,11957371,recipient_schedule_required,,,,,https://monitor.statnipokladna.gov.cz/api/ukazatele?ic=00241512&obdobi=2512
2025,801,multi_school,founder:00535940,00535940,Obec Bukovec,obec,2,1,2526900,0,2526900,2,21943427,recipient_schedule_required,,,,,https://monitor.statnipokladna.gov.cz/api/ukazatele?ic=00535940&obdobi=2512
2025,802,multi_school,founder:00284718,00284718,Obec Zádveřice - Raková,obec,2,2,2525000,0,2525000,2,16614454,recipient_schedule_required,,,,,https://monitor.statnipokladna.gov.cz/api/ukazatele?ic=00284718&obdobi=2512
2025,803,multi_school,founder:00284637,00284637,Obec Velký Ořechov,obec,2,3,2510000,6000,2516000,2,26295565,recipient_schedule_required,,,,,https://monitor.statnipokladna.gov.cz/api/ukazatele?ic=00284637&obdobi=2512
2025,804,multi_school,founder:00258091,00258091,Město Manětín,obec,2,3,2239305,220000,2459305,2,22954612,recipient_schedule_required,,,,,https://monitor.statnipokladna.gov.cz/api/ukazatele?ic=00258091&obdobi=2512
2025,805,multi_school,founder:00290815,00290815,Obec Boršice u Blatnice,obec,2,2,2457610,0,2457610,2,10889743,recipient_schedule_required,,,,,https://monitor.statnipokladna.gov.cz/api/ukazatele?ic=00290815&obdobi=2512
2025,806,multi_school,founder:00291421,00291421,Obec Topolná,obec,2,2,2454000,0,2454000,2,15147182,recipient_schedule_required,,,,,https://monitor.statnipokladna.gov.cz/api/ukazatele?ic=00291421&obdobi=2512
2025,807,multi_school,founder:00291153,00291153,Obec Nedakonice,obec,2,2,2450000,0,2450000,2,16692336,recipient_schedule_required,,,,,https://monitor.statnipokladna.gov.cz/api/ukazatele?ic=00291153&obdobi=2512
2025,808,multi_school,founder:00263427,00263427,Město Budyně nad Ohří,obec,2,3,2438635,0,2438635,2,26781729,recipient_schedule_required,,,,,https://monitor.statnipokladna.gov.cz/api/ukazatele?ic=00263427&obdobi=2512
2025,809,multi_school,founder:00265233,00265233,Městys Měcholupy,obec,2,2,2411396,0,2411396,2,26284809,recipient_schedule_required,,,,,https://monitor.statnipokladna.gov.cz/api/ukazatele?ic=00265233&obdobi=2512
2025,810,multi_school,founder:00259420,00259420,Obec Královské Poříčí,obec,2,2,2407000,0,2407000,2,18682830,recipient_schedule_required,,,,,https://monitor.statnipokladna.gov.cz/api/ukazatele?ic=00259420&obdobi=2512
2025,811,multi_school,founder:00235181,00235181,Obec Zvoleněves,obec,2,2,2400000,0,2400000,2,27017209,recipient_schedule_required,,,,,https://monitor.statnipokladna.gov.cz/api/ukazatele?ic=00235181&obdobi=2512
2025,812,multi_school,founder:00282731,00282731,Obec Tvarožná,obec,2,3,2284400,80000,2364400,2,16283606,recipient_schedule_required,,,,,https://monitor.statnipokladna.gov.cz/api/ukazatele?ic=00282731&obdobi=2512
2025,813,multi_school,founder:00303828,00303828,Obec Huslenky,obec,2,2,2350000,0,2350000,2,17639238,recipient_schedule_required,,,,,https://monitor.statnipokladna.gov.cz/api/ukazatele?ic=00303828&obdobi=2512
2025,814,multi_school,founder:00299316,00299316,Obec Paseka,obec,2,2,2348898,0,2348898,2,16137740,recipient_schedule_required,,,,,https://monitor.statnipokladna.gov.cz/api/ukazatele?ic=00299316&obdobi=2512
2025,815,multi_school,founder:00249777,00249777,Obec Kovářov,obec,2,3,2228227,104284,2332511,2,23683268,recipient_schedule_required,,,,,https://monitor.statnipokladna.gov.cz/api/ukazatele?ic=00249777&obdobi=2512
2025,816,multi_school,founder:00237361,00237361,Obec Záryby,obec,2,2,2320000,0,2320000,2,12146690,recipient_schedule_required,,,,,https://monitor.statnipokladna.gov.cz/api/ukazatele?ic=00237361&obdobi=2512
2025,817,multi_school,founder:00291773,00291773,Obec Hodějice,obec,2,2,2310000,0,2310000,2,13471055,recipient_schedule_required,,,,,https://monitor.statnipokladna.gov.cz/api/ukazatele?ic=00291773&obdobi=2512
2025,818,multi_school,founder:00236837,00236837,Obec Hořín,obec,2,2,2300000,0,2300000,2,12869711,recipient_schedule_required,,,,,https://monitor.statnipokladna.gov.cz/api/ukazatele?ic=00236837&obdobi=2512
2025,819,multi_school,founder:00265314,00265314,Městys Panenský Týnec,obec,2,2,2284295,0,2284295,2,22520742,recipient_schedule_required,,,,,https://monitor.statnipokladna.gov.cz/api/ukazatele?ic=00265314&obdobi=2512
2025,820,multi_school,founder:00304221,00304221,Obec Prostřední Bečva,obec,2,2,2248000,0,2248000,2,19032025,recipient_schedule_required,,,,,https://monitor.statnipokladna.gov.cz/api/ukazatele?ic=00304221&obdobi=2512
2025,821,multi_school,founder:00290963,00290963,Obec Hradčovice,obec,2,2,2238453,0,2238453,2,14545260,recipient_schedule_required,,,,,https://monitor.statnipokladna.gov.cz/api/ukazatele?ic=00290963&obdobi=2512
2025,822,multi_school,founder:67024645,67024645,Obec Suchohrdly,obec,2,2,2236800,0,2236800,2,17292384,recipient_schedule_required,,,,,https://monitor.statnipokladna.gov.cz/api/ukazatele?ic=67024645&obdobi=2512
2025,823,multi_school,founder:00262404,00262404,Obec Koberovy,obec,2,2,2220362,0,2220362,2,13316646,recipient_schedule_required,,,,,https://monitor.statnipokladna.gov.cz/api/ukazatele?ic=00262404&obdobi=2512
2025,824,multi_school,founder:00237302,00237302,Obec Vraňany,obec,2,2,2214800,0,2214800,2,12897262,recipient_schedule_required,,,,,https://monitor.statnipokladna.gov.cz/api/ukazatele?ic=00237302&obdobi=2512
2025,825,multi_school,founder:00253499,00253499,Obec Kout na Šumavě,obec,2,2,2200000,0,2200000,2,15370867,recipient_schedule_required,,,,,https://monitor.statnipokladna.gov.cz/api/ukazatele?ic=00253499&obdobi=2512
2025,826,multi_school,founder:00276294,00276294,Město Vysoké nad Jizerou,obec,2,2,2181740,0,2181740,2,23505355,recipient_schedule_required,,,,,https://monitor.statnipokladna.gov.cz/api/ukazatele?ic=00276294&obdobi=2512
2025,827,multi_school,founder:00254789,00254789,Obec Merklín,obec,2,2,2170000,0,2170000,2,15112872,recipient_schedule_required,,,,,https://monitor.statnipokladna.gov.cz/api/ukazatele?ic=00254789&obdobi=2512
2025,828,multi_school,founder:00271055,00271055,Městys Trhová Kamenice,obec,2,2,2170000,0,2170000,2,22371386,recipient_schedule_required,,,,,https://monitor.statnipokladna.gov.cz/api/ukazatele?ic=00271055&obdobi=2512
2025,829,multi_school,founder:00300462,00300462,Obec Mokré Lazce,obec,2,2,2163903,0,2163903,2,12971714,recipient_schedule_required,,,,,https://monitor.statnipokladna.gov.cz/api/ukazatele?ic=00300462&obdobi=2512
2025,830,multi_school,founder:00535958,00535958,Obec Hrádek,obec,2,1,2161500,0,2161500,2,25020278,recipient_schedule_required,,,,,https://monitor.statnipokladna.gov.cz/api/ukazatele?ic=00535958&obdobi=2512
2025,831,multi_school,founder:00267716,00267716,Městys Krucemburk,obec,2,2,2148000,0,2148000,2,25491330,recipient_schedule_required,,,,,https://monitor.statnipokladna.gov.cz/api/ukazatele?ic=00267716&obdobi=2512
2025,832,multi_school,founder:00295035,00295035,Městys Ostrov nad Oslavou,obec,2,2,2144500,0,2144500,2,11179868,recipient_schedule_required,,,,,https://monitor.statnipokladna.gov.cz/api/ukazatele?ic=00295035&obdobi=2512
2025,833,multi_school,founder:00235202,00235202,Obec Žilina,obec,2,2,2130000,0,2130000,2,14148831,recipient_schedule_required,,,,,https://monitor.statnipokladna.gov.cz/api/ukazatele?ic=00235202&obdobi=2512
2025,834,multi_school,founder:00248738,00248738,Městys Nový Rychnov,obec,2,2,2100000,0,2100000,2,21801455,recipient_schedule_required,,,,,https://monitor.statnipokladna.gov.cz/api/ukazatele?ic=00248738&obdobi=2512
2025,835,multi_school,founder:00257427,00257427,Obec Vrčeň,obec,2,2,2100000,0,2100000,2,16836683,recipient_schedule_required,,,,,https://monitor.statnipokladna.gov.cz/api/ukazatele?ic=00257427&obdobi=2512
2025,836,multi_school,founder:00263125,00263125,Obec Příšovice,obec,2,2,2100000,0,2100000,2,14588966,recipient_schedule_required,,,,,https://monitor.statnipokladna.gov.cz/api/ukazatele?ic=00263125&obdobi=2512
2025,837,multi_school,founder:00293521,00293521,Obec Strachotice,obec,2,2,2087363,0,2087363,2,12685814,recipient_schedule_required,,,,,https://monitor.statnipokladna.gov.cz/api/ukazatele?ic=00293521&obdobi=2512
2025,838,multi_school,founder:00288624,00288624,Obec Pivín,obec,2,2,2075000,0,2075000,2,11186775,recipient_schedule_required,,,,,https://monitor.statnipokladna.gov.cz/api/ukazatele?ic=00288624&obdobi=2512
2025,839,multi_school,founder:00302392,00302392,Obec Bohutín,obec,2,2,2048000,0,2048000,2,16825537,recipient_schedule_required,,,,,https://monitor.statnipokladna.gov.cz/api/ukazatele?ic=00302392&obdobi=2512
2025,840,multi_school,founder:00304042,00304042,Obec Lidečko,obec,2,2,2044000,0,2044000,2,13002164,recipient_schedule_required,,,,,https://monitor.statnipokladna.gov.cz/api/ukazatele?ic=00304042&obdobi=2512
2025,841,multi_school,founder:00237264,00237264,Obec Velký Borek,obec,2,3,1895000,146934,2041934,2,14865372,recipient_schedule_required,,,,,https://monitor.statnipokladna.gov.cz/api/ukazatele?ic=00237264&obdobi=2512
2025,842,multi_school,founder:00239241,00239241,Obec Kněžice,obec,2,3,2036338,0,2036338,2,6940648,recipient_schedule_required,,,,,https://monitor.statnipokladna.gov.cz/api/ukazatele?ic=00239241&obdobi=2512
2025,843,multi_school,founder:00276014,00276014,Obec Přepeře,obec,2,2,2001000,0,2001000,2,13482798,recipient_schedule_required,,,,,https://monitor.statnipokladna.gov.cz/api/ukazatele?ic=00276014&obdobi=2512
2025,844,multi_school,founder:00277100,00277100,Obec Osík,obec,2,2,2000000,0,2000000,2,12505265,recipient_schedule_required,,,,,https://monitor.statnipokladna.gov.cz/api/ukazatele?ic=00277100&obdobi=2512
2025,845,multi_school,founder:00279790,00279790,Obec Záchlumí,obec,2,2,1990000,0,1990000,2,9741888,recipient_schedule_required,,,,,https://monitor.statnipokladna.gov.cz/api/ukazatele?ic=00279790&obdobi=2512
2025,846,multi_school,founder:00304263,00304263,Obec Ratiboř,obec,2,2,1990000,0,1990000,2,15531203,recipient_schedule_required,,,,,https://monitor.statnipokladna.gov.cz/api/ukazatele?ic=00304263&obdobi=2512
2025,847,multi_school,founder:00236683,00236683,Městys Žehušice,obec,2,2,1978000,0,1978000,2,27674436,recipient_schedule_required,,,,,https://monitor.statnipokladna.gov.cz/api/ukazatele?ic=00236683&obdobi=2512
2025,848,multi_school,founder:00535133,00535133,Obec Dolní Lhota,obec,2,2,1975000,0,1975000,2,17187425,recipient_schedule_required,,,,,https://monitor.statnipokladna.gov.cz/api/ukazatele?ic=00535133&obdobi=2512
2025,849,multi_school,founder:00258032,00258032,Obec Ledce,obec,2,2,1961500,0,1961500,2,12402606,recipient_schedule_required,,,,,https://monitor.statnipokladna.gov.cz/api/ukazatele?ic=00258032&obdobi=2512
2025,850,multi_school,founder:00236012,00236012,Obec Církvice,obec,2,2,1950000,0,1950000,2,18906601,recipient_schedule_required,,,,,https://monitor.statnipokladna.gov.cz/api/ukazatele?ic=00236012&obdobi=2512
2025,851,multi_school,founder:00240656,00240656,Obec Přezletice,obec,2,1,1900000,0,1900000,2,11205756,recipient_schedule_required,,,,,https://monitor.statnipokladna.gov.cz/api/ukazatele?ic=00240656&obdobi=2512
2025,852,multi_school,founder:00544531,00544531,Obec Přílepy,obec,2,2,1900000,0,1900000,2,11849684,recipient_schedule_required,,,,,https://monitor.statnipokladna.gov.cz/api/ukazatele?ic=00544531&obdobi=2512
2025,853,multi_school,founder:00262544,00262544,Obec Rádlo,obec,2,2,1872000,0,1872000,2,14447998,recipient_schedule_required,,,,,https://monitor.statnipokladna.gov.cz/api/ukazatele?ic=00262544&obdobi=2512
2025,854,multi_school,founder:00534927,00534927,Obec Doloplazy,obec,2,2,1845500,0,1845500,2,19588588,recipient_schedule_required,,,,,https://monitor.statnipokladna.gov.cz/api/ukazatele?ic=00534927&obdobi=2512
2025,855,multi_school,founder:00241768,00241768,Obec Tursko,obec,2,1,1838000,0,1838000,2,8814967,recipient_schedule_required,,,,,https://monitor.statnipokladna.gov.cz/api/ukazatele?ic=00241768&obdobi=2512
2025,856,multi_school,founder:00273392,00273392,Obec Břehy,obec,2,2,1820000,0,1820000,2,14029945,recipient_schedule_required,,,,,https://monitor.statnipokladna.gov.cz/api/ukazatele?ic=00273392&obdobi=2512
2025,857,multi_school,founder:00291897,00291897,Obec Komořany,obec,2,2,1819800,0,1819800,2,14021386,recipient_schedule_required,,,,,https://monitor.statnipokladna.gov.cz/api/ukazatele?ic=00291897&obdobi=2512
2025,858,multi_school,founder:00283533,00283533,Obec Pouzdřany,obec,2,2,1776200,0,1776200,2,8803636,recipient_schedule_required,,,,,https://monitor.statnipokladna.gov.cz/api/ukazatele?ic=00283533&obdobi=2512
2025,859,multi_school,founder:00239771,00239771,Obec Sokoleč,obec,2,2,1764000,0,1764000,2,14738975,recipient_schedule_required,,,,,https://monitor.statnipokladna.gov.cz/api/ukazatele?ic=00239771&obdobi=2512
2025,860,multi_school,founder:00235385,00235385,Obec Horní Kruty,obec,2,2,1756791,0,1756791,2,11001081,recipient_schedule_required,,,,,https://monitor.statnipokladna.gov.cz/api/ukazatele?ic=00235385&obdobi=2512
2025,861,multi_school,founder:00285412,00285412,Obec Tvarožná Lhota,obec,2,3,1747393,6455,1753848,2,8870785,recipient_schedule_required,,,,,https://monitor.statnipokladna.gov.cz/api/ukazatele?ic=00285412&obdobi=2512
2025,862,multi_school,founder:00275956,00275956,Obec Ohrazenice,obec,2,2,1747620,0,1747620,2,10777304,recipient_schedule_required,,,,,https://monitor.statnipokladna.gov.cz/api/ukazatele?ic=00275956&obdobi=2512
2025,863,multi_school,founder:00278874,00278874,Obec Hnátnice,obec,2,2,1720000,0,1720000,2,9852331,recipient_schedule_required,,,,,https://monitor.statnipokladna.gov.cz/api/ukazatele?ic=00278874&obdobi=2512
2025,864,multi_school,founder:00842478,00842478,Obec Lavičky,obec,2,2,1699927,0,1699927,2,10665368,recipient_schedule_required,,,,,https://monitor.statnipokladna.gov.cz/api/ukazatele?ic=00842478&obdobi=2512
2025,865,multi_school,founder:00235091,00235091,Obec Velké Přítočno,obec,2,2,1687000,0,1687000,2,13976287,recipient_schedule_required,,,,,https://monitor.statnipokladna.gov.cz/api/ukazatele?ic=00235091&obdobi=2512
2025,866,multi_school,founder:00362981,00362981,Obec Jiříkovice,obec,2,4,1481236,170000,1651236,2,11726129,recipient_schedule_required,,,,,https://monitor.statnipokladna.gov.cz/api/ukazatele?ic=00362981&obdobi=2512
2025,867,multi_school,founder:00288284,00288284,Obec Hrubčice,obec,2,2,1641000,0,1641000,2,10689671,recipient_schedule_required,,,,,https://monitor.statnipokladna.gov.cz/api/ukazatele?ic=00288284&obdobi=2512
2025,868,multi_school,founder:00296201,00296201,Obec Malá Morávka,obec,2,2,1633000,0,1633000,2,7917594,recipient_schedule_required,,,,,https://monitor.statnipokladna.gov.cz/api/ukazatele?ic=00296201&obdobi=2512
2025,869,multi_school,founder:00291129,00291129,Obec Mistřice,obec,2,2,1626760,0,1626760,2,13450355,recipient_schedule_required,,,,,https://monitor.statnipokladna.gov.cz/api/ukazatele?ic=00291129&obdobi=2512
2025,870,multi_school,founder:00303046,00303046,Obec Moravičany,obec,2,2,1610355,0,1610355,2,14875131,recipient_schedule_required,,,,,https://monitor.statnipokladna.gov.cz/api/ukazatele?ic=00303046&obdobi=2512
2025,871,multi_school,founder:00235083,00235083,Obec Velká Dobrá,obec,2,2,1577900,0,1577900,2,7545243,recipient_schedule_required,,,,,https://monitor.statnipokladna.gov.cz/api/ukazatele?ic=00235083&obdobi=2512
2025,872,multi_school,founder:00273511,00273511,Obec Dolní Ředice,obec,2,2,1571500,0,1571500,2,12895886,recipient_schedule_required,,,,,https://monitor.statnipokladna.gov.cz/api/ukazatele?ic=00273511&obdobi=2512
2025,873,multi_school,founder:00276731,00276731,Obec Janov,obec,2,2,1570000,0,1570000,2,11643442,recipient_schedule_required,,,,,https://monitor.statnipokladna.gov.cz/api/ukazatele?ic=00276731&obdobi=2512
2025,874,multi_school,founder:00235407,00235407,Obec Chrášťany,obec,2,2,1550000,0,1550000,2,10682447,recipient_schedule_required,,,,,https://monitor.statnipokladna.gov.cz/api/ukazatele?ic=00235407&obdobi=2512
2025,875,multi_school,founder:00283738,00283738,Obec Vrbice,obec,2,2,1550000,0,1550000,2,11702837,recipient_schedule_required,,,,,https://monitor.statnipokladna.gov.cz/api/ukazatele?ic=00283738&obdobi=2512
2025,876,multi_school,founder:00295761,00295761,Městys Vojnův Městec,obec,2,2,1540000,0,1540000,2,7626385,recipient_schedule_required,,,,,https://monitor.statnipokladna.gov.cz/api/ukazatele?ic=00295761&obdobi=2512
2025,877,multi_school,founder:00492621,00492621,Obec Milíkov,obec,2,1,1537439,0,1537439,2,12265933,recipient_schedule_required,,,,,https://monitor.statnipokladna.gov.cz/api/ukazatele?ic=00492621&obdobi=2512
2025,878,multi_school,founder:00240567,00240567,Obec Ondřejov,obec,2,1,1531088,0,1531088,2,11365053,recipient_schedule_required,,,,,https://monitor.statnipokladna.gov.cz/api/ukazatele?ic=00240567&obdobi=2512
2025,879,multi_school,founder:00280071,00280071,Obec Cetkovice,obec,2,2,1531000,0,1531000,2,10186073,recipient_schedule_required,,,,,https://monitor.statnipokladna.gov.cz/api/ukazatele?ic=00280071&obdobi=2512
2025,880,multi_school,founder:00281069,00281069,Obec Šebetov,obec,2,3,1503915,0,1503915,2,6796127,recipient_schedule_required,,,,,https://monitor.statnipokladna.gov.cz/api/ukazatele?ic=00281069&obdobi=2512
2025,881,multi_school,founder:00273007,00273007,Obec Rychnovek,obec,2,2,1501000,0,1501000,2,9146594,recipient_schedule_required,,,,,https://monitor.statnipokladna.gov.cz/api/ukazatele?ic=00273007&obdobi=2512
2025,882,multi_school,founder:00246816,00246816,Městys Chlum u Třeboně,obec,2,2,1500000,0,1500000,2,23707200,recipient_schedule_required,,,,,https://monitor.statnipokladna.gov.cz/api/ukazatele?ic=00246816&obdobi=2512
2025,883,multi_school,founder:00281301,00281301,Obec Vysočany,obec,2,2,1500000,0,1500000,2,9060297,recipient_schedule_required,,,,,https://monitor.statnipokladna.gov.cz/api/ukazatele?ic=00281301&obdobi=2512
2025,884,multi_school,founder:00276251,00276251,Obec Víchová nad Jizerou,obec,2,2,1480000,0,1480000,2,9323346,recipient_schedule_required,,,,,https://monitor.statnipokladna.gov.cz/api/ukazatele?ic=00276251&obdobi=2512
2025,885,multi_school,founder:00238988,00238988,Obec Běrunice,obec,2,3,1469318,0,1469318,2,7629648,recipient_schedule_required,,,,,https://monitor.statnipokladna.gov.cz/api/ukazatele?ic=00238988&obdobi=2512
2025,886,multi_school,founder:00280879,00280879,Obec Rozseč nad Kunštátem,obec,2,2,1450000,0,1450000,2,10545125,recipient_schedule_required,,,,,https://monitor.statnipokladna.gov.cz/api/ukazatele?ic=00280879&obdobi=2512
2025,887,multi_school,founder:00236624,00236624,Obec Záboří nad Labem,obec,2,2,1416000,0,1416000,2,8989160,recipient_schedule_required,,,,,https://monitor.statnipokladna.gov.cz/api/ukazatele?ic=00236624&obdobi=2512
2025,888,multi_school,founder:00284017,00284017,Obec Jasenná,obec,2,2,1415000,0,1415000,2,11471314,recipient_schedule_required,,,,,https://monitor.statnipokladna.gov.cz/api/ukazatele?ic=00284017&obdobi=2512
2025,889,multi_school,founder:00292940,00292940,Obec Jiřice u Miroslavi,obec,2,2,1390000,0,1390000,2,10759873,recipient_schedule_required,,,,,https://monitor.statnipokladna.gov.cz/api/ukazatele?ic=00292940&obdobi=2512
2025,890,multi_school,founder:00573621,00573621,Obec Záchlumí,obec,2,2,1370000,0,1370000,2,9080153,recipient_schedule_required,,,,,https://monitor.statnipokladna.gov.cz/api/ukazatele?ic=00573621&obdobi=2512
2025,891,multi_school,founder:00277541,00277541,Obec Vendolí,obec,2,2,1354655,0,1354655,2,11070059,recipient_schedule_required,,,,,https://monitor.statnipokladna.gov.cz/api/ukazatele?ic=00277541&obdobi=2512
2025,892,multi_school,founder:00234559,00234559,Obec Koleč,obec,2,2,1350500,0,1350500,2,9962598,recipient_schedule_required,,,,,https://monitor.statnipokladna.gov.cz/api/ukazatele?ic=00234559&obdobi=2512
2025,893,multi_school,founder:00235121,00235121,Městys Vraný,obec,2,2,1345000,0,1345000,2,8622734,recipient_schedule_required,,,,,https://monitor.statnipokladna.gov.cz/api/ukazatele?ic=00235121&obdobi=2512
2025,894,multi_school,founder:00295311,00295311,Obec Rozsochy,obec,2,2,1332073,0,1332073,2,9240298,recipient_schedule_required,,,,,https://monitor.statnipokladna.gov.cz/api/ukazatele?ic=00295311&obdobi=2512
2025,895,multi_school,founder:00600741,00600741,Obec Rybí,obec,2,2,1320000,0,1320000,2,12707217,recipient_schedule_required,,,,,https://monitor.statnipokladna.gov.cz/api/ukazatele?ic=00600741&obdobi=2512
2025,896,multi_school,founder:00273601,00273601,Obec Horní Ředice,obec,2,2,1300000,0,1300000,2,9578926,recipient_schedule_required,,,,,https://monitor.statnipokladna.gov.cz/api/ukazatele?ic=00273601&obdobi=2512
2025,897,multi_school,founder:00276430,00276430,Obec Borová,obec,2,2,1300000,0,1300000,2,13612897,recipient_schedule_required,,,,,https://monitor.statnipokladna.gov.cz/api/ukazatele?ic=00276430&obdobi=2512
2025,898,multi_school,founder:00635316,00635316,Obec Vilémov,obec,2,2,1300000,0,1300000,2,7455178,recipient_schedule_required,,,,,https://monitor.statnipokladna.gov.cz/api/ukazatele?ic=00635316&obdobi=2512
2025,899,multi_school,founder:00575658,00575658,Obec Nová Hradečná,obec,2,2,1296156,0,1296156,2,9989044,recipient_schedule_required,,,,,https://monitor.statnipokladna.gov.cz/api/ukazatele?ic=00575658&obdobi=2512
2025,900,multi_school,founder:00276782,00276782,Obec Jedlová,obec,2,2,1291186,0,1291186,2,10966986,recipient_schedule_required,,,,,https://monitor.statnipokladna.gov.cz/api/ukazatele?ic=00276782&obdobi=2512
2025,901,multi_school,founder:00239267,00239267,Obec Kostelní Lhota,obec,2,2,1285000,0,1285000,2,13416325,recipient_schedule_required,,,,,https://monitor.statnipokladna.gov.cz/api/ukazatele?ic=00239267&obdobi=2512
2025,902,multi_school,founder:00287466,00287466,Obec Ludslavice,obec,2,2,1280457,0,1280457,2,12293284,recipient_schedule_required,,,,,https://monitor.statnipokladna.gov.cz/api/ukazatele?ic=00287466&obdobi=2512
2025,903,multi_school,founder:00277070,00277070,Obec Oldřiš,obec,2,2,1276740,0,1276740,2,7294555,recipient_schedule_required,,,,,https://monitor.statnipokladna.gov.cz/api/ukazatele?ic=00277070&obdobi=2512
2025,904,multi_school,founder:00250813,00250813,Obec Vitějovice,obec,2,2,1270000,0,1270000,2,9570774,recipient_schedule_required,,,,,https://monitor.statnipokladna.gov.cz/api/ukazatele?ic=00250813&obdobi=2512
2025,905,multi_school,founder:00875481,00875481,Obec Svárov,obec,2,2,1258000,0,1258000,2,28273623,recipient_schedule_required,,,,,https://monitor.statnipokladna.gov.cz/api/ukazatele?ic=00875481&obdobi=2512
2025,906,multi_school,founder:00378640,00378640,Obec Veverské Knínice,obec,2,2,1240000,0,1240000,2,12205176,recipient_schedule_required,,,,,https://monitor.statnipokladna.gov.cz/api/ukazatele?ic=00378640&obdobi=2512
2025,907,multi_school,founder:00294730,00294730,Obec Lísek,obec,2,2,1230000,0,1230000,2,8328608,recipient_schedule_required,,,,,https://monitor.statnipokladna.gov.cz/api/ukazatele?ic=00294730&obdobi=2512
2025,908,multi_school,founder:00261009,00261009,Obec Svor,obec,2,2,1214500,0,1214500,2,7434709,recipient_schedule_required,,,,,https://monitor.statnipokladna.gov.cz/api/ukazatele?ic=00261009&obdobi=2512
2025,909,multi_school,founder:00300381,00300381,Městys Litultovice,obec,2,2,1210000,0,1210000,2,9981563,recipient_schedule_required,,,,,https://monitor.statnipokladna.gov.cz/api/ukazatele?ic=00300381&obdobi=2512
2025,910,multi_school,founder:00239321,00239321,Obec Kovanice,obec,2,2,1200000,0,1200000,2,8870290,recipient_schedule_required,,,,,https://monitor.statnipokladna.gov.cz/api/ukazatele?ic=00239321&obdobi=2512
2025,911,multi_school,founder:00240354,00240354,Obec Kostelec u Křížků,obec,2,2,1200000,0,1200000,2,15434127,recipient_schedule_required,,,,,https://monitor.statnipokladna.gov.cz/api/ukazatele?ic=00240354&obdobi=2512
2025,912,multi_school,founder:00280101,00280101,Obec Černovice,obec,2,2,1198350,0,1198350,2,10414190,recipient_schedule_required,,,,,https://monitor.statnipokladna.gov.cz/api/ukazatele?ic=00280101&obdobi=2512
2025,913,multi_school,founder:00234885,00234885,Obec Slatina,obec,2,2,1177417,0,1177417,2,6794038,recipient_schedule_required,,,,,https://monitor.statnipokladna.gov.cz/api/ukazatele?ic=00234885&obdobi=2512
2025,914,multi_school,founder:00241199,00241199,Obec Dolany nad Vltavou,obec,2,2,1158971,0,1158971,2,10376520,recipient_schedule_required,,,,,https://monitor.statnipokladna.gov.cz/api/ukazatele?ic=00241199&obdobi=2512
2025,915,multi_school,founder:00278661,00278661,Obec České Heřmanice,obec,2,2,1155500,0,1155500,2,8380150,recipient_schedule_required,,,,,https://monitor.statnipokladna.gov.cz/api/ukazatele?ic=00278661&obdobi=2512
2025,916,multi_school,founder:00265446,00265446,Městys Ročov,obec,2,2,1140000,0,1140000,2,9637307,recipient_schedule_required,,,,,https://monitor.statnipokladna.gov.cz/api/ukazatele?ic=00265446&obdobi=2512
2025,917,multi_school,founder:00287644,00287644,Obec Prusinovice,obec,2,2,1125585,0,1125585,2,13791109,recipient_schedule_required,,,,,https://monitor.statnipokladna.gov.cz/api/ukazatele?ic=00287644&obdobi=2512
2025,918,multi_school,founder:00302287,00302287,Obec Želatovice,obec,2,2,1125000,0,1125000,2,7872575,recipient_schedule_required,,,,,https://monitor.statnipokladna.gov.cz/api/ukazatele?ic=00302287&obdobi=2512
2025,919,multi_school,founder:00272094,00272094,Obec Slatiny,obec,2,2,1118900,0,1118900,2,8677124,recipient_schedule_required,,,,,https://monitor.statnipokladna.gov.cz/api/ukazatele?ic=00272094&obdobi=2512
2025,920,multi_school,founder:00233749,00233749,Obec Praskolesy,obec,2,2,1100000,0,1100000,2,13302643,recipient_schedule_required,,,,,https://monitor.statnipokladna.gov.cz/api/ukazatele?ic=00233749&obdobi=2512
2025,921,multi_school,founder:00275263,00275263,Obec Pohoří,obec,2,2,1070000,0,1070000,2,9645031,recipient_schedule_required,,,,,https://monitor.statnipokladna.gov.cz/api/ukazatele?ic=00275263&obdobi=2512
2025,922,multi_school,founder:00368733,00368733,Obec Hoštice - Heroltice,obec,2,2,1045440,0,1045440,2,6869718,recipient_schedule_required,,,,,https://monitor.statnipokladna.gov.cz/api/ukazatele?ic=00368733&obdobi=2512
2025,923,multi_school,founder:00304310,00304310,Obec Střelná,obec,2,2,1044000,0,1044000,2,5779385,recipient_schedule_required,,,,,https://monitor.statnipokladna.gov.cz/api/ukazatele?ic=00304310&obdobi=2512
2025,924,multi_school,founder:00274224,00274224,Obec Semín,obec,2,2,1035000,0,1035000,2,8456009,recipient_schedule_required,,,,,https://monitor.statnipokladna.gov.cz/api/ukazatele?ic=00274224&obdobi=2512
2025,925,multi_school,founder:00271624,00271624,Obec Jeřice,obec,2,2,960300,0,960300,2,6308563,recipient_schedule_required,,,,,https://monitor.statnipokladna.gov.cz/api/ukazatele?ic=00271624&obdobi=2512
2025,926,multi_school,founder:00234745,00234745,Obec Otvovice,obec,2,2,950000,0,950000,2,8178409,recipient_schedule_required,,,,,https://monitor.statnipokladna.gov.cz/api/ukazatele?ic=00234745&obdobi=2512
2025,927,multi_school,founder:00287482,00287482,Obec Martinice,obec,2,2,938450,0,938450,2,10323532,recipient_schedule_required,,,,,https://monitor.statnipokladna.gov.cz/api/ukazatele?ic=00287482&obdobi=2512
2025,928,multi_school,founder:00671983,00671983,Obec Lázně Libverda,obec,2,2,920000,0,920000,2,10473758,recipient_schedule_required,,,,,https://monitor.statnipokladna.gov.cz/api/ukazatele?ic=00671983&obdobi=2512
2025,929,multi_school,founder:00290149,00290149,Obec Police,obec,2,2,912150,0,912150,2,9637714,recipient_schedule_required,,,,,https://monitor.statnipokladna.gov.cz/api/ukazatele?ic=00290149&obdobi=2512
2025,930,multi_school,founder:00295817,00295817,Obec Zvole,obec,2,2,910000,0,910000,2,7490037,recipient_schedule_required,,,,,https://monitor.statnipokladna.gov.cz/api/ukazatele?ic=00295817&obdobi=2512
2025,931,multi_school,founder:00240460,00240460,Obec Mirošovice,obec,2,2,900000,0,900000,2,14552301,recipient_schedule_required,,,,,https://monitor.statnipokladna.gov.cz/api/ukazatele?ic=00240460&obdobi=2512
2025,932,multi_school,founder:00253871,00253871,Městys Všeruby,obec,2,2,820000,0,820000,2,9560764,recipient_schedule_required,,,,,https://monitor.statnipokladna.gov.cz/api/ukazatele?ic=00253871&obdobi=2512
2025,933,multi_school,founder:00256374,00256374,Obec Žichovice,obec,2,2,801176,0,801176,2,8401075,recipient_schedule_required,,,,,https://monitor.statnipokladna.gov.cz/api/ukazatele?ic=00256374&obdobi=2512
2025,934,multi_school,founder:00279811,00279811,Obec Zámrsk,obec,2,3,444000,93500,537500,2,6796752,recipient_schedule_required,,,,,https://monitor.statnipokladna.gov.cz/api/ukazatele?ic=00279811&obdobi=2512
2025,935,multi_school,founder:00231134,00231134,Městská část Praha - Kunratice,obec,2,0,0,0,0,2,112541226,founder_source_required,,,,,https://monitor.statnipokladna.gov.cz/api/ukazatele?ic=00231134&obdobi=2512
2025,936,multi_school,founder:00231185,00231185,Městská část Praha - Velká Chuchle,obec,2,0,0,0,0,2,52377456,founder_source_required,,,,,https://monitor.statnipokladna.gov.cz/api/ukazatele?ic=00231185&obdobi=2512
2025,937,multi_school,founder:00231207,00231207,Městská část Praha - Lysolaje,obec,2,0,0,0,0,2,42225449,founder_source_required,,,,,https://monitor.statnipokladna.gov.cz/api/ukazatele?ic=00231207&obdobi=2512
2025,938,multi_school,founder:00231347,00231347,Městská část Praha - Dolní Měcholupy,obec,2,0,0,0,0,2,43347999,founder_source_required,,,,,https://monitor.statnipokladna.gov.cz/api/ukazatele?ic=00231347&obdobi=2512
2025,939,multi_school,founder:00231363,00231363,Městská část Praha - Petrovice,obec,2,0,0,0,0,2,76905014,founder_source_required,,,,,https://monitor.statnipokladna.gov.cz/api/ukazatele?ic=00231363&obdobi=2512
2025,940,multi_school,founder:00231371,00231371,Městská část Praha - Štěrboholy,obec,2,0,0,0,0,2,37321522,founder_source_required,,,,,https://monitor.statnipokladna.gov.cz/api/ukazatele?ic=00231371&obdobi=2512
2025,941,multi_school,founder:00240044,00240044,Městská část Praha - Běchovice,obec,2,0,0,0,0,2,53439422,founder_source_required,,,,,https://monitor.statnipokladna.gov.cz/api/ukazatele?ic=00240044&obdobi=2512
2025,942,multi_school,founder:00240150,00240150,Městská část Praha - Dolní Počernice,obec,2,0,0,0,0,2,49828321,founder_source_required,,,,,https://monitor.statnipokladna.gov.cz/api/ukazatele?ic=00240150&obdobi=2512
2025,943,multi_school,founder:00240184,00240184,Městská část Praha - Dubeč,obec,2,0,0,0,0,2,79206521,founder_source_required,,,,,https://monitor.statnipokladna.gov.cz/api/ukazatele?ic=00240184&obdobi=2512
2025,944,multi_school,founder:00240281,00240281,Městská část Praha - Klánovice,obec,2,0,0,0,0,2,78726183,founder_source_required,,,,,https://monitor.statnipokladna.gov.cz/api/ukazatele?ic=00240281&obdobi=2512
2025,945,multi_school,founder:00240346,00240346,Městská část Praha - Kolovraty,obec,2,0,0,0,0,2,80546923,founder_source_required,,,,,https://monitor.statnipokladna.gov.cz/api/ukazatele?ic=00240346&obdobi=2512
2025,946,multi_school,founder:00240711,00240711,Městská část Praha - Satalice,obec,2,0,0,0,0,2,57860253,founder_source_required,,,,,https://monitor.statnipokladna.gov.cz/api/ukazatele?ic=00240711&obdobi=2512
2025,947,multi_school,founder:00241431,00241431,Městská část Praha - Lipence,obec,2,0,0,0,0,2,58350373,founder_source_required,,,,,https://monitor.statnipokladna.gov.cz/api/ukazatele?ic=00241431&obdobi=2512
2025,948,multi_school,founder:00241598,00241598,Městská část Praha 16,obec,2,0,0,0,0,2,111143144,founder_source_required,,,,,https://monitor.statnipokladna.gov.cz/api/ukazatele?ic=00241598&obdobi=2512
2025,949,multi_school,founder:00241628,00241628,Městská část Praha - Řeporyje,obec,2,0,0,0,0,2,69356955,founder_source_required,,,,,https://monitor.statnipokladna.gov.cz/api/ukazatele?ic=00241628&obdobi=2512
2025,950,multi_school,founder:00241784,00241784,Městská část Praha - Újezd,obec,2,0,0,0,0,2,25771627,founder_source_required,,,,,https://monitor.statnipokladna.gov.cz/api/ukazatele?ic=00241784&obdobi=2512
2025,951,multi_school,founder:00255963,00255963,Obec Pačejov,obec,2,0,0,0,0,2,19910751,founder_source_required,,,,,https://monitor.statnipokladna.gov.cz/api/ukazatele?ic=00255963&obdobi=2512
2025,952,multi_school,founder:45246858,45246858,Městská část Praha - Troja,obec,2,0,0,0,0,2,24496235,founder_source_required,,,,,https://monitor.statnipokladna.gov.cz/api/ukazatele?ic=45246858&obdobi=2512
2025,,single_school,founder:00038113,00038113,Obec Libchavy,obec,1,2,4556229,858140,5414369,1,34868609,aggregate_candidate_needs_confirmation,,,,,https://monitor.statnipokladna.gov.cz/api/ukazatele?ic=00038113&obdobi=2512
2025,,single_school,founder:00042188,00042188,Obec Brumovice,obec,1,1,1635000,0,1635000,1,12163312,aggregate_candidate_needs_confirmation,,,,,https://monitor.statnipokladna.gov.cz/api/ukazatele?ic=00042188&obdobi=2512
2025,,single_school,founder:00084409,00084409,Obec Osová Bítýška,obec,1,1,3750000,0,3750000,1,35274198,aggregate_candidate_needs_confirmation,,,,,https://monitor.statnipokladna.gov.cz/api/ukazatele?ic=00084409&obdobi=2512
2025,,single_school,founder:00179671,00179671,Obec Víska,obec,1,1,460000,0,460000,1,5086650,aggregate_candidate_needs_confirmation,,,,,https://monitor.statnipokladna.gov.cz/api/ukazatele?ic=00179671&obdobi=2512
2025,,single_school,founder:00207438,00207438,Obec Komňa,obec,1,1,1300000,0,1300000,1,8469293,aggregate_candidate_needs_confirmation,,,,,https://monitor.statnipokladna.gov.cz/api/ukazatele?ic=00207438&obdobi=2512
2025,,single_school,founder:00226203,00226203,Obec Veselá,obec,1,1,1400000,0,1400000,1,7705650,aggregate_candidate_needs_confirmation,,,,,https://monitor.statnipokladna.gov.cz/api/ukazatele?ic=00226203&obdobi=2512
2025,,single_school,founder:00226211,00226211,Obec Nedašova Lhota,obec,1,1,241600,0,241600,1,2398849,aggregate_candidate_needs_confirmation,,,,,https://monitor.statnipokladna.gov.cz/api/ukazatele?ic=00226211&obdobi=2512
2025,,single_school,founder:00226220,00226220,Obec Návojná,obec,1,1,130000,0,130000,1,2568390,aggregate_candidate_needs_confirmation,,,,,https://monitor.statnipokladna.gov.cz/api/ukazatele?ic=00226220&obdobi=2512
2025,,single_school,founder:00228702,00228702,Obec Čepřovice,obec,1,1,75000,0,75000,1,4575689,aggregate_candidate_needs_confirmation,,,,,https://monitor.statnipokladna.gov.cz/api/ukazatele?ic=00228702&obdobi=2512
2025,,single_school,founder:00228711,00228711,Obec Příkazy,obec,1,2,1600000,236494,1836494,1,13223849,aggregate_candidate_needs_confirmation,,,,,https://monitor.statnipokladna.gov.cz/api/ukazatele?ic=00228711&obdobi=2512
2025,,missing_finm_total,founder:00231215,00231215,Městská část Praha - Nebušice,obec,1,0,0,0,0,1,66697126,founder_source_required,,,,,https://monitor.statnipokladna.gov.cz/api/ukazatele?ic=00231215&obdobi=2512
2025,,missing_finm_total,founder:00231266,00231266,Městská část Praha - Ďáblice,obec,1,0,0,0,0,1,69441316,founder_source_required,,,,,https://monitor.statnipokladna.gov.cz/api/ukazatele?ic=00231266&obdobi=2512
2025,,single_school,founder:00231711,00231711,Obec Dolní Kralovice,obec,1,2,2950000,460000,3410000,1,33568424,aggregate_candidate_needs_confirmation,,,,,https://monitor.statnipokladna.gov.cz/api/ukazatele?ic=00231711&obdobi=2512
2025,,single_school,founder:00231771,00231771,Obec Heřmaničky,obec,1,1,462961,0,462961,1,3189475,aggregate_candidate_needs_confirmation,,,,,https://monitor.statnipokladna.gov.cz/api/ukazatele?ic=00231771&obdobi=2512
2025,,single_school,founder:00231801,00231801,Obec Hulice,obec,1,1,241000,0,241000,1,2213723,aggregate_candidate_needs_confirmation,,,,,https://monitor.statnipokladna.gov.cz/api/ukazatele?ic=00231801&obdobi=2512
2025,,single_school,founder:00231860,00231860,Obec Chocerady,obec,1,2,2897825,255683,3153508,1,41707799,aggregate_candidate_needs_confirmation,,,,,https://monitor.statnipokladna.gov.cz/api/ukazatele?ic=00231860&obdobi=2512
2025,,single_school,founder:00231886,00231886,Obec Chotýšany,obec,1,1,2253862,0,2253862,1,27816796,aggregate_candidate_needs_confirmation,,,,,https://monitor.statnipokladna.gov.cz/api/ukazatele?ic=00231886&obdobi=2512
2025,,single_school,founder:00231916,00231916,Obec Jankov,obec,1,1,2434110,0,2434110,1,22439098,aggregate_candidate_needs_confirmation,,,,,https://monitor.statnipokladna.gov.cz/api/ukazatele?ic=00231916&obdobi=2512
2025,,single_school,founder:00232068,00232068,Obec Křečovice,obec,1,1,963135,0,963135,1,7423495,aggregate_candidate_needs_confirmation,,,,,https://monitor.statnipokladna.gov.cz/api/ukazatele?ic=00232068&obdobi=2512
2025,,single_school,founder:00232076,00232076,Městys Křivsoudov,obec,1,1,350000,0,350000,1,3277094,aggregate_candidate_needs_confirmation,,,,,https://monitor.statnipokladna.gov.cz/api/ukazatele?ic=00232076&obdobi=2512
2025,,single_school,founder:00232122,00232122,Obec Lešany,obec,1,1,1078000,0,1078000,1,10443758,aggregate_candidate_needs_confirmation,,,,,https://monitor.statnipokladna.gov.cz/api/ukazatele?ic=00232122&obdobi=2512
2025,,single_school,founder:00232173,00232173,Městys Louňovice pod Blaníkem,obec,1,1,3675000,0,3675000,1,25557758,aggregate_candidate_needs_confirmation,,,,,https://monitor.statnipokladna.gov.cz/api/ukazatele?ic=00232173&obdobi=2512
2025,,single_school,founder:00232181,00232181,Městys Maršovice,obec,1,1,800000,0,800000,1,5517677,aggregate_candidate_needs_confirmation,,,,,https://monitor.statnipokladna.gov.cz/api/ukazatele?ic=00232181&obdobi=2512
2025,,single_school,founder:00232238,00232238,Obec Miličín,obec,1,1,1930000,0,1930000,1,18980124,aggregate_candidate_needs_confirmation,,,,,https://monitor.statnipokladna.gov.cz/api/ukazatele?ic=00232238&obdobi=2512
2025,,single_school,founder:00232289,00232289,Městys Načeradec,obec,1,1,3742500,0,3742500,1,21437761,aggregate_candidate_needs_confirmation,,,,,https://monitor.statnipokladna.gov.cz/api/ukazatele?ic=00232289&obdobi=2512
2025,,single_school,founder:00232335,00232335,Obec Nespeky,obec,1,1,1146853,0,1146853,1,5651670,aggregate_candidate_needs_confirmation,,,,,https://monitor.statnipokladna.gov.cz/api/ukazatele?ic=00232335&obdobi=2512
2025,,single_school,founder:00232416,00232416,Obec Olbramovice,obec,1,1,1050000,0,1050000,1,12958911,aggregate_candidate_needs_confirmation,,,,,https://monitor.statnipokladna.gov.cz/api/ukazatele?ic=00232416&obdobi=2512
2025,,single_school,founder:00232475,00232475,Obec Petroupim,obec,1,1,855000,0,855000,1,4457498,aggregate_candidate_needs_confirmation,,,,,https://monitor.statnipokladna.gov.cz/api/ukazatele?ic=00232475&obdobi=2512
2025,,single_school,founder:00232513,00232513,Obec Poříčí nad Sázavou,obec,1,1,6900000,0,6900000,1,50683320,aggregate_candidate_needs_confirmation,,,,,https://monitor.statnipokladna.gov.cz/api/ukazatele?ic=00232513&obdobi=2512
2025,,single_school,founder:00232521,00232521,Obec Postupice,obec,1,1,2000000,0,2000000,1,20198676,aggregate_candidate_needs_confirmation,,,,,https://monitor.statnipokladna.gov.cz/api/ukazatele?ic=00232521&obdobi=2512
2025,,single_school,founder:00232548,00232548,Obec Pravonín,obec,1,1,300000,0,300000,1,2423807,aggregate_candidate_needs_confirmation,,,,,https://monitor.statnipokladna.gov.cz/api/ukazatele?ic=00232548&obdobi=2512
2025,,single_school,founder:00232564,00232564,Obec Přestavlky u Čerčan,obec,1,1,200000,0,200000,1,2353341,aggregate_candidate_needs_confirmation,,,,,https://monitor.statnipokladna.gov.cz/api/ukazatele?ic=00232564&obdobi=2512
2025,,single_school,founder:00232823,00232823,Obec Teplýšovice,obec,1,1,800000,0,800000,1,13177944,aggregate_candidate_needs_confirmation,,,,,https://monitor.statnipokladna.gov.cz/api/ukazatele?ic=00232823&obdobi=2512
2025,,single_school,founder:00232963,00232963,Město Votice,obec,1,1,8439186,0,8439186,1,74563786,aggregate_candidate_needs_confirmation,,,,,https://monitor.statnipokladna.gov.cz/api/ukazatele?ic=00232963&obdobi=2512
2025,,single_school,founder:00233005,00233005,Městys Vrchotovy Janovice,obec,1,1,1650000,0,1650000,1,22446240,aggregate_candidate_needs_confirmation,,,,,https://monitor.statnipokladna.gov.cz/api/ukazatele?ic=00233005&obdobi=2512
2025,,single_school,founder:00233072,00233072,Městys Zdislavice,obec,1,1,2224000,0,2224000,1,18221429,aggregate_candidate_needs_confirmation,,,,,https://monitor.statnipokladna.gov.cz/api/ukazatele?ic=00233072&obdobi=2512
2025,,single_school,founder:00233145,00233145,Obec Broumy,obec,1,1,2200000,0,2200000,1,26969694,aggregate_candidate_needs_confirmation,,,,,https://monitor.statnipokladna.gov.cz/api/ukazatele?ic=00233145&obdobi=2512
2025,,single_school,founder:00233153,00233153,Obec Březová,obec,1,1,370000,0,370000,1,2523476,aggregate_candidate_needs_confirmation,,,,,https://monitor.statnipokladna.gov.cz/api/ukazatele?ic=00233153&obdobi=2512
2025,,single_school,founder:00233196,00233196,Městys Cerhovice,obec,1,1,5400000,0,5400000,1,34223442,aggregate_candidate_needs_confirmation,,,,,https://monitor.statnipokladna.gov.cz/api/ukazatele?ic=00233196&obdobi=2512
2025,,missing_finm_total,founder:00233200,00233200,Obec Drahelčice,obec,1,0,0,0,0,0,0,founder_source_required,,,,,https://monitor.statnipokladna.gov.cz/api/ukazatele?ic=00233200&obdobi=2512
2025,,single_school,founder:00233218,00233218,Obec Drozdov,obec,1,1,767500,0,767500,1,8892899,aggregate_candidate_needs_confirmation,,,,,https://monitor.statnipokladna.gov.cz/api/ukazatele?ic=00233218&obdobi=2512
2025,,single_school,founder:00233234,00233234,Obec Hlásná Třebaň,obec,1,1,1010000,0,1010000,1,5758209,aggregate_candidate_needs_confirmation,,,,,https://monitor.statnipokladna.gov.cz/api/ukazatele?ic=00233234&obdobi=2512
2025,,single_school,founder:00233358,00233358,Obec Chyňava,obec,1,1,2320000,0,2320000,1,20713601,aggregate_candidate_needs_confirmation,,,,,https://monitor.statnipokladna.gov.cz/api/ukazatele?ic=00233358&obdobi=2512
2025,,single_school,founder:00233374,00233374,Městys Karlštejn,obec,1,1,1536000,0,1536000,1,10305764,aggregate_candidate_needs_confirmation,,,,,https://monitor.statnipokladna.gov.cz/api/ukazatele?ic=00233374&obdobi=2512
2025,,single_school,founder:00233439,00233439,Obec Kublov,obec,1,1,420000,0,420000,1,4539708,aggregate_candidate_needs_confirmation,,,,,https://monitor.statnipokladna.gov.cz/api/ukazatele?ic=00233439&obdobi=2512
2025,,single_school,founder:00233528,00233528,Obec Lochovice,obec,1,2,3222927,696706,3919633,1,29972804,aggregate_candidate_needs_confirmation,,,,,https://monitor.statnipokladna.gov.cz/api/ukazatele?ic=00233528&obdobi=2512
2025,,single_school,founder:00233587,00233587,Obec Mezouň,obec,1,1,535000,0,535000,1,3037662,aggregate_candidate_needs_confirmation,,,,,https://monitor.statnipokladna.gov.cz/api/ukazatele?ic=00233587&obdobi=2512
2025,,single_school,founder:00233595,00233595,Obec Mořina,obec,1,1,1250000,0,1250000,1,9744867,aggregate_candidate_needs_confirmation,,,,,https://monitor.statnipokladna.gov.cz/api/ukazatele?ic=00233595&obdobi=2512
2025,,single_school,founder:00233633,00233633,Obec Neumětely,obec,1,1,350000,0,350000,1,4710763,aggregate_candidate_needs_confirmation,,,,,https://monitor.statnipokladna.gov.cz/api/ukazatele?ic=00233633&obdobi=2512
2025,,single_school,founder:00233650,00233650,Obec Nový Jáchymov,obec,1,2,648000,0,648000,1,8498025,aggregate_candidate_needs_confirmation,,,,,https://monitor.statnipokladna.gov.cz/api/ukazatele?ic=00233650&obdobi=2512
2025,,single_school,founder:00233668,00233668,Obec Nučice,obec,1,1,6251148,0,6251148,1,43367730,aggregate_candidate_needs_confirmation,,,,,https://monitor.statnipokladna.gov.cz/api/ukazatele?ic=00233668&obdobi=2512
2025,,single_school,founder:00233676,00233676,Obec Olešná,obec,1,1,383000,0,383000,1,3024326,aggregate_candidate_needs_confirmation,,,,,https://monitor.statnipokladna.gov.cz/api/ukazatele?ic=00233676&obdobi=2512
2025,,single_school,founder:00233684,00233684,Obec Osek,obec,1,1,1693408,0,1693408,1,10323822,aggregate_candidate_needs_confirmation,,,,,https://monitor.statnipokladna.gov.cz/api/ukazatele?ic=00233684&obdobi=2512
2025,,single_school,founder:00233692,00233692,Obec Osov,obec,1,1,1342112,0,1342112,1,15532606,aggregate_candidate_needs_confirmation,,,,,https://monitor.statnipokladna.gov.cz/api/ukazatele?ic=00233692&obdobi=2512
2025,,single_school,founder:00233731,00233731,Obec Podluhy,obec,1,1,500000,0,500000,1,5056778,aggregate_candidate_needs_confirmation,,,,,https://monitor.statnipokladna.gov.cz/api/ukazatele?ic=00233731&obdobi=2512
2025,,single_school,founder:00233803,00233803,Obec Srbsko,obec,1,1,700000,0,700000,1,6755388,aggregate_candidate_needs_confirmation,,,,,https://monitor.statnipokladna.gov.cz/api/ukazatele?ic=00233803&obdobi=2512
2025,,single_school,founder:00233811,00233811,Obec Stašov,obec,1,1,615062,0,615062,1,3576829,aggregate_candidate_needs_confirmation,,,,,https://monitor.statnipokladna.gov.cz/api/ukazatele?ic=00233811&obdobi=2512
2025,,single_school,founder:00233838,00233838,Obec Suchomasty,obec,1,1,1700000,0,1700000,1,13505221,aggregate_candidate_needs_confirmation,,,,,https://monitor.statnipokladna.gov.cz/api/ukazatele?ic=00233838&obdobi=2512
2025,,single_school,founder:00233846,00233846,Obec Svatá,obec,1,1,450000,0,450000,1,3078249,aggregate_candidate_needs_confirmation,,,,,https://monitor.statnipokladna.gov.cz/api/ukazatele?ic=00233846&obdobi=2512
2025,,single_school,founder:00233862,00233862,Obec Svinaře,obec,1,1,350000,0,350000,1,6266375,aggregate_candidate_needs_confirmation,,,,,https://monitor.statnipokladna.gov.cz/api/ukazatele?ic=00233862&obdobi=2512
2025,,single_school,founder:00233871,00233871,Obec Tachlovice,obec,1,1,1920000,0,1920000,1,14266392,aggregate_candidate_needs_confirmation,,,,,https://monitor.statnipokladna.gov.cz/api/ukazatele?ic=00233871&obdobi=2512
2025,,single_school,founder:00233889,00233889,Obec Tetín,obec,1,1,1600000,0,1600000,1,14283082,aggregate_candidate_needs_confirmation,,,,,https://monitor.statnipokladna.gov.cz/api/ukazatele?ic=00233889&obdobi=2512
2025,,single_school,founder:00233897,00233897,Obec Tlustice,obec,1,1,1600000,0,1600000,1,13922774,aggregate_candidate_needs_confirmation,,,,,https://monitor.statnipokladna.gov.cz/api/ukazatele?ic=00233897&obdobi=2512
2025,,single_school,founder:00233901,00233901,Obec Tmaň,obec,1,1,2400000,0,2400000,1,18753950,aggregate_candidate_needs_confirmation,,,,,https://monitor.statnipokladna.gov.cz/api/ukazatele?ic=00233901&obdobi=2512
2025,,single_school,founder:00233951,00233951,Obec Újezd,obec,1,4,1406500,0,1406500,1,9446786,aggregate_candidate_needs_confirmation,,,,,https://monitor.statnipokladna.gov.cz/api/ukazatele?ic=00233951&obdobi=2512
2025,,single_school,founder:00233994,00233994,Obec Vráž,obec,1,1,1687685,0,1687685,1,13939482,aggregate_candidate_needs_confirmation,,,,,https://monitor.statnipokladna.gov.cz/api/ukazatele?ic=00233994&obdobi=2512
2025,,single_school,founder:00234001,00234001,Obec Všeradice,obec,1,1,430000,0,430000,1,2939157,aggregate_candidate_needs_confirmation,,,,,https://monitor.statnipokladna.gov.cz/api/ukazatele?ic=00234001&obdobi=2512
2025,,single_school,founder:00234010,00234010,Obec Vysoký Újezd,obec,1,1,3800000,0,3800000,1,26782182,aggregate_candidate_needs_confirmation,,,,,https://monitor.statnipokladna.gov.cz/api/ukazatele?ic=00234010&obdobi=2512
2025,,single_school,founder:00234028,00234028,Obec Zadní Třebaň,obec,1,2,1100000,606038,1706038,1,10219172,aggregate_candidate_needs_confirmation,,,,,https://monitor.statnipokladna.gov.cz/api/ukazatele?ic=00234028&obdobi=2512
2025,,single_school,founder:00234044,00234044,Obec Zaječov,obec,1,1,2694587,0,2694587,1,26899527,aggregate_candidate_needs_confirmation,,,,,https://monitor.statnipokladna.gov.cz/api/ukazatele?ic=00234044&obdobi=2512
2025,,single_school,founder:00234052,00234052,Obec Záluží,obec,1,1,390000,0,390000,1,2616238,aggregate_candidate_needs_confirmation,,,,,https://monitor.statnipokladna.gov.cz/api/ukazatele?ic=00234052&obdobi=2512
2025,,single_school,founder:00234168,00234168,Obec Brandýsek,obec,1,2,6478282,122948,6601230,1,44910235,aggregate_candidate_needs_confirmation,,,,,https://monitor.statnipokladna.gov.cz/api/ukazatele?ic=00234168&obdobi=2512
2025,,single_school,founder:00234176,00234176,Obec Braškov,obec,1,1,200000,0,200000,1,6506017,aggregate_candidate_needs_confirmation,,,,,https://monitor.statnipokladna.gov.cz/api/ukazatele?ic=00234176&obdobi=2512
2025,,single_school,founder:00234192,00234192,Obec Bratronice,obec,1,1,1143002,0,1143002,1,11980469,aggregate_candidate_needs_confirmation,,,,,https://monitor.statnipokladna.gov.cz/api/ukazatele?ic=00234192&obdobi=2512
2025,,single_school,founder:00234231,00234231,Obec Cvrčovice,obec,1,1,400000,0,400000,1,2753637,aggregate_candidate_needs_confirmation,,,,,https://monitor.statnipokladna.gov.cz/api/ukazatele?ic=00234231&obdobi=2512
2025,,single_school,founder:00234265,00234265,Obec Červený Újezd,obec,1,1,750000,0,750000,1,6022127,aggregate_candidate_needs_confirmation,,,,,https://monitor.statnipokladna.gov.cz/api/ukazatele?ic=00234265&obdobi=2512
2025,,single_school,founder:00234273,00234273,Obec Doksy,obec,1,1,1750000,0,1750000,1,17198897,aggregate_candidate_needs_confirmation,,,,,https://monitor.statnipokladna.gov.cz/api/ukazatele?ic=00234273&obdobi=2512
2025,,single_school,founder:00234320,00234320,Obec Družec,obec,1,2,976500,62472,1038972,1,14686274,aggregate_candidate_needs_confirmation,,,,,https://monitor.statnipokladna.gov.cz/api/ukazatele?ic=00234320&obdobi=2512
2025,,single_school,founder:00234346,00234346,Obec Dřínov,obec,1,1,480000,0,480000,1,4616547,aggregate_candidate_needs_confirmation,,,,,https://monitor.statnipokladna.gov.cz/api/ukazatele?ic=00234346&obdobi=2512
2025,,single_school,founder:00234389,00234389,Obec Hospozín,obec,1,1,854800,0,854800,1,5216132,aggregate_candidate_needs_confirmation,,,,,https://monitor.statnipokladna.gov.cz/api/ukazatele?ic=00234389&obdobi=2512
2025,,single_school,founder:00234397,00234397,Obec Hostouň,obec,1,2,2598805,0,2598805,1,12028942,aggregate_candidate_needs_confirmation,,,,,https://monitor.statnipokladna.gov.cz/api/ukazatele?ic=00234397&obdobi=2512
2025,,single_school,founder:00234419,00234419,Obec Hrdlív,obec,1,1,600000,0,600000,1,4412544,aggregate_candidate_needs_confirmation,,,,,https://monitor.statnipokladna.gov.cz/api/ukazatele?ic=00234419&obdobi=2512
2025,,single_school,founder:00234460,00234460,Obec Jedomělice,obec,1,1,521000,0,521000,1,4375620,aggregate_candidate_needs_confirmation,,,,,https://monitor.statnipokladna.gov.cz/api/ukazatele?ic=00234460&obdobi=2512
2025,,single_school,founder:00234494,00234494,Obec Kačice,obec,1,1,2000000,0,2000000,1,12183776,aggregate_candidate_needs_confirmation,,,,,https://monitor.statnipokladna.gov.cz/api/ukazatele?ic=00234494&obdobi=2512
2025,,single_school,founder:00234524,00234524,Obec Klobuky,obec,1,1,2550000,0,2550000,1,31975361,aggregate_candidate_needs_confirmation,,,,,https://monitor.statnipokladna.gov.cz/api/ukazatele?ic=00234524&obdobi=2512
2025,,single_school,founder:00234532,00234532,Obec Kmetiněves,obec,1,2,1114408,0,1114408,1,9092490,aggregate_candidate_needs_confirmation,,,,,https://monitor.statnipokladna.gov.cz/api/ukazatele?ic=00234532&obdobi=2512
2025,,single_school,founder:00234541,00234541,Obec Knovíz,obec,1,1,682500,0,682500,1,4328820,aggregate_candidate_needs_confirmation,,,,,https://monitor.statnipokladna.gov.cz/api/ukazatele?ic=00234541&obdobi=2512
2025,,single_school,founder:00234575,00234575,Obec Kvílice,obec,1,2,1700000,20240,1720240,1,19914139,aggregate_candidate_needs_confirmation,,,,,https://monitor.statnipokladna.gov.cz/api/ukazatele?ic=00234575&obdobi=2512
2025,,single_school,founder:00234648,00234648,Obec Lidice,obec,1,1,382000,0,382000,1,4153144,aggregate_candidate_needs_confirmation,,,,,https://monitor.statnipokladna.gov.cz/api/ukazatele?ic=00234648&obdobi=2512
2025,,single_school,founder:00234737,00234737,Obec Olovnice,obec,1,1,375000,0,375000,1,3061850,aggregate_candidate_needs_confirmation,,,,,https://monitor.statnipokladna.gov.cz/api/ukazatele?ic=00234737&obdobi=2512
2025,,single_school,founder:00234826,00234826,Obec Pozdeň,obec,1,1,750000,0,750000,1,3211613,aggregate_candidate_needs_confirmation,,,,,https://monitor.statnipokladna.gov.cz/api/ukazatele?ic=00234826&obdobi=2512
2025,,single_school,founder:00234842,00234842,Obec Ptice,obec,1,1,650000,0,650000,1,4264857,aggregate_candidate_needs_confirmation,,,,,https://monitor.statnipokladna.gov.cz/api/ukazatele?ic=00234842&obdobi=2512
2025,,single_school,founder:00234851,00234851,Obec Řisuty,obec,1,1,372000,0,372000,1,4252765,aggregate_candidate_needs_confirmation,,,,,https://monitor.statnipokladna.gov.cz/api/ukazatele?ic=00234851&obdobi=2512
2025,,single_school,founder:00234915,00234915,Obec Stehelčeves,obec,1,1,2302672,0,2302672,1,19933951,aggregate_candidate_needs_confirmation,,,,,https://monitor.statnipokladna.gov.cz/api/ukazatele?ic=00234915&obdobi=2512
2025,,single_school,founder:00234923,00234923,Město Stochov,obec,1,1,10025120,0,10025120,1,71132689,aggregate_candidate_needs_confirmation,,,,,https://monitor.statnipokladna.gov.cz/api/ukazatele?ic=00234923&obdobi=2512
2025,,single_school,founder:00235024,00235024,Obec Třebíz,obec,1,1,386990,0,386990,1,2849016,aggregate_candidate_needs_confirmation,,,,,https://monitor.statnipokladna.gov.cz/api/ukazatele?ic=00235024&obdobi=2512
2025,,single_school,founder:00235032,00235032,Obec Třebusice,obec,1,1,439536,0,439536,1,3425751,aggregate_candidate_needs_confirmation,,,,,https://monitor.statnipokladna.gov.cz/api/ukazatele?ic=00235032&obdobi=2512
2025,,single_school,founder:00235059,00235059,Obec Úhonice,obec,1,1,2636240,0,2636240,1,18995203,aggregate_candidate_needs_confirmation,,,,,https://monitor.statnipokladna.gov.cz/api/ukazatele?ic=00235059&obdobi=2512
2025,,single_school,founder:00235067,00235067,Obec Uhy,obec,1,1,827755,0,827755,1,2625151,aggregate_candidate_needs_confirmation,,,,,https://monitor.statnipokladna.gov.cz/api/ukazatele?ic=00235067&obdobi=2512
2025,,single_school,founder:00235113,00235113,Obec Vinařice,obec,1,1,3200000,0,3200000,1,32272390,aggregate_candidate_needs_confirmation,,,,,https://monitor.statnipokladna.gov.cz/api/ukazatele?ic=00235113&obdobi=2512
2025,,single_school,founder:00235156,00235156,Obec Zákolany,obec,1,1,1400000,0,1400000,1,17856224,aggregate_candidate_needs_confirmation,,,,,https://monitor.statnipokladna.gov.cz/api/ukazatele?ic=00235156&obdobi=2512
2025,,single_school,founder:00235211,00235211,Obec Žižice,obec,1,1,500000,0,500000,1,4824408,aggregate_candidate_needs_confirmation,,,,,https://monitor.statnipokladna.gov.cz/api/ukazatele?ic=00235211&obdobi=2512
2025,,single_school,founder:00235245,00235245,Obec Bečváry,obec,1,1,1477000,0,1477000,1,13448889,aggregate_candidate_needs_confirmation,,,,,https://monitor.statnipokladna.gov.cz/api/ukazatele?ic=00235245&obdobi=2512
2025,,single_school,founder:00235288,00235288,Obec Břežany II,obec,1,1,850000,0,850000,1,5614533,aggregate_candidate_needs_confirmation,,,,,https://monitor.statnipokladna.gov.cz/api/ukazatele?ic=00235288&obdobi=2512
2025,,single_school,founder:00235296,00235296,Obec Býchory,obec,1,1,3479793,0,3479793,1,24615742,aggregate_candidate_needs_confirmation,,,,,https://monitor.statnipokladna.gov.cz/api/ukazatele?ic=00235296&obdobi=2512
2025,,single_school,founder:00235326,00235326,Městys Červené Pečky,obec,1,1,3148000,0,3148000,1,31510691,aggregate_candidate_needs_confirmation,,,,,https://monitor.statnipokladna.gov.cz/api/ukazatele?ic=00235326&obdobi=2512
2025,,single_school,founder:00235342,00235342,Obec Dobřichov,obec,1,1,445000,0,445000,1,2743650,aggregate_candidate_needs_confirmation,,,,,https://monitor.statnipokladna.gov.cz/api/ukazatele?ic=00235342&obdobi=2512
2025,,single_school,founder:00235351,00235351,Obec Dolní Chvatliny,obec,1,1,350000,0,350000,1,2515631,aggregate_candidate_needs_confirmation,,,,,https://monitor.statnipokladna.gov.cz/api/ukazatele?ic=00235351&obdobi=2512
2025,,single_school,founder:00235369,00235369,Obec Doubravčice,obec,1,1,992757,0,992757,1,7724810,aggregate_candidate_needs_confirmation,,,,,https://monitor.statnipokladna.gov.cz/api/ukazatele?ic=00235369&obdobi=2512
2025,,single_school,founder:00235415,00235415,Obec Jestřabí Lhota,obec,1,1,440000,0,440000,1,4763676,aggregate_candidate_needs_confirmation,,,,,https://monitor.statnipokladna.gov.cz/api/ukazatele?ic=00235415&obdobi=2512
2025,,single_school,founder:00235423,00235423,Obec Jevany,obec,1,1,1340900,0,1340900,1,8082903,aggregate_candidate_needs_confirmation,,,,,https://monitor.statnipokladna.gov.cz/api/ukazatele?ic=00235423&obdobi=2512
2025,,single_school,founder:00235431,00235431,Obec Klučov,obec,1,1,510000,0,510000,1,4434624,aggregate_candidate_needs_confirmation,,,,,https://monitor.statnipokladna.gov.cz/api/ukazatele?ic=00235431&obdobi=2512
2025,,single_school,founder:00235458,00235458,Obec Konárovice,obec,1,1,650000,0,650000,1,5827609,aggregate_candidate_needs_confirmation,,,,,https://monitor.statnipokladna.gov.cz/api/ukazatele?ic=00235458&obdobi=2512
2025,,single_school,founder:00235491,00235491,Obec Kozojedy,obec,1,1,900000,0,900000,1,5680144,aggregate_candidate_needs_confirmation,,,,,https://monitor.statnipokladna.gov.cz/api/ukazatele?ic=00235491&obdobi=2512
2025,,single_school,founder:00235504,00235504,Obec Krakovany,obec,1,2,2100000,400000,2500000,1,17700302,aggregate_candidate_needs_confirmation,,,,,https://monitor.statnipokladna.gov.cz/api/ukazatele?ic=00235504&obdobi=2512
2025,,single_school,founder:00235521,00235521,Obec Křečhoř,obec,1,1,1341028,0,1341028,1,4710105,aggregate_candidate_needs_confirmation,,,,,https://monitor.statnipokladna.gov.cz/api/ukazatele?ic=00235521&obdobi=2512
2025,,single_school,founder:00235580,00235580,Obec Nová Ves I,obec,1,1,602000,0,602000,1,7497091,aggregate_candidate_needs_confirmation,,,,,https://monitor.statnipokladna.gov.cz/api/ukazatele?ic=00235580&obdobi=2512
2025,,single_school,founder:00235598,00235598,Obec Nučice,obec,1,1,461680,0,461680,1,5259091,aggregate_candidate_needs_confirmation,,,,,https://monitor.statnipokladna.gov.cz/api/ukazatele?ic=00235598&obdobi=2512
2025,,single_school,founder:00235601,00235601,Obec Ohaře,obec,1,1,450000,0,450000,1,4557522,aggregate_candidate_needs_confirmation,,,,,https://monitor.statnipokladna.gov.cz/api/ukazatele?ic=00235601&obdobi=2512
2025,,single_school,founder:00235610,00235610,Obec Oleška,obec,1,2,1166511,0,1166511,1,4411205,aggregate_candidate_needs_confirmation,,,,,https://monitor.statnipokladna.gov.cz/api/ukazatele?ic=00235610&obdobi=2512
2025,,single_school,founder:00235628,00235628,Obec Ovčáry,obec,1,1,1300000,0,1300000,1,8176426,aggregate_candidate_needs_confirmation,,,,,https://monitor.statnipokladna.gov.cz/api/ukazatele?ic=00235628&obdobi=2512
2025,,single_school,founder:00235652,00235652,Obec Přišimasy,obec,1,1,663000,0,663000,1,5210042,aggregate_candidate_needs_confirmation,,,,,https://monitor.statnipokladna.gov.cz/api/ukazatele?ic=00235652&obdobi=2512
2025,,single_school,founder:00235661,00235661,Obec Radim,obec,1,1,3000000,0,3000000,1,18094326,aggregate_candidate_needs_confirmation,,,,,https://monitor.statnipokladna.gov.cz/api/ukazatele?ic=00235661&obdobi=2512
2025,,single_school,founder:00235687,00235687,Obec Radovesnice,obec,1,1,366500,0,366500,1,3440728,aggregate_candidate_needs_confirmation,,,,,https://monitor.statnipokladna.gov.cz/api/ukazatele?ic=00235687&obdobi=2512
2025,,single_school,founder:00235695,00235695,Obec Ratboř,obec,1,1,357614,0,357614,1,4655423,aggregate_candidate_needs_confirmation,,,,,https://monitor.statnipokladna.gov.cz/api/ukazatele?ic=00235695&obdobi=2512
2025,,single_school,founder:00235741,00235741,Obec Starý Kolín,obec,1,1,3500000,0,3500000,1,33721187,aggregate_candidate_needs_confirmation,,,,,https://monitor.statnipokladna.gov.cz/api/ukazatele?ic=00235741&obdobi=2512
2025,,single_school,founder:00235768,00235768,Obec Svojšice,obec,1,1,860000,0,860000,1,3733723,aggregate_candidate_needs_confirmation,,,,,https://monitor.statnipokladna.gov.cz/api/ukazatele?ic=00235768&obdobi=2512
2025,,single_school,founder:00235776,00235776,Obec Tismice,obec,1,1,627252,0,627252,1,5680800,aggregate_candidate_needs_confirmation,,,,,https://monitor.statnipokladna.gov.cz/api/ukazatele?ic=00235776&obdobi=2512
2025,,single_school,founder:00235792,00235792,Obec Třebovle,obec,1,1,500000,0,500000,1,2461550,aggregate_candidate_needs_confirmation,,,,,https://monitor.statnipokladna.gov.cz/api/ukazatele?ic=00235792&obdobi=2512
2025,,single_school,founder:00235806,00235806,Obec Tři Dvory,obec,1,1,750000,0,750000,1,5099554,aggregate_candidate_needs_confirmation,,,,,https://monitor.statnipokladna.gov.cz/api/ukazatele?ic=00235806&obdobi=2512
2025,,single_school,founder:00235814,00235814,Obec Tuchoraz,obec,1,1,650000,0,650000,1,5346752,aggregate_candidate_needs_confirmation,,,,,https://monitor.statnipokladna.gov.cz/api/ukazatele?ic=00235814&obdobi=2512
2025,,single_school,founder:00235890,00235890,Obec Vitice,obec,1,1,800000,0,800000,1,7671710,aggregate_candidate_needs_confirmation,,,,,https://monitor.statnipokladna.gov.cz/api/ukazatele?ic=00235890&obdobi=2512
2025,,missing_finm_total,founder:00235938,00235938,Obec Vyžlovka,obec,1,0,0,0,0,0,0,founder_source_required,,,,,https://monitor.statnipokladna.gov.cz/api/ukazatele?ic=00235938&obdobi=2512
2025,,single_school,founder:00235997,00235997,Městys Bílé Podolí,obec,1,1,800000,0,800000,1,7221121,aggregate_candidate_needs_confirmation,,,,,https://monitor.statnipokladna.gov.cz/api/ukazatele?ic=00235997&obdobi=2512
2025,,single_school,founder:00236047,00236047,Obec Červené Janovice,obec,1,1,1728100,0,1728100,1,11007039,aggregate_candidate_needs_confirmation,,,,,https://monitor.statnipokladna.gov.cz/api/ukazatele?ic=00236047&obdobi=2512
2025,,single_school,founder:00236110,00236110,obec Chlístovice,obec,1,1,460000,0,460000,1,2561550,aggregate_candidate_needs_confirmation,,,,,https://monitor.statnipokladna.gov.cz/api/ukazatele?ic=00236110&obdobi=2512
2025,,single_school,founder:00236128,00236128,Obec Chotusice,obec,1,2,1386985,124390,1511375,1,9693212,aggregate_candidate_needs_confirmation,,,,,https://monitor.statnipokladna.gov.cz/api/ukazatele?ic=00236128&obdobi=2512
2025,,single_school,founder:00236144,00236144,Městys Kácov,obec,1,1,2184500,0,2184500,1,20306478,aggregate_candidate_needs_confirmation,,,,,https://monitor.statnipokladna.gov.cz/api/ukazatele?ic=00236144&obdobi=2512
2025,,single_school,founder:00236152,00236152,obec Kluky,obec,1,1,150000,0,150000,1,2138114,aggregate_candidate_needs_confirmation,,,,,https://monitor.statnipokladna.gov.cz/api/ukazatele?ic=00236152&obdobi=2512
2025,,single_school,founder:00236179,00236179,Obec Krchleby,obec,1,1,1010280,0,1010280,1,6281154,aggregate_candidate_needs_confirmation,,,,,https://monitor.statnipokladna.gov.cz/api/ukazatele?ic=00236179&obdobi=2512
2025,,single_school,founder:00236187,00236187,Obec Křesetice,obec,1,1,995000,0,995000,1,8714634,aggregate_candidate_needs_confirmation,,,,,https://monitor.statnipokladna.gov.cz/api/ukazatele?ic=00236187&obdobi=2512
2025,,single_school,founder:00236217,00236217,Městys Malešov,obec,1,1,2650000,0,2650000,1,26448678,aggregate_candidate_needs_confirmation,,,,,https://monitor.statnipokladna.gov.cz/api/ukazatele?ic=00236217&obdobi=2512
2025,,single_school,founder:00236225,00236225,Obec Svatý Mikuláš,obec,1,1,350000,0,350000,1,2337821,aggregate_candidate_needs_confirmation,,,,,https://monitor.statnipokladna.gov.cz/api/ukazatele?ic=00236225&obdobi=2512
2025,,single_school,founder:00236233,00236233,obec Miskovice,obec,1,1,452527,0,452527,1,6758787,aggregate_candidate_needs_confirmation,,,,,https://monitor.statnipokladna.gov.cz/api/ukazatele?ic=00236233&obdobi=2512
2025,,single_school,founder:00236250,00236250,Obec Nepoměřice,obec,1,1,270000,0,270000,1,3048327,aggregate_candidate_needs_confirmation,,,,,https://monitor.statnipokladna.gov.cz/api/ukazatele?ic=00236250&obdobi=2512
2025,,single_school,founder:00236276,00236276,Městys Nové Dvory,obec,1,2,4900100,638295,5538395,1,29386319,aggregate_candidate_needs_confirmation,,,,,https://monitor.statnipokladna.gov.cz/api/ukazatele?ic=00236276&obdobi=2512
2025,,single_school,founder:00236365,00236365,Obec Potěhy,obec,1,1,3520000,0,3520000,1,28646546,aggregate_candidate_needs_confirmation,,,,,https://monitor.statnipokladna.gov.cz/api/ukazatele?ic=00236365&obdobi=2512
2025,,single_school,founder:00236373,00236373,Obec Rašovice,obec,1,1,540000,0,540000,1,2922581,aggregate_candidate_needs_confirmation,,,,,https://monitor.statnipokladna.gov.cz/api/ukazatele?ic=00236373&obdobi=2512
2025,,single_school,founder:00236381,00236381,Městys Rataje nad Sázavou,obec,1,1,320000,0,320000,1,2973712,aggregate_candidate_needs_confirmation,,,,,https://monitor.statnipokladna.gov.cz/api/ukazatele?ic=00236381&obdobi=2512
2025,,single_school,founder:00236411,00236411,Město Sázava,obec,1,2,9200000,0,9200000,1,52054502,aggregate_candidate_needs_confirmation,,,,,https://monitor.statnipokladna.gov.cz/api/ukazatele?ic=00236411&obdobi=2512
2025,,single_school,founder:00236462,00236462,Městys Suchdol,obec,1,1,2000000,0,2000000,1,23960642,aggregate_candidate_needs_confirmation,,,,,https://monitor.statnipokladna.gov.cz/api/ukazatele?ic=00236462&obdobi=2512
2025,,single_school,founder:00236519,00236519,obec Tupadly,obec,1,1,460000,0,460000,1,4856232,aggregate_candidate_needs_confirmation,,,,,https://monitor.statnipokladna.gov.cz/api/ukazatele?ic=00236519&obdobi=2512
2025,,single_school,founder:00236543,00236543,Obec Úžice,obec,1,1,300000,0,300000,1,3041301,aggregate_candidate_needs_confirmation,,,,,https://monitor.statnipokladna.gov.cz/api/ukazatele?ic=00236543&obdobi=2512
2025,,single_school,founder:00236551,00236551,Obec Vavřinec,obec,1,1,250000,0,250000,1,4354529,aggregate_candidate_needs_confirmation,,,,,https://monitor.statnipokladna.gov.cz/api/ukazatele?ic=00236551&obdobi=2512
2025,,single_school,founder:00236594,00236594,Obec Vlastějovice,obec,1,2,714448,0,714448,1,4803663,aggregate_candidate_needs_confirmation,,,,,https://monitor.statnipokladna.gov.cz/api/ukazatele?ic=00236594&obdobi=2512
2025,,single_school,founder:00236608,00236608,Obec Vlkaneč,obec,1,1,641667,0,641667,1,6449012,aggregate_candidate_needs_confirmation,,,,,https://monitor.statnipokladna.gov.cz/api/ukazatele?ic=00236608&obdobi=2512
2025,,single_school,founder:00236659,00236659,Obec Zbýšov,obec,1,2,1200000,30000,1230000,1,10413997,aggregate_candidate_needs_confirmation,,,,,https://monitor.statnipokladna.gov.cz/api/ukazatele?ic=00236659&obdobi=2512
2025,,single_school,founder:00236675,00236675,Obec Žáky,obec,1,1,390140,0,390140,1,2487663,aggregate_candidate_needs_confirmation,,,,,https://monitor.statnipokladna.gov.cz/api/ukazatele?ic=00236675&obdobi=2512
2025,,single_school,founder:00236691,00236691,Obec Žleby,obec,1,1,3599718,0,3599718,1,21761203,aggregate_candidate_needs_confirmation,,,,,https://monitor.statnipokladna.gov.cz/api/ukazatele?ic=00236691&obdobi=2512
2025,,missing_finm_total,founder:00236713,00236713,Obec Borek,obec,1,0,0,0,0,0,0,founder_source_required,,,,,https://monitor.statnipokladna.gov.cz/api/ukazatele?ic=00236713&obdobi=2512
2025,,single_school,founder:00236748,00236748,Obec Býkev,obec,1,1,982000,0,982000,1,3557828,aggregate_candidate_needs_confirmation,,,,,https://monitor.statnipokladna.gov.cz/api/ukazatele?ic=00236748&obdobi=2512
2025,,single_school,founder:00236756,00236756,Obec Byšice,obec,1,1,5000000,0,5000000,1,44979183,aggregate_candidate_needs_confirmation,,,,,https://monitor.statnipokladna.gov.cz/api/ukazatele?ic=00236756&obdobi=2512
2025,,single_school,founder:00236764,00236764,Obec Cítov,obec,1,1,2000000,0,2000000,1,12140513,aggregate_candidate_needs_confirmation,,,,,https://monitor.statnipokladna.gov.cz/api/ukazatele?ic=00236764&obdobi=2512
2025,,single_school,founder:00236772,00236772,Obec Čečelice,obec,1,1,1000000,0,1000000,1,9150307,aggregate_candidate_needs_confirmation,,,,,https://monitor.statnipokladna.gov.cz/api/ukazatele?ic=00236772&obdobi=2512
2025,,single_school,founder:00236799,00236799,Obec Dolní Beřkovice,obec,1,1,6062435,0,6062435,1,33768862,aggregate_candidate_needs_confirmation,,,,,https://monitor.statnipokladna.gov.cz/api/ukazatele?ic=00236799&obdobi=2512
2025,,single_school,founder:00236811,00236811,Obec Dřísy,obec,1,1,2467000,0,2467000,1,17640778,aggregate_candidate_needs_confirmation,,,,,https://monitor.statnipokladna.gov.cz/api/ukazatele?ic=00236811&obdobi=2512
2025,,single_school,founder:00236829,00236829,Obec Horní Počaply,obec,1,1,2410000,0,2410000,1,12975212,aggregate_candidate_needs_confirmation,,,,,https://monitor.statnipokladna.gov.cz/api/ukazatele?ic=00236829&obdobi=2512
2025,,single_school,founder:00236853,00236853,Obec Chlumín,obec,1,1,1660000,0,1660000,1,12785539,aggregate_candidate_needs_confirmation,,,,,https://monitor.statnipokladna.gov.cz/api/ukazatele?ic=00236853&obdobi=2512
2025,,single_school,founder:00236861,00236861,Obec Chorušice,obec,1,1,750000,0,750000,1,5270770,aggregate_candidate_needs_confirmation,,,,,https://monitor.statnipokladna.gov.cz/api/ukazatele?ic=00236861&obdobi=2512
2025,,single_school,founder:00236870,00236870,Obec Chvatěruby,obec,1,2,1980100,0,1980100,1,13982786,aggregate_candidate_needs_confirmation,,,,,https://monitor.statnipokladna.gov.cz/api/ukazatele?ic=00236870&obdobi=2512
2025,,single_school,founder:00236993,00236993,Obec Ledčice,obec,1,1,1365000,0,1365000,1,15097914,aggregate_candidate_needs_confirmation,,,,,https://monitor.statnipokladna.gov.cz/api/ukazatele?ic=00236993&obdobi=2512
2025,,single_school,founder:00237019,00237019,Město Liběchov,obec,1,1,2857467,0,2857467,1,22958984,aggregate_candidate_needs_confirmation,,,,,https://monitor.statnipokladna.gov.cz/api/ukazatele?ic=00237019&obdobi=2512
2025,,single_school,founder:00237043,00237043,Obec Malý Újezd,obec,1,1,1530000,0,1530000,1,14709760,aggregate_candidate_needs_confirmation,,,,,https://monitor.statnipokladna.gov.cz/api/ukazatele?ic=00237043&obdobi=2512
2025,,single_school,founder:00237060,00237060,Obec Mělnické Vtelno,obec,1,1,900000,0,900000,1,11821272,aggregate_candidate_needs_confirmation,,,,,https://monitor.statnipokladna.gov.cz/api/ukazatele?ic=00237060&obdobi=2512
2025,,single_school,founder:00237086,00237086,Obec Nebužely,obec,1,1,1240000,0,1240000,1,9933970,aggregate_candidate_needs_confirmation,,,,,https://monitor.statnipokladna.gov.cz/api/ukazatele?ic=00237086&obdobi=2512
2025,,single_school,founder:00237132,00237132,Obec Nová Ves,obec,1,1,926196,0,926196,1,3287086,aggregate_candidate_needs_confirmation,,,,,https://monitor.statnipokladna.gov.cz/api/ukazatele?ic=00237132&obdobi=2512
2025,,single_school,founder:00237175,00237175,Obec Řepín,obec,1,1,1227740,0,1227740,1,12025010,aggregate_candidate_needs_confirmation,,,,,https://monitor.statnipokladna.gov.cz/api/ukazatele?ic=00237175&obdobi=2512
2025,,single_school,founder:00237256,00237256,Obec Úžice,obec,1,1,2120000,0,2120000,1,14776866,aggregate_candidate_needs_confirmation,,,,,https://monitor.statnipokladna.gov.cz/api/ukazatele?ic=00237256&obdobi=2512
2025,,single_school,founder:00237299,00237299,Obec Vojkovice,obec,1,1,670000,0,670000,1,4223509,aggregate_candidate_needs_confirmation,,,,,https://monitor.statnipokladna.gov.cz/api/ukazatele?ic=00237299&obdobi=2512
2025,,single_school,founder:00237311,00237311,Obec Všestudy,obec,1,1,340000,0,340000,1,2395388,aggregate_candidate_needs_confirmation,,,,,https://monitor.statnipokladna.gov.cz/api/ukazatele?ic=00237311&obdobi=2512
2025,,single_school,founder:00237329,00237329,Městys Všetaty,obec,1,1,4587000,0,4587000,1,44278956,aggregate_candidate_needs_confirmation,,,,,https://monitor.statnipokladna.gov.cz/api/ukazatele?ic=00237329&obdobi=2512
2025,,single_school,founder:00237337,00237337,Obec Vysoká,obec,1,1,2600000,0,2600000,1,22650148,aggregate_candidate_needs_confirmation,,,,,https://monitor.statnipokladna.gov.cz/api/ukazatele?ic=00237337&obdobi=2512
2025,,single_school,founder:00237388,00237388,Obec Zlosyň,obec,1,1,600000,0,600000,1,3254876,aggregate_candidate_needs_confirmation,,,,,https://monitor.statnipokladna.gov.cz/api/ukazatele?ic=00237388&obdobi=2512
2025,,single_school,founder:00237396,00237396,Obec Želízy,obec,1,1,1490500,0,1490500,1,9201449,aggregate_candidate_needs_confirmation,,,,,https://monitor.statnipokladna.gov.cz/api/ukazatele?ic=00237396&obdobi=2512
2025,,single_school,founder:00237469,00237469,Městys Bezno,obec,1,2,3555045,1847914,5402959,1,45539430,aggregate_candidate_needs_confirmation,,,,,https://monitor.statnipokladna.gov.cz/api/ukazatele?ic=00237469&obdobi=2512
2025,,single_school,founder:00237540,00237540,Městys Brodce,obec,1,1,5010000,0,5010000,1,38370667,aggregate_candidate_needs_confirmation,,,,,https://monitor.statnipokladna.gov.cz/api/ukazatele?ic=00237540&obdobi=2512
2025,,single_school,founder:00237574,00237574,Městys Březno,obec,1,1,4620246,0,4620246,1,40446966,aggregate_candidate_needs_confirmation,,,,,https://monitor.statnipokladna.gov.cz/api/ukazatele?ic=00237574&obdobi=2512
2025,,single_school,founder:00237591,00237591,Obec Bukovno,obec,1,1,306000,0,306000,1,2728748,aggregate_candidate_needs_confirmation,,,,,https://monitor.statnipokladna.gov.cz/api/ukazatele?ic=00237591&obdobi=2512
2025,,single_school,founder:00237612,00237612,Obec Čachovice,obec,1,1,4900000,0,4900000,1,26046634,aggregate_candidate_needs_confirmation,,,,,https://monitor.statnipokladna.gov.cz/api/ukazatele?ic=00237612&obdobi=2512
2025,,single_school,founder:00237621,00237621,Obec Čistá,obec,1,1,900000,0,900000,1,8609603,aggregate_candidate_needs_confirmation,,,,,https://monitor.statnipokladna.gov.cz/api/ukazatele?ic=00237621&obdobi=2512
2025,,single_school,founder:00237663,00237663,Město Dobrovice,obec,1,1,7057500,0,7057500,1,60254990,aggregate_candidate_needs_confirmation,,,,,https://monitor.statnipokladna.gov.cz/api/ukazatele?ic=00237663&obdobi=2512
2025,,single_school,founder:00237680,00237680,Město Dolní Bousov,obec,1,1,4659000,0,4659000,1,56346802,aggregate_candidate_needs_confirmation,,,,,https://monitor.statnipokladna.gov.cz/api/ukazatele?ic=00237680&obdobi=2512
2025,,single_school,founder:00237698,00237698,Obec Dolní Krupá,obec,1,1,1156760,0,1156760,1,4004810,aggregate_candidate_needs_confirmation,,,,,https://monitor.statnipokladna.gov.cz/api/ukazatele?ic=00237698&obdobi=2512
2025,,single_school,founder:00237701,00237701,Obec Dolní Slivno,obec,1,2,2500000,0,2500000,1,21769879,aggregate_candidate_needs_confirmation,,,,,https://monitor.statnipokladna.gov.cz/api/ukazatele?ic=00237701&obdobi=2512
2025,,single_school,founder:00237841,00237841,Obec Hrdlořezy,obec,1,1,572712,0,572712,1,2899606,aggregate_candidate_needs_confirmation,,,,,https://monitor.statnipokladna.gov.cz/api/ukazatele?ic=00237841&obdobi=2512
2025,,single_school,founder:00237957,00237957,Obec Jivina,obec,1,3,850000,180000,1030000,1,13752374,aggregate_candidate_needs_confirmation,,,,,https://monitor.statnipokladna.gov.cz/api/ukazatele?ic=00237957&obdobi=2512
2025,,single_school,founder:00238007,00238007,Obec Klášter Hradiště nad Jizerou,obec,1,1,1327000,0,1327000,1,12269131,aggregate_candidate_needs_confirmation,,,,,https://monitor.statnipokladna.gov.cz/api/ukazatele?ic=00238007&obdobi=2512
2025,,single_school,founder:00238023,00238023,Obec Kněžmost,obec,1,1,5609398,0,5609398,1,41358640,aggregate_candidate_needs_confirmation,,,,,https://monitor.statnipokladna.gov.cz/api/ukazatele?ic=00238023&obdobi=2512
2025,,single_school,founder:00238040,00238040,Obec Kochánky,obec,1,1,650000,0,650000,1,3255534,aggregate_candidate_needs_confirmation,,,,,https://monitor.statnipokladna.gov.cz/api/ukazatele?ic=00238040&obdobi=2512
2025,,single_school,founder:00238104,00238104,Obec Kosořice,obec,1,1,320000,0,320000,1,3482831,aggregate_candidate_needs_confirmation,,,,,https://monitor.statnipokladna.gov.cz/api/ukazatele?ic=00238104&obdobi=2512
2025,,single_school,founder:00238112,00238112,Obec Kostelní Hlavno,obec,1,1,1628700,0,1628700,1,12244501,aggregate_candidate_needs_confirmation,,,,,https://monitor.statnipokladna.gov.cz/api/ukazatele?ic=00238112&obdobi=2512
2025,,single_school,founder:00238155,00238155,Obec Krnsko,obec,1,1,860000,0,860000,1,13009214,aggregate_candidate_needs_confirmation,,,,,https://monitor.statnipokladna.gov.cz/api/ukazatele?ic=00238155&obdobi=2512
2025,,single_school,founder:00238163,00238163,Obec Kropáčova Vrutice,obec,1,1,500000,0,500000,1,4654648,aggregate_candidate_needs_confirmation,,,,,https://monitor.statnipokladna.gov.cz/api/ukazatele?ic=00238163&obdobi=2512
2025,,single_school,founder:00238180,00238180,Obec Ledce,obec,1,1,250000,0,250000,1,2897035,aggregate_candidate_needs_confirmation,,,,,https://monitor.statnipokladna.gov.cz/api/ukazatele?ic=00238180&obdobi=2512
2025,,single_school,founder:00238244,00238244,Obec Loukovec,obec,1,1,931874,0,931874,1,7488174,aggregate_candidate_needs_confirmation,,,,,https://monitor.statnipokladna.gov.cz/api/ukazatele?ic=00238244&obdobi=2512
2025,,single_school,founder:00238384,00238384,Obec Obruby,obec,1,1,646300,0,646300,1,5080861,aggregate_candidate_needs_confirmation,,,,,https://monitor.statnipokladna.gov.cz/api/ukazatele?ic=00238384&obdobi=2512
2025,,single_school,founder:00238473,00238473,Obec Předměřice nad Jizerou,obec,1,1,1500000,0,1500000,1,10219971,aggregate_candidate_needs_confirmation,,,,,https://monitor.statnipokladna.gov.cz/api/ukazatele?ic=00238473&obdobi=2512
2025,,single_school,founder:00238597,00238597,Obec Semčice,obec,1,1,3868000,0,3868000,1,32335635,aggregate_candidate_needs_confirmation,,,,,https://monitor.statnipokladna.gov.cz/api/ukazatele?ic=00238597&obdobi=2512
2025,,single_school,founder:00238619,00238619,Obec Skalsko,obec,1,1,1822752,0,1822752,1,9341959,aggregate_candidate_needs_confirmation,,,,,https://monitor.statnipokladna.gov.cz/api/ukazatele?ic=00238619&obdobi=2512
2025,,single_school,founder:00238678,00238678,Obec Strašnov,obec,1,1,450000,0,450000,1,2695303,aggregate_candidate_needs_confirmation,,,,,https://monitor.statnipokladna.gov.cz/api/ukazatele?ic=00238678&obdobi=2512
2025,,single_school,founder:00238902,00238902,Obec Všejany,obec,1,1,420000,0,420000,1,4657071,aggregate_candidate_needs_confirmation,,,,,https://monitor.statnipokladna.gov.cz/api/ukazatele?ic=00238902&obdobi=2512
2025,,single_school,founder:00238945,00238945,Obec Žďár,obec,1,1,1479514,0,1479514,1,14045324,aggregate_candidate_needs_confirmation,,,,,https://monitor.statnipokladna.gov.cz/api/ukazatele?ic=00238945&obdobi=2512
2025,,single_school,founder:00238996,00238996,Obec Bobnice,obec,1,1,1138000,0,1138000,1,9059773,aggregate_candidate_needs_confirmation,,,,,https://monitor.statnipokladna.gov.cz/api/ukazatele?ic=00238996&obdobi=2512
2025,,single_school,founder:00239011,00239011,Obec Budiměřice,obec,1,1,250000,0,250000,1,5130537,aggregate_candidate_needs_confirmation,,,,,https://monitor.statnipokladna.gov.cz/api/ukazatele?ic=00239011&obdobi=2512
2025,,single_school,founder:00239046,00239046,Obec Činěves,obec,1,1,400000,0,400000,1,2196340,aggregate_candidate_needs_confirmation,,,,,https://monitor.statnipokladna.gov.cz/api/ukazatele?ic=00239046&obdobi=2512
2025,,single_school,founder:00239071,00239071,Obec Dvory,obec,1,1,962000,0,962000,1,6857282,aggregate_candidate_needs_confirmation,,,,,https://monitor.statnipokladna.gov.cz/api/ukazatele?ic=00239071&obdobi=2512
2025,,single_school,founder:00239089,00239089,Obec Dymokury,obec,1,1,2700000,0,2700000,1,30530817,aggregate_candidate_needs_confirmation,,,,,https://monitor.statnipokladna.gov.cz/api/ukazatele?ic=00239089&obdobi=2512
2025,,single_school,founder:00239119,00239119,Obec Hořátev,obec,1,1,2171054,0,2171054,1,12439769,aggregate_candidate_needs_confirmation,,,,,https://monitor.statnipokladna.gov.cz/api/ukazatele?ic=00239119&obdobi=2512
2025,,single_school,founder:00239135,00239135,Obec Hradištko,obec,1,2,1451000,0,1451000,1,9352039,aggregate_candidate_needs_confirmation,,,,,https://monitor.statnipokladna.gov.cz/api/ukazatele?ic=00239135&obdobi=2512
2025,,single_school,founder:00239194,00239194,obec Chrást,obec,1,1,429000,0,429000,1,2899386,aggregate_candidate_needs_confirmation,,,,,https://monitor.statnipokladna.gov.cz/api/ukazatele?ic=00239194&obdobi=2512
2025,,single_school,founder:00239216,00239216,Obec Jíkev,obec,1,1,330000,0,330000,1,2539274,aggregate_candidate_needs_confirmation,,,,,https://monitor.statnipokladna.gov.cz/api/ukazatele?ic=00239216&obdobi=2512
2025,,single_school,founder:00239348,00239348,Obec Krchleby,obec,1,2,1100000,0,1100000,1,8215145,aggregate_candidate_needs_confirmation,,,,,https://monitor.statnipokladna.gov.cz/api/ukazatele?ic=00239348&obdobi=2512
2025,,single_school,founder:00239356,00239356,Obec Křečkov,obec,1,1,1050000,0,1050000,1,7429887,aggregate_candidate_needs_confirmation,,,,,https://monitor.statnipokladna.gov.cz/api/ukazatele?ic=00239356&obdobi=2512
2025,,single_school,founder:00239364,00239364,Městys Křinec,obec,1,1,4332000,0,4332000,1,33826278,aggregate_candidate_needs_confirmation,,,,,https://monitor.statnipokladna.gov.cz/api/ukazatele?ic=00239364&obdobi=2512
2025,,single_school,founder:00239399,00239399,Městys Loučeň,obec,1,1,2832000,0,2832000,1,32691198,aggregate_candidate_needs_confirmation,,,,,https://monitor.statnipokladna.gov.cz/api/ukazatele?ic=00239399&obdobi=2512
2025,,single_school,founder:00239411,00239411,Obec Mcely,obec,1,1,772000,0,772000,1,2701313,aggregate_candidate_needs_confirmation,,,,,https://monitor.statnipokladna.gov.cz/api/ukazatele?ic=00239411&obdobi=2512
2025,,single_school,founder:00239445,00239445,Obec Milčice,obec,1,1,410000,0,410000,1,2917634,aggregate_candidate_needs_confirmation,,,,,https://monitor.statnipokladna.gov.cz/api/ukazatele?ic=00239445&obdobi=2512
2025,,single_school,founder:00239534,00239534,Obec Opočnice,obec,1,1,650000,0,650000,1,5838229,aggregate_candidate_needs_confirmation,,,,,https://monitor.statnipokladna.gov.cz/api/ukazatele?ic=00239534&obdobi=2512
2025,,single_school,founder:00239542,00239542,Obec Opolany,obec,1,1,360000,0,360000,1,4867837,aggregate_candidate_needs_confirmation,,,,,https://monitor.statnipokladna.gov.cz/api/ukazatele?ic=00239542&obdobi=2512
2025,,single_school,founder:00239577,00239577,Obec Oskořínek,obec,1,1,350100,0,350100,1,2863551,aggregate_candidate_needs_confirmation,,,,,https://monitor.statnipokladna.gov.cz/api/ukazatele?ic=00239577&obdobi=2512
2025,,single_school,founder:00239585,00239585,Obec Ostrá,obec,1,1,500000,0,500000,1,2976391,aggregate_candidate_needs_confirmation,,,,,https://monitor.statnipokladna.gov.cz/api/ukazatele?ic=00239585&obdobi=2512
2025,,single_school,founder:00239593,00239593,Obec Pátek,obec,1,1,455000,0,455000,1,5223035,aggregate_candidate_needs_confirmation,,,,,https://monitor.statnipokladna.gov.cz/api/ukazatele?ic=00239593&obdobi=2512
2025,,single_school,founder:00239615,00239615,Obec Písková Lhota,obec,1,1,595709,0,595709,1,2769198,aggregate_candidate_needs_confirmation,,,,,https://monitor.statnipokladna.gov.cz/api/ukazatele?ic=00239615&obdobi=2512
2025,,single_school,founder:00239623,00239623,Obec Písty,obec,1,1,500000,0,500000,1,2729045,aggregate_candidate_needs_confirmation,,,,,https://monitor.statnipokladna.gov.cz/api/ukazatele?ic=00239623&obdobi=2512
2025,,single_school,founder:00239631,00239631,Obec Pňov-Předhradí,obec,1,1,236000,0,236000,1,2306238,aggregate_candidate_needs_confirmation,,,,,https://monitor.statnipokladna.gov.cz/api/ukazatele?ic=00239631&obdobi=2512
2025,,single_school,founder:00239666,00239666,Obec Poříčany,obec,1,1,3400000,0,3400000,1,36392016,aggregate_candidate_needs_confirmation,,,,,https://monitor.statnipokladna.gov.cz/api/ukazatele?ic=00239666&obdobi=2512
2025,,single_school,founder:00239682,00239682,Obec Přerov nad Labem,obec,1,3,4379872,2021829,6401701,1,24550294,aggregate_candidate_needs_confirmation,,,,,https://monitor.statnipokladna.gov.cz/api/ukazatele?ic=00239682&obdobi=2512
2025,,single_school,founder:00239704,00239704,Obec Ratenice,obec,1,1,548000,0,548000,1,3531930,aggregate_candidate_needs_confirmation,,,,,https://monitor.statnipokladna.gov.cz/api/ukazatele?ic=00239704&obdobi=2512
2025,,single_school,founder:00239712,00239712,Město Rožďalovice,obec,1,1,4262294,0,4262294,1,33995838,aggregate_candidate_needs_confirmation,,,,,https://monitor.statnipokladna.gov.cz/api/ukazatele?ic=00239712&obdobi=2512
2025,,single_school,founder:00239739,00239739,Obec Sány,obec,1,1,630400,0,630400,1,4411168,aggregate_candidate_needs_confirmation,,,,,https://monitor.statnipokladna.gov.cz/api/ukazatele?ic=00239739&obdobi=2512
2025,,single_school,founder:00239763,00239763,Obec Sloveč,obec,1,1,383000,0,383000,1,2701368,aggregate_candidate_needs_confirmation,,,,,https://monitor.statnipokladna.gov.cz/api/ukazatele?ic=00239763&obdobi=2512
2025,,single_school,founder:00239798,00239798,Obec Stará Lysá,obec,1,1,1874708,0,1874708,1,3096686,aggregate_candidate_needs_confirmation,,,,,https://monitor.statnipokladna.gov.cz/api/ukazatele?ic=00239798&obdobi=2512
2025,,single_school,founder:00239810,00239810,Obec Straky,obec,1,1,650000,0,650000,1,6973783,aggregate_candidate_needs_confirmation,,,,,https://monitor.statnipokladna.gov.cz/api/ukazatele?ic=00239810&obdobi=2512
2025,,single_school,founder:00239828,00239828,Obec Stratov,obec,1,1,554057,0,554057,1,3316238,aggregate_candidate_needs_confirmation,,,,,https://monitor.statnipokladna.gov.cz/api/ukazatele?ic=00239828&obdobi=2512
2025,,single_school,founder:00239844,00239844,Obec Tatce,obec,1,1,1720000,0,1720000,1,13599880,aggregate_candidate_needs_confirmation,,,,,https://monitor.statnipokladna.gov.cz/api/ukazatele?ic=00239844&obdobi=2512
2025,,single_school,founder:00239852,00239852,Obec Třebestovice,obec,1,1,800000,0,800000,1,5233502,aggregate_candidate_needs_confirmation,,,,,https://monitor.statnipokladna.gov.cz/api/ukazatele?ic=00239852&obdobi=2512
2025,,single_school,founder:00239861,00239861,Obec Úmyslovice,obec,1,1,570000,0,570000,1,2599328,aggregate_candidate_needs_confirmation,,,,,https://monitor.statnipokladna.gov.cz/api/ukazatele?ic=00239861&obdobi=2512
2025,,single_school,founder:00239933,00239933,Obec Vrbová Lhota,obec,1,1,1350000,0,1350000,1,10752233,aggregate_candidate_needs_confirmation,,,,,https://monitor.statnipokladna.gov.cz/api/ukazatele?ic=00239933&obdobi=2512
2025,,single_school,founder:00239941,00239941,Obec Všechlapy,obec,1,1,608734,0,608734,1,4828732,aggregate_candidate_needs_confirmation,,,,,https://monitor.statnipokladna.gov.cz/api/ukazatele?ic=00239941&obdobi=2512
2025,,single_school,founder:00239992,00239992,Obec Žehuň,obec,1,1,1478020,0,1478020,1,10110487,aggregate_candidate_needs_confirmation,,,,,https://monitor.statnipokladna.gov.cz/api/ukazatele?ic=00239992&obdobi=2512
2025,,single_school,founder:00240028,00240028,Obec Babice,obec,1,1,998186,0,998186,1,5479732,aggregate_candidate_needs_confirmation,,,,,https://monitor.statnipokladna.gov.cz/api/ukazatele?ic=00240028&obdobi=2512
2025,,single_school,founder:00240036,00240036,Obec Bašť,obec,1,1,2200000,0,2200000,1,11265340,aggregate_candidate_needs_confirmation,,,,,https://monitor.statnipokladna.gov.cz/api/ukazatele?ic=00240036&obdobi=2512
2025,,single_school,founder:00240087,00240087,Obec Brázdim,obec,1,1,486268,0,486268,1,7443745,aggregate_candidate_needs_confirmation,,,,,https://monitor.statnipokladna.gov.cz/api/ukazatele?ic=00240087&obdobi=2512
2025,,missing_finm_total,founder:00240109,00240109,Městská část Praha - Březiněves,obec,1,0,0,0,0,1,12532700,founder_source_required,,,,,https://monitor.statnipokladna.gov.cz/api/ukazatele?ic=00240109&obdobi=2512
2025,,single_school,founder:00240125,00240125,Obec Čestlice,obec,1,2,2250000,0,2250000,1,21209913,aggregate_candidate_needs_confirmation,,,,,https://monitor.statnipokladna.gov.cz/api/ukazatele?ic=00240125&obdobi=2512
2025,,single_school,founder:00240141,00240141,Obec Dobřejovice,obec,1,1,1230000,0,1230000,1,6064193,aggregate_candidate_needs_confirmation,,,,,https://monitor.statnipokladna.gov.cz/api/ukazatele?ic=00240141&obdobi=2512
2025,,single_school,founder:00240176,00240176,Obec Dřevčice,obec,1,1,1379500,0,1379500,1,9532587,aggregate_candidate_needs_confirmation,,,,,https://monitor.statnipokladna.gov.cz/api/ukazatele?ic=00240176&obdobi=2512
2025,,single_school,founder:00240206,00240206,Obec Horoušany,obec,1,1,870000,0,870000,1,6240837,aggregate_candidate_needs_confirmation,,,,,https://monitor.statnipokladna.gov.cz/api/ukazatele?ic=00240206&obdobi=2512
2025,,single_school,founder:00240214,00240214,Obec Hovorčovice,obec,1,2,7893324,0,7893324,1,61969109,aggregate_candidate_needs_confirmation,,,,,https://monitor.statnipokladna.gov.cz/api/ukazatele?ic=00240214&obdobi=2512
2025,,single_school,founder:00240222,00240222,Obec Hrusice,obec,1,1,514699,0,514699,1,3122060,aggregate_candidate_needs_confirmation,,,,,https://monitor.statnipokladna.gov.cz/api/ukazatele?ic=00240222&obdobi=2512
2025,,single_school,founder:00240231,00240231,Obec Husinec,obec,1,1,5727872,0,5727872,1,24005670,aggregate_candidate_needs_confirmation,,,,,https://monitor.statnipokladna.gov.cz/api/ukazatele?ic=00240231&obdobi=2512
2025,,single_school,founder:00240249,00240249,Obec Jenštejn,obec,1,1,1000000,0,1000000,1,7371472,aggregate_candidate_needs_confirmation,,,,,https://monitor.statnipokladna.gov.cz/api/ukazatele?ic=00240249&obdobi=2512
2025,,single_school,founder:00240303,00240303,Obec Klíčany,obec,1,1,807000,0,807000,1,6283478,aggregate_candidate_needs_confirmation,,,,,https://monitor.statnipokladna.gov.cz/api/ukazatele?ic=00240303&obdobi=2512
2025,,single_school,founder:00240320,00240320,Obec Kojetice,obec,1,1,1823600,0,1823600,1,10377525,aggregate_candidate_needs_confirmation,,,,,https://monitor.statnipokladna.gov.cz/api/ukazatele?ic=00240320&obdobi=2512
2025,,missing_finm_total,founder:00240338,00240338,Městská část Praha - Koloděje,obec,1,0,0,0,0,1,20715046,founder_source_required,,,,,https://monitor.statnipokladna.gov.cz/api/ukazatele?ic=00240338&obdobi=2512
2025,,missing_finm_total,founder:00240389,00240389,Městská část Praha - Křeslice,obec,1,0,0,0,0,1,3062805,founder_source_required,,,,,https://monitor.statnipokladna.gov.cz/api/ukazatele?ic=00240389&obdobi=2512
2025,,single_school,founder:00240435,00240435,Obec Louňovice,obec,1,1,750000,0,750000,1,5373318,aggregate_candidate_needs_confirmation,,,,,https://monitor.statnipokladna.gov.cz/api/ukazatele?ic=00240435&obdobi=2512
2025,,single_school,founder:00240443,00240443,Obec Máslovice,obec,1,1,489000,0,489000,1,3105683,aggregate_candidate_needs_confirmation,,,,,https://monitor.statnipokladna.gov.cz/api/ukazatele?ic=00240443&obdobi=2512
2025,,single_school,founder:00240451,00240451,Obec Měšice,obec,1,1,900000,0,900000,1,7307104,aggregate_candidate_needs_confirmation,,,,,https://monitor.statnipokladna.gov.cz/api/ukazatele?ic=00240451&obdobi=2512
2025,,single_school,founder:00240494,00240494,Obec Mratín,obec,1,2,1164296,108500,1272796,1,7593867,aggregate_candidate_needs_confirmation,,,,,https://monitor.statnipokladna.gov.cz/api/ukazatele?ic=00240494&obdobi=2512
2025,,single_school,founder:00240532,00240532,Obec Nová Ves,obec,1,1,1450000,0,1450000,1,7698507,aggregate_candidate_needs_confirmation,,,,,https://monitor.statnipokladna.gov.cz/api/ukazatele?ic=00240532&obdobi=2512
2025,,single_school,founder:00240583,00240583,Obec Panenské Břežany,obec,1,2,1420000,0,1420000,1,7639592,aggregate_candidate_needs_confirmation,,,,,https://monitor.statnipokladna.gov.cz/api/ukazatele?ic=00240583&obdobi=2512
2025,,single_school,founder:00240591,00240591,Obec Petříkov,obec,1,1,600000,0,600000,1,5212994,aggregate_candidate_needs_confirmation,,,,,https://monitor.statnipokladna.gov.cz/api/ukazatele?ic=00240591&obdobi=2512
2025,,single_school,founder:00240613,00240613,obec Polerady,obec,1,1,1783437,0,1783437,1,6448785,aggregate_candidate_needs_confirmation,,,,,https://monitor.statnipokladna.gov.cz/api/ukazatele?ic=00240613&obdobi=2512
2025,,single_school,founder:00240621,00240621,Obec Postřižín,obec,1,1,1400000,0,1400000,1,6812451,aggregate_candidate_needs_confirmation,,,,,https://monitor.statnipokladna.gov.cz/api/ukazatele?ic=00240621&obdobi=2512
2025,,single_school,founder:00240630,00240630,Obec Předboj,obec,1,1,1441466,0,1441466,1,8183213,aggregate_candidate_needs_confirmation,,,,,https://monitor.statnipokladna.gov.cz/api/ukazatele?ic=00240630&obdobi=2512
2025,,single_school,founder:00240681,00240681,Obec Radonice,obec,1,1,7200000,0,7200000,1,30659306,aggregate_candidate_needs_confirmation,,,,,https://monitor.statnipokladna.gov.cz/api/ukazatele?ic=00240681&obdobi=2512
2025,,single_school,founder:00240699,00240699,Obec Řehenice,obec,1,1,645000,0,645000,1,3942134,aggregate_candidate_needs_confirmation,,,,,https://monitor.statnipokladna.gov.cz/api/ukazatele?ic=00240699&obdobi=2512
2025,,single_school,founder:00240737,00240737,Obec Senohraby,obec,1,1,3000000,0,3000000,1,19896210,aggregate_candidate_needs_confirmation,,,,,https://monitor.statnipokladna.gov.cz/api/ukazatele?ic=00240737&obdobi=2512
2025,,single_school,founder:00240745,00240745,Obec Sibřina,obec,1,1,2628804,0,2628804,1,17875549,aggregate_candidate_needs_confirmation,,,,,https://monitor.statnipokladna.gov.cz/api/ukazatele?ic=00240745&obdobi=2512
2025,,single_school,founder:00240753,00240753,Obec Sluhy,obec,1,1,2816250,0,2816250,1,13304132,aggregate_candidate_needs_confirmation,,,,,https://monitor.statnipokladna.gov.cz/api/ukazatele?ic=00240753&obdobi=2512
2025,,single_school,founder:00240834,00240834,Obec Svojetice,obec,1,1,2090137,0,2090137,1,11257067,aggregate_candidate_needs_confirmation,,,,,https://monitor.statnipokladna.gov.cz/api/ukazatele?ic=00240834&obdobi=2512
2025,,single_school,founder:00240877,00240877,Obec Tehov,obec,1,1,2600434,0,2600434,1,16549757,aggregate_candidate_needs_confirmation,,,,,https://monitor.statnipokladna.gov.cz/api/ukazatele?ic=00240877&obdobi=2512
2025,,single_school,founder:00240893,00240893,Městys Lázně Toušeň,obec,1,1,1440000,0,1440000,1,19211518,aggregate_candidate_needs_confirmation,,,,,https://monitor.statnipokladna.gov.cz/api/ukazatele?ic=00240893&obdobi=2512
2025,,single_school,founder:00240940,00240940,Obec Veleň,obec,1,1,3500000,0,3500000,1,46604545,aggregate_candidate_needs_confirmation,,,,,https://monitor.statnipokladna.gov.cz/api/ukazatele?ic=00240940&obdobi=2512
2025,,missing_finm_total,founder:00240982,00240982,Městská část Praha - Vinoř,obec,1,0,0,0,0,1,83182386,founder_source_required,,,,,https://monitor.statnipokladna.gov.cz/api/ukazatele?ic=00240982&obdobi=2512
2025,,single_school,founder:00240991,00240991,Obec Vodochody,obec,1,1,360080,0,360080,1,4563767,aggregate_candidate_needs_confirmation,,,,,https://monitor.statnipokladna.gov.cz/api/ukazatele?ic=00240991&obdobi=2512
2025,,single_school,founder:00241016,00241016,Obec Všestary,obec,1,2,2891600,0,2891600,1,8465498,aggregate_candidate_needs_confirmation,,,,,https://monitor.statnipokladna.gov.cz/api/ukazatele?ic=00241016&obdobi=2512
2025,,single_school,founder:00241024,00241024,Obec Vyšehořovice,obec,1,1,345000,0,345000,1,2322927,aggregate_candidate_needs_confirmation,,,,,https://monitor.statnipokladna.gov.cz/api/ukazatele?ic=00241024&obdobi=2512
2025,,single_school,founder:00241032,00241032,Obec Zdiby,obec,1,1,4580000,0,4580000,1,34820262,aggregate_candidate_needs_confirmation,,,,,https://monitor.statnipokladna.gov.cz/api/ukazatele?ic=00241032&obdobi=2512
2025,,single_school,founder:00241067,00241067,Obec Zlonín,obec,1,1,1200000,0,1200000,1,7158369,aggregate_candidate_needs_confirmation,,,,,https://monitor.statnipokladna.gov.cz/api/ukazatele?ic=00241067&obdobi=2512
2025,,single_school,founder:00241075,00241075,Obec Zvánovice,obec,1,1,410000,0,410000,1,3220305,aggregate_candidate_needs_confirmation,,,,,https://monitor.statnipokladna.gov.cz/api/ukazatele?ic=00241075&obdobi=2512
2025,,single_school,founder:00241148,00241148,Obec Čisovice,obec,1,1,2381000,0,2381000,1,17712395,aggregate_candidate_needs_confirmation,,,,,https://monitor.statnipokladna.gov.cz/api/ukazatele?ic=00241148&obdobi=2512
2025,,single_school,founder:00241164,00241164,Obec Dobrovíz,obec,1,1,1000000,0,1000000,1,6855513,aggregate_candidate_needs_confirmation,,,,,https://monitor.statnipokladna.gov.cz/api/ukazatele?ic=00241164&obdobi=2512
2025,,single_school,founder:00241211,00241211,Obec Holubice,obec,1,1,2515000,0,2515000,1,10649503,aggregate_candidate_needs_confirmation,,,,,https://monitor.statnipokladna.gov.cz/api/ukazatele?ic=00241211&obdobi=2512
2025,,single_school,founder:00241253,00241253,Zřizovatel IČO 00241253,obec,1,1,724000,0,724000,1,4711349,aggregate_candidate_needs_confirmation,,,,,https://monitor.statnipokladna.gov.cz/api/ukazatele?ic=00241253&obdobi=2512
2025,,single_school,founder:00241288,00241288,Obec Chrášťany,obec,1,1,1830000,0,1830000,1,14773446,aggregate_candidate_needs_confirmation,,,,,https://monitor.statnipokladna.gov.cz/api/ukazatele?ic=00241288&obdobi=2512
2025,,single_school,founder:00241296,00241296,Město Chýně,obec,1,1,9451000,0,9451000,1,85689343,aggregate_candidate_needs_confirmation,,,,,https://monitor.statnipokladna.gov.cz/api/ukazatele?ic=00241296&obdobi=2512
2025,,single_school,founder:00241300,00241300,Obec Jeneč,obec,1,1,2764258,0,2764258,1,13500467,aggregate_candidate_needs_confirmation,,,,,https://monitor.statnipokladna.gov.cz/api/ukazatele?ic=00241300&obdobi=2512
2025,,single_school,founder:00241334,00241334,Obec Jíloviště,obec,1,1,320000,0,320000,1,2898666,aggregate_candidate_needs_confirmation,,,,,https://monitor.statnipokladna.gov.cz/api/ukazatele?ic=00241334&obdobi=2512
2025,,single_school,founder:00241351,00241351,Obec Kamenný Přívoz,obec,1,1,1400000,0,1400000,1,13498872,aggregate_candidate_needs_confirmation,,,,,https://monitor.statnipokladna.gov.cz/api/ukazatele?ic=00241351&obdobi=2512
2025,,single_school,founder:00241377,00241377,Obec Kněževes,obec,1,1,270000,0,270000,1,4235633,aggregate_candidate_needs_confirmation,,,,,https://monitor.statnipokladna.gov.cz/api/ukazatele?ic=00241377&obdobi=2512
2025,,single_school,founder:00241385,00241385,Obec Kosoř,obec,1,2,2304420,1066400,3370820,1,9191260,aggregate_candidate_needs_confirmation,,,,,https://monitor.statnipokladna.gov.cz/api/ukazatele?ic=00241385&obdobi=2512
2025,,single_school,founder:00241393,00241393,Zřizovatel IČO 00241393,obec,1,2,2400000,0,2400000,1,2400000,aggregate_candidate_needs_confirmation,,,,,https://monitor.statnipokladna.gov.cz/api/ukazatele?ic=00241393&obdobi=2512
2025,,single_school,founder:00241415,00241415,Obec Libeř,obec,1,1,935000,0,935000,1,7066321,aggregate_candidate_needs_confirmation,,,,,https://monitor.statnipokladna.gov.cz/api/ukazatele?ic=00241415&obdobi=2512
2025,,single_school,founder:00241440,00241440,Obec Líšnice,obec,1,2,2350000,0,2350000,1,16879418,aggregate_candidate_needs_confirmation,,,,,https://monitor.statnipokladna.gov.cz/api/ukazatele?ic=00241440&obdobi=2512
2025,,missing_finm_total,founder:00241458,00241458,Městská část Praha - Lochkov,obec,1,0,0,0,0,1,6316202,founder_source_required,,,,,https://monitor.statnipokladna.gov.cz/api/ukazatele?ic=00241458&obdobi=2512
2025,,single_school,founder:00241482,00241482,Obec Měchenice,obec,1,1,573000,0,573000,1,3141618,aggregate_candidate_needs_confirmation,,,,,https://monitor.statnipokladna.gov.cz/api/ukazatele?ic=00241482&obdobi=2512
2025,,single_school,founder:00241491,00241491,Obec Ohrobec,obec,1,1,1882706,0,1882706,1,16567519,aggregate_candidate_needs_confirmation,,,,,https://monitor.statnipokladna.gov.cz/api/ukazatele?ic=00241491&obdobi=2512
2025,,single_school,founder:00241504,00241504,Obec Okrouhlo,obec,1,1,629000,0,629000,1,4337673,aggregate_candidate_needs_confirmation,,,,,https://monitor.statnipokladna.gov.cz/api/ukazatele?ic=00241504&obdobi=2512
2025,,single_school,founder:00241539,00241539,obec Petrov,obec,1,1,600000,0,600000,1,2851687,aggregate_candidate_needs_confirmation,,,,,https://monitor.statnipokladna.gov.cz/api/ukazatele?ic=00241539&obdobi=2512
2025,,single_school,founder:00241555,00241555,Obec Pohoří,obec,1,1,418100,0,418100,1,2870874,aggregate_candidate_needs_confirmation,,,,,https://monitor.statnipokladna.gov.cz/api/ukazatele?ic=00241555&obdobi=2512
2025,,single_school,founder:00241644,00241644,Obec Řitka,obec,1,1,1029000,0,1029000,1,6531213,aggregate_candidate_needs_confirmation,,,,,https://monitor.statnipokladna.gov.cz/api/ukazatele?ic=00241644&obdobi=2512
2025,,single_school,founder:00241652,00241652,Obec Slapy,obec,1,1,1530000,0,1530000,1,15896235,aggregate_candidate_needs_confirmation,,,,,https://monitor.statnipokladna.gov.cz/api/ukazatele?ic=00241652&obdobi=2512
2025,,missing_finm_total,founder:00241661,00241661,Městská část Praha - Slivenec,obec,1,0,0,0,0,1,58771705,founder_source_required,,,,,https://monitor.statnipokladna.gov.cz/api/ukazatele?ic=00241661&obdobi=2512
2025,,missing_finm_total,founder:00241717,00241717,Městská část Praha - Šeberov,obec,1,0,0,0,0,1,30236349,founder_source_required,,,,,https://monitor.statnipokladna.gov.cz/api/ukazatele?ic=00241717&obdobi=2512
2025,,single_school,founder:00241741,00241741,Obec Třebotov,obec,1,1,7514281,0,7514281,1,38885497,aggregate_candidate_needs_confirmation,,,,,https://monitor.statnipokladna.gov.cz/api/ukazatele?ic=00241741&obdobi=2512
2025,,single_school,founder:00241750,00241750,Obec Tuchoměřice,obec,1,1,2788000,0,2788000,1,17703040,aggregate_candidate_needs_confirmation,,,,,https://monitor.statnipokladna.gov.cz/api/ukazatele?ic=00241750&obdobi=2512
2025,,single_school,founder:00241792,00241792,Obec Únětice,obec,1,1,1600000,0,1600000,1,21761082,aggregate_candidate_needs_confirmation,,,,,https://monitor.statnipokladna.gov.cz/api/ukazatele?ic=00241792&obdobi=2512
2025,,single_school,founder:00241849,00241849,Obec Všenory,obec,1,2,4240000,0,4240000,1,40862396,aggregate_candidate_needs_confirmation,,,,,https://monitor.statnipokladna.gov.cz/api/ukazatele?ic=00241849&obdobi=2512
2025,,single_school,founder:00241873,00241873,Obec Zlatníky - Hodkovice,obec,1,1,7916280,0,7916280,1,19560477,aggregate_candidate_needs_confirmation,,,,,https://monitor.statnipokladna.gov.cz/api/ukazatele?ic=00241873&obdobi=2512
2025,,missing_finm_total,founder:00241881,00241881,Městská část Praha - Zličín,obec,1,0,0,0,0,1,98877626,founder_source_required,,,,,https://monitor.statnipokladna.gov.cz/api/ukazatele?ic=00241881&obdobi=2512
2025,,single_school,founder:00241962,00241962,Obec Borotice,obec,1,1,176000,0,176000,1,2874846,aggregate_candidate_needs_confirmation,,,,,https://monitor.statnipokladna.gov.cz/api/ukazatele?ic=00241962&obdobi=2512
2025,,single_school,founder:00242055,00242055,Obec Čenkov,obec,1,1,830000,0,830000,1,4844621,aggregate_candidate_needs_confirmation,,,,,https://monitor.statnipokladna.gov.cz/api/ukazatele?ic=00242055&obdobi=2512
2025,,single_school,founder:00242101,00242101,Obec Dolní Hbity,obec,1,1,3690000,0,3690000,1,20497163,aggregate_candidate_needs_confirmation,,,,,https://monitor.statnipokladna.gov.cz/api/ukazatele?ic=00242101&obdobi=2512
2025,,single_school,founder:00242128,00242128,Obec Drahlín,obec,1,1,500000,0,500000,1,4354161,aggregate_candidate_needs_confirmation,,,,,https://monitor.statnipokladna.gov.cz/api/ukazatele?ic=00242128&obdobi=2512
2025,,single_school,founder:00242161,00242161,Obec Drhovy,obec,1,1,470000,0,470000,1,2876844,aggregate_candidate_needs_confirmation,,,,,https://monitor.statnipokladna.gov.cz/api/ukazatele?ic=00242161&obdobi=2512
2025,,single_school,founder:00242195,00242195,Obec Dublovice,obec,1,1,1300000,0,1300000,1,13554249,aggregate_candidate_needs_confirmation,,,,,https://monitor.statnipokladna.gov.cz/api/ukazatele?ic=00242195&obdobi=2512
2025,,single_school,founder:00242225,00242225,Obec Hluboš,obec,1,1,1306217,0,1306217,1,10519784,aggregate_candidate_needs_confirmation,,,,,https://monitor.statnipokladna.gov.cz/api/ukazatele?ic=00242225&obdobi=2512
2025,,single_school,founder:00242292,00242292,Obec Hvožďany,obec,1,1,2007000,0,2007000,1,15889344,aggregate_candidate_needs_confirmation,,,,,https://monitor.statnipokladna.gov.cz/api/ukazatele?ic=00242292&obdobi=2512
2025,,single_school,founder:00242331,00242331,Obec Chraštice,obec,1,2,4010000,127541,4137541,1,32558945,aggregate_candidate_needs_confirmation,,,,,https://monitor.statnipokladna.gov.cz/api/ukazatele?ic=00242331&obdobi=2512
2025,,single_school,founder:00242373,00242373,Obec Jesenice,obec,1,1,1600000,0,1600000,1,17702609,aggregate_candidate_needs_confirmation,,,,,https://monitor.statnipokladna.gov.cz/api/ukazatele?ic=00242373&obdobi=2512
2025,,single_school,founder:00242381,00242381,Městys Jince,obec,1,1,4309000,0,4309000,1,41071775,aggregate_candidate_needs_confirmation,,,,,https://monitor.statnipokladna.gov.cz/api/ukazatele?ic=00242381&obdobi=2512
2025,,single_school,founder:00242411,00242411,Obec Kamýk nad Vltavou,obec,1,1,2000000,0,2000000,1,24592271,aggregate_candidate_needs_confirmation,,,,,https://monitor.statnipokladna.gov.cz/api/ukazatele?ic=00242411&obdobi=2512
2025,,single_school,founder:00242420,00242420,Obec Klučenice,obec,1,1,2300000,0,2300000,1,10687226,aggregate_candidate_needs_confirmation,,,,,https://monitor.statnipokladna.gov.cz/api/ukazatele?ic=00242420&obdobi=2512
2025,,single_school,founder:00242471,00242471,Obec Kosova Hora,obec,1,2,2500000,0,2500000,1,23448228,aggregate_candidate_needs_confirmation,,,,,https://monitor.statnipokladna.gov.cz/api/ukazatele?ic=00242471&obdobi=2512
2025,,single_school,founder:00242535,00242535,Město Krásná Hora nad Vltavou,obec,1,1,1650000,0,1650000,1,17478724,aggregate_candidate_needs_confirmation,,,,,https://monitor.statnipokladna.gov.cz/api/ukazatele?ic=00242535&obdobi=2512
2025,,single_school,founder:00242608,00242608,Obec Láz,obec,1,2,240000,250000,490000,1,4669845,aggregate_candidate_needs_confirmation,,,,,https://monitor.statnipokladna.gov.cz/api/ukazatele?ic=00242608&obdobi=2512
2025,,single_school,founder:00242691,00242691,Obec Malá Hraštice,obec,1,1,1514100,0,1514100,1,12063103,aggregate_candidate_needs_confirmation,,,,,https://monitor.statnipokladna.gov.cz/api/ukazatele?ic=00242691&obdobi=2512
2025,,single_school,founder:00242764,00242764,Obec Mokrovraty,obec,1,1,765000,0,765000,1,7408334,aggregate_candidate_needs_confirmation,,,,,https://monitor.statnipokladna.gov.cz/api/ukazatele?ic=00242764&obdobi=2512
2025,,single_school,founder:00242772,00242772,Obec Nalžovice,obec,1,1,2290000,0,2290000,1,20267427,aggregate_candidate_needs_confirmation,,,,,https://monitor.statnipokladna.gov.cz/api/ukazatele?ic=00242772&obdobi=2512
2025,,single_school,founder:00242799,00242799,Obec Nečín,obec,1,1,2000000,0,2000000,1,25494475,aggregate_candidate_needs_confirmation,,,,,https://monitor.statnipokladna.gov.cz/api/ukazatele?ic=00242799&obdobi=2512
2025,,single_school,founder:00242829,00242829,Obec Nechvalice,obec,1,2,700000,0,700000,1,7491910,aggregate_candidate_needs_confirmation,,,,,https://monitor.statnipokladna.gov.cz/api/ukazatele?ic=00242829&obdobi=2512
2025,,single_school,founder:00242888,00242888,Město Nový Knín,obec,1,1,4982246,0,4982246,1,41966746,aggregate_candidate_needs_confirmation,,,,,https://monitor.statnipokladna.gov.cz/api/ukazatele?ic=00242888&obdobi=2512
2025,,single_school,founder:00242918,00242918,Obec Obecnice,obec,1,1,4406000,0,4406000,1,26298327,aggregate_candidate_needs_confirmation,,,,,https://monitor.statnipokladna.gov.cz/api/ukazatele?ic=00242918&obdobi=2512
2025,,single_school,founder:00242934,00242934,Obec Obořiště,obec,1,1,220000,0,220000,1,6546759,aggregate_candidate_needs_confirmation,,,,,https://monitor.statnipokladna.gov.cz/api/ukazatele?ic=00242934&obdobi=2512
2025,,single_school,founder:00243001,00243001,Obec Pečice,obec,1,1,534500,0,534500,1,4453639,aggregate_candidate_needs_confirmation,,,,,https://monitor.statnipokladna.gov.cz/api/ukazatele?ic=00243001&obdobi=2512
2025,,single_school,founder:00243035,00243035,Obec Pičín,obec,1,1,714400,0,714400,1,9686678,aggregate_candidate_needs_confirmation,,,,,https://monitor.statnipokladna.gov.cz/api/ukazatele?ic=00243035&obdobi=2512
2025,,single_school,founder:00243060,00243060,Obec Počepice,obec,1,1,950000,0,950000,1,6284008,aggregate_candidate_needs_confirmation,,,,,https://monitor.statnipokladna.gov.cz/api/ukazatele?ic=00243060&obdobi=2512
2025,,single_school,founder:00243116,00243116,Obec Prosenická Lhota,obec,1,1,365000,0,365000,1,3365151,aggregate_candidate_needs_confirmation,,,,,https://monitor.statnipokladna.gov.cz/api/ukazatele?ic=00243116&obdobi=2512
2025,,single_school,founder:00243191,00243191,Obec Rosovice,obec,1,1,970000,0,970000,1,8589800,aggregate_candidate_needs_confirmation,,,,,https://monitor.statnipokladna.gov.cz/api/ukazatele?ic=00243191&obdobi=2512
2025,,single_school,founder:00243311,00243311,Obec Solenice,obec,1,1,867000,0,867000,1,7388642,aggregate_candidate_needs_confirmation,,,,,https://monitor.statnipokladna.gov.cz/api/ukazatele?ic=00243311&obdobi=2512
2025,,single_school,founder:00243329,00243329,Obec Stará Huť,obec,1,1,2000000,0,2000000,1,20288748,aggregate_candidate_needs_confirmation,,,,,https://monitor.statnipokladna.gov.cz/api/ukazatele?ic=00243329&obdobi=2512
2025,,single_school,founder:00243361,00243361,Obec Suchodol,obec,1,1,730000,0,730000,1,8155258,aggregate_candidate_needs_confirmation,,,,,https://monitor.statnipokladna.gov.cz/api/ukazatele?ic=00243361&obdobi=2512
2025,,single_school,founder:00243418,00243418,Obec Tochovice,obec,1,1,958960,0,958960,1,11240903,aggregate_candidate_needs_confirmation,,,,,https://monitor.statnipokladna.gov.cz/api/ukazatele?ic=00243418&obdobi=2512
2025,,single_school,founder:00243442,00243442,Obec Třebsko,obec,1,1,120000,0,120000,1,4223485,aggregate_candidate_needs_confirmation,,,,,https://monitor.statnipokladna.gov.cz/api/ukazatele?ic=00243442&obdobi=2512
2025,,single_school,founder:00243493,00243493,Obec Věšín,obec,1,1,600000,0,600000,1,9144418,aggregate_candidate_needs_confirmation,,,,,https://monitor.statnipokladna.gov.cz/api/ukazatele?ic=00243493&obdobi=2512
2025,,single_school,founder:00243507,00243507,Obec Višňová,obec,1,1,2078000,0,2078000,1,12789325,aggregate_candidate_needs_confirmation,,,,,https://monitor.statnipokladna.gov.cz/api/ukazatele?ic=00243507&obdobi=2512
2025,,single_school,founder:00243515,00243515,Obec Volenice,obec,1,1,500000,0,500000,1,3014831,aggregate_candidate_needs_confirmation,,,,,https://monitor.statnipokladna.gov.cz/api/ukazatele?ic=00243515&obdobi=2512
2025,,single_school,founder:00243558,00243558,Obec Vranovice,obec,1,1,650000,0,650000,1,4527321,aggregate_candidate_needs_confirmation,,,,,https://monitor.statnipokladna.gov.cz/api/ukazatele?ic=00243558&obdobi=2512
2025,,single_school,founder:00243582,00243582,Městys Vysoký Chlumec,obec,1,2,1320000,815874,2135874,1,10565547,aggregate_candidate_needs_confirmation,,,,,https://monitor.statnipokladna.gov.cz/api/ukazatele?ic=00243582&obdobi=2512
2025,,single_school,founder:00243680,00243680,Obec Čistá,obec,1,1,2200000,0,2200000,1,18114194,aggregate_candidate_needs_confirmation,,,,,https://monitor.statnipokladna.gov.cz/api/ukazatele?ic=00243680&obdobi=2512
2025,,single_school,founder:00243710,00243710,Obec Hořesedly,obec,1,1,80000,0,80000,1,2247083,aggregate_candidate_needs_confirmation,,,,,https://monitor.statnipokladna.gov.cz/api/ukazatele?ic=00243710&obdobi=2512
2025,,single_school,founder:00243761,00243761,Obec Hředle,obec,1,1,764440,0,764440,1,7726462,aggregate_candidate_needs_confirmation,,,,,https://monitor.statnipokladna.gov.cz/api/ukazatele?ic=00243761&obdobi=2512
2025,,single_school,founder:00243809,00243809,Obec Chrášťany,obec,1,4,900000,0,900000,1,7799090,aggregate_candidate_needs_confirmation,,,,,https://monitor.statnipokladna.gov.cz/api/ukazatele?ic=00243809&obdobi=2512
2025,,single_school,founder:00243825,00243825,Město Jesenice,obec,1,1,3070000,0,3070000,1,30228990,aggregate_candidate_needs_confirmation,,,,,https://monitor.statnipokladna.gov.cz/api/ukazatele?ic=00243825&obdobi=2512
2025,,single_school,founder:00243868,00243868,Městys Kněževes,obec,1,1,2700000,0,2700000,1,18687637,aggregate_candidate_needs_confirmation,,,,,https://monitor.statnipokladna.gov.cz/api/ukazatele?ic=00243868&obdobi=2512
2025,,single_school,founder:00243884,00243884,Obec Kolešovice,obec,1,2,1990000,0,1990000,1,21076382,aggregate_candidate_needs_confirmation,,,,,https://monitor.statnipokladna.gov.cz/api/ukazatele?ic=00243884&obdobi=2512
2025,,single_school,founder:00243892,00243892,Obec Kounov,obec,1,2,3000000,0,3000000,1,21533366,aggregate_candidate_needs_confirmation,,,,,https://monitor.statnipokladna.gov.cz/api/ukazatele?ic=00243892&obdobi=2512
2025,,single_school,founder:00243931,00243931,Obec Kroučová,obec,1,1,540000,0,540000,1,3485563,aggregate_candidate_needs_confirmation,,,,,https://monitor.statnipokladna.gov.cz/api/ukazatele?ic=00243931&obdobi=2512
2025,,single_school,founder:00243957,00243957,Obec Krupá,obec,1,1,486804,0,486804,1,4321062,aggregate_candidate_needs_confirmation,,,,,https://monitor.statnipokladna.gov.cz/api/ukazatele?ic=00243957&obdobi=2512
2025,,single_school,founder:00243965,00243965,Obec Krušovice,obec,1,1,1400000,0,1400000,1,7586038,aggregate_candidate_needs_confirmation,,,,,https://monitor.statnipokladna.gov.cz/api/ukazatele?ic=00243965&obdobi=2512
2025,,single_school,founder:00243973,00243973,Městys Křivoklát,obec,1,1,2090000,0,2090000,1,21503166,aggregate_candidate_needs_confirmation,,,,,https://monitor.statnipokladna.gov.cz/api/ukazatele?ic=00243973&obdobi=2512
2025,,single_school,founder:00244007,00244007,Obec Lišany,obec,1,1,1110000,0,1110000,1,10707129,aggregate_candidate_needs_confirmation,,,,,https://monitor.statnipokladna.gov.cz/api/ukazatele?ic=00244007&obdobi=2512
2025,,single_school,founder:00244023,00244023,Obec Lubná,obec,1,1,2500000,0,2500000,1,30307240,aggregate_candidate_needs_confirmation,,,,,https://monitor.statnipokladna.gov.cz/api/ukazatele?ic=00244023&obdobi=2512
2025,,single_school,founder:00244031,00244031,Obec Lužná,obec,1,1,3500000,0,3500000,1,25855691,aggregate_candidate_needs_confirmation,,,,,https://monitor.statnipokladna.gov.cz/api/ukazatele?ic=00244031&obdobi=2512
2025,,single_school,founder:00244058,00244058,Obec Městečko,obec,1,1,200000,0,200000,1,2521139,aggregate_candidate_needs_confirmation,,,,,https://monitor.statnipokladna.gov.cz/api/ukazatele?ic=00244058&obdobi=2512
2025,,missing_finm_total,founder:00244091,00244091,Zřizovatel IČO 00244091,obec,1,0,0,0,0,0,0,founder_source_required,,,,,https://monitor.statnipokladna.gov.cz/api/ukazatele?ic=00244091&obdobi=2512
2025,,single_school,founder:00244121,00244121,Obec Nesuchyně,obec,1,1,400000,0,400000,1,2274585,aggregate_candidate_needs_confirmation,,,,,https://monitor.statnipokladna.gov.cz/api/ukazatele?ic=00244121&obdobi=2512
2025,,single_school,founder:00244155,00244155,Město Nové Strašecí,obec,1,3,12100000,725000,12825000,1,100161848,aggregate_candidate_needs_confirmation,,,,,https://monitor.statnipokladna.gov.cz/api/ukazatele?ic=00244155&obdobi=2512
2025,,single_school,founder:00244180,00244180,Obec Olešná,obec,1,1,1450000,0,1450000,1,7332322,aggregate_candidate_needs_confirmation,,,,,https://monitor.statnipokladna.gov.cz/api/ukazatele?ic=00244180&obdobi=2512
2025,,single_school,founder:00244198,00244198,Obec Oráčov,obec,1,1,450000,0,450000,1,2349661,aggregate_candidate_needs_confirmation,,,,,https://monitor.statnipokladna.gov.cz/api/ukazatele?ic=00244198&obdobi=2512
2025,,single_school,founder:00244201,00244201,Obec Panoší Újezd,obec,1,1,375000,0,375000,1,2582645,aggregate_candidate_needs_confirmation,,,,,https://monitor.statnipokladna.gov.cz/api/ukazatele?ic=00244201&obdobi=2512
2025,,single_school,founder:00244210,00244210,Městys Pavlíkov,obec,1,1,1500000,0,1500000,1,10550989,aggregate_candidate_needs_confirmation,,,,,https://monitor.statnipokladna.gov.cz/api/ukazatele?ic=00244210&obdobi=2512
2025,,single_school,founder:00244333,00244333,Obec Ruda,obec,1,1,890000,0,890000,1,7211507,aggregate_candidate_needs_confirmation,,,,,https://monitor.statnipokladna.gov.cz/api/ukazatele?ic=00244333&obdobi=2512
2025,,single_school,founder:00244341,00244341,Obec Rynholec,obec,1,1,1400000,0,1400000,1,6990740,aggregate_candidate_needs_confirmation,,,,,https://monitor.statnipokladna.gov.cz/api/ukazatele?ic=00244341&obdobi=2512
2025,,single_school,founder:00244368,00244368,Obec Řevničov,obec,1,1,2500000,0,2500000,1,27926377,aggregate_candidate_needs_confirmation,,,,,https://monitor.statnipokladna.gov.cz/api/ukazatele?ic=00244368&obdobi=2512
2025,,single_school,founder:00244384,00244384,Městys Senomaty,obec,1,1,1304650,0,1304650,1,11104385,aggregate_candidate_needs_confirmation,,,,,https://monitor.statnipokladna.gov.cz/api/ukazatele?ic=00244384&obdobi=2512
2025,,single_school,founder:00244422,00244422,Obec Slabce,obec,1,3,4182000,0,4182000,1,13776611,aggregate_candidate_needs_confirmation,,,,,https://monitor.statnipokladna.gov.cz/api/ukazatele?ic=00244422&obdobi=2512
2025,,single_school,founder:00244465,00244465,Obec Svojetín,obec,1,1,280000,0,280000,1,2509398,aggregate_candidate_needs_confirmation,,,,,https://monitor.statnipokladna.gov.cz/api/ukazatele?ic=00244465&obdobi=2512
2025,,single_school,founder:00244481,00244481,Obec Šanov,obec,1,1,1854321,0,1854321,1,21825190,aggregate_candidate_needs_confirmation,,,,,https://monitor.statnipokladna.gov.cz/api/ukazatele?ic=00244481&obdobi=2512
2025,,single_school,founder:00244601,00244601,Obec Všetaty,obec,1,1,380000,0,380000,1,2776887,aggregate_candidate_needs_confirmation,,,,,https://monitor.statnipokladna.gov.cz/api/ukazatele?ic=00244601&obdobi=2512
2025,,single_school,founder:00244619,00244619,Obec Zavidov,obec,1,1,441534,0,441534,1,2927677,aggregate_candidate_needs_confirmation,,,,,https://monitor.statnipokladna.gov.cz/api/ukazatele?ic=00244619&obdobi=2512
2025,,single_school,founder:00244627,00244627,Obec Zbečno,obec,1,1,611863,0,611863,1,7189694,aggregate_candidate_needs_confirmation,,,,,https://monitor.statnipokladna.gov.cz/api/ukazatele?ic=00244627&obdobi=2512
2025,,single_school,founder:00244678,00244678,Obec Borek,obec,1,1,770000,0,770000,1,17587652,aggregate_candidate_needs_confirmation,,,,,https://monitor.statnipokladna.gov.cz/api/ukazatele?ic=00244678&obdobi=2512
2025,,single_school,founder:00244724,00244724,Obec Čejkovice,obec,1,1,210000,0,210000,1,2274929,aggregate_candidate_needs_confirmation,,,,,https://monitor.statnipokladna.gov.cz/api/ukazatele?ic=00244724&obdobi=2512
2025,,single_school,founder:00244791,00244791,Městys Dolní Bukovsko,obec,1,1,3800000,0,3800000,1,27476017,aggregate_candidate_needs_confirmation,,,,,https://monitor.statnipokladna.gov.cz/api/ukazatele?ic=00244791&obdobi=2512
2025,,single_school,founder:00244813,00244813,Obec Doudleby,obec,1,1,1100000,0,1100000,1,10355476,aggregate_candidate_needs_confirmation,,,,,https://monitor.statnipokladna.gov.cz/api/ukazatele?ic=00244813&obdobi=2512
2025,,single_school,founder:00244830,00244830,Obec Dříteň,obec,1,1,3890000,0,3890000,1,32653225,aggregate_candidate_needs_confirmation,,,,,https://monitor.statnipokladna.gov.cz/api/ukazatele?ic=00244830&obdobi=2512
2025,,single_school,founder:00244856,00244856,Obec Dubné,obec,1,2,7863470,1136530,9000000,1,52859758,aggregate_candidate_needs_confirmation,,,,,https://monitor.statnipokladna.gov.cz/api/ukazatele?ic=00244856&obdobi=2512
2025,,single_school,founder:00244902,00244902,Obec Homole,obec,1,1,600000,0,600000,1,4759871,aggregate_candidate_needs_confirmation,,,,,https://monitor.statnipokladna.gov.cz/api/ukazatele?ic=00244902&obdobi=2512
2025,,single_school,founder:00244929,00244929,Obec Horní Stropnice,obec,1,1,2752800,0,2752800,1,22530156,aggregate_candidate_needs_confirmation,,,,,https://monitor.statnipokladna.gov.cz/api/ukazatele?ic=00244929&obdobi=2512
2025,,single_school,founder:00244937,00244937,Obec Hosín,obec,1,1,872000,0,872000,1,11264243,aggregate_candidate_needs_confirmation,,,,,https://monitor.statnipokladna.gov.cz/api/ukazatele?ic=00244937&obdobi=2512
2025,,single_school,founder:00245003,00245003,Obec Chrášťany,obec,1,1,3600000,0,3600000,1,22808870,aggregate_candidate_needs_confirmation,,,,,https://monitor.statnipokladna.gov.cz/api/ukazatele?ic=00245003&obdobi=2512
2025,,single_school,founder:00245038,00245038,Obec Jílovice,obec,1,1,1375000,0,1375000,1,12754768,aggregate_candidate_needs_confirmation,,,,,https://monitor.statnipokladna.gov.cz/api/ukazatele?ic=00245038&obdobi=2512
2025,,single_school,founder:00245062,00245062,Obec Kamenný Újezd,obec,1,1,6138000,0,6138000,1,46755650,aggregate_candidate_needs_confirmation,,,,,https://monitor.statnipokladna.gov.cz/api/ukazatele?ic=00245062&obdobi=2512
2025,,single_school,founder:00245135,00245135,Městys Ledenice,obec,1,1,4500000,0,4500000,1,45429783,aggregate_candidate_needs_confirmation,,,,,https://monitor.statnipokladna.gov.cz/api/ukazatele?ic=00245135&obdobi=2512
2025,,single_school,founder:00245160,00245160,Obec Lipí,obec,1,1,600000,0,600000,1,4799935,aggregate_candidate_needs_confirmation,,,,,https://monitor.statnipokladna.gov.cz/api/ukazatele?ic=00245160&obdobi=2512
2025,,single_school,founder:00245178,00245178,Město Lišov,obec,1,2,13689437,16087133,29776570,1,74603757,aggregate_candidate_needs_confirmation,,,,,https://monitor.statnipokladna.gov.cz/api/ukazatele?ic=00245178&obdobi=2512
2025,,single_school,founder:00245194,00245194,Obec Litvínovice,obec,1,1,4774916,0,4774916,1,36088182,aggregate_candidate_needs_confirmation,,,,,https://monitor.statnipokladna.gov.cz/api/ukazatele?ic=00245194&obdobi=2512
2025,,single_school,founder:00245208,00245208,Obec Ločenice,obec,1,1,454894,0,454894,1,2721755,aggregate_candidate_needs_confirmation,,,,,https://monitor.statnipokladna.gov.cz/api/ukazatele?ic=00245208&obdobi=2512
2025,,single_school,founder:00245216,00245216,Obec Mladošovice,obec,1,1,600000,0,600000,1,2780778,aggregate_candidate_needs_confirmation,,,,,https://monitor.statnipokladna.gov.cz/api/ukazatele?ic=00245216&obdobi=2512
2025,,single_school,founder:00245224,00245224,Obec Nedabyle,obec,1,1,950400,0,950400,1,13217277,aggregate_candidate_needs_confirmation,,,,,https://monitor.statnipokladna.gov.cz/api/ukazatele?ic=00245224&obdobi=2512
2025,,single_school,founder:00245283,00245283,Obec Olešnice,obec,1,1,510000,0,510000,1,11556252,aggregate_candidate_needs_confirmation,,,,,https://monitor.statnipokladna.gov.cz/api/ukazatele?ic=00245283&obdobi=2512
2025,,single_school,founder:00245291,00245291,Obec Olešník,obec,1,1,2100000,0,2100000,1,10758696,aggregate_candidate_needs_confirmation,,,,,https://monitor.statnipokladna.gov.cz/api/ukazatele?ic=00245291&obdobi=2512
2025,,single_school,founder:00245372,00245372,Obec Roudné,obec,1,1,734000,0,734000,1,6138846,aggregate_candidate_needs_confirmation,,,,,https://monitor.statnipokladna.gov.cz/api/ukazatele?ic=00245372&obdobi=2512
2025,,single_school,founder:00245381,00245381,Město Rudolfov,obec,1,1,8503000,0,8503000,1,66964622,aggregate_candidate_needs_confirmation,,,,,https://monitor.statnipokladna.gov.cz/api/ukazatele?ic=00245381&obdobi=2512
2025,,single_school,founder:00245402,00245402,Obec Římov,obec,1,1,1200000,0,1200000,1,11967966,aggregate_candidate_needs_confirmation,,,,,https://monitor.statnipokladna.gov.cz/api/ukazatele?ic=00245402&obdobi=2512
2025,,single_school,founder:00245411,00245411,Obec Sedlec,obec,1,1,555233,0,555233,1,2900483,aggregate_candidate_needs_confirmation,,,,,https://monitor.statnipokladna.gov.cz/api/ukazatele?ic=00245411&obdobi=2512
2025,,single_school,founder:00245429,00245429,Obec Slavče,obec,1,1,594000,0,594000,1,5157254,aggregate_candidate_needs_confirmation,,,,,https://monitor.statnipokladna.gov.cz/api/ukazatele?ic=00245429&obdobi=2512
2025,,single_school,founder:00245445,00245445,Obec Srubec,obec,1,2,4502624,120884,4623508,1,26076699,aggregate_candidate_needs_confirmation,,,,,https://monitor.statnipokladna.gov.cz/api/ukazatele?ic=00245445&obdobi=2512
2025,,single_school,founder:00245453,00245453,Obec Staré Hodějovice,obec,1,1,750000,0,750000,1,4242574,aggregate_candidate_needs_confirmation,,,,,https://monitor.statnipokladna.gov.cz/api/ukazatele?ic=00245453&obdobi=2512
2025,,single_school,founder:00245461,00245461,Obec Strážkovice,obec,1,1,620972,0,620972,1,5340921,aggregate_candidate_needs_confirmation,,,,,https://monitor.statnipokladna.gov.cz/api/ukazatele?ic=00245461&obdobi=2512
2025,,single_school,founder:00245488,00245488,Obec Svatý Jan nad Malší,obec,1,1,1000000,0,1000000,1,9730861,aggregate_candidate_needs_confirmation,,,,,https://monitor.statnipokladna.gov.cz/api/ukazatele?ic=00245488&obdobi=2512
2025,,single_school,founder:00245500,00245500,Městys Ševětín,obec,1,1,7076171,0,7076171,1,50566973,aggregate_candidate_needs_confirmation,,,,,https://monitor.statnipokladna.gov.cz/api/ukazatele?ic=00245500&obdobi=2512
2025,,single_school,founder:00245518,00245518,Obec Štěpánovice,obec,1,1,1600000,0,1600000,1,15330528,aggregate_candidate_needs_confirmation,,,,,https://monitor.statnipokladna.gov.cz/api/ukazatele?ic=00245518&obdobi=2512
2025,,single_school,founder:00245534,00245534,Obec Temelín,obec,1,1,1530000,0,1530000,1,8931372,aggregate_candidate_needs_confirmation,,,,,https://monitor.statnipokladna.gov.cz/api/ukazatele?ic=00245534&obdobi=2512
2025,,single_school,founder:00245607,00245607,Obec Včelná,obec,1,2,1410000,300000,1710000,1,11840842,aggregate_candidate_needs_confirmation,,,,,https://monitor.statnipokladna.gov.cz/api/ukazatele?ic=00245607&obdobi=2512
2025,,single_school,founder:00245666,00245666,Obec Všemyslice,obec,1,1,1280000,0,1280000,1,14383384,aggregate_candidate_needs_confirmation,,,,,https://monitor.statnipokladna.gov.cz/api/ukazatele?ic=00245666&obdobi=2512
2025,,single_school,founder:00245747,00245747,Obec Žabovřesky,obec,1,1,296300,0,296300,1,2819768,aggregate_candidate_needs_confirmation,,,,,https://monitor.statnipokladna.gov.cz/api/ukazatele?ic=00245747&obdobi=2512
2025,,single_school,founder:00245763,00245763,Obec Žimutice,obec,1,1,450000,0,450000,1,5640208,aggregate_candidate_needs_confirmation,,,,,https://monitor.statnipokladna.gov.cz/api/ukazatele?ic=00245763&obdobi=2512
2025,,single_school,founder:00245780,00245780,Obec Benešov nad Černou,obec,1,1,1849000,0,1849000,1,21636167,aggregate_candidate_needs_confirmation,,,,,https://monitor.statnipokladna.gov.cz/api/ukazatele?ic=00245780&obdobi=2512
2025,,single_school,founder:00245798,00245798,Městys Besednice,obec,1,1,2750000,0,2750000,1,24360755,aggregate_candidate_needs_confirmation,,,,,https://monitor.statnipokladna.gov.cz/api/ukazatele?ic=00245798&obdobi=2512
2025,,single_school,founder:00245801,00245801,Obec Brloh,obec,1,1,3224904,0,3224904,1,24841263,aggregate_candidate_needs_confirmation,,,,,https://monitor.statnipokladna.gov.cz/api/ukazatele?ic=00245801&obdobi=2512
2025,,single_school,founder:00245810,00245810,Obec Bujanov,obec,1,1,670000,0,670000,1,6940919,aggregate_candidate_needs_confirmation,,,,,https://monitor.statnipokladna.gov.cz/api/ukazatele?ic=00245810&obdobi=2512
2025,,single_school,founder:00245828,00245828,Obec Černá v Pošumaví,obec,1,1,2698255,0,2698255,1,11086574,aggregate_candidate_needs_confirmation,,,,,https://monitor.statnipokladna.gov.cz/api/ukazatele?ic=00245828&obdobi=2512
2025,,single_school,founder:00245844,00245844,Obec Dolní Dvořiště,obec,1,1,3272000,0,3272000,1,14746006,aggregate_candidate_needs_confirmation,,,,,https://monitor.statnipokladna.gov.cz/api/ukazatele?ic=00245844&obdobi=2512
2025,,single_school,founder:00245852,00245852,Obec Dolní Třebonín,obec,1,1,2600000,0,2600000,1,11598928,aggregate_candidate_needs_confirmation,,,,,https://monitor.statnipokladna.gov.cz/api/ukazatele?ic=00245852&obdobi=2512
2025,,single_school,founder:00245861,00245861,Městys Frymburk,obec,1,1,5000000,0,5000000,1,36216785,aggregate_candidate_needs_confirmation,,,,,https://monitor.statnipokladna.gov.cz/api/ukazatele?ic=00245861&obdobi=2512
2025,,single_school,founder:00245879,00245879,Obec Holubov,obec,1,1,1150000,0,1150000,1,10786970,aggregate_candidate_needs_confirmation,,,,,https://monitor.statnipokladna.gov.cz/api/ukazatele?ic=00245879&obdobi=2512
2025,,single_school,founder:00245887,00245887,Obec Horní Dvořiště,obec,1,2,2000000,0,2000000,1,5903847,aggregate_candidate_needs_confirmation,,,,,https://monitor.statnipokladna.gov.cz/api/ukazatele?ic=00245887&obdobi=2512
2025,,single_school,founder:00245895,00245895,Město Horní Planá,obec,1,1,3990000,0,3990000,1,30784986,aggregate_candidate_needs_confirmation,,,,,https://monitor.statnipokladna.gov.cz/api/ukazatele?ic=00245895&obdobi=2512
2025,,single_school,founder:00245909,00245909,Městys Hořice na Šumavě,obec,1,1,2304000,0,2304000,1,13002120,aggregate_candidate_needs_confirmation,,,,,https://monitor.statnipokladna.gov.cz/api/ukazatele?ic=00245909&obdobi=2512
2025,,single_school,founder:00245925,00245925,Obec Chvalšiny,obec,1,1,2350000,0,2350000,1,21662194,aggregate_candidate_needs_confirmation,,,,,https://monitor.statnipokladna.gov.cz/api/ukazatele?ic=00245925&obdobi=2512
2025,,single_school,founder:00245933,00245933,Obec Kájov,obec,1,1,3053000,0,3053000,1,20017978,aggregate_candidate_needs_confirmation,,,,,https://monitor.statnipokladna.gov.cz/api/ukazatele?ic=00245933&obdobi=2512
2025,,single_school,founder:00245950,00245950,Městys Křemže,obec,1,1,6000000,0,6000000,1,54270164,aggregate_candidate_needs_confirmation,,,,,https://monitor.statnipokladna.gov.cz/api/ukazatele?ic=00245950&obdobi=2512
2025,,single_school,founder:00245976,00245976,Obec Lipno nad Vltavou,obec,1,1,3404433,0,3404433,1,13891197,aggregate_candidate_needs_confirmation,,,,,https://monitor.statnipokladna.gov.cz/api/ukazatele?ic=00245976&obdobi=2512
2025,,single_school,founder:00245984,00245984,Obec Loučovice,obec,1,1,5744498,0,5744498,1,28847449,aggregate_candidate_needs_confirmation,,,,,https://monitor.statnipokladna.gov.cz/api/ukazatele?ic=00245984&obdobi=2512
2025,,single_school,founder:00245992,00245992,Obec Malonty,obec,1,1,4250000,0,4250000,1,26987037,aggregate_candidate_needs_confirmation,,,,,https://monitor.statnipokladna.gov.cz/api/ukazatele?ic=00245992&obdobi=2512
2025,,single_school,founder:00246018,00246018,Obec Netřebice,obec,1,1,450000,0,450000,1,4178186,aggregate_candidate_needs_confirmation,,,,,https://monitor.statnipokladna.gov.cz/api/ukazatele?ic=00246018&obdobi=2512
2025,,single_school,founder:00246093,00246093,Městys Přídolí,obec,1,2,1949407,150000,2099407,1,14238768,aggregate_candidate_needs_confirmation,,,,,https://monitor.statnipokladna.gov.cz/api/ukazatele?ic=00246093&obdobi=2512
2025,,single_school,founder:00246123,00246123,Obec Rožmitál na Šumavě,obec,1,1,1230000,0,1230000,1,4900777,aggregate_candidate_needs_confirmation,,,,,https://monitor.statnipokladna.gov.cz/api/ukazatele?ic=00246123&obdobi=2512
2025,,single_school,founder:00246182,00246182,Město Větřní,obec,1,1,10627244,0,10627244,1,50350264,aggregate_candidate_needs_confirmation,,,,,https://monitor.statnipokladna.gov.cz/api/ukazatele?ic=00246182&obdobi=2512
2025,,single_school,founder:00246191,00246191,Město Vyšší Brod,obec,1,2,7800000,367000,8167000,1,40767687,aggregate_candidate_needs_confirmation,,,,,https://monitor.statnipokladna.gov.cz/api/ukazatele?ic=00246191&obdobi=2512
2025,,single_school,founder:00246212,00246212,Obec Zlatá Koruna,obec,1,1,757000,0,757000,1,8650148,aggregate_candidate_needs_confirmation,,,,,https://monitor.statnipokladna.gov.cz/api/ukazatele?ic=00246212&obdobi=2512
2025,,single_school,founder:00246221,00246221,Obec Zubčice,obec,1,1,909000,0,909000,1,6450452,aggregate_candidate_needs_confirmation,,,,,https://monitor.statnipokladna.gov.cz/api/ukazatele?ic=00246221&obdobi=2512
2025,,single_school,founder:00246379,00246379,Obec Budeč,obec,1,1,700000,0,700000,1,6375089,aggregate_candidate_needs_confirmation,,,,,https://monitor.statnipokladna.gov.cz/api/ukazatele?ic=00246379&obdobi=2512
2025,,single_school,founder:00246387,00246387,Obec Budíškovice,obec,1,1,806400,0,806400,1,7206277,aggregate_candidate_needs_confirmation,,,,,https://monitor.statnipokladna.gov.cz/api/ukazatele?ic=00246387&obdobi=2512
2025,,single_school,founder:00246433,00246433,Město České Velenice,obec,1,3,4956946,235304,5192250,1,48981618,aggregate_candidate_needs_confirmation,,,,,https://monitor.statnipokladna.gov.cz/api/ukazatele?ic=00246433&obdobi=2512
2025,,single_school,founder:00246441,00246441,Obec Český Rudolec,obec,1,1,4454000,0,4454000,1,14373132,aggregate_candidate_needs_confirmation,,,,,https://monitor.statnipokladna.gov.cz/api/ukazatele?ic=00246441&obdobi=2512
2025,,single_school,founder:00246450,00246450,Obec Číměř,obec,1,1,600000,0,600000,1,3000031,aggregate_candidate_needs_confirmation,,,,,https://monitor.statnipokladna.gov.cz/api/ukazatele?ic=00246450&obdobi=2512
2025,,single_school,founder:00246492,00246492,Obec Dešná,obec,1,1,1067938,0,1067938,1,7367117,aggregate_candidate_needs_confirmation,,,,,https://monitor.statnipokladna.gov.cz/api/ukazatele?ic=00246492&obdobi=2512
2025,,single_school,founder:00246506,00246506,Město Deštná,obec,1,1,2654000,0,2654000,1,21809700,aggregate_candidate_needs_confirmation,,,,,https://monitor.statnipokladna.gov.cz/api/ukazatele?ic=00246506&obdobi=2512
2025,,single_school,founder:00246719,00246719,Obec Horní Pěna,obec,1,1,575485,0,575485,1,5520004,aggregate_candidate_needs_confirmation,,,,,https://monitor.statnipokladna.gov.cz/api/ukazatele?ic=00246719&obdobi=2512
2025,,single_school,founder:00246751,00246751,Obec Hospříz,obec,1,1,420000,0,420000,1,2615232,aggregate_candidate_needs_confirmation,,,,,https://monitor.statnipokladna.gov.cz/api/ukazatele?ic=00246751&obdobi=2512
2025,,single_school,founder:00246794,00246794,Obec Hříšice,obec,1,1,185000,0,185000,1,2672567,aggregate_candidate_needs_confirmation,,,,,https://monitor.statnipokladna.gov.cz/api/ukazatele?ic=00246794&obdobi=2512
2025,,single_school,founder:00246859,00246859,Obec Jarošov nad Nežárkou,obec,1,1,1200000,0,1200000,1,12855008,aggregate_candidate_needs_confirmation,,,,,https://monitor.statnipokladna.gov.cz/api/ukazatele?ic=00246859&obdobi=2512
2025,,single_school,founder:00246905,00246905,Město Kardašova Řečice,obec,1,1,3796200,0,3796200,1,39508742,aggregate_candidate_needs_confirmation,,,,,https://monitor.statnipokladna.gov.cz/api/ukazatele?ic=00246905&obdobi=2512
2025,,single_school,founder:00246972,00246972,Obec Lásenice,obec,1,1,360000,0,360000,1,3005170,aggregate_candidate_needs_confirmation,,,,,https://monitor.statnipokladna.gov.cz/api/ukazatele?ic=00246972&obdobi=2512
2025,,single_school,founder:00247014,00247014,Obec Lodhéřov,obec,1,1,650000,0,650000,1,5305479,aggregate_candidate_needs_confirmation,,,,,https://monitor.statnipokladna.gov.cz/api/ukazatele?ic=00247014&obdobi=2512
2025,,single_school,founder:00247022,00247022,Město Lomnice nad Lužnicí,obec,1,2,5039380,3017727,8057107,1,32188589,aggregate_candidate_needs_confirmation,,,,,https://monitor.statnipokladna.gov.cz/api/ukazatele?ic=00247022&obdobi=2512
2025,,single_school,founder:00247065,00247065,Obec Majdalena,obec,1,1,970000,0,970000,1,6929571,aggregate_candidate_needs_confirmation,,,,,https://monitor.statnipokladna.gov.cz/api/ukazatele?ic=00247065&obdobi=2512
2025,,single_school,founder:00247138,00247138,Město Nová Bystřice,obec,1,1,9810000,0,9810000,1,54419024,aggregate_candidate_needs_confirmation,,,,,https://monitor.statnipokladna.gov.cz/api/ukazatele?ic=00247138&obdobi=2512
2025,,single_school,founder:00247171,00247171,Obec Novosedly nad Nežárkou,obec,1,1,1155275,0,1155275,1,9615501,aggregate_candidate_needs_confirmation,,,,,https://monitor.statnipokladna.gov.cz/api/ukazatele?ic=00247171&obdobi=2512
2025,,single_school,founder:00247227,00247227,Obec Písečné,obec,1,1,300000,0,300000,1,3296484,aggregate_candidate_needs_confirmation,,,,,https://monitor.statnipokladna.gov.cz/api/ukazatele?ic=00247227&obdobi=2512
2025,,single_school,founder:00247260,00247260,Obec Pluhův Žďár,obec,1,1,500000,0,500000,1,2961071,aggregate_candidate_needs_confirmation,,,,,https://monitor.statnipokladna.gov.cz/api/ukazatele?ic=00247260&obdobi=2512
2025,,single_school,founder:00247286,00247286,Obec Popelín,obec,1,1,881000,0,881000,1,8026361,aggregate_candidate_needs_confirmation,,,,,https://monitor.statnipokladna.gov.cz/api/ukazatele?ic=00247286&obdobi=2512
2025,,single_school,founder:00247481,00247481,Obec Staré Hobzí,obec,1,1,1717500,0,1717500,1,15679162,aggregate_candidate_needs_confirmation,,,,,https://monitor.statnipokladna.gov.cz/api/ukazatele?ic=00247481&obdobi=2512
2025,,single_school,founder:00247499,00247499,Městys Staré Město pod Landštejnem,obec,1,1,900000,0,900000,1,7300190,aggregate_candidate_needs_confirmation,,,,,https://monitor.statnipokladna.gov.cz/api/ukazatele?ic=00247499&obdobi=2512
2025,,single_school,founder:00247502,00247502,Město Stráž nad Nežárkou,obec,1,1,3000000,0,3000000,1,22335970,aggregate_candidate_needs_confirmation,,,,,https://monitor.statnipokladna.gov.cz/api/ukazatele?ic=00247502&obdobi=2512
2025,,single_school,founder:00247545,00247545,Obec Studená,obec,1,2,6000000,800000,6800000,1,34995694,aggregate_candidate_needs_confirmation,,,,,https://monitor.statnipokladna.gov.cz/api/ukazatele?ic=00247545&obdobi=2512
2025,,single_school,founder:00247715,00247715,Obec Volfířov,obec,1,1,1300000,0,1300000,1,8309602,aggregate_candidate_needs_confirmation,,,,,https://monitor.statnipokladna.gov.cz/api/ukazatele?ic=00247715&obdobi=2512
2025,,single_school,founder:00247855,00247855,Městys Božejov,obec,1,1,1882217,0,1882217,1,10046805,aggregate_candidate_needs_confirmation,,,,,https://monitor.statnipokladna.gov.cz/api/ukazatele?ic=00247855&obdobi=2512
2025,,single_school,founder:00247901,00247901,Obec Budíkov,obec,1,1,315000,0,315000,1,2353391,aggregate_candidate_needs_confirmation,,,,,https://monitor.statnipokladna.gov.cz/api/ukazatele?ic=00247901&obdobi=2512
2025,,single_school,founder:00247987,00247987,Obec Častrov,obec,1,1,892000,0,892000,1,6360208,aggregate_candidate_needs_confirmation,,,,,https://monitor.statnipokladna.gov.cz/api/ukazatele?ic=00247987&obdobi=2512
2025,,single_school,founder:00248002,00248002,Obec Čejov,obec,1,1,1300000,0,1300000,1,12194179,aggregate_candidate_needs_confirmation,,,,,https://monitor.statnipokladna.gov.cz/api/ukazatele?ic=00248002&obdobi=2512
2025,,single_school,founder:00248037,00248037,Město Černovice,obec,1,2,3788966,255000,4043966,1,29976351,aggregate_candidate_needs_confirmation,,,,,https://monitor.statnipokladna.gov.cz/api/ukazatele?ic=00248037&obdobi=2512
2025,,single_school,founder:00248045,00248045,Město Červená Řečice,obec,1,1,800000,0,800000,1,4867156,aggregate_candidate_needs_confirmation,,,,,https://monitor.statnipokladna.gov.cz/api/ukazatele?ic=00248045&obdobi=2512
2025,,single_school,founder:00248215,00248215,Obec Hořepník,obec,1,1,2400000,0,2400000,1,16998887,aggregate_candidate_needs_confirmation,,,,,https://monitor.statnipokladna.gov.cz/api/ukazatele?ic=00248215&obdobi=2512
2025,,single_school,founder:00248355,00248355,Obec Jiřice,obec,1,1,1750000,0,1750000,1,11940140,aggregate_candidate_needs_confirmation,,,,,https://monitor.statnipokladna.gov.cz/api/ukazatele?ic=00248355&obdobi=2512
2025,,single_school,founder:00248363,00248363,Obec Kaliště,obec,1,1,300000,0,300000,1,2665435,aggregate_candidate_needs_confirmation,,,,,https://monitor.statnipokladna.gov.cz/api/ukazatele?ic=00248363&obdobi=2512
2025,,single_school,founder:00248371,00248371,Obec Kámen,obec,1,1,120000,0,120000,1,2277431,aggregate_candidate_needs_confirmation,,,,,https://monitor.statnipokladna.gov.cz/api/ukazatele?ic=00248371&obdobi=2512
2025,,single_school,founder:00248398,00248398,Obec Kejžlice,obec,1,1,250000,0,250000,1,2375661,aggregate_candidate_needs_confirmation,,,,,https://monitor.statnipokladna.gov.cz/api/ukazatele?ic=00248398&obdobi=2512
2025,,single_school,founder:00248444,00248444,Obec Košetice,obec,1,1,2400000,0,2400000,1,31221121,aggregate_candidate_needs_confirmation,,,,,https://monitor.statnipokladna.gov.cz/api/ukazatele?ic=00248444&obdobi=2512
2025,,single_school,founder:00248606,00248606,Městys Lukavec,obec,1,1,2886247,0,2886247,1,22853230,aggregate_candidate_needs_confirmation,,,,,https://monitor.statnipokladna.gov.cz/api/ukazatele?ic=00248606&obdobi=2512
2025,,single_school,founder:00248665,00248665,Obec Mnich,obec,1,1,475500,0,475500,1,4068053,aggregate_candidate_needs_confirmation,,,,,https://monitor.statnipokladna.gov.cz/api/ukazatele?ic=00248665&obdobi=2512
2025,,single_school,founder:00248720,00248720,Městys Nová Cerekev,obec,1,1,3401600,0,3401600,1,22315689,aggregate_candidate_needs_confirmation,,,,,https://monitor.statnipokladna.gov.cz/api/ukazatele?ic=00248720&obdobi=2512
2025,,single_school,founder:00248746,00248746,Obec Obrataň,obec,1,1,456447,0,456447,1,6578219,aggregate_candidate_needs_confirmation,,,,,https://monitor.statnipokladna.gov.cz/api/ukazatele?ic=00248746&obdobi=2512
2025,,single_school,founder:00249289,00249289,Obec Velká Chyška,obec,1,1,150000,0,150000,1,2526707,aggregate_candidate_needs_confirmation,,,,,https://monitor.statnipokladna.gov.cz/api/ukazatele?ic=00249289&obdobi=2512
2025,,single_school,founder:00249416,00249416,Obec Vyskytná,obec,1,1,1231784,0,1231784,1,10603977,aggregate_candidate_needs_confirmation,,,,,https://monitor.statnipokladna.gov.cz/api/ukazatele?ic=00249416&obdobi=2512
2025,,single_school,founder:00249521,00249521,Obec Albrechtice nad Vltavou,obec,1,1,2636101,0,2636101,1,19360248,aggregate_candidate_needs_confirmation,,,,,https://monitor.statnipokladna.gov.cz/api/ukazatele?ic=00249521&obdobi=2512
2025,,single_school,founder:00249530,00249530,Městys Bernartice,obec,1,1,3163817,0,3163817,1,32682244,aggregate_candidate_needs_confirmation,,,,,https://monitor.statnipokladna.gov.cz/api/ukazatele?ic=00249530&obdobi=2512
2025,,single_school,founder:00249556,00249556,Obec Božetice,obec,1,1,440000,0,440000,1,2919705,aggregate_candidate_needs_confirmation,,,,,https://monitor.statnipokladna.gov.cz/api/ukazatele?ic=00249556&obdobi=2512
2025,,single_school,founder:00249564,00249564,Obec Branice,obec,1,1,330000,0,330000,1,2881337,aggregate_candidate_needs_confirmation,,,,,https://monitor.statnipokladna.gov.cz/api/ukazatele?ic=00249564&obdobi=2512
2025,,single_school,founder:00249599,00249599,Obec Čimelice,obec,1,1,4202510,0,4202510,1,29214712,aggregate_candidate_needs_confirmation,,,,,https://monitor.statnipokladna.gov.cz/api/ukazatele?ic=00249599&obdobi=2512
2025,,single_school,founder:00249602,00249602,Obec Čížová,obec,1,1,1000000,0,1000000,1,13319111,aggregate_candidate_needs_confirmation,,,,,https://monitor.statnipokladna.gov.cz/api/ukazatele?ic=00249602&obdobi=2512
2025,,single_school,founder:00249629,00249629,Obec Stará Dobev,obec,1,1,350000,0,350000,1,4289557,aggregate_candidate_needs_confirmation,,,,,https://monitor.statnipokladna.gov.cz/api/ukazatele?ic=00249629&obdobi=2512
2025,,single_school,founder:00249742,00249742,Obec Kestřany,obec,1,1,780000,0,780000,1,5052247,aggregate_candidate_needs_confirmation,,,,,https://monitor.statnipokladna.gov.cz/api/ukazatele?ic=00249742&obdobi=2512
2025,,single_school,founder:00249751,00249751,Obec Kluky,obec,1,1,1013000,0,1013000,1,11315034,aggregate_candidate_needs_confirmation,,,,,https://monitor.statnipokladna.gov.cz/api/ukazatele?ic=00249751&obdobi=2512
2025,,single_school,founder:00249769,00249769,Obec Kostelec nad Vltavou,obec,1,1,200000,0,200000,1,2379481,aggregate_candidate_needs_confirmation,,,,,https://monitor.statnipokladna.gov.cz/api/ukazatele?ic=00249769&obdobi=2512
2025,,single_school,founder:00249840,00249840,Obec Mirotice,obec,1,2,3600000,218773,3818773,1,24642253,aggregate_candidate_needs_confirmation,,,,,https://monitor.statnipokladna.gov.cz/api/ukazatele?ic=00249840&obdobi=2512
2025,,single_school,founder:00249858,00249858,Město Mirovice,obec,1,2,5269604,180000,5449604,1,31891394,aggregate_candidate_needs_confirmation,,,,,https://monitor.statnipokladna.gov.cz/api/ukazatele?ic=00249858&obdobi=2512
2025,,single_school,founder:00249891,00249891,Obec Nadějkov,obec,1,1,1959000,0,1959000,1,6785618,aggregate_candidate_needs_confirmation,,,,,https://monitor.statnipokladna.gov.cz/api/ukazatele?ic=00249891&obdobi=2512
2025,,single_school,founder:00249939,00249939,Obec Orlík nad Vltavou,obec,1,1,600000,0,600000,1,5954288,aggregate_candidate_needs_confirmation,,,,,https://monitor.statnipokladna.gov.cz/api/ukazatele?ic=00249939&obdobi=2512
2025,,single_school,founder:00249955,00249955,Obec Oslov,obec,1,1,583850,0,583850,1,5150074,aggregate_candidate_needs_confirmation,,,,,https://monitor.statnipokladna.gov.cz/api/ukazatele?ic=00249955&obdobi=2512
2025,,single_school,founder:00249963,00249963,Obec Ostrovec,obec,1,1,500000,0,500000,1,2653496,aggregate_candidate_needs_confirmation,,,,,https://monitor.statnipokladna.gov.cz/api/ukazatele?ic=00249963&obdobi=2512
2025,,single_school,founder:00250058,00250058,Obec Putim,obec,1,1,300000,0,300000,1,2832067,aggregate_candidate_needs_confirmation,,,,,https://monitor.statnipokladna.gov.cz/api/ukazatele?ic=00250058&obdobi=2512
2025,,single_school,founder:00250091,00250091,Městys Sepekov,obec,1,2,4108667,294111,4402778,1,28254574,aggregate_candidate_needs_confirmation,,,,,https://monitor.statnipokladna.gov.cz/api/ukazatele?ic=00250091&obdobi=2512
2025,,single_school,founder:00250244,00250244,Obec Záhoří,obec,1,1,2610000,0,2610000,1,26264388,aggregate_candidate_needs_confirmation,,,,,https://monitor.statnipokladna.gov.cz/api/ukazatele?ic=00250244&obdobi=2512
2025,,single_school,founder:00250333,00250333,Obec Bohumilice,obec,1,1,460000,0,460000,1,4619517,aggregate_candidate_needs_confirmation,,,,,https://monitor.statnipokladna.gov.cz/api/ukazatele?ic=00250333&obdobi=2512
2025,,single_school,founder:00250341,00250341,Obec Borová Lada,obec,1,1,1348700,0,1348700,1,7612218,aggregate_candidate_needs_confirmation,,,,,https://monitor.statnipokladna.gov.cz/api/ukazatele?ic=00250341&obdobi=2512
2025,,single_school,founder:00250384,00250384,Obec Čkyně,obec,1,2,4030000,0,4030000,1,31486450,aggregate_candidate_needs_confirmation,,,,,https://monitor.statnipokladna.gov.cz/api/ukazatele?ic=00250384&obdobi=2512
2025,,single_school,founder:00250406,00250406,Městys Dub,obec,1,1,1350000,0,1350000,1,8487459,aggregate_candidate_needs_confirmation,,,,,https://monitor.statnipokladna.gov.cz/api/ukazatele?ic=00250406&obdobi=2512
2025,,single_school,founder:00250422,00250422,Obec Horní Vltavice,obec,1,1,1200000,0,1200000,1,5213831,aggregate_candidate_needs_confirmation,,,,,https://monitor.statnipokladna.gov.cz/api/ukazatele?ic=00250422&obdobi=2512
2025,,single_school,founder:00250431,00250431,Obec Hracholusky,obec,1,1,288000,0,288000,1,2530419,aggregate_candidate_needs_confirmation,,,,,https://monitor.statnipokladna.gov.cz/api/ukazatele?ic=00250431&obdobi=2512
2025,,single_school,founder:00250449,00250449,Město Husinec,obec,1,1,3236000,0,3236000,1,22664620,aggregate_candidate_needs_confirmation,,,,,https://monitor.statnipokladna.gov.cz/api/ukazatele?ic=00250449&obdobi=2512
2025,,single_school,founder:00250465,00250465,Obec Chroboly,obec,1,1,695000,0,695000,1,3339886,aggregate_candidate_needs_confirmation,,,,,https://monitor.statnipokladna.gov.cz/api/ukazatele?ic=00250465&obdobi=2512
2025,,single_school,founder:00250503,00250503,Obec Ktiš,obec,1,1,1214000,0,1214000,1,7188273,aggregate_candidate_needs_confirmation,,,,,https://monitor.statnipokladna.gov.cz/api/ukazatele?ic=00250503&obdobi=2512
2025,,single_school,founder:00250520,00250520,Obec Lažiště,obec,1,1,332623,0,332623,1,2529795,aggregate_candidate_needs_confirmation,,,,,https://monitor.statnipokladna.gov.cz/api/ukazatele?ic=00250520&obdobi=2512
2025,,single_school,founder:00250538,00250538,Obec Lenora,obec,1,1,350000,0,350000,1,7789104,aggregate_candidate_needs_confirmation,,,,,https://monitor.statnipokladna.gov.cz/api/ukazatele?ic=00250538&obdobi=2512
2025,,single_school,founder:00250546,00250546,Městys Lhenice,obec,1,1,3950000,0,3950000,1,33620183,aggregate_candidate_needs_confirmation,,,,,https://monitor.statnipokladna.gov.cz/api/ukazatele?ic=00250546&obdobi=2512
2025,,single_school,founder:00250571,00250571,Obec Malovice,obec,1,1,500000,0,500000,1,4765004,aggregate_candidate_needs_confirmation,,,,,https://monitor.statnipokladna.gov.cz/api/ukazatele?ic=00250571&obdobi=2512
2025,,single_school,founder:00250597,00250597,Obec Nebahovy,obec,1,1,254600,0,254600,1,2218604,aggregate_candidate_needs_confirmation,,,,,https://monitor.statnipokladna.gov.cz/api/ukazatele?ic=00250597&obdobi=2512
2025,,single_school,founder:00250619,00250619,Obec Nová Pec,obec,1,1,1639957,0,1639957,1,6502921,aggregate_candidate_needs_confirmation,,,,,https://monitor.statnipokladna.gov.cz/api/ukazatele?ic=00250619&obdobi=2512
2025,,single_school,founder:00250678,00250678,Obec Stachy,obec,1,1,3800000,0,3800000,1,27774860,aggregate_candidate_needs_confirmation,,,,,https://monitor.statnipokladna.gov.cz/api/ukazatele?ic=00250678&obdobi=2512
2025,,single_school,founder:00250694,00250694,Městys Strážný,obec,1,1,1316000,0,1316000,1,6602086,aggregate_candidate_needs_confirmation,,,,,https://monitor.statnipokladna.gov.cz/api/ukazatele?ic=00250694&obdobi=2512
2025,,single_school,founder:00250708,00250708,Městys Strunkovice nad Blanicí,obec,1,1,2348491,0,2348491,1,21119423,aggregate_candidate_needs_confirmation,,,,,https://monitor.statnipokladna.gov.cz/api/ukazatele?ic=00250708&obdobi=2512
2025,,single_school,founder:00250716,00250716,Obec Svatá Maří,obec,1,1,1153000,0,1153000,1,6384205,aggregate_candidate_needs_confirmation,,,,,https://monitor.statnipokladna.gov.cz/api/ukazatele?ic=00250716&obdobi=2512
2025,,single_school,founder:00250732,00250732,Obec Šumavské Hoštice,obec,1,1,1600000,0,1600000,1,17714347,aggregate_candidate_needs_confirmation,,,,,https://monitor.statnipokladna.gov.cz/api/ukazatele?ic=00250732&obdobi=2512
2025,,single_school,founder:00250783,00250783,Obec Vacov,obec,1,1,3000000,0,3000000,1,27681442,aggregate_candidate_needs_confirmation,,,,,https://monitor.statnipokladna.gov.cz/api/ukazatele?ic=00250783&obdobi=2512
2025,,single_school,founder:00250864,00250864,Obec Zbytiny,obec,1,1,800000,0,800000,1,4146092,aggregate_candidate_needs_confirmation,,,,,https://monitor.statnipokladna.gov.cz/api/ukazatele?ic=00250864&obdobi=2512
2025,,single_school,founder:00250872,00250872,Obec Zdíkov,obec,1,1,3700000,0,3700000,1,27253604,aggregate_candidate_needs_confirmation,,,,,https://monitor.statnipokladna.gov.cz/api/ukazatele?ic=00250872&obdobi=2512
2025,,single_school,founder:00250953,00250953,Obec Bělčice,obec,1,1,2600000,0,2600000,1,19152141,aggregate_candidate_needs_confirmation,,,,,https://monitor.statnipokladna.gov.cz/api/ukazatele?ic=00250953&obdobi=2512
2025,,single_school,founder:00251038,00251038,Obec Cehnice,obec,1,1,2135000,0,2135000,1,29098343,aggregate_candidate_needs_confirmation,,,,,https://monitor.statnipokladna.gov.cz/api/ukazatele?ic=00251038&obdobi=2512
2025,,single_school,founder:00251054,00251054,Obec Čejetice,obec,1,1,300000,0,300000,1,4411977,aggregate_candidate_needs_confirmation,,,,,https://monitor.statnipokladna.gov.cz/api/ukazatele?ic=00251054&obdobi=2512
2025,,single_school,founder:00251089,00251089,Městys Čestice,obec,1,2,3120295,12135,3132430,1,25361147,aggregate_candidate_needs_confirmation,,,,,https://monitor.statnipokladna.gov.cz/api/ukazatele?ic=00251089&obdobi=2512
2025,,single_school,founder:00251097,00251097,Obec Číčenice,obec,1,1,532000,0,532000,1,2591763,aggregate_candidate_needs_confirmation,,,,,https://monitor.statnipokladna.gov.cz/api/ukazatele?ic=00251097&obdobi=2512
2025,,single_school,founder:00251101,00251101,Obec Doubravice,obec,1,1,400000,0,400000,1,2654358,aggregate_candidate_needs_confirmation,,,,,https://monitor.statnipokladna.gov.cz/api/ukazatele?ic=00251101&obdobi=2512
2025,,single_school,founder:00251135,00251135,Obec Drahonice,obec,1,1,300000,0,300000,1,2617849,aggregate_candidate_needs_confirmation,,,,,https://monitor.statnipokladna.gov.cz/api/ukazatele?ic=00251135&obdobi=2512
2025,,single_school,founder:00251241,00251241,Obec Chelčice,obec,1,1,574052,0,574052,1,7253574,aggregate_candidate_needs_confirmation,,,,,https://monitor.statnipokladna.gov.cz/api/ukazatele?ic=00251241&obdobi=2512
2025,,single_school,founder:00251305,00251305,Městys Katovice,obec,1,2,3153902,269688,3423590,1,33156802,aggregate_candidate_needs_confirmation,,,,,https://monitor.statnipokladna.gov.cz/api/ukazatele?ic=00251305&obdobi=2512
2025,,single_school,founder:00251437,00251437,Obec Lnáře,obec,1,1,1080000,0,1080000,1,8880834,aggregate_candidate_needs_confirmation,,,,,https://monitor.statnipokladna.gov.cz/api/ukazatele?ic=00251437&obdobi=2512
2025,,single_school,founder:00251461,00251461,Obec Malenice,obec,1,1,1582918,0,1582918,1,1582918,aggregate_candidate_needs_confirmation,,,,,https://monitor.statnipokladna.gov.cz/api/ukazatele?ic=00251461&obdobi=2512
2025,,single_school,founder:00251623,00251623,Obec Novosedly,obec,1,1,220000,0,220000,1,2810842,aggregate_candidate_needs_confirmation,,,,,https://monitor.statnipokladna.gov.cz/api/ukazatele?ic=00251623&obdobi=2512
2025,,single_school,founder:00251755,00251755,Obec Sedlice,obec,1,1,3885000,0,3885000,1,22041151,aggregate_candidate_needs_confirmation,,,,,https://monitor.statnipokladna.gov.cz/api/ukazatele?ic=00251755&obdobi=2512
2025,,single_school,founder:00251844,00251844,Obec Střelské Hoštice,obec,1,1,1400000,0,1400000,1,12183354,aggregate_candidate_needs_confirmation,,,,,https://monitor.statnipokladna.gov.cz/api/ukazatele?ic=00251844&obdobi=2512
2025,,single_school,founder:00251895,00251895,Městys Štěkeň,obec,1,1,2250000,0,2250000,1,26214025,aggregate_candidate_needs_confirmation,,,,,https://monitor.statnipokladna.gov.cz/api/ukazatele?ic=00251895&obdobi=2512
2025,,single_school,founder:00252018,00252018,Obec Záboří,obec,1,1,2105000,0,2105000,1,17421228,aggregate_candidate_needs_confirmation,,,,,https://monitor.statnipokladna.gov.cz/api/ukazatele?ic=00252018&obdobi=2512
2025,,single_school,founder:00252107,00252107,Městys Borotín,obec,1,2,3046000,750000,3796000,1,28390164,aggregate_candidate_needs_confirmation,,,,,https://monitor.statnipokladna.gov.cz/api/ukazatele?ic=00252107&obdobi=2512
2025,,single_school,founder:00252239,00252239,Obec Dražice,obec,1,1,1450000,0,1450000,1,14186504,aggregate_candidate_needs_confirmation,,,,,https://monitor.statnipokladna.gov.cz/api/ukazatele?ic=00252239&obdobi=2512
2025,,single_school,founder:00252352,00252352,Obec Chotoviny,obec,1,2,6830299,264182,7094481,1,33937191,aggregate_candidate_needs_confirmation,,,,,https://monitor.statnipokladna.gov.cz/api/ukazatele?ic=00252352&obdobi=2512
2025,,single_school,founder:00252361,00252361,Obec Choustník,obec,1,2,2000000,0,2000000,1,22527607,aggregate_candidate_needs_confirmation,,,,,https://monitor.statnipokladna.gov.cz/api/ukazatele?ic=00252361&obdobi=2512
2025,,single_school,founder:00252425,00252425,Město Jistebnice,obec,1,1,3170000,0,3170000,1,34361242,aggregate_candidate_needs_confirmation,,,,,https://monitor.statnipokladna.gov.cz/api/ukazatele?ic=00252425&obdobi=2512
2025,,single_school,founder:00252468,00252468,Obec Košice,obec,1,1,800000,0,800000,1,6668916,aggregate_candidate_needs_confirmation,,,,,https://monitor.statnipokladna.gov.cz/api/ukazatele?ic=00252468&obdobi=2512
2025,,single_school,founder:00252522,00252522,Městys Malšice,obec,1,1,3750000,0,3750000,1,42286648,aggregate_candidate_needs_confirmation,,,,,https://monitor.statnipokladna.gov.cz/api/ukazatele?ic=00252522&obdobi=2512
2025,,single_school,founder:00252557,00252557,Město Mladá Vožice,obec,1,2,6199000,1080659,7279659,1,56367314,aggregate_candidate_needs_confirmation,,,,,https://monitor.statnipokladna.gov.cz/api/ukazatele?ic=00252557&obdobi=2512
2025,,single_school,founder:00252603,00252603,Obec Nová Ves u Chýnova,obec,1,1,200000,0,200000,1,3117735,aggregate_candidate_needs_confirmation,,,,,https://monitor.statnipokladna.gov.cz/api/ukazatele?ic=00252603&obdobi=2512
2025,,single_school,founder:00252638,00252638,Obec Opařany,obec,1,1,3640000,0,3640000,1,27623687,aggregate_candidate_needs_confirmation,,,,,https://monitor.statnipokladna.gov.cz/api/ukazatele?ic=00252638&obdobi=2512
2025,,single_school,founder:00252751,00252751,Obec Radimovice u Želče,obec,1,1,350000,0,350000,1,3205112,aggregate_candidate_needs_confirmation,,,,,https://monitor.statnipokladna.gov.cz/api/ukazatele?ic=00252751&obdobi=2512
2025,,single_school,founder:00252794,00252794,Obec Ratibořské Hory,obec,1,1,550000,0,550000,1,3727297,aggregate_candidate_needs_confirmation,,,,,https://monitor.statnipokladna.gov.cz/api/ukazatele?ic=00252794&obdobi=2512
2025,,single_school,founder:00252930,00252930,Městys Stádlec,obec,1,1,820000,0,820000,1,6667677,aggregate_candidate_needs_confirmation,,,,,https://monitor.statnipokladna.gov.cz/api/ukazatele?ic=00252930&obdobi=2512
2025,,single_school,founder:00252964,00252964,Obec Sudoměřice u Bechyně,obec,1,1,2185342,0,2185342,1,19720986,aggregate_candidate_needs_confirmation,,,,,https://monitor.statnipokladna.gov.cz/api/ukazatele?ic=00252964&obdobi=2512
2025,,single_school,founder:00253049,00253049,Obec Tučapy,obec,1,1,2900000,0,2900000,1,22261073,aggregate_candidate_needs_confirmation,,,,,https://monitor.statnipokladna.gov.cz/api/ukazatele?ic=00253049&obdobi=2512
2025,,single_school,founder:00253201,00253201,Obec Želeč,obec,1,1,3288569,0,3288569,1,18366830,aggregate_candidate_needs_confirmation,,,,,https://monitor.statnipokladna.gov.cz/api/ukazatele?ic=00253201&obdobi=2512
2025,,single_school,founder:00253235,00253235,Město Bělá nad Radbuzou,obec,1,2,4302000,960000,5262000,1,26566982,aggregate_candidate_needs_confirmation,,,,,https://monitor.statnipokladna.gov.cz/api/ukazatele?ic=00253235&obdobi=2512
2025,,single_school,founder:00253243,00253243,Obec Blížejov,obec,1,1,4377962,0,4377962,1,31311923,aggregate_candidate_needs_confirmation,,,,,https://monitor.statnipokladna.gov.cz/api/ukazatele?ic=00253243&obdobi=2512
2025,,single_school,founder:00253294,00253294,Obec Česká Kubice,obec,1,1,2000000,0,2000000,1,9441706,aggregate_candidate_needs_confirmation,,,,,https://monitor.statnipokladna.gov.cz/api/ukazatele?ic=00253294&obdobi=2512
2025,,single_school,founder:00253421,00253421,Obec Chodov,obec,1,1,800000,0,800000,1,8506654,aggregate_candidate_needs_confirmation,,,,,https://monitor.statnipokladna.gov.cz/api/ukazatele?ic=00253421&obdobi=2512
2025,,single_school,founder:00253472,00253472,Městys Klenčí pod Čerchovem,obec,1,1,3250000,0,3250000,1,35770944,aggregate_candidate_needs_confirmation,,,,,https://monitor.statnipokladna.gov.cz/api/ukazatele?ic=00253472&obdobi=2512
2025,,single_school,founder:00253537,00253537,Obec Luženičky,obec,1,1,500000,0,500000,1,3578626,aggregate_candidate_needs_confirmation,,,,,https://monitor.statnipokladna.gov.cz/api/ukazatele?ic=00253537&obdobi=2512
2025,,single_school,founder:00253553,00253553,Obec Meclov,obec,1,2,1700000,0,1700000,1,14477416,aggregate_candidate_needs_confirmation,,,,,https://monitor.statnipokladna.gov.cz/api/ukazatele?ic=00253553&obdobi=2512
2025,,single_school,founder:00253561,00253561,Obec Mezholezy,obec,1,1,500000,0,500000,1,2549525,aggregate_candidate_needs_confirmation,,,,,https://monitor.statnipokladna.gov.cz/api/ukazatele?ic=00253561&obdobi=2512
2025,,single_school,founder:00253570,00253570,Obec Milavče,obec,1,4,796600,0,796600,1,7327475,aggregate_candidate_needs_confirmation,,,,,https://monitor.statnipokladna.gov.cz/api/ukazatele?ic=00253570&obdobi=2512
2025,,single_school,founder:00253651,00253651,Obec Osvračín,obec,1,1,866412,0,866412,1,8523479,aggregate_candidate_needs_confirmation,,,,,https://monitor.statnipokladna.gov.cz/api/ukazatele?ic=00253651&obdobi=2512
2025,,single_school,founder:00253677,00253677,Obec Pocinovice,obec,1,1,750000,0,750000,1,10166577,aggregate_candidate_needs_confirmation,,,,,https://monitor.statnipokladna.gov.cz/api/ukazatele?ic=00253677&obdobi=2512
2025,,single_school,founder:00253685,00253685,Obec Postřekov,obec,1,1,1820000,0,1820000,1,17171652,aggregate_candidate_needs_confirmation,,,,,https://monitor.statnipokladna.gov.cz/api/ukazatele?ic=00253685&obdobi=2512
2025,,single_school,founder:00253693,00253693,Obec Puclice,obec,1,1,235000,0,235000,1,2351304,aggregate_candidate_needs_confirmation,,,,,https://monitor.statnipokladna.gov.cz/api/ukazatele?ic=00253693&obdobi=2512
2025,,single_school,founder:00253804,00253804,Obec Tlumačov,obec,1,1,340000,0,340000,1,1950851,aggregate_candidate_needs_confirmation,,,,,https://monitor.statnipokladna.gov.cz/api/ukazatele?ic=00253804&obdobi=2512
2025,,single_school,founder:00253880,00253880,Obec Zahořany,obec,1,1,400000,0,400000,1,4575807,aggregate_candidate_needs_confirmation,,,,,https://monitor.statnipokladna.gov.cz/api/ukazatele?ic=00253880&obdobi=2512
2025,,single_school,founder:00253910,00253910,Obec Dolní Žandov,obec,1,1,3040000,0,3040000,1,24625042,aggregate_candidate_needs_confirmation,,,,,https://monitor.statnipokladna.gov.cz/api/ukazatele?ic=00253910&obdobi=2512
2025,,single_school,founder:00253928,00253928,Obec Drmoul,obec,1,1,1251556,0,1251556,1,14474360,aggregate_candidate_needs_confirmation,,,,,https://monitor.statnipokladna.gov.cz/api/ukazatele?ic=00253928&obdobi=2512
2025,,single_school,founder:00253952,00253952,Obec Hazlov,obec,1,1,3120000,0,3120000,1,25056871,aggregate_candidate_needs_confirmation,,,,,https://monitor.statnipokladna.gov.cz/api/ukazatele?ic=00253952&obdobi=2512
2025,,single_school,founder:00254029,00254029,Město Lázně Kynžvart,obec,1,2,2998000,5860443,8858443,1,23300022,aggregate_candidate_needs_confirmation,,,,,https://monitor.statnipokladna.gov.cz/api/ukazatele?ic=00254029&obdobi=2512
2025,,single_school,founder:00254037,00254037,Obec Libá,obec,1,1,750000,0,750000,1,6491896,aggregate_candidate_needs_confirmation,,,,,https://monitor.statnipokladna.gov.cz/api/ukazatele?ic=00254037&obdobi=2512
2025,,single_school,founder:00254045,00254045,Obec Lipová,obec,1,1,1037000,0,1037000,1,5518893,aggregate_candidate_needs_confirmation,,,,,https://monitor.statnipokladna.gov.cz/api/ukazatele?ic=00254045&obdobi=2512
2025,,single_school,founder:00254070,00254070,Obec Milhostov,obec,1,1,965007,0,965007,1,3973014,aggregate_candidate_needs_confirmation,,,,,https://monitor.statnipokladna.gov.cz/api/ukazatele?ic=00254070&obdobi=2512
2025,,single_school,founder:00254126,00254126,Obec Nový Kostel,obec,1,1,3000000,0,3000000,1,3000000,aggregate_candidate_needs_confirmation,,,,,https://monitor.statnipokladna.gov.cz/api/ukazatele?ic=00254126&obdobi=2512
2025,,single_school,founder:00254169,00254169,Město Plesná,obec,1,2,4640000,850400,5490400,1,30241645,aggregate_candidate_needs_confirmation,,,,,https://monitor.statnipokladna.gov.cz/api/ukazatele?ic=00254169&obdobi=2512
2025,,single_school,founder:00254274,00254274,Obec Trstěnice,obec,1,1,533100,0,533100,1,3223835,aggregate_candidate_needs_confirmation,,,,,https://monitor.statnipokladna.gov.cz/api/ukazatele?ic=00254274&obdobi=2512
2025,,single_school,founder:00254304,00254304,Obec Tři Sekery,obec,1,1,2420000,0,2420000,1,14796628,aggregate_candidate_needs_confirmation,,,,,https://monitor.statnipokladna.gov.cz/api/ukazatele?ic=00254304&obdobi=2512
2025,,single_school,founder:00254398,00254398,Město Abertamy,obec,1,1,2261663,0,2261663,1,10555608,aggregate_candidate_needs_confirmation,,,,,https://monitor.statnipokladna.gov.cz/api/ukazatele?ic=00254398&obdobi=2512
2025,,single_school,founder:00254410,00254410,Město Bečov nad Teplou,obec,1,1,1880000,0,1880000,1,16388412,aggregate_candidate_needs_confirmation,,,,,https://monitor.statnipokladna.gov.cz/api/ukazatele?ic=00254410&obdobi=2512
2025,,single_school,founder:00254614,00254614,Město Chyše,obec,1,1,2137152,0,2137152,1,8064028,aggregate_candidate_needs_confirmation,,,,,https://monitor.statnipokladna.gov.cz/api/ukazatele?ic=00254614&obdobi=2512
2025,,single_school,founder:00254622,00254622,Město Jáchymov,obec,1,1,5622000,0,5622000,1,28599535,aggregate_candidate_needs_confirmation,,,,,https://monitor.statnipokladna.gov.cz/api/ukazatele?ic=00254622&obdobi=2512
2025,,single_school,founder:00254673,00254673,Obec Kolová,obec,1,1,1650000,0,1650000,1,11470742,aggregate_candidate_needs_confirmation,,,,,https://monitor.statnipokladna.gov.cz/api/ukazatele?ic=00254673&obdobi=2512
2025,,single_school,founder:00254762,00254762,Obec Kyselka,obec,1,1,4320000,0,4320000,1,26613920,aggregate_candidate_needs_confirmation,,,,,https://monitor.statnipokladna.gov.cz/api/ukazatele?ic=00254762&obdobi=2512
2025,,single_school,founder:00254878,00254878,Obec Pernink,obec,1,1,2108600,0,2108600,1,8808634,aggregate_candidate_needs_confirmation,,,,,https://monitor.statnipokladna.gov.cz/api/ukazatele?ic=00254878&obdobi=2512
2025,,single_school,founder:00254894,00254894,Obec Potůčky,obec,1,1,3152022,0,3152022,1,10224957,aggregate_candidate_needs_confirmation,,,,,https://monitor.statnipokladna.gov.cz/api/ukazatele?ic=00254894&obdobi=2512
2025,,missing_finm_total,founder:00254959,00254959,Zřizovatel IČO 00254959,obec,1,0,0,0,0,0,0,founder_source_required,,,,,https://monitor.statnipokladna.gov.cz/api/ukazatele?ic=00254959&obdobi=2512
2025,,single_school,founder:00255009,00255009,Obec Stráž nad Ohří,obec,1,1,747908,0,747908,1,4132808,aggregate_candidate_needs_confirmation,,,,,https://monitor.statnipokladna.gov.cz/api/ukazatele?ic=00255009&obdobi=2512
2025,,single_school,founder:00255017,00255017,Obec Stružná,obec,1,1,800000,0,800000,1,2574889,aggregate_candidate_needs_confirmation,,,,,https://monitor.statnipokladna.gov.cz/api/ukazatele?ic=00255017&obdobi=2512
2025,,single_school,founder:00255033,00255033,Obec Šemnice,obec,1,1,600000,0,600000,1,2902616,aggregate_candidate_needs_confirmation,,,,,https://monitor.statnipokladna.gov.cz/api/ukazatele?ic=00255033&obdobi=2512
2025,,single_school,founder:00255041,00255041,Obec Štědrá,obec,1,1,1000000,0,1000000,1,5133249,aggregate_candidate_needs_confirmation,,,,,https://monitor.statnipokladna.gov.cz/api/ukazatele?ic=00255041&obdobi=2512
2025,,single_school,founder:00255106,00255106,Obec Útvina,obec,1,1,811177,0,811177,1,5670390,aggregate_candidate_needs_confirmation,,,,,https://monitor.statnipokladna.gov.cz/api/ukazatele?ic=00255106&obdobi=2512
2025,,single_school,founder:00255114,00255114,Obec Valeč,obec,1,1,919330,0,919330,1,7181229,aggregate_candidate_needs_confirmation,,,,,https://monitor.statnipokladna.gov.cz/api/ukazatele?ic=00255114&obdobi=2512
2025,,single_school,founder:00255122,00255122,Obec Velichov,obec,1,1,800000,0,800000,1,3316644,aggregate_candidate_needs_confirmation,,,,,https://monitor.statnipokladna.gov.cz/api/ukazatele?ic=00255122&obdobi=2512
2025,,single_school,founder:00255157,00255157,Obec Vojkovice,obec,1,1,749341,0,749341,1,4176297,aggregate_candidate_needs_confirmation,,,,,https://monitor.statnipokladna.gov.cz/api/ukazatele?ic=00255157&obdobi=2512
2025,,single_school,founder:00255211,00255211,Obec Běšiny,obec,1,1,1400000,0,1400000,1,7795979,aggregate_candidate_needs_confirmation,,,,,https://monitor.statnipokladna.gov.cz/api/ukazatele?ic=00255211&obdobi=2512
2025,,single_school,founder:00255220,00255220,Obec Bezděkov,obec,1,1,1500000,0,1500000,1,11635631,aggregate_candidate_needs_confirmation,,,,,https://monitor.statnipokladna.gov.cz/api/ukazatele?ic=00255220&obdobi=2512
2025,,single_school,founder:00255246,00255246,Obec Bolešiny,obec,1,1,1000000,0,1000000,1,10335087,aggregate_candidate_needs_confirmation,,,,,https://monitor.statnipokladna.gov.cz/api/ukazatele?ic=00255246&obdobi=2512
2025,,single_school,founder:00255319,00255319,Městys Čachrov,obec,1,1,1027500,0,1027500,1,11463100,aggregate_candidate_needs_confirmation,,,,,https://monitor.statnipokladna.gov.cz/api/ukazatele?ic=00255319&obdobi=2512
2025,,single_school,founder:00255394,00255394,Městys Dešenice,obec,1,1,1200000,0,1200000,1,8794568,aggregate_candidate_needs_confirmation,,,,,https://monitor.statnipokladna.gov.cz/api/ukazatele?ic=00255394&obdobi=2512
2025,,single_school,founder:00255408,00255408,Obec Dlažov,obec,1,1,270000,0,270000,1,3885294,aggregate_candidate_needs_confirmation,,,,,https://monitor.statnipokladna.gov.cz/api/ukazatele?ic=00255408&obdobi=2512
2025,,single_school,founder:00255416,00255416,Obec Dlouhá Ves,obec,1,1,1365000,0,1365000,1,8781012,aggregate_candidate_needs_confirmation,,,,,https://monitor.statnipokladna.gov.cz/api/ukazatele?ic=00255416&obdobi=2512
2025,,single_school,founder:00255424,00255424,Obec Dolany,obec,1,5,800000,0,800000,1,8006865,aggregate_candidate_needs_confirmation,,,,,https://monitor.statnipokladna.gov.cz/api/ukazatele?ic=00255424&obdobi=2512
2025,,single_school,founder:00255483,00255483,Obec Hlavňovice,obec,1,1,580000,0,580000,1,10868432,aggregate_candidate_needs_confirmation,,,,,https://monitor.statnipokladna.gov.cz/api/ukazatele?ic=00255483&obdobi=2512
2025,,single_school,founder:00255530,00255530,Obec Hrádek,obec,1,1,2230000,0,2230000,1,15380510,aggregate_candidate_needs_confirmation,,,,,https://monitor.statnipokladna.gov.cz/api/ukazatele?ic=00255530&obdobi=2512
2025,,single_school,founder:00255548,00255548,Obec Hradešice,obec,1,1,400000,0,400000,1,2734946,aggregate_candidate_needs_confirmation,,,,,https://monitor.statnipokladna.gov.cz/api/ukazatele?ic=00255548&obdobi=2512
2025,,single_school,founder:00255556,00255556,Obec Chanovice,obec,1,2,1935000,0,1935000,1,19305240,aggregate_candidate_needs_confirmation,,,,,https://monitor.statnipokladna.gov.cz/api/ukazatele?ic=00255556&obdobi=2512
2025,,single_school,founder:00255599,00255599,Městys Chudenice,obec,1,1,909221,0,909221,1,3138333,aggregate_candidate_needs_confirmation,,,,,https://monitor.statnipokladna.gov.cz/api/ukazatele?ic=00255599&obdobi=2512
2025,,single_school,founder:00255602,00255602,Obec Chudenín,obec,1,1,1173973,0,1173973,1,7482231,aggregate_candidate_needs_confirmation,,,,,https://monitor.statnipokladna.gov.cz/api/ukazatele?ic=00255602&obdobi=2512
2025,,single_school,founder:00255645,00255645,Město Kašperské Hory,obec,1,1,3000000,0,3000000,1,31085075,aggregate_candidate_needs_confirmation,,,,,https://monitor.statnipokladna.gov.cz/api/ukazatele?ic=00255645&obdobi=2512
2025,,single_school,founder:00255688,00255688,Městys Kolinec,obec,1,2,2600000,1000000,3600000,1,20978388,aggregate_candidate_needs_confirmation,,,,,https://monitor.statnipokladna.gov.cz/api/ukazatele?ic=00255688&obdobi=2512
2025,,single_school,founder:00255785,00255785,Město Měčín,obec,1,1,3842614,0,3842614,1,21471297,aggregate_candidate_needs_confirmation,,,,,https://monitor.statnipokladna.gov.cz/api/ukazatele?ic=00255785&obdobi=2512
2025,,single_school,founder:00255823,00255823,Obec Mochtín,obec,1,1,1492000,0,1492000,1,10595963,aggregate_candidate_needs_confirmation,,,,,https://monitor.statnipokladna.gov.cz/api/ukazatele?ic=00255823&obdobi=2512
2025,,single_school,founder:00255866,00255866,Město Nalžovské Hory,obec,1,1,3517000,0,3517000,1,28931553,aggregate_candidate_needs_confirmation,,,,,https://monitor.statnipokladna.gov.cz/api/ukazatele?ic=00255866&obdobi=2512
2025,,single_school,founder:00255980,00255980,Město Plánice,obec,1,2,3700000,695528,4395528,1,25074958,aggregate_candidate_needs_confirmation,,,,,https://monitor.statnipokladna.gov.cz/api/ukazatele?ic=00255980&obdobi=2512
2025,,single_school,founder:00256021,00256021,Obec Předslav,obec,1,1,520000,0,520000,1,6101000,aggregate_candidate_needs_confirmation,,,,,https://monitor.statnipokladna.gov.cz/api/ukazatele?ic=00256021&obdobi=2512
2025,,single_school,founder:00256030,00256030,Město Rabí,obec,1,1,749924,0,749924,1,2544189,aggregate_candidate_needs_confirmation,,,,,https://monitor.statnipokladna.gov.cz/api/ukazatele?ic=00256030&obdobi=2512
2025,,single_school,founder:00256081,00256081,Obec Srní,obec,1,1,560000,0,560000,1,5339580,aggregate_candidate_needs_confirmation,,,,,https://monitor.statnipokladna.gov.cz/api/ukazatele?ic=00256081&obdobi=2512
2025,,single_school,founder:00256102,00256102,Město Strážov,obec,1,1,7303631,0,7303631,1,25874379,aggregate_candidate_needs_confirmation,,,,,https://monitor.statnipokladna.gov.cz/api/ukazatele?ic=00256102&obdobi=2512
2025,,single_school,founder:00256153,00256153,Město Švihov,obec,1,1,6600000,0,6600000,1,45782966,aggregate_candidate_needs_confirmation,,,,,https://monitor.statnipokladna.gov.cz/api/ukazatele?ic=00256153&obdobi=2512
2025,,single_school,founder:00256242,00256242,Obec Velhartice,obec,1,1,2750000,0,2750000,1,19338722,aggregate_candidate_needs_confirmation,,,,,https://monitor.statnipokladna.gov.cz/api/ukazatele?ic=00256242&obdobi=2512
2025,,single_school,founder:00256307,00256307,Obec Vrhaveč,obec,1,1,950000,0,950000,1,9648041,aggregate_candidate_needs_confirmation,,,,,https://monitor.statnipokladna.gov.cz/api/ukazatele?ic=00256307&obdobi=2512
2025,,single_school,founder:00256315,00256315,Obec Zavlekov,obec,1,1,750000,0,750000,1,6358315,aggregate_candidate_needs_confirmation,,,,,https://monitor.statnipokladna.gov.cz/api/ukazatele?ic=00256315&obdobi=2512
2025,,single_school,founder:00256358,00256358,Město Železná Ruda,obec,1,1,4950000,0,4950000,1,28913437,aggregate_candidate_needs_confirmation,,,,,https://monitor.statnipokladna.gov.cz/api/ukazatele?ic=00256358&obdobi=2512
2025,,single_school,founder:00256366,00256366,Obec Žihobce,obec,1,1,735000,0,735000,1,8204924,aggregate_candidate_needs_confirmation,,,,,https://monitor.statnipokladna.gov.cz/api/ukazatele?ic=00256366&obdobi=2512
2025,,single_school,founder:00256536,00256536,Obec Čížkov,obec,1,1,604000,0,604000,1,4399943,aggregate_candidate_needs_confirmation,,,,,https://monitor.statnipokladna.gov.cz/api/ukazatele?ic=00256536&obdobi=2512
2025,,single_school,founder:00256544,00256544,Obec Dnešice,obec,1,1,280000,0,280000,1,2988739,aggregate_candidate_needs_confirmation,,,,,https://monitor.statnipokladna.gov.cz/api/ukazatele?ic=00256544&obdobi=2512
2025,,single_school,founder:00256561,00256561,Obec Dolní Lukavice,obec,1,1,1600000,0,1600000,1,15525379,aggregate_candidate_needs_confirmation,,,,,https://monitor.statnipokladna.gov.cz/api/ukazatele?ic=00256561&obdobi=2512
2025,,single_school,founder:00256609,00256609,Obec Horšice,obec,1,1,860000,0,860000,1,7948256,aggregate_candidate_needs_confirmation,,,,,https://monitor.statnipokladna.gov.cz/api/ukazatele?ic=00256609&obdobi=2512
2025,,single_school,founder:00256617,00256617,Obec Hradec,obec,1,1,950000,0,950000,1,8640747,aggregate_candidate_needs_confirmation,,,,,https://monitor.statnipokladna.gov.cz/api/ukazatele?ic=00256617&obdobi=2512
2025,,single_school,founder:00256641,00256641,Obec Chlum,obec,1,1,504704,0,504704,1,4381004,aggregate_candidate_needs_confirmation,,,,,https://monitor.statnipokladna.gov.cz/api/ukazatele?ic=00256641&obdobi=2512
2025,,single_school,founder:00256676,00256676,Obec Chocenice,obec,1,1,800000,0,800000,1,7418554,aggregate_candidate_needs_confirmation,,,,,https://monitor.statnipokladna.gov.cz/api/ukazatele?ic=00256676&obdobi=2512
2025,,single_school,founder:00256714,00256714,Obec Chválenice,obec,1,1,750000,0,750000,1,6504567,aggregate_candidate_needs_confirmation,,,,,https://monitor.statnipokladna.gov.cz/api/ukazatele?ic=00256714&obdobi=2512
2025,,single_school,founder:00256820,00256820,Obec Letiny,obec,1,1,2818800,0,2818800,1,17737817,aggregate_candidate_needs_confirmation,,,,,https://monitor.statnipokladna.gov.cz/api/ukazatele?ic=00256820&obdobi=2512
2025,,single_school,founder:00256871,00256871,Obec Losiná,obec,1,1,670000,0,670000,1,4875513,aggregate_candidate_needs_confirmation,,,,,https://monitor.statnipokladna.gov.cz/api/ukazatele?ic=00256871&obdobi=2512
2025,,single_school,founder:00256897,00256897,Obec Lužany,obec,1,1,1000000,0,1000000,1,7053295,aggregate_candidate_needs_confirmation,,,,,https://monitor.statnipokladna.gov.cz/api/ukazatele?ic=00256897&obdobi=2512
2025,,single_school,founder:00256927,00256927,Obec Mileč,obec,1,1,510000,0,510000,1,3504327,aggregate_candidate_needs_confirmation,,,,,https://monitor.statnipokladna.gov.cz/api/ukazatele?ic=00256927&obdobi=2512
2025,,single_school,founder:00256935,00256935,Obec Mladý Smolivec,obec,1,1,585000,0,585000,1,3330741,aggregate_candidate_needs_confirmation,,,,,https://monitor.statnipokladna.gov.cz/api/ukazatele?ic=00256935&obdobi=2512
2025,,single_school,founder:00256978,00256978,Obec Nekvasovy,obec,1,1,600000,0,600000,1,2537955,aggregate_candidate_needs_confirmation,,,,,https://monitor.statnipokladna.gov.cz/api/ukazatele?ic=00256978&obdobi=2512
2025,,single_school,founder:00257001,00257001,Obec Neurazy,obec,1,1,619000,0,619000,1,3694486,aggregate_candidate_needs_confirmation,,,,,https://monitor.statnipokladna.gov.cz/api/ukazatele?ic=00257001&obdobi=2512
2025,,single_school,founder:00257133,00257133,Obec Příchovice,obec,1,1,350000,0,350000,1,4741392,aggregate_candidate_needs_confirmation,,,,,https://monitor.statnipokladna.gov.cz/api/ukazatele?ic=00257133&obdobi=2512
2025,,single_school,founder:00257184,00257184,Obec Řenče,obec,1,1,900000,0,900000,1,9600811,aggregate_candidate_needs_confirmation,,,,,https://monitor.statnipokladna.gov.cz/api/ukazatele?ic=00257184&obdobi=2512
2025,,single_school,founder:00257192,00257192,Obec Seč,obec,1,1,600000,0,600000,1,4438537,aggregate_candidate_needs_confirmation,,,,,https://monitor.statnipokladna.gov.cz/api/ukazatele?ic=00257192&obdobi=2512
2025,,single_school,founder:00257222,00257222,Obec Soběkury,obec,1,1,240000,0,240000,1,2284065,aggregate_candidate_needs_confirmation,,,,,https://monitor.statnipokladna.gov.cz/api/ukazatele?ic=00257222&obdobi=2512
2025,,single_school,founder:00257249,00257249,Město Spálené Poříčí,obec,1,1,5923000,0,5923000,1,49111656,aggregate_candidate_needs_confirmation,,,,,https://monitor.statnipokladna.gov.cz/api/ukazatele?ic=00257249&obdobi=2512
2025,,single_school,founder:00257451,00257451,Obec Zdemyslice,obec,1,1,300000,0,300000,1,2897650,aggregate_candidate_needs_confirmation,,,,,https://monitor.statnipokladna.gov.cz/api/ukazatele?ic=00257451&obdobi=2512
2025,,single_school,founder:00257508,00257508,Městys Žinkovy,obec,1,1,2600000,0,2600000,1,20791658,aggregate_candidate_needs_confirmation,,,,,https://monitor.statnipokladna.gov.cz/api/ukazatele?ic=00257508&obdobi=2512
2025,,single_school,founder:00257541,00257541,Obec Bezvěrov,obec,1,1,1156802,0,1156802,1,6128096,aggregate_candidate_needs_confirmation,,,,,https://monitor.statnipokladna.gov.cz/api/ukazatele?ic=00257541&obdobi=2512
2025,,single_school,founder:00257567,00257567,Obec Blatnice,obec,1,2,2285000,175000,2460000,1,19026115,aggregate_candidate_needs_confirmation,,,,,https://monitor.statnipokladna.gov.cz/api/ukazatele?ic=00257567&obdobi=2512
2025,,single_school,founder:00257630,00257630,Obec Česká Bříza,obec,1,1,600000,0,600000,1,3152439,aggregate_candidate_needs_confirmation,,,,,https://monitor.statnipokladna.gov.cz/api/ukazatele?ic=00257630&obdobi=2512
2025,,single_school,founder:00257664,00257664,Obec Dobříč,obec,1,1,1087488,0,1087488,1,4844746,aggregate_candidate_needs_confirmation,,,,,https://monitor.statnipokladna.gov.cz/api/ukazatele?ic=00257664&obdobi=2512
2025,,single_school,founder:00257681,00257681,Obec Dolní Bělá,obec,1,2,2942593,110000,3052593,1,29173369,aggregate_candidate_needs_confirmation,,,,,https://monitor.statnipokladna.gov.cz/api/ukazatele?ic=00257681&obdobi=2512
2025,,single_school,founder:00257729,00257729,Obec Druztová,obec,1,1,550000,0,550000,1,4205687,aggregate_candidate_needs_confirmation,,,,,https://monitor.statnipokladna.gov.cz/api/ukazatele?ic=00257729&obdobi=2512
2025,,single_school,founder:00257745,00257745,Obec Dýšina,obec,1,2,9537445,11842214,21379659,1,33587500,aggregate_candidate_needs_confirmation,,,,,https://monitor.statnipokladna.gov.cz/api/ukazatele?ic=00257745&obdobi=2512
2025,,single_school,founder:00257753,00257753,Obec Heřmanova Huť,obec,1,1,2266000,0,2266000,1,31881271,aggregate_candidate_needs_confirmation,,,,,https://monitor.statnipokladna.gov.cz/api/ukazatele?ic=00257753&obdobi=2512
2025,,single_school,founder:00257800,00257800,Obec Hromnice,obec,1,1,1350000,0,1350000,1,11323336,aggregate_candidate_needs_confirmation,,,,,https://monitor.statnipokladna.gov.cz/api/ukazatele?ic=00257800&obdobi=2512
2025,,single_school,founder:00257834,00257834,Obec Chotíkov,obec,1,1,1220000,0,1220000,1,26944550,aggregate_candidate_needs_confirmation,,,,,https://monitor.statnipokladna.gov.cz/api/ukazatele?ic=00257834&obdobi=2512
2025,,single_school,founder:00257869,00257869,Obec Chříč,obec,1,1,500000,0,500000,1,3317875,aggregate_candidate_needs_confirmation,,,,,https://monitor.statnipokladna.gov.cz/api/ukazatele?ic=00257869&obdobi=2512
2025,,single_school,founder:00257931,00257931,Obec Kozojedy,obec,1,1,2381045,0,2381045,1,20059422,aggregate_candidate_needs_confirmation,,,,,https://monitor.statnipokladna.gov.cz/api/ukazatele?ic=00257931&obdobi=2512
2025,,single_school,founder:00257940,00257940,Obec Kozolupy,obec,1,1,1300000,0,1300000,1,16838159,aggregate_candidate_needs_confirmation,,,,,https://monitor.statnipokladna.gov.cz/api/ukazatele?ic=00257940&obdobi=2512
2025,,single_school,founder:00257958,00257958,Město Kožlany,obec,1,1,3300000,0,3300000,1,24450327,aggregate_candidate_needs_confirmation,,,,,https://monitor.statnipokladna.gov.cz/api/ukazatele?ic=00257958&obdobi=2512
2025,,single_school,founder:00258024,00258024,Obec Kyšice,obec,1,1,400000,0,400000,1,4311952,aggregate_candidate_needs_confirmation,,,,,https://monitor.statnipokladna.gov.cz/api/ukazatele?ic=00258024&obdobi=2512
2025,,single_school,founder:00258059,00258059,Obec Líně,obec,1,1,5600000,0,5600000,1,40481922,aggregate_candidate_needs_confirmation,,,,,https://monitor.statnipokladna.gov.cz/api/ukazatele?ic=00258059&obdobi=2512
2025,,single_school,founder:00258067,00258067,Obec Líšťany,obec,1,1,800000,0,800000,1,5164635,aggregate_candidate_needs_confirmation,,,,,https://monitor.statnipokladna.gov.cz/api/ukazatele?ic=00258067&obdobi=2512
2025,,single_school,founder:00258105,00258105,Město Město Touškov,obec,1,2,7750000,900000,8650000,1,61390764,aggregate_candidate_needs_confirmation,,,,,https://monitor.statnipokladna.gov.cz/api/ukazatele?ic=00258105&obdobi=2512
2025,,single_school,founder:00258121,00258121,Obec Mladotice,obec,1,1,1220000,0,1220000,1,7338443,aggregate_candidate_needs_confirmation,,,,,https://monitor.statnipokladna.gov.cz/api/ukazatele?ic=00258121&obdobi=2512
2025,,single_school,founder:00258156,00258156,Obec Nečtiny,obec,1,1,823500,0,823500,1,7622491,aggregate_candidate_needs_confirmation,,,,,https://monitor.statnipokladna.gov.cz/api/ukazatele?ic=00258156&obdobi=2512
2025,,single_school,founder:00258202,00258202,Obec Obora,obec,1,1,970000,0,970000,1,5213223,aggregate_candidate_needs_confirmation,,,,,https://monitor.statnipokladna.gov.cz/api/ukazatele?ic=00258202&obdobi=2512
2025,,single_school,founder:00258229,00258229,Obec Pernarec,obec,1,1,3572262,0,3572262,1,20154723,aggregate_candidate_needs_confirmation,,,,,https://monitor.statnipokladna.gov.cz/api/ukazatele?ic=00258229&obdobi=2512
2025,,single_school,founder:00258261,00258261,Obec Pňovany,obec,1,1,1468400,0,1468400,1,10732248,aggregate_candidate_needs_confirmation,,,,,https://monitor.statnipokladna.gov.cz/api/ukazatele?ic=00258261&obdobi=2512
2025,,single_school,founder:00258385,00258385,Obec Tlučná,obec,1,2,5140000,1780000,6920000,1,47970076,aggregate_candidate_needs_confirmation,,,,,https://monitor.statnipokladna.gov.cz/api/ukazatele?ic=00258385&obdobi=2512
2025,,single_school,founder:00258393,00258393,Obec Trnová,obec,1,1,1200000,0,1200000,1,14700994,aggregate_candidate_needs_confirmation,,,,,https://monitor.statnipokladna.gov.cz/api/ukazatele?ic=00258393&obdobi=2512
2025,,single_school,founder:00258458,00258458,Obec Úněšov,obec,1,1,584000,0,584000,1,5004368,aggregate_candidate_needs_confirmation,,,,,https://monitor.statnipokladna.gov.cz/api/ukazatele?ic=00258458&obdobi=2512
2025,,single_school,founder:00258466,00258466,Město Úterý,obec,1,1,1670153,0,1670153,1,6884658,aggregate_candidate_needs_confirmation,,,,,https://monitor.statnipokladna.gov.cz/api/ukazatele?ic=00258466&obdobi=2512
2025,,single_school,founder:00258474,00258474,Obec Vejprnice,obec,1,2,5238387,387199,5625586,1,63951751,aggregate_candidate_needs_confirmation,,,,,https://monitor.statnipokladna.gov.cz/api/ukazatele?ic=00258474&obdobi=2512
2025,,single_school,founder:00258491,00258491,Obec Vochov,obec,1,1,1072000,0,1072000,1,4919853,aggregate_candidate_needs_confirmation,,,,,https://monitor.statnipokladna.gov.cz/api/ukazatele?ic=00258491&obdobi=2512
2025,,single_school,founder:00258512,00258512,Město Všeruby,obec,1,2,5448904,88000,5536904,1,34525676,aggregate_candidate_needs_confirmation,,,,,https://monitor.statnipokladna.gov.cz/api/ukazatele?ic=00258512&obdobi=2512
2025,,single_school,founder:00258580,00258580,Obec Žihle,obec,1,1,5000000,0,5000000,1,33083468,aggregate_candidate_needs_confirmation,,,,,https://monitor.statnipokladna.gov.cz/api/ukazatele?ic=00258580&obdobi=2512
2025,,single_school,founder:00258598,00258598,Obec Žilov,obec,1,2,396000,360000,756000,1,3500380,aggregate_candidate_needs_confirmation,,,,,https://monitor.statnipokladna.gov.cz/api/ukazatele?ic=00258598&obdobi=2512
2025,,single_school,founder:00258628,00258628,Obec Břasy,obec,1,1,4601947,0,4601947,1,43520464,aggregate_candidate_needs_confirmation,,,,,https://monitor.statnipokladna.gov.cz/api/ukazatele?ic=00258628&obdobi=2512
2025,,single_school,founder:00258695,00258695,Obec Ejpovice,obec,1,1,1500000,0,1500000,1,13957576,aggregate_candidate_needs_confirmation,,,,,https://monitor.statnipokladna.gov.cz/api/ukazatele?ic=00258695&obdobi=2512
2025,,single_school,founder:00258717,00258717,Obec Holoubkov,obec,1,1,1500000,0,1500000,1,18652878,aggregate_candidate_needs_confirmation,,,,,https://monitor.statnipokladna.gov.cz/api/ukazatele?ic=00258717&obdobi=2512
2025,,single_school,founder:00258725,00258725,Město Hrádek,obec,1,2,5532000,550000,6082000,1,38637313,aggregate_candidate_needs_confirmation,,,,,https://monitor.statnipokladna.gov.cz/api/ukazatele?ic=00258725&obdobi=2512
2025,,single_school,founder:00258750,00258750,Obec Cheznovice,obec,1,1,800000,0,800000,1,8862831,aggregate_candidate_needs_confirmation,,,,,https://monitor.statnipokladna.gov.cz/api/ukazatele?ic=00258750&obdobi=2512
2025,,single_school,founder:00258806,00258806,Obec Kařez,obec,1,1,1239466,0,1239466,1,11539564,aggregate_candidate_needs_confirmation,,,,,https://monitor.statnipokladna.gov.cz/api/ukazatele?ic=00258806&obdobi=2512
2025,,single_school,founder:00258890,00258890,Město Mirošov,obec,1,1,4500000,0,4500000,1,44130652,aggregate_candidate_needs_confirmation,,,,,https://monitor.statnipokladna.gov.cz/api/ukazatele?ic=00258890&obdobi=2512
2025,,single_school,founder:00258903,00258903,Obec Mlečice,obec,1,1,1734386,0,1734386,1,10401911,aggregate_candidate_needs_confirmation,,,,,https://monitor.statnipokladna.gov.cz/api/ukazatele?ic=00258903&obdobi=2512
2025,,single_school,founder:00258954,00258954,Obec Osek,obec,1,1,2450000,0,2450000,1,20858333,aggregate_candidate_needs_confirmation,,,,,https://monitor.statnipokladna.gov.cz/api/ukazatele?ic=00258954&obdobi=2512
2025,,single_school,founder:00259021,00259021,Město Radnice,obec,1,1,6838276,0,6838276,1,42754695,aggregate_candidate_needs_confirmation,,,,,https://monitor.statnipokladna.gov.cz/api/ukazatele?ic=00259021&obdobi=2512
2025,,single_school,founder:00259195,00259195,Obec Veselá,obec,1,1,618874,0,618874,1,6259465,aggregate_candidate_needs_confirmation,,,,,https://monitor.statnipokladna.gov.cz/api/ukazatele?ic=00259195&obdobi=2512
2025,,single_school,founder:00259217,00259217,Obec Volduchy,obec,1,1,2971969,0,2971969,1,24502775,aggregate_candidate_needs_confirmation,,,,,https://monitor.statnipokladna.gov.cz/api/ukazatele?ic=00259217&obdobi=2512
2025,,single_school,founder:00259284,00259284,Obec Citice,obec,1,1,776720,0,776720,1,5149578,aggregate_candidate_needs_confirmation,,,,,https://monitor.statnipokladna.gov.cz/api/ukazatele?ic=00259284&obdobi=2512
2025,,single_school,founder:00259373,00259373,Obec Jindřichovice,obec,1,1,675120,0,675120,1,4757646,aggregate_candidate_needs_confirmation,,,,,https://monitor.statnipokladna.gov.cz/api/ukazatele?ic=00259373&obdobi=2512
2025,,single_school,founder:00259411,00259411,Obec Krajková,obec,1,1,6967703,0,6967703,1,24316710,aggregate_candidate_needs_confirmation,,,,,https://monitor.statnipokladna.gov.cz/api/ukazatele?ic=00259411&obdobi=2512
2025,,single_school,founder:00259462,00259462,Obec Libavské Údolí,obec,1,1,1000000,0,1000000,1,6768324,aggregate_candidate_needs_confirmation,,,,,https://monitor.statnipokladna.gov.cz/api/ukazatele?ic=00259462&obdobi=2512
2025,,single_school,founder:00259535,00259535,Město Oloví,obec,1,2,5687025,107872,5794897,1,26095002,aggregate_candidate_needs_confirmation,,,,,https://monitor.statnipokladna.gov.cz/api/ukazatele?ic=00259535&obdobi=2512
2025,,single_school,founder:00259551,00259551,Město Rotava,obec,1,1,5186000,0,5186000,1,28759125,aggregate_candidate_needs_confirmation,,,,,https://monitor.statnipokladna.gov.cz/api/ukazatele?ic=00259551&obdobi=2512
2025,,single_school,founder:00259560,00259560,Obec Rovná,obec,1,1,1450000,0,1450000,1,4981328,aggregate_candidate_needs_confirmation,,,,,https://monitor.statnipokladna.gov.cz/api/ukazatele?ic=00259560&obdobi=2512
2025,,single_school,founder:00259608,00259608,Obec Staré Sedlo,obec,1,1,300000,0,300000,1,2951643,aggregate_candidate_needs_confirmation,,,,,https://monitor.statnipokladna.gov.cz/api/ukazatele?ic=00259608&obdobi=2512
2025,,single_school,founder:00259705,00259705,Město Bezdružice,obec,1,1,3960000,0,3960000,1,27382591,aggregate_candidate_needs_confirmation,,,,,https://monitor.statnipokladna.gov.cz/api/ukazatele?ic=00259705&obdobi=2512
2025,,single_school,founder:00259811,00259811,Obec Erpužice,obec,1,1,255000,0,255000,1,2770961,aggregate_candidate_needs_confirmation,,,,,https://monitor.statnipokladna.gov.cz/api/ukazatele?ic=00259811&obdobi=2512
2025,,single_school,founder:00259829,00259829,Obec Halže,obec,1,2,3272300,3489302,6761602,1,15746185,aggregate_candidate_needs_confirmation,,,,,https://monitor.statnipokladna.gov.cz/api/ukazatele?ic=00259829&obdobi=2512
2025,,single_school,founder:00259853,00259853,Obec Hošťka,obec,1,1,605000,0,605000,1,4762747,aggregate_candidate_needs_confirmation,,,,,https://monitor.statnipokladna.gov.cz/api/ukazatele?ic=00259853&obdobi=2512
2025,,single_school,founder:00259861,00259861,Městys Chodová Planá,obec,1,2,3915500,66443,3981943,1,19191040,aggregate_candidate_needs_confirmation,,,,,https://monitor.statnipokladna.gov.cz/api/ukazatele?ic=00259861&obdobi=2512
2025,,single_school,founder:00259870,00259870,Obec Chodský Újezd,obec,1,1,1157500,0,1157500,1,5848601,aggregate_candidate_needs_confirmation,,,,,https://monitor.statnipokladna.gov.cz/api/ukazatele?ic=00259870&obdobi=2512
2025,,single_school,founder:00259918,00259918,Obec Konstantinovy Lázně,obec,1,2,1527000,0,1527000,1,13239084,aggregate_candidate_needs_confirmation,,,,,https://monitor.statnipokladna.gov.cz/api/ukazatele?ic=00259918&obdobi=2512
2025,,single_school,founder:00259969,00259969,Obec Lesná,obec,1,1,1200000,0,1200000,1,5125192,aggregate_candidate_needs_confirmation,,,,,https://monitor.statnipokladna.gov.cz/api/ukazatele?ic=00259969&obdobi=2512
2025,,single_school,founder:00260142,00260142,Obec Staré Sedliště,obec,1,1,5254170,0,5254170,1,29369876,aggregate_candidate_needs_confirmation,,,,,https://monitor.statnipokladna.gov.cz/api/ukazatele?ic=00260142&obdobi=2512
2025,,single_school,founder:00260215,00260215,Obec Svojšín,obec,1,1,890000,0,890000,1,9874955,aggregate_candidate_needs_confirmation,,,,,https://monitor.statnipokladna.gov.cz/api/ukazatele?ic=00260215&obdobi=2512
2025,,single_school,founder:00260401,00260401,Obec Brniště,obec,1,1,3036000,0,3036000,1,16553552,aggregate_candidate_needs_confirmation,,,,,https://monitor.statnipokladna.gov.cz/api/ukazatele?ic=00260401&obdobi=2512
2025,,single_school,founder:00260525,00260525,Městys Holany,obec,1,1,900000,0,900000,1,7024915,aggregate_candidate_needs_confirmation,,,,,https://monitor.statnipokladna.gov.cz/api/ukazatele?ic=00260525&obdobi=2512
2025,,single_school,founder:00260789,00260789,Obec Nový Oldřichov,obec,1,1,1026000,0,1026000,1,9786924,aggregate_candidate_needs_confirmation,,,,,https://monitor.statnipokladna.gov.cz/api/ukazatele?ic=00260789&obdobi=2512
2025,,single_school,founder:00260878,00260878,Obec Jestřebí,obec,1,1,2281961,0,2281961,1,24981247,aggregate_candidate_needs_confirmation,,,,,https://monitor.statnipokladna.gov.cz/api/ukazatele?ic=00260878&obdobi=2512
2025,,single_school,founder:00260967,00260967,Město Stráž pod Ralskem,obec,1,1,10895000,0,10895000,1,60268468,aggregate_candidate_needs_confirmation,,,,,https://monitor.statnipokladna.gov.cz/api/ukazatele?ic=00260967&obdobi=2512
2025,,single_school,founder:00260975,00260975,Obec Stružnice,obec,1,1,2200000,0,2200000,1,8560807,aggregate_candidate_needs_confirmation,,,,,https://monitor.statnipokladna.gov.cz/api/ukazatele?ic=00260975&obdobi=2512
2025,,single_school,founder:00261076,00261076,Obec Volfartice,obec,1,1,1510000,0,1510000,1,6181169,aggregate_candidate_needs_confirmation,,,,,https://monitor.statnipokladna.gov.cz/api/ukazatele?ic=00261076&obdobi=2512
2025,,single_school,founder:00261092,00261092,Obec Zahrádky,obec,1,1,1345000,0,1345000,1,8476958,aggregate_candidate_needs_confirmation,,,,,https://monitor.statnipokladna.gov.cz/api/ukazatele?ic=00261092&obdobi=2512
2025,,single_school,founder:00261114,00261114,Město Zákupy,obec,1,2,9000000,4000000,13000000,1,49440612,aggregate_candidate_needs_confirmation,,,,,https://monitor.statnipokladna.gov.cz/api/ukazatele?ic=00261114&obdobi=2512
2025,,single_school,founder:00261173,00261173,Obec Arnoltice,obec,1,1,159000,0,159000,1,2951198,aggregate_candidate_needs_confirmation,,,,,https://monitor.statnipokladna.gov.cz/api/ukazatele?ic=00261173&obdobi=2512
2025,,single_school,founder:00261181,00261181,Město Benešov nad Ploučnicí,obec,1,3,8270000,2750946,11020946,1,74635907,aggregate_candidate_needs_confirmation,,,,,https://monitor.statnipokladna.gov.cz/api/ukazatele?ic=00261181&obdobi=2512
2025,,single_school,founder:00261246,00261246,Obec Dobkovice,obec,1,1,1850000,0,1850000,1,9065115,aggregate_candidate_needs_confirmation,,,,,https://monitor.statnipokladna.gov.cz/api/ukazatele?ic=00261246&obdobi=2512
2025,,single_school,founder:00261289,00261289,Město Dolní Poustevna,obec,1,1,4768200,0,4768200,1,25262622,aggregate_candidate_needs_confirmation,,,,,https://monitor.statnipokladna.gov.cz/api/ukazatele?ic=00261289&obdobi=2512
2025,,single_school,founder:00261327,00261327,Obec Heřmanov,obec,1,1,693300,0,693300,1,6467256,aggregate_candidate_needs_confirmation,,,,,https://monitor.statnipokladna.gov.cz/api/ukazatele?ic=00261327&obdobi=2512
2025,,single_school,founder:00261360,00261360,Obec Huntířov,obec,1,1,1171000,0,1171000,1,13157540,aggregate_candidate_needs_confirmation,,,,,https://monitor.statnipokladna.gov.cz/api/ukazatele?ic=00261360&obdobi=2512
2025,,single_school,founder:00261378,00261378,Město Chřibská,obec,1,1,2550000,0,2550000,1,26685513,aggregate_candidate_needs_confirmation,,,,,https://monitor.statnipokladna.gov.cz/api/ukazatele?ic=00261378&obdobi=2512
2025,,single_school,founder:00261416,00261416,Obec Jiřetín pod Jedlovou,obec,1,1,200000,0,200000,1,2286651,aggregate_candidate_needs_confirmation,,,,,https://monitor.statnipokladna.gov.cz/api/ukazatele?ic=00261416&obdobi=2512
2025,,single_school,founder:00261459,00261459,Město Krásná Lípa,obec,1,1,6475989,0,6475989,1,53109531,aggregate_candidate_needs_confirmation,,,,,https://monitor.statnipokladna.gov.cz/api/ukazatele?ic=00261459&obdobi=2512
2025,,single_school,founder:00261505,00261505,Obec Lipová,obec,1,1,1335700,0,1335700,1,9282324,aggregate_candidate_needs_confirmation,,,,,https://monitor.statnipokladna.gov.cz/api/ukazatele?ic=00261505&obdobi=2512
2025,,single_school,founder:00261581,00261581,Město Mikulášovice,obec,1,2,5230000,0,5230000,1,28727777,aggregate_candidate_needs_confirmation,,,,,https://monitor.statnipokladna.gov.cz/api/ukazatele?ic=00261581&obdobi=2512
2025,,single_school,founder:00261653,00261653,Obec Staré Křečany,obec,1,1,2287207,0,2287207,1,14678663,aggregate_candidate_needs_confirmation,,,,,https://monitor.statnipokladna.gov.cz/api/ukazatele?ic=00261653&obdobi=2512
2025,,single_school,founder:00261742,00261742,Město Verneřice,obec,1,1,2400000,0,2400000,1,22372359,aggregate_candidate_needs_confirmation,,,,,https://monitor.statnipokladna.gov.cz/api/ukazatele?ic=00261742&obdobi=2512
2025,,single_school,founder:00261769,00261769,Obec Vilémov,obec,1,1,1250000,0,1250000,1,11126128,aggregate_candidate_needs_confirmation,,,,,https://monitor.statnipokladna.gov.cz/api/ukazatele?ic=00261769&obdobi=2512
2025,,single_school,founder:00261823,00261823,Obec Březno,obec,1,1,4300000,0,4300000,1,29776669,aggregate_candidate_needs_confirmation,,,,,https://monitor.statnipokladna.gov.cz/api/ukazatele?ic=00261823&obdobi=2512
2025,,single_school,founder:00261831,00261831,Obec Černovice,obec,1,1,900000,0,900000,1,3018430,aggregate_candidate_needs_confirmation,,,,,https://monitor.statnipokladna.gov.cz/api/ukazatele?ic=00261831&obdobi=2512
2025,,single_school,founder:00261858,00261858,Obec Droužkovice,obec,1,1,900000,0,900000,1,4875799,aggregate_candidate_needs_confirmation,,,,,https://monitor.statnipokladna.gov.cz/api/ukazatele?ic=00261858&obdobi=2512
2025,,single_school,founder:00261866,00261866,Obec Hora Sv. Šebestiána,obec,1,1,433000,0,433000,1,5405863,aggregate_candidate_needs_confirmation,,,,,https://monitor.statnipokladna.gov.cz/api/ukazatele?ic=00261866&obdobi=2512
2025,,single_school,founder:00261874,00261874,Obec Hrušovany,obec,1,1,886000,0,886000,1,2920230,aggregate_candidate_needs_confirmation,,,,,https://monitor.statnipokladna.gov.cz/api/ukazatele?ic=00261874&obdobi=2512
2025,,single_school,founder:00261882,00261882,Obec Chbany,obec,1,1,1052620,0,1052620,1,7915305,aggregate_candidate_needs_confirmation,,,,,https://monitor.statnipokladna.gov.cz/api/ukazatele?ic=00261882&obdobi=2512
2025,,single_school,founder:00261947,00261947,Městys Kovářská,obec,1,2,3478528,2180551,5659079,1,18713828,aggregate_candidate_needs_confirmation,,,,,https://monitor.statnipokladna.gov.cz/api/ukazatele?ic=00261947&obdobi=2512
2025,,single_school,founder:00262013,00262013,Obec Málkov,obec,1,1,1062766,0,1062766,1,7899884,aggregate_candidate_needs_confirmation,,,,,https://monitor.statnipokladna.gov.cz/api/ukazatele?ic=00262013&obdobi=2512
2025,,single_school,founder:00262021,00262021,Obec Mašťov,obec,1,1,1900012,0,1900012,1,8715902,aggregate_candidate_needs_confirmation,,,,,https://monitor.statnipokladna.gov.cz/api/ukazatele?ic=00262021&obdobi=2512
2025,,single_school,founder:00262072,00262072,Obec Perštejn,obec,1,1,1808186,0,1808186,1,23279482,aggregate_candidate_needs_confirmation,,,,,https://monitor.statnipokladna.gov.cz/api/ukazatele?ic=00262072&obdobi=2512
2025,,single_school,founder:00262111,00262111,Obec Radonice,obec,1,1,3200000,0,3200000,1,23262149,aggregate_candidate_needs_confirmation,,,,,https://monitor.statnipokladna.gov.cz/api/ukazatele?ic=00262111&obdobi=2512
2025,,single_school,founder:00262137,00262137,Obec Spořice,obec,1,1,2397000,0,2397000,1,16555445,aggregate_candidate_needs_confirmation,,,,,https://monitor.statnipokladna.gov.cz/api/ukazatele?ic=00262137&obdobi=2512
2025,,single_school,founder:00262145,00262145,Obec Strupčice,obec,1,1,4049468,0,4049468,1,32076064,aggregate_candidate_needs_confirmation,,,,,https://monitor.statnipokladna.gov.cz/api/ukazatele?ic=00262145&obdobi=2512
2025,,single_school,founder:00262200,00262200,Obec Vilémov,obec,1,2,3831417,0,3831417,1,23990712,aggregate_candidate_needs_confirmation,,,,,https://monitor.statnipokladna.gov.cz/api/ukazatele?ic=00262200&obdobi=2512
2025,,single_school,founder:00262242,00262242,Obec Vysoká Pec,obec,1,1,1529188,0,1529188,1,4799151,aggregate_candidate_needs_confirmation,,,,,https://monitor.statnipokladna.gov.cz/api/ukazatele?ic=00262242&obdobi=2512
2025,,single_school,founder:00262277,00262277,Obec Albrechtice v Jizerských horách,obec,1,1,944677,0,944677,1,8283589,aggregate_candidate_needs_confirmation,,,,,https://monitor.statnipokladna.gov.cz/api/ukazatele?ic=00262277&obdobi=2512
2025,,single_school,founder:00262307,00262307,Město Desná,obec,1,1,4200000,0,4200000,1,42516658,aggregate_candidate_needs_confirmation,,,,,https://monitor.statnipokladna.gov.cz/api/ukazatele?ic=00262307&obdobi=2512
2025,,single_school,founder:00262358,00262358,Obec Janov nad Nisou,obec,1,1,2312500,0,2312500,1,24155879,aggregate_candidate_needs_confirmation,,,,,https://monitor.statnipokladna.gov.cz/api/ukazatele?ic=00262358&obdobi=2512
2025,,single_school,founder:00262391,00262391,Obec Josefův Důl,obec,1,1,2870400,0,2870400,1,17755750,aggregate_candidate_needs_confirmation,,,,,https://monitor.statnipokladna.gov.cz/api/ukazatele?ic=00262391&obdobi=2512
2025,,single_school,founder:00262421,00262421,Obec Kořenov,obec,1,2,1090803,209197,1300000,1,7169393,aggregate_candidate_needs_confirmation,,,,,https://monitor.statnipokladna.gov.cz/api/ukazatele?ic=00262421&obdobi=2512
2025,,single_school,founder:00262463,00262463,Obec Malá Skála,obec,1,1,3900000,0,3900000,1,26135882,aggregate_candidate_needs_confirmation,,,,,https://monitor.statnipokladna.gov.cz/api/ukazatele?ic=00262463&obdobi=2512
2025,,single_school,founder:00262471,00262471,Obec Maršovice,obec,1,1,434460,0,434460,1,2727821,aggregate_candidate_needs_confirmation,,,,,https://monitor.statnipokladna.gov.cz/api/ukazatele?ic=00262471&obdobi=2512
2025,,single_school,founder:00262498,00262498,Obec Nová Ves nad Nisou,obec,1,1,1300000,0,1300000,1,12233000,aggregate_candidate_needs_confirmation,,,,,https://monitor.statnipokladna.gov.cz/api/ukazatele?ic=00262498&obdobi=2512
2025,,single_school,founder:00262552,00262552,Město Rychnov u Jablonce nad  Nisou,obec,1,1,4500000,0,4500000,1,50019950,aggregate_candidate_needs_confirmation,,,,,https://monitor.statnipokladna.gov.cz/api/ukazatele?ic=00262552&obdobi=2512
2025,,single_school,founder:00262561,00262561,Obec Skuhrov,obec,1,1,1260000,0,1260000,1,6232874,aggregate_candidate_needs_confirmation,,,,,https://monitor.statnipokladna.gov.cz/api/ukazatele?ic=00262561&obdobi=2512
2025,,single_school,founder:00262625,00262625,Obec Zlatá Olešnice,obec,1,1,720000,0,720000,1,6210109,aggregate_candidate_needs_confirmation,,,,,https://monitor.statnipokladna.gov.cz/api/ukazatele?ic=00262625&obdobi=2512
2025,,single_school,founder:00262668,00262668,obec Bílá,obec,1,1,500000,0,500000,1,5393526,aggregate_candidate_needs_confirmation,,,,,https://monitor.statnipokladna.gov.cz/api/ukazatele?ic=00262668&obdobi=2512
2025,,single_school,founder:00262692,00262692,Obec Bulovka,obec,1,1,1759500,0,1759500,1,9874639,aggregate_candidate_needs_confirmation,,,,,https://monitor.statnipokladna.gov.cz/api/ukazatele?ic=00262692&obdobi=2512
2025,,single_school,founder:00262757,00262757,Obec Dolní Řasnice,obec,1,1,667990,0,667990,1,10370682,aggregate_candidate_needs_confirmation,,,,,https://monitor.statnipokladna.gov.cz/api/ukazatele?ic=00262757&obdobi=2512
2025,,single_school,founder:00262790,00262790,Obec Habartice,obec,1,1,715000,0,715000,1,7306268,aggregate_candidate_needs_confirmation,,,,,https://monitor.statnipokladna.gov.cz/api/ukazatele?ic=00262790&obdobi=2512
2025,,single_school,founder:00262803,00262803,Město Hejnice,obec,1,1,5681102,0,5681102,1,50045701,aggregate_candidate_needs_confirmation,,,,,https://monitor.statnipokladna.gov.cz/api/ukazatele?ic=00262803&obdobi=2512
2025,,single_school,founder:00262943,00262943,Obec Křižany,obec,1,1,4350000,0,4350000,1,20518076,aggregate_candidate_needs_confirmation,,,,,https://monitor.statnipokladna.gov.cz/api/ukazatele?ic=00262943&obdobi=2512
2025,,single_school,founder:00263001,00263001,Obec Mníšek,obec,1,1,4029258,0,4029258,1,37132380,aggregate_candidate_needs_confirmation,,,,,https://monitor.statnipokladna.gov.cz/api/ukazatele?ic=00263001&obdobi=2512
2025,,single_school,founder:00263061,00263061,Město Osečná,obec,1,2,3816000,1500000,5316000,1,31526419,aggregate_candidate_needs_confirmation,,,,,https://monitor.statnipokladna.gov.cz/api/ukazatele?ic=00263061&obdobi=2512
2025,,single_school,founder:00263095,00263095,Obec Pěnčín,obec,1,1,1000000,0,1000000,1,11041364,aggregate_candidate_needs_confirmation,,,,,https://monitor.statnipokladna.gov.cz/api/ukazatele?ic=00263095&obdobi=2512
2025,,single_school,founder:00263141,00263141,Město Raspenava,obec,1,1,5787600,0,5787600,1,45123552,aggregate_candidate_needs_confirmation,,,,,https://monitor.statnipokladna.gov.cz/api/ukazatele?ic=00263141&obdobi=2512
2025,,single_school,founder:00263168,00263168,Obec Rynoltice,obec,1,1,2000000,0,2000000,1,13675403,aggregate_candidate_needs_confirmation,,,,,https://monitor.statnipokladna.gov.cz/api/ukazatele?ic=00263168&obdobi=2512
2025,,single_school,founder:00263192,00263192,Obec Světlá pod Ještědem,obec,1,1,1250000,0,1250000,1,11059431,aggregate_candidate_needs_confirmation,,,,,https://monitor.statnipokladna.gov.cz/api/ukazatele?ic=00263192&obdobi=2512
2025,,single_school,founder:00263222,00263222,Obec Sychrov,obec,1,1,1110000,0,1110000,1,5768856,aggregate_candidate_needs_confirmation,,,,,https://monitor.statnipokladna.gov.cz/api/ukazatele?ic=00263222&obdobi=2512
2025,,single_school,founder:00263265,00263265,Obec Višňová,obec,1,1,1986000,0,1986000,1,13588149,aggregate_candidate_needs_confirmation,,,,,https://monitor.statnipokladna.gov.cz/api/ukazatele?ic=00263265&obdobi=2512
2025,,single_school,founder:00263303,00263303,obec Všelibice,obec,1,1,420000,0,420000,1,4041172,aggregate_candidate_needs_confirmation,,,,,https://monitor.statnipokladna.gov.cz/api/ukazatele?ic=00263303&obdobi=2512
2025,,single_school,founder:00263346,00263346,Obec Bechlín,obec,1,1,7624000,0,7624000,1,30339334,aggregate_candidate_needs_confirmation,,,,,https://monitor.statnipokladna.gov.cz/api/ukazatele?ic=00263346&obdobi=2512
2025,,single_school,founder:00263362,00263362,Město Bohušovice nad Ohří,obec,1,1,3681000,0,3681000,1,27018866,aggregate_candidate_needs_confirmation,,,,,https://monitor.statnipokladna.gov.cz/api/ukazatele?ic=00263362&obdobi=2512
2025,,single_school,founder:00263389,00263389,Obec Brňany,obec,1,1,300210,0,300210,1,2784378,aggregate_candidate_needs_confirmation,,,,,https://monitor.statnipokladna.gov.cz/api/ukazatele?ic=00263389&obdobi=2512
2025,,single_school,founder:00263397,00263397,Městys Brozany nad Ohří,obec,1,1,3580000,0,3580000,1,29139879,aggregate_candidate_needs_confirmation,,,,,https://monitor.statnipokladna.gov.cz/api/ukazatele?ic=00263397&obdobi=2512
2025,,single_school,founder:00263419,00263419,Obec Bříza,obec,1,1,454000,0,454000,1,2671567,aggregate_candidate_needs_confirmation,,,,,https://monitor.statnipokladna.gov.cz/api/ukazatele?ic=00263419&obdobi=2512
2025,,single_school,founder:00263486,00263486,Obec Čížkovice,obec,1,1,3940000,0,3940000,1,16581415,aggregate_candidate_needs_confirmation,,,,,https://monitor.statnipokladna.gov.cz/api/ukazatele?ic=00263486&obdobi=2512
2025,,single_school,founder:00263524,00263524,Obec Doksany,obec,1,1,500000,0,500000,1,2635482,aggregate_candidate_needs_confirmation,,,,,https://monitor.statnipokladna.gov.cz/api/ukazatele?ic=00263524&obdobi=2512
2025,,single_school,founder:00263583,00263583,Obec Dušníky,obec,1,1,645907,0,645907,1,2989137,aggregate_candidate_needs_confirmation,,,,,https://monitor.statnipokladna.gov.cz/api/ukazatele?ic=00263583&obdobi=2512
2025,,single_school,founder:00263648,00263648,Město Hoštka,obec,1,1,3831859,0,3831859,1,34039287,aggregate_candidate_needs_confirmation,,,,,https://monitor.statnipokladna.gov.cz/api/ukazatele?ic=00263648&obdobi=2512
2025,,single_school,founder:00263664,00263664,Obec Hrobce,obec,1,1,374551,0,374551,1,3116931,aggregate_candidate_needs_confirmation,,,,,https://monitor.statnipokladna.gov.cz/api/ukazatele?ic=00263664&obdobi=2512
2025,,single_school,founder:00263699,00263699,Obec Chodouny,obec,1,1,1400000,0,1400000,1,7355494,aggregate_candidate_needs_confirmation,,,,,https://monitor.statnipokladna.gov.cz/api/ukazatele?ic=00263699&obdobi=2512
2025,,single_school,founder:00263796,00263796,Obec Klapý,obec,1,1,860000,0,860000,1,6293832,aggregate_candidate_needs_confirmation,,,,,https://monitor.statnipokladna.gov.cz/api/ukazatele?ic=00263796&obdobi=2512
2025,,single_school,founder:00263826,00263826,Obec Kostomlaty pod Řípem,obec,1,1,250000,0,250000,1,2725812,aggregate_candidate_needs_confirmation,,,,,https://monitor.statnipokladna.gov.cz/api/ukazatele?ic=00263826&obdobi=2512
2025,,single_school,founder:00263834,00263834,Obec Krabčice,obec,1,1,1162400,0,1162400,1,9064251,aggregate_candidate_needs_confirmation,,,,,https://monitor.statnipokladna.gov.cz/api/ukazatele?ic=00263834&obdobi=2512
2025,,single_school,founder:00263842,00263842,Obec Křesín,obec,1,1,160000,0,160000,1,2592266,aggregate_candidate_needs_confirmation,,,,,https://monitor.statnipokladna.gov.cz/api/ukazatele?ic=00263842&obdobi=2512
2025,,single_school,founder:00263851,00263851,Obec Křešice,obec,1,1,1200000,0,1200000,1,19204374,aggregate_candidate_needs_confirmation,,,,,https://monitor.statnipokladna.gov.cz/api/ukazatele?ic=00263851&obdobi=2512
2025,,single_school,founder:00263893,00263893,Obec Liběšice,obec,1,1,3358800,0,3358800,1,29453229,aggregate_candidate_needs_confirmation,,,,,https://monitor.statnipokladna.gov.cz/api/ukazatele?ic=00263893&obdobi=2512
2025,,single_school,founder:00263915,00263915,Obec Libkovice pod Řípem,obec,1,1,420000,0,420000,1,2590032,aggregate_candidate_needs_confirmation,,,,,https://monitor.statnipokladna.gov.cz/api/ukazatele?ic=00263915&obdobi=2512
2025,,single_school,founder:00263923,00263923,Obec Libochovany,obec,1,1,585000,0,585000,1,2864527,aggregate_candidate_needs_confirmation,,,,,https://monitor.statnipokladna.gov.cz/api/ukazatele?ic=00263923&obdobi=2512
2025,,single_school,founder:00263940,00263940,Obec Libotenice,obec,1,1,950000,0,950000,1,7252080,aggregate_candidate_needs_confirmation,,,,,https://monitor.statnipokladna.gov.cz/api/ukazatele?ic=00263940&obdobi=2512
2025,,single_school,founder:00263982,00263982,Obec Lovečkovice,obec,1,1,240000,0,240000,1,3326861,aggregate_candidate_needs_confirmation,,,,,https://monitor.statnipokladna.gov.cz/api/ukazatele?ic=00263982&obdobi=2512
2025,,single_school,founder:00264024,00264024,Obec Martiněves,obec,1,1,586573,0,586573,1,2593381,aggregate_candidate_needs_confirmation,,,,,https://monitor.statnipokladna.gov.cz/api/ukazatele?ic=00264024&obdobi=2512
2025,,single_school,founder:00264075,00264075,Obec Mnetěš,obec,1,1,700000,0,700000,1,6497491,aggregate_candidate_needs_confirmation,,,,,https://monitor.statnipokladna.gov.cz/api/ukazatele?ic=00264075&obdobi=2512
2025,,single_school,founder:00264083,00264083,Obec Mšené-lázně,obec,1,1,5956123,0,5956123,1,31761152,aggregate_candidate_needs_confirmation,,,,,https://monitor.statnipokladna.gov.cz/api/ukazatele?ic=00264083&obdobi=2512
2025,,single_school,founder:00264164,00264164,Obec Ploskovice,obec,1,1,2528000,0,2528000,1,23735051,aggregate_candidate_needs_confirmation,,,,,https://monitor.statnipokladna.gov.cz/api/ukazatele?ic=00264164&obdobi=2512
2025,,single_school,founder:00264202,00264202,Obec Polepy,obec,1,1,3461968,0,3461968,1,24491075,aggregate_candidate_needs_confirmation,,,,,https://monitor.statnipokladna.gov.cz/api/ukazatele?ic=00264202&obdobi=2512
2025,,single_school,founder:00264229,00264229,Obec Prackovice nad Labem,obec,1,1,590000,0,590000,1,3253648,aggregate_candidate_needs_confirmation,,,,,https://monitor.statnipokladna.gov.cz/api/ukazatele?ic=00264229&obdobi=2512
2025,,single_school,founder:00264261,00264261,Obec Račiněves,obec,1,1,400000,0,400000,1,2924249,aggregate_candidate_needs_confirmation,,,,,https://monitor.statnipokladna.gov.cz/api/ukazatele?ic=00264261&obdobi=2512
2025,,single_school,founder:00264369,00264369,Obec Siřejovice,obec,1,1,314000,0,314000,1,2499988,aggregate_candidate_needs_confirmation,,,,,https://monitor.statnipokladna.gov.cz/api/ukazatele?ic=00264369&obdobi=2512
2025,,single_school,founder:00264385,00264385,Obec Snědovice,obec,1,1,400000,0,400000,1,2493335,aggregate_candidate_needs_confirmation,,,,,https://monitor.statnipokladna.gov.cz/api/ukazatele?ic=00264385&obdobi=2512
2025,,single_school,founder:00264504,00264504,Obec Travčice,obec,1,1,480000,0,480000,1,2617314,aggregate_candidate_needs_confirmation,,,,,https://monitor.statnipokladna.gov.cz/api/ukazatele?ic=00264504&obdobi=2512
2025,,single_school,founder:00264521,00264521,Město Třebenice,obec,1,2,5254000,222966,5476966,1,40721399,aggregate_candidate_needs_confirmation,,,,,https://monitor.statnipokladna.gov.cz/api/ukazatele?ic=00264521&obdobi=2512
2025,,single_school,founder:00264539,00264539,Obec Třebívlice,obec,1,1,2400000,0,2400000,1,22790552,aggregate_candidate_needs_confirmation,,,,,https://monitor.statnipokladna.gov.cz/api/ukazatele?ic=00264539&obdobi=2512
2025,,single_school,founder:00264555,00264555,Obec Třebušín,obec,1,1,820000,0,820000,1,3966841,aggregate_candidate_needs_confirmation,,,,,https://monitor.statnipokladna.gov.cz/api/ukazatele?ic=00264555&obdobi=2512
2025,,single_school,founder:00264598,00264598,Obec Vědomice,obec,1,1,647000,0,647000,1,3959730,aggregate_candidate_needs_confirmation,,,,,https://monitor.statnipokladna.gov.cz/api/ukazatele?ic=00264598&obdobi=2512
2025,,single_school,founder:00264601,00264601,Obec Velemín,obec,1,2,3290390,0,3290390,1,26244311,aggregate_candidate_needs_confirmation,,,,,https://monitor.statnipokladna.gov.cz/api/ukazatele?ic=00264601&obdobi=2512
2025,,single_school,founder:00264610,00264610,Obec Velké Žernoseky,obec,1,1,274000,0,274000,1,3093431,aggregate_candidate_needs_confirmation,,,,,https://monitor.statnipokladna.gov.cz/api/ukazatele?ic=00264610&obdobi=2512
2025,,single_school,founder:00264644,00264644,Obec Vražkov,obec,1,1,553595,0,553595,1,3408579,aggregate_candidate_needs_confirmation,,,,,https://monitor.statnipokladna.gov.cz/api/ukazatele?ic=00264644&obdobi=2512
2025,,single_school,founder:00264652,00264652,Obec Vrbice,obec,1,1,540000,0,540000,1,2111413,aggregate_candidate_needs_confirmation,,,,,https://monitor.statnipokladna.gov.cz/api/ukazatele?ic=00264652&obdobi=2512
2025,,single_school,founder:00264709,00264709,Obec Žalhostice,obec,1,2,3069000,1560429,4629429,1,21141814,aggregate_candidate_needs_confirmation,,,,,https://monitor.statnipokladna.gov.cz/api/ukazatele?ic=00264709&obdobi=2512
2025,,single_school,founder:00264725,00264725,Obec Žitenice,obec,1,1,1810000,0,1810000,1,7680438,aggregate_candidate_needs_confirmation,,,,,https://monitor.statnipokladna.gov.cz/api/ukazatele?ic=00264725&obdobi=2512
2025,,single_school,founder:00264768,00264768,Obec Blatno,obec,1,1,1220000,0,1220000,1,2816086,aggregate_candidate_needs_confirmation,,,,,https://monitor.statnipokladna.gov.cz/api/ukazatele?ic=00264768&obdobi=2512
2025,,single_school,founder:00264784,00264784,Město Blšany,obec,1,1,928500,0,928500,1,5370235,aggregate_candidate_needs_confirmation,,,,,https://monitor.statnipokladna.gov.cz/api/ukazatele?ic=00264784&obdobi=2512
2025,,single_school,founder:00264903,00264903,Obec Domoušice,obec,1,1,606500,0,606500,1,5613863,aggregate_candidate_needs_confirmation,,,,,https://monitor.statnipokladna.gov.cz/api/ukazatele?ic=00264903&obdobi=2512
2025,,single_school,founder:00264971,00264971,Obec Hřivice,obec,1,1,450000,0,450000,1,3252672,aggregate_candidate_needs_confirmation,,,,,https://monitor.statnipokladna.gov.cz/api/ukazatele?ic=00264971&obdobi=2512
2025,,single_school,founder:00264997,00264997,Obec Chlumčany,obec,1,2,534033,265890,799923,1,2773693,aggregate_candidate_needs_confirmation,,,,,https://monitor.statnipokladna.gov.cz/api/ukazatele?ic=00264997&obdobi=2512
2025,,single_school,founder:00265055,00265055,Obec Koštice,obec,1,1,500000,0,500000,1,6126453,aggregate_candidate_needs_confirmation,,,,,https://monitor.statnipokladna.gov.cz/api/ukazatele?ic=00265055&obdobi=2512
2025,,single_school,founder:00265071,00265071,Obec Krásný Dvůr,obec,1,1,3188000,0,3188000,1,21025321,aggregate_candidate_needs_confirmation,,,,,https://monitor.statnipokladna.gov.cz/api/ukazatele?ic=00265071&obdobi=2512
2025,,single_school,founder:00265110,00265110,Obec Libčeves,obec,1,1,611000,0,611000,1,3479560,aggregate_candidate_needs_confirmation,,,,,https://monitor.statnipokladna.gov.cz/api/ukazatele?ic=00265110&obdobi=2512
2025,,single_school,founder:00265292,00265292,Obec Nové Sedlo,obec,1,1,800000,0,800000,1,7363023,aggregate_candidate_needs_confirmation,,,,,https://monitor.statnipokladna.gov.cz/api/ukazatele?ic=00265292&obdobi=2512
2025,,single_school,founder:00265497,00265497,Městys Slavětín,obec,1,1,250000,0,250000,1,2935504,aggregate_candidate_needs_confirmation,,,,,https://monitor.statnipokladna.gov.cz/api/ukazatele?ic=00265497&obdobi=2512
2025,,single_school,founder:00265624,00265624,Obec Tuchořice,obec,1,1,1440000,0,1440000,1,7722578,aggregate_candidate_needs_confirmation,,,,,https://monitor.statnipokladna.gov.cz/api/ukazatele?ic=00265624&obdobi=2512
2025,,single_school,founder:00265705,00265705,Město Vroutek,obec,1,1,8064215,0,8064215,1,34077833,aggregate_candidate_needs_confirmation,,,,,https://monitor.statnipokladna.gov.cz/api/ukazatele?ic=00265705&obdobi=2512
2025,,single_school,founder:00265811,00265811,Obec Bečov,obec,1,1,6290000,0,6290000,1,31094369,aggregate_candidate_needs_confirmation,,,,,https://monitor.statnipokladna.gov.cz/api/ukazatele?ic=00265811&obdobi=2512
2025,,single_school,founder:00265845,00265845,Obec Braňany,obec,1,1,5856000,0,5856000,1,23522802,aggregate_candidate_needs_confirmation,,,,,https://monitor.statnipokladna.gov.cz/api/ukazatele?ic=00265845&obdobi=2512
2025,,single_school,founder:00265934,00265934,Město Hora Svaté Kateřiny,obec,1,1,2599429,0,2599429,1,23867005,aggregate_candidate_needs_confirmation,,,,,https://monitor.statnipokladna.gov.cz/api/ukazatele?ic=00265934&obdobi=2512
2025,,single_school,founder:00265942,00265942,Město Horní Jiřetín,obec,1,1,3691141,0,3691141,1,30972328,aggregate_candidate_needs_confirmation,,,,,https://monitor.statnipokladna.gov.cz/api/ukazatele?ic=00265942&obdobi=2512
2025,,single_school,founder:00266035,00266035,Město Lom,obec,1,1,5281659,0,5281659,1,30681647,aggregate_candidate_needs_confirmation,,,,,https://monitor.statnipokladna.gov.cz/api/ukazatele?ic=00266035&obdobi=2512
2025,,single_school,founder:00266043,00266043,Obec Louka u Litvínova,obec,1,1,1924238,0,1924238,1,8925158,aggregate_candidate_needs_confirmation,,,,,https://monitor.statnipokladna.gov.cz/api/ukazatele?ic=00266043&obdobi=2512
2025,,single_school,founder:00266051,00266051,obec Lužice,obec,1,1,415200,0,415200,1,2750798,aggregate_candidate_needs_confirmation,,,,,https://monitor.statnipokladna.gov.cz/api/ukazatele?ic=00266051&obdobi=2512
2025,,single_school,founder:00266086,00266086,Město Meziboří,obec,1,1,8996000,0,8996000,1,56435642,aggregate_candidate_needs_confirmation,,,,,https://monitor.statnipokladna.gov.cz/api/ukazatele?ic=00266086&obdobi=2512
2025,,single_school,founder:00266248,00266248,Obec Bořislav,obec,1,1,300000,0,300000,1,2093043,aggregate_candidate_needs_confirmation,,,,,https://monitor.statnipokladna.gov.cz/api/ukazatele?ic=00266248&obdobi=2512
2025,,single_school,founder:00266264,00266264,Obec Bžany,obec,1,1,999030,0,999030,1,2842747,aggregate_candidate_needs_confirmation,,,,,https://monitor.statnipokladna.gov.cz/api/ukazatele?ic=00266264&obdobi=2512
2025,,single_school,founder:00266302,00266302,Obec Háj u Duchcova,obec,1,1,1186587,0,1186587,1,5578306,aggregate_candidate_needs_confirmation,,,,,https://monitor.statnipokladna.gov.cz/api/ukazatele?ic=00266302&obdobi=2512
2025,,single_school,founder:00266345,00266345,Obec Hrobčice,obec,1,1,800000,0,800000,1,7282016,aggregate_candidate_needs_confirmation,,,,,https://monitor.statnipokladna.gov.cz/api/ukazatele?ic=00266345&obdobi=2512
2025,,single_school,founder:00266361,00266361,Obec Jeníkov,obec,1,1,395000,0,395000,1,3049857,aggregate_candidate_needs_confirmation,,,,,https://monitor.statnipokladna.gov.cz/api/ukazatele?ic=00266361&obdobi=2512
2025,,single_school,founder:00266396,00266396,Obec Kostomlaty pod Milešovkou,obec,1,1,4390000,0,4390000,1,23088585,aggregate_candidate_needs_confirmation,,,,,https://monitor.statnipokladna.gov.cz/api/ukazatele?ic=00266396&obdobi=2512
2025,,single_school,founder:00266426,00266426,Obec Lahošť,obec,1,1,300000,0,300000,1,3765427,aggregate_candidate_needs_confirmation,,,,,https://monitor.statnipokladna.gov.cz/api/ukazatele?ic=00266426&obdobi=2512
2025,,single_school,founder:00266434,00266434,Město Ledvice,obec,1,1,700000,0,700000,1,3023986,aggregate_candidate_needs_confirmation,,,,,https://monitor.statnipokladna.gov.cz/api/ukazatele?ic=00266434&obdobi=2512
2025,,single_school,founder:00266493,00266493,Obec Modlany,obec,1,1,1165265,0,1165265,1,5972267,aggregate_candidate_needs_confirmation,,,,,https://monitor.statnipokladna.gov.cz/api/ukazatele?ic=00266493&obdobi=2512
2025,,single_school,founder:00266540,00266540,Obec Ohníč,obec,1,1,400000,0,400000,1,3095231,aggregate_candidate_needs_confirmation,,,,,https://monitor.statnipokladna.gov.cz/api/ukazatele?ic=00266540&obdobi=2512
2025,,single_school,founder:00266574,00266574,Obec Rtyně nad Bílinou,obec,1,1,500000,0,500000,1,2782349,aggregate_candidate_needs_confirmation,,,,,https://monitor.statnipokladna.gov.cz/api/ukazatele?ic=00266574&obdobi=2512
2025,,single_school,founder:00266639,00266639,Obec Újezdeček,obec,1,1,603800,0,603800,1,3456213,aggregate_candidate_needs_confirmation,,,,,https://monitor.statnipokladna.gov.cz/api/ukazatele?ic=00266639&obdobi=2512
2025,,single_school,founder:00266647,00266647,Obec Zabrušany,obec,1,1,1500000,0,1500000,1,13819982,aggregate_candidate_needs_confirmation,,,,,https://monitor.statnipokladna.gov.cz/api/ukazatele?ic=00266647&obdobi=2512
2025,,single_school,founder:00266655,00266655,Obec Žalany,obec,1,1,3500000,0,3500000,1,32708428,aggregate_candidate_needs_confirmation,,,,,https://monitor.statnipokladna.gov.cz/api/ukazatele?ic=00266655&obdobi=2512
2025,,single_school,founder:00266710,00266710,Obec Dolní Zálezly,obec,1,1,520000,0,520000,1,2836062,aggregate_candidate_needs_confirmation,,,,,https://monitor.statnipokladna.gov.cz/api/ukazatele?ic=00266710&obdobi=2512
2025,,single_school,founder:00266809,00266809,Obec Chuderov,obec,1,2,1208280,270164,1478444,1,4192409,aggregate_candidate_needs_confirmation,,,,,https://monitor.statnipokladna.gov.cz/api/ukazatele?ic=00266809&obdobi=2512
2025,,single_school,founder:00266833,00266833,Obec Libouchec,obec,1,1,4974000,0,4974000,1,32395395,aggregate_candidate_needs_confirmation,,,,,https://monitor.statnipokladna.gov.cz/api/ukazatele?ic=00266833&obdobi=2512
2025,,single_school,founder:00266884,00266884,Obec Malečov,obec,1,1,1500000,0,1500000,1,10702082,aggregate_candidate_needs_confirmation,,,,,https://monitor.statnipokladna.gov.cz/api/ukazatele?ic=00266884&obdobi=2512
2025,,single_school,founder:00266922,00266922,Obec Petrovice,obec,1,1,1682000,0,1682000,1,13562177,aggregate_candidate_needs_confirmation,,,,,https://monitor.statnipokladna.gov.cz/api/ukazatele?ic=00266922&obdobi=2512
2025,,single_school,founder:00267074,00267074,Obec Telnice,obec,1,1,700000,0,700000,1,3042258,aggregate_candidate_needs_confirmation,,,,,https://monitor.statnipokladna.gov.cz/api/ukazatele?ic=00267074&obdobi=2512
2025,,single_school,founder:00267082,00267082,Obec Tisá,obec,1,2,4500000,2320000,6820000,1,22649471,aggregate_candidate_needs_confirmation,,,,,https://monitor.statnipokladna.gov.cz/api/ukazatele?ic=00267082&obdobi=2512
2025,,single_school,founder:00267279,00267279,Městys Česká Bělá,obec,1,1,3300000,0,3300000,1,23232513,aggregate_candidate_needs_confirmation,,,,,https://monitor.statnipokladna.gov.cz/api/ukazatele?ic=00267279&obdobi=2512
2025,,single_school,founder:00267309,00267309,Obec Dlouhá Ves,obec,1,1,750000,0,750000,1,5752127,aggregate_candidate_needs_confirmation,,,,,https://monitor.statnipokladna.gov.cz/api/ukazatele?ic=00267309&obdobi=2512
2025,,single_school,founder:00267368,00267368,Obec Dolní Krupá,obec,1,3,1727534,0,1727534,1,9147350,aggregate_candidate_needs_confirmation,,,,,https://monitor.statnipokladna.gov.cz/api/ukazatele?ic=00267368&obdobi=2512
2025,,single_school,founder:00267376,00267376,Obec Dolní Město,obec,1,1,1268000,0,1268000,1,12153893,aggregate_candidate_needs_confirmation,,,,,https://monitor.statnipokladna.gov.cz/api/ukazatele?ic=00267376&obdobi=2512
2025,,single_school,founder:00267406,00267406,Město Golčův Jeníkov,obec,1,2,3915000,0,3915000,1,41771865,aggregate_candidate_needs_confirmation,,,,,https://monitor.statnipokladna.gov.cz/api/ukazatele?ic=00267406&obdobi=2512
2025,,single_school,founder:00267422,00267422,Město Habry,obec,1,1,3511996,0,3511996,1,24840306,aggregate_candidate_needs_confirmation,,,,,https://monitor.statnipokladna.gov.cz/api/ukazatele?ic=00267422&obdobi=2512
2025,,single_school,founder:00267431,00267431,Městys Havlíčkova Borová,obec,1,2,1050260,518092,1568352,1,20110823,aggregate_candidate_needs_confirmation,,,,,https://monitor.statnipokladna.gov.cz/api/ukazatele?ic=00267431&obdobi=2512
2025,,single_school,founder:00267457,00267457,Obec Herálec,obec,1,1,4500000,0,4500000,1,27218301,aggregate_candidate_needs_confirmation,,,,,https://monitor.statnipokladna.gov.cz/api/ukazatele?ic=00267457&obdobi=2512
2025,,single_school,founder:00267473,00267473,Obec Hněvkovice,obec,1,1,1430000,0,1430000,1,7802191,aggregate_candidate_needs_confirmation,,,,,https://monitor.statnipokladna.gov.cz/api/ukazatele?ic=00267473&obdobi=2512
2025,,single_school,founder:00267481,00267481,Obec Horní Krupá,obec,1,1,560000,0,560000,1,4633649,aggregate_candidate_needs_confirmation,,,,,https://monitor.statnipokladna.gov.cz/api/ukazatele?ic=00267481&obdobi=2512
2025,,single_school,founder:00267597,00267597,Obec Kámen,obec,1,1,223000,0,223000,1,1994470,aggregate_candidate_needs_confirmation,,,,,https://monitor.statnipokladna.gov.cz/api/ukazatele?ic=00267597&obdobi=2512
2025,,single_school,founder:00267678,00267678,Obec Kožlí,obec,1,1,378437,0,378437,1,12237836,aggregate_candidate_needs_confirmation,,,,,https://monitor.statnipokladna.gov.cz/api/ukazatele?ic=00267678&obdobi=2512
2025,,single_school,founder:00267694,00267694,Obec Krásná Hora,obec,1,1,794000,0,794000,1,5403571,aggregate_candidate_needs_confirmation,,,,,https://monitor.statnipokladna.gov.cz/api/ukazatele?ic=00267694&obdobi=2512
2025,,single_school,founder:00267783,00267783,Obec Leština u Světlé,obec,1,1,344000,0,344000,1,6092117,aggregate_candidate_needs_confirmation,,,,,https://monitor.statnipokladna.gov.cz/api/ukazatele?ic=00267783&obdobi=2512
2025,,single_school,founder:00267791,00267791,Městys Libice nad Doubravou,obec,1,1,427500,0,427500,1,9839642,aggregate_candidate_needs_confirmation,,,,,https://monitor.statnipokladna.gov.cz/api/ukazatele?ic=00267791&obdobi=2512
2025,,single_school,founder:00267805,00267805,Obec Lípa,obec,1,1,2550000,0,2550000,1,33570333,aggregate_candidate_needs_confirmation,,,,,https://monitor.statnipokladna.gov.cz/api/ukazatele?ic=00267805&obdobi=2512
2025,,single_school,founder:00267813,00267813,Obec Lipnice nad Sázavou,obec,1,1,1000000,0,1000000,1,18366945,aggregate_candidate_needs_confirmation,,,,,https://monitor.statnipokladna.gov.cz/api/ukazatele?ic=00267813&obdobi=2512
2025,,single_school,founder:00267830,00267830,Obec Lučice,obec,1,1,1176000,0,1176000,1,8801177,aggregate_candidate_needs_confirmation,,,,,https://monitor.statnipokladna.gov.cz/api/ukazatele?ic=00267830&obdobi=2512
2025,,single_school,founder:00267848,00267848,Obec Malčín,obec,1,1,100000,0,100000,1,2077558,aggregate_candidate_needs_confirmation,,,,,https://monitor.statnipokladna.gov.cz/api/ukazatele?ic=00267848&obdobi=2512
2025,,single_school,founder:00267856,00267856,Obec Maleč,obec,1,1,1600000,0,1600000,1,16827037,aggregate_candidate_needs_confirmation,,,,,https://monitor.statnipokladna.gov.cz/api/ukazatele?ic=00267856&obdobi=2512
2025,,single_school,founder:00267953,00267953,Obec Okrouhlice,obec,1,1,1105000,0,1105000,1,15260250,aggregate_candidate_needs_confirmation,,,,,https://monitor.statnipokladna.gov.cz/api/ukazatele?ic=00267953&obdobi=2512
2025,,single_school,founder:00267988,00267988,Obec Olešná,obec,1,1,290000,0,290000,1,2385171,aggregate_candidate_needs_confirmation,,,,,https://monitor.statnipokladna.gov.cz/api/ukazatele?ic=00267988&obdobi=2512
2025,,single_school,founder:00267996,00267996,Obec Oudoleň,obec,1,1,600000,0,600000,1,6965716,aggregate_candidate_needs_confirmation,,,,,https://monitor.statnipokladna.gov.cz/api/ukazatele?ic=00267996&obdobi=2512
2025,,single_school,founder:00268062,00268062,Obec Pohled,obec,1,2,549075,562900,1111975,1,2394512,aggregate_candidate_needs_confirmation,,,,,https://monitor.statnipokladna.gov.cz/api/ukazatele?ic=00268062&obdobi=2512
2025,,single_school,founder:00268151,00268151,Obec Rozsochatec,obec,1,2,780000,70000,850000,1,8605960,aggregate_candidate_needs_confirmation,,,,,https://monitor.statnipokladna.gov.cz/api/ukazatele?ic=00268151&obdobi=2512
2025,,single_school,founder:00268186,00268186,Obec Sázavka,obec,1,1,650000,0,650000,1,6268341,aggregate_candidate_needs_confirmation,,,,,https://monitor.statnipokladna.gov.cz/api/ukazatele?ic=00268186&obdobi=2512
2025,,single_school,founder:00268232,00268232,Obec Skuhrov,obec,1,1,459622,0,459622,1,4593334,aggregate_candidate_needs_confirmation,,,,,https://monitor.statnipokladna.gov.cz/api/ukazatele?ic=00268232&obdobi=2512
2025,,single_school,founder:00268275,00268275,Obec Sobíňov,obec,1,1,1357293,0,1357293,1,8060113,aggregate_candidate_needs_confirmation,,,,,https://monitor.statnipokladna.gov.cz/api/ukazatele?ic=00268275&obdobi=2512
2025,,single_school,founder:00268348,00268348,Obec Šlapanov,obec,1,1,2550000,0,2550000,1,19139670,aggregate_candidate_needs_confirmation,,,,,https://monitor.statnipokladna.gov.cz/api/ukazatele?ic=00268348&obdobi=2512
2025,,single_school,founder:00268356,00268356,Městys Štoky,obec,1,1,4210000,0,4210000,1,33623461,aggregate_candidate_needs_confirmation,,,,,https://monitor.statnipokladna.gov.cz/api/ukazatele?ic=00268356&obdobi=2512
2025,,single_school,founder:00268372,00268372,Obec Tis,obec,1,1,180000,0,180000,1,2743304,aggregate_candidate_needs_confirmation,,,,,https://monitor.statnipokladna.gov.cz/api/ukazatele?ic=00268372&obdobi=2512
2025,,single_school,founder:00268402,00268402,Obec Uhelná Příbram,obec,1,1,700000,0,700000,1,8251982,aggregate_candidate_needs_confirmation,,,,,https://monitor.statnipokladna.gov.cz/api/ukazatele?ic=00268402&obdobi=2512
2025,,single_school,founder:00268445,00268445,Obec Veselý Žďár,obec,1,1,434662,0,434662,1,6467353,aggregate_candidate_needs_confirmation,,,,,https://monitor.statnipokladna.gov.cz/api/ukazatele?ic=00268445&obdobi=2512
2025,,single_school,founder:00268453,00268453,Obec Věž,obec,1,1,965000,0,965000,1,7548205,aggregate_candidate_needs_confirmation,,,,,https://monitor.statnipokladna.gov.cz/api/ukazatele?ic=00268453&obdobi=2512
2025,,single_school,founder:00268461,00268461,Obec Věžnice,obec,1,1,549000,0,549000,1,6171234,aggregate_candidate_needs_confirmation,,,,,https://monitor.statnipokladna.gov.cz/api/ukazatele?ic=00268461&obdobi=2512
2025,,single_school,founder:00268470,00268470,Obec Vilémov,obec,1,1,3220000,0,3220000,1,16090364,aggregate_candidate_needs_confirmation,,,,,https://monitor.statnipokladna.gov.cz/api/ukazatele?ic=00268470&obdobi=2512
2025,,single_school,founder:00268542,00268542,Město Ždírec nad Doubravou,obec,1,1,4566500,0,4566500,1,55585727,aggregate_candidate_needs_confirmation,,,,,https://monitor.statnipokladna.gov.cz/api/ukazatele?ic=00268542&obdobi=2512
2025,,single_school,founder:00268569,00268569,Obec Žižkovo Pole,obec,1,1,164386,0,164386,1,2348436,aggregate_candidate_needs_confirmation,,,,,https://monitor.statnipokladna.gov.cz/api/ukazatele?ic=00268569&obdobi=2512
2025,,single_school,founder:00268640,00268640,Obec Boharyně,obec,1,1,920000,0,920000,1,7831675,aggregate_candidate_needs_confirmation,,,,,https://monitor.statnipokladna.gov.cz/api/ukazatele?ic=00268640&obdobi=2512
2025,,single_school,founder:00268674,00268674,Obec Černilov,obec,1,2,4600000,500000,5100000,1,50364739,aggregate_candidate_needs_confirmation,,,,,https://monitor.statnipokladna.gov.cz/api/ukazatele?ic=00268674&obdobi=2512
2025,,single_school,founder:00268682,00268682,Obec Černožice,obec,1,1,1800000,0,1800000,1,12834146,aggregate_candidate_needs_confirmation,,,,,https://monitor.statnipokladna.gov.cz/api/ukazatele?ic=00268682&obdobi=2512
2025,,single_school,founder:00268721,00268721,Obec Dobřenice,obec,1,1,980000,0,980000,1,4022797,aggregate_candidate_needs_confirmation,,,,,https://monitor.statnipokladna.gov.cz/api/ukazatele?ic=00268721&obdobi=2512
2025,,single_school,founder:00268739,00268739,Obec Dohalice,obec,1,1,860000,0,860000,1,5336421,aggregate_candidate_needs_confirmation,,,,,https://monitor.statnipokladna.gov.cz/api/ukazatele?ic=00268739&obdobi=2512
2025,,single_school,founder:00268747,00268747,Obec Dolní Přím,obec,1,1,1200000,0,1200000,1,6954622,aggregate_candidate_needs_confirmation,,,,,https://monitor.statnipokladna.gov.cz/api/ukazatele?ic=00268747&obdobi=2512
2025,,single_school,founder:00268763,00268763,Obec Hlušice,obec,1,1,2699050,0,2699050,1,26081917,aggregate_candidate_needs_confirmation,,,,,https://monitor.statnipokladna.gov.cz/api/ukazatele?ic=00268763&obdobi=2512
2025,,single_school,founder:00268801,00268801,Obec Hořiněves,obec,1,1,450000,0,450000,1,8066585,aggregate_candidate_needs_confirmation,,,,,https://monitor.statnipokladna.gov.cz/api/ukazatele?ic=00268801&obdobi=2512
2025,,single_school,founder:00268887,00268887,Obec Chudeřice,obec,1,1,700000,0,700000,1,5553828,aggregate_candidate_needs_confirmation,,,,,https://monitor.statnipokladna.gov.cz/api/ukazatele?ic=00268887&obdobi=2512
2025,,single_school,founder:00268933,00268933,Obec Kosice,obec,1,1,360000,0,360000,1,3037129,aggregate_candidate_needs_confirmation,,,,,https://monitor.statnipokladna.gov.cz/api/ukazatele?ic=00268933&obdobi=2512
2025,,single_school,founder:00268941,00268941,Obec Kosičky,obec,1,1,700000,0,700000,1,3695287,aggregate_candidate_needs_confirmation,,,,,https://monitor.statnipokladna.gov.cz/api/ukazatele?ic=00268941&obdobi=2512
2025,,single_school,founder:00268968,00268968,Obec Kratonohy,obec,1,1,1800000,0,1800000,1,12702383,aggregate_candidate_needs_confirmation,,,,,https://monitor.statnipokladna.gov.cz/api/ukazatele?ic=00268968&obdobi=2512
2025,,single_school,founder:00268992,00268992,Obec Lhota pod Libčany,obec,1,1,1400000,0,1400000,1,12979861,aggregate_candidate_needs_confirmation,,,,,https://monitor.statnipokladna.gov.cz/api/ukazatele?ic=00268992&obdobi=2512
2025,,single_school,founder:00269000,00269000,Obec Libčany,obec,1,1,5277000,0,5277000,1,36584104,aggregate_candidate_needs_confirmation,,,,,https://monitor.statnipokladna.gov.cz/api/ukazatele?ic=00269000&obdobi=2512
2025,,single_school,founder:00269077,00269077,Obec Lovčice,obec,1,1,1143505,0,1143505,1,7810686,aggregate_candidate_needs_confirmation,,,,,https://monitor.statnipokladna.gov.cz/api/ukazatele?ic=00269077&obdobi=2512
2025,,single_school,founder:00269131,00269131,Obec Měník,obec,1,1,800000,0,800000,1,7221525,aggregate_candidate_needs_confirmation,,,,,https://monitor.statnipokladna.gov.cz/api/ukazatele?ic=00269131&obdobi=2512
2025,,single_school,founder:00269174,00269174,Obec Mžany,obec,1,1,500000,0,500000,1,7844291,aggregate_candidate_needs_confirmation,,,,,https://monitor.statnipokladna.gov.cz/api/ukazatele?ic=00269174&obdobi=2512
2025,,single_school,founder:00269191,00269191,Město Nechanice,obec,1,1,4800000,0,4800000,1,50481297,aggregate_candidate_needs_confirmation,,,,,https://monitor.statnipokladna.gov.cz/api/ukazatele?ic=00269191&obdobi=2512
2025,,single_school,founder:00269212,00269212,Obec Nepolisy,obec,1,1,1709191,0,1709191,1,13943035,aggregate_candidate_needs_confirmation,,,,,https://monitor.statnipokladna.gov.cz/api/ukazatele?ic=00269212&obdobi=2512
2025,,single_school,founder:00269239,00269239,Obec Nové Město,obec,1,1,900000,0,900000,1,8825534,aggregate_candidate_needs_confirmation,,,,,https://monitor.statnipokladna.gov.cz/api/ukazatele?ic=00269239&obdobi=2512
2025,,single_school,founder:00269255,00269255,Obec Ohnišťany,obec,1,1,700000,0,700000,1,4425770,aggregate_candidate_needs_confirmation,,,,,https://monitor.statnipokladna.gov.cz/api/ukazatele?ic=00269255&obdobi=2512
2025,,single_school,founder:00269301,00269301,Obec Petrovice,obec,1,1,420000,0,420000,1,4559071,aggregate_candidate_needs_confirmation,,,,,https://monitor.statnipokladna.gov.cz/api/ukazatele?ic=00269301&obdobi=2512
2025,,single_school,founder:00269344,00269344,Obec Prasek,obec,1,1,2155000,0,2155000,1,17087464,aggregate_candidate_needs_confirmation,,,,,https://monitor.statnipokladna.gov.cz/api/ukazatele?ic=00269344&obdobi=2512
2025,,single_school,founder:00269352,00269352,Obec Praskačka,obec,1,1,2000000,0,2000000,1,17334617,aggregate_candidate_needs_confirmation,,,,,https://monitor.statnipokladna.gov.cz/api/ukazatele?ic=00269352&obdobi=2512
2025,,single_school,founder:00269379,00269379,Obec Předměřice nad Labem,obec,1,1,7019000,0,7019000,1,43228540,aggregate_candidate_needs_confirmation,,,,,https://monitor.statnipokladna.gov.cz/api/ukazatele?ic=00269379&obdobi=2512
2025,,single_school,founder:00269387,00269387,Obec Převýšov,obec,1,1,400000,0,400000,1,4408293,aggregate_candidate_needs_confirmation,,,,,https://monitor.statnipokladna.gov.cz/api/ukazatele?ic=00269387&obdobi=2512
2025,,single_school,founder:00269433,00269433,Obec Roudnice,obec,1,1,673000,0,673000,1,3243858,aggregate_candidate_needs_confirmation,,,,,https://monitor.statnipokladna.gov.cz/api/ukazatele?ic=00269433&obdobi=2512
2025,,single_school,founder:00269492,00269492,Obec Skalice,obec,1,1,840000,0,840000,1,5055519,aggregate_candidate_needs_confirmation,,,,,https://monitor.statnipokladna.gov.cz/api/ukazatele?ic=00269492&obdobi=2512
2025,,single_school,founder:00269514,00269514,Obec Skřivany,obec,1,3,2433360,0,2433360,1,25974787,aggregate_candidate_needs_confirmation,,,,,https://monitor.statnipokladna.gov.cz/api/ukazatele?ic=00269514&obdobi=2512
2025,,single_school,founder:00269549,00269549,Obec Smidary,obec,1,1,3000000,0,3000000,1,29173081,aggregate_candidate_needs_confirmation,,,,,https://monitor.statnipokladna.gov.cz/api/ukazatele?ic=00269549&obdobi=2512
2025,,single_school,founder:00269611,00269611,Obec Stěžery,obec,1,2,2565000,0,2565000,1,17803016,aggregate_candidate_needs_confirmation,,,,,https://monitor.statnipokladna.gov.cz/api/ukazatele?ic=00269611&obdobi=2512
2025,,single_school,founder:00269638,00269638,Obec Stračov,obec,1,1,424000,0,424000,1,4007550,aggregate_candidate_needs_confirmation,,,,,https://monitor.statnipokladna.gov.cz/api/ukazatele?ic=00269638&obdobi=2512
2025,,single_school,founder:00269697,00269697,Obec Těchlovice,obec,1,2,487900,68100,556000,1,3304880,aggregate_candidate_needs_confirmation,,,,,https://monitor.statnipokladna.gov.cz/api/ukazatele?ic=00269697&obdobi=2512
2025,,single_school,founder:00269727,00269727,Obec Třesovice,obec,1,1,380000,0,380000,1,4905062,aggregate_candidate_needs_confirmation,,,,,https://monitor.statnipokladna.gov.cz/api/ukazatele?ic=00269727&obdobi=2512
2025,,single_school,founder:00269760,00269760,Obec Všestary,obec,1,1,4465600,0,4465600,1,44126174,aggregate_candidate_needs_confirmation,,,,,https://monitor.statnipokladna.gov.cz/api/ukazatele?ic=00269760&obdobi=2512
2025,,single_school,founder:00269786,00269786,Obec Vysoká nad Labem,obec,1,1,650000,0,650000,1,5046867,aggregate_candidate_needs_confirmation,,,,,https://monitor.statnipokladna.gov.cz/api/ukazatele?ic=00269786&obdobi=2512
2025,,single_school,founder:00269841,00269841,Obec Běstvina,obec,1,1,585600,0,585600,1,3239863,aggregate_candidate_needs_confirmation,,,,,https://monitor.statnipokladna.gov.cz/api/ukazatele?ic=00269841&obdobi=2512
2025,,single_school,founder:00269905,00269905,Obec Bylany,obec,1,1,392000,0,392000,1,3255244,aggregate_candidate_needs_confirmation,,,,,https://monitor.statnipokladna.gov.cz/api/ukazatele?ic=00269905&obdobi=2512
2025,,single_school,founder:00270105,00270105,Obec Holetín,obec,1,1,1500000,0,1500000,1,10043166,aggregate_candidate_needs_confirmation,,,,,https://monitor.statnipokladna.gov.cz/api/ukazatele?ic=00270105&obdobi=2512
2025,,single_school,founder:00270130,00270130,Obec Horní Bradlo,obec,1,1,600000,0,600000,1,7410917,aggregate_candidate_needs_confirmation,,,,,https://monitor.statnipokladna.gov.cz/api/ukazatele?ic=00270130&obdobi=2512
2025,,single_school,founder:00270202,00270202,Městys Chroustovice,obec,1,1,4824950,0,4824950,1,23608266,aggregate_candidate_needs_confirmation,,,,,https://monitor.statnipokladna.gov.cz/api/ukazatele?ic=00270202&obdobi=2512
2025,,single_school,founder:00270245,00270245,Obec Kameničky,obec,1,1,2394000,0,2394000,1,23252194,aggregate_candidate_needs_confirmation,,,,,https://monitor.statnipokladna.gov.cz/api/ukazatele?ic=00270245&obdobi=2512
2025,,single_school,founder:00270288,00270288,Obec Kočí,obec,1,1,950000,0,950000,1,4563344,aggregate_candidate_needs_confirmation,,,,,https://monitor.statnipokladna.gov.cz/api/ukazatele?ic=00270288&obdobi=2512
2025,,single_school,founder:00270334,00270334,Obec Krouna,obec,1,1,3565900,0,3565900,1,24700596,aggregate_candidate_needs_confirmation,,,,,https://monitor.statnipokladna.gov.cz/api/ukazatele?ic=00270334&obdobi=2512
2025,,single_school,founder:00270431,00270431,Obec Lukavice,obec,1,1,2431472,0,2431472,1,11798786,aggregate_candidate_needs_confirmation,,,,,https://monitor.statnipokladna.gov.cz/api/ukazatele?ic=00270431&obdobi=2512
2025,,single_school,founder:00270504,00270504,Obec Miřetice,obec,1,1,1800000,0,1800000,1,14421950,aggregate_candidate_needs_confirmation,,,,,https://monitor.statnipokladna.gov.cz/api/ukazatele?ic=00270504&obdobi=2512
2025,,single_school,founder:00270521,00270521,Obec Mladoňovice,obec,1,1,350000,0,350000,1,2955597,aggregate_candidate_needs_confirmation,,,,,https://monitor.statnipokladna.gov.cz/api/ukazatele?ic=00270521&obdobi=2512
2025,,single_school,founder:00270547,00270547,Obec Morašice,obec,1,1,840000,0,840000,1,14100288,aggregate_candidate_needs_confirmation,,,,,https://monitor.statnipokladna.gov.cz/api/ukazatele?ic=00270547&obdobi=2512
2025,,single_school,founder:00270571,00270571,Obec Načešice,obec,1,1,1300000,0,1300000,1,6243297,aggregate_candidate_needs_confirmation,,,,,https://monitor.statnipokladna.gov.cz/api/ukazatele?ic=00270571&obdobi=2512
2025,,single_school,founder:00270598,00270598,Obec Nové Hrady,obec,1,1,729630,0,729630,1,6642507,aggregate_candidate_needs_confirmation,,,,,https://monitor.statnipokladna.gov.cz/api/ukazatele?ic=00270598&obdobi=2512
2025,,single_school,founder:00270636,00270636,Obec Orel,obec,1,1,1401000,0,1401000,1,10679040,aggregate_candidate_needs_confirmation,,,,,https://monitor.statnipokladna.gov.cz/api/ukazatele?ic=00270636&obdobi=2512
2025,,single_school,founder:00270661,00270661,Obec Perálec,obec,1,1,835000,0,835000,1,8715112,aggregate_candidate_needs_confirmation,,,,,https://monitor.statnipokladna.gov.cz/api/ukazatele?ic=00270661&obdobi=2512
2025,,single_school,founder:00270725,00270725,Obec Pokřikov,obec,1,1,250000,0,250000,1,4347779,aggregate_candidate_needs_confirmation,,,,,https://monitor.statnipokladna.gov.cz/api/ukazatele?ic=00270725&obdobi=2512
2025,,single_school,founder:00270741,00270741,Město Proseč,obec,1,1,6400000,0,6400000,1,37112212,aggregate_candidate_needs_confirmation,,,,,https://monitor.statnipokladna.gov.cz/api/ukazatele?ic=00270741&obdobi=2512
2025,,single_school,founder:00270750,00270750,Obec Prosetín,obec,1,1,2800000,0,2800000,1,27447808,aggregate_candidate_needs_confirmation,,,,,https://monitor.statnipokladna.gov.cz/api/ukazatele?ic=00270750&obdobi=2512
2025,,single_school,founder:00270814,00270814,Obec Raná,obec,1,1,430000,0,430000,1,3512506,aggregate_candidate_needs_confirmation,,,,,https://monitor.statnipokladna.gov.cz/api/ukazatele?ic=00270814&obdobi=2512
2025,,single_school,founder:00270831,00270831,Obec Rosice,obec,1,1,3445000,0,3445000,1,23911085,aggregate_candidate_needs_confirmation,,,,,https://monitor.statnipokladna.gov.cz/api/ukazatele?ic=00270831&obdobi=2512
2025,,single_school,founder:00270865,00270865,Obec Řepníky,obec,1,1,500000,0,500000,1,7006181,aggregate_candidate_needs_confirmation,,,,,https://monitor.statnipokladna.gov.cz/api/ukazatele?ic=00270865&obdobi=2512
2025,,single_school,founder:00270873,00270873,Obec Řestoky,obec,1,1,550000,0,550000,1,4738002,aggregate_candidate_needs_confirmation,,,,,https://monitor.statnipokladna.gov.cz/api/ukazatele?ic=00270873&obdobi=2512
2025,,single_school,founder:00270962,00270962,Obec Stradouň,obec,1,1,238440,0,238440,1,2639199,aggregate_candidate_needs_confirmation,,,,,https://monitor.statnipokladna.gov.cz/api/ukazatele?ic=00270962&obdobi=2512
2025,,single_school,founder:00271004,00271004,Obec Svratouch,obec,1,2,1070000,62818,1132818,1,10174235,aggregate_candidate_needs_confirmation,,,,,https://monitor.statnipokladna.gov.cz/api/ukazatele?ic=00271004&obdobi=2512
2025,,single_school,founder:00271080,00271080,Obec Tuněchody,obec,1,1,1000000,0,1000000,1,8582599,aggregate_candidate_needs_confirmation,,,,,https://monitor.statnipokladna.gov.cz/api/ukazatele?ic=00271080&obdobi=2512
2025,,single_school,founder:00271101,00271101,Obec Úhřetice,obec,1,1,300000,0,300000,1,5858583,aggregate_candidate_needs_confirmation,,,,,https://monitor.statnipokladna.gov.cz/api/ukazatele?ic=00271101&obdobi=2512
2025,,single_school,founder:00271128,00271128,Městys Včelákov,obec,1,1,2000000,0,2000000,1,11384954,aggregate_candidate_needs_confirmation,,,,,https://monitor.statnipokladna.gov.cz/api/ukazatele?ic=00271128&obdobi=2512
2025,,single_school,founder:00271136,00271136,Obec Vejvanovice,obec,1,1,660000,0,660000,1,7855231,aggregate_candidate_needs_confirmation,,,,,https://monitor.statnipokladna.gov.cz/api/ukazatele?ic=00271136&obdobi=2512
2025,,single_school,founder:00271233,00271233,Obec Zaječice,obec,1,1,1283000,0,1283000,1,10850527,aggregate_candidate_needs_confirmation,,,,,https://monitor.statnipokladna.gov.cz/api/ukazatele?ic=00271233&obdobi=2512
2025,,single_school,founder:00271322,00271322,Obec Běchary,obec,1,1,610000,0,610000,1,7170636,aggregate_candidate_needs_confirmation,,,,,https://monitor.statnipokladna.gov.cz/api/ukazatele?ic=00271322&obdobi=2512
2025,,single_school,founder:00271420,00271420,Obec Bystřice,obec,1,1,1020000,0,1020000,1,4398625,aggregate_candidate_needs_confirmation,,,,,https://monitor.statnipokladna.gov.cz/api/ukazatele?ic=00271420&obdobi=2512
2025,,single_school,founder:00271438,00271438,Obec Cerekvice nad Bystřicí,obec,1,1,2100000,0,2100000,1,26238529,aggregate_candidate_needs_confirmation,,,,,https://monitor.statnipokladna.gov.cz/api/ukazatele?ic=00271438&obdobi=2512
2025,,single_school,founder:00271471,00271471,Obec Dětenice,obec,1,1,1150000,0,1150000,1,13391209,aggregate_candidate_needs_confirmation,,,,,https://monitor.statnipokladna.gov.cz/api/ukazatele?ic=00271471&obdobi=2512
2025,,single_school,founder:00271489,00271489,Obec Dobrá Voda u Hořic,obec,1,1,1100000,0,1100000,1,9632312,aggregate_candidate_needs_confirmation,,,,,https://monitor.statnipokladna.gov.cz/api/ukazatele?ic=00271489&obdobi=2512
2025,,single_school,founder:00271551,00271551,Obec Holovousy,obec,1,1,542000,0,542000,1,8423033,aggregate_candidate_needs_confirmation,,,,,https://monitor.statnipokladna.gov.cz/api/ukazatele?ic=00271551&obdobi=2512
2025,,single_school,founder:00271594,00271594,Obec Chomutice,obec,1,1,1647016,0,1647016,1,21415257,aggregate_candidate_needs_confirmation,,,,,https://monitor.statnipokladna.gov.cz/api/ukazatele?ic=00271594&obdobi=2512
2025,,single_school,founder:00271641,00271641,Obec Jičíněves,obec,1,1,2150000,0,2150000,1,15963427,aggregate_candidate_needs_confirmation,,,,,https://monitor.statnipokladna.gov.cz/api/ukazatele?ic=00271641&obdobi=2512
2025,,single_school,founder:00271683,00271683,Obec Kněžnice,obec,1,1,750000,0,750000,1,3458388,aggregate_candidate_needs_confirmation,,,,,https://monitor.statnipokladna.gov.cz/api/ukazatele?ic=00271683&obdobi=2512
2025,,single_school,founder:00271691,00271691,Obec Konecchlumí,obec,1,1,360000,0,360000,1,4016603,aggregate_candidate_needs_confirmation,,,,,https://monitor.statnipokladna.gov.cz/api/ukazatele?ic=00271691&obdobi=2512
2025,,single_school,founder:00271705,00271705,Město Kopidlno,obec,1,1,3792000,0,3792000,1,31948237,aggregate_candidate_needs_confirmation,,,,,https://monitor.statnipokladna.gov.cz/api/ukazatele?ic=00271705&obdobi=2512
2025,,single_school,founder:00271748,00271748,Město Libáň,obec,1,1,4825000,0,4825000,1,31715990,aggregate_candidate_needs_confirmation,,,,,https://monitor.statnipokladna.gov.cz/api/ukazatele?ic=00271748&obdobi=2512
2025,,single_school,founder:00271756,00271756,Obec Libošovice,obec,1,1,1000000,0,1000000,1,3126429,aggregate_candidate_needs_confirmation,,,,,https://monitor.statnipokladna.gov.cz/api/ukazatele?ic=00271756&obdobi=2512
2025,,single_school,founder:00271764,00271764,Obec Libuň,obec,1,1,780000,0,780000,1,7264040,aggregate_candidate_needs_confirmation,,,,,https://monitor.statnipokladna.gov.cz/api/ukazatele?ic=00271764&obdobi=2512
2025,,single_school,founder:00271799,00271799,Obec Lužany,obec,1,1,1673162,0,1673162,1,11382093,aggregate_candidate_needs_confirmation,,,,,https://monitor.statnipokladna.gov.cz/api/ukazatele?ic=00271799&obdobi=2512
2025,,single_school,founder:00271802,00271802,Obec Markvartice,obec,1,1,500000,0,500000,1,4535980,aggregate_candidate_needs_confirmation,,,,,https://monitor.statnipokladna.gov.cz/api/ukazatele?ic=00271802&obdobi=2512
2025,,single_school,founder:00271811,00271811,Město Miletín,obec,1,1,2498500,0,2498500,1,25497364,aggregate_candidate_needs_confirmation,,,,,https://monitor.statnipokladna.gov.cz/api/ukazatele?ic=00271811&obdobi=2512
2025,,single_school,founder:00271845,00271845,Obec Mladějov,obec,1,2,900000,150000,1050000,1,3646962,aggregate_candidate_needs_confirmation,,,,,https://monitor.statnipokladna.gov.cz/api/ukazatele?ic=00271845&obdobi=2512
2025,,single_school,founder:00271853,00271853,Obec Mlázovice,obec,1,1,641294,0,641294,1,2400645,aggregate_candidate_needs_confirmation,,,,,https://monitor.statnipokladna.gov.cz/api/ukazatele?ic=00271853&obdobi=2512
2025,,single_school,founder:00271870,00271870,Obec Nemyčeves,obec,1,1,660000,0,660000,1,5169787,aggregate_candidate_needs_confirmation,,,,,https://monitor.statnipokladna.gov.cz/api/ukazatele?ic=00271870&obdobi=2512
2025,,single_school,founder:00271900,00271900,Obec Ostroměř,obec,1,1,3500000,0,3500000,1,32870717,aggregate_candidate_needs_confirmation,,,,,https://monitor.statnipokladna.gov.cz/api/ukazatele?ic=00271900&obdobi=2512
2025,,single_school,founder:00271926,00271926,Obec Pecka,obec,1,1,4000000,0,4000000,1,24037321,aggregate_candidate_needs_confirmation,,,,,https://monitor.statnipokladna.gov.cz/api/ukazatele?ic=00271926&obdobi=2512
2025,,single_school,founder:00271942,00271942,Obec Podhorní Újezd a Vojice,obec,1,1,769050,0,769050,1,6857500,aggregate_candidate_needs_confirmation,,,,,https://monitor.statnipokladna.gov.cz/api/ukazatele?ic=00271942&obdobi=2512
2025,,single_school,founder:00272001,00272001,Obec Radim,obec,1,1,600000,0,600000,1,7307920,aggregate_candidate_needs_confirmation,,,,,https://monitor.statnipokladna.gov.cz/api/ukazatele?ic=00272001&obdobi=2512
2025,,single_school,founder:00272108,00272108,Obec Sobčice,obec,1,1,662533,0,662533,1,2786238,aggregate_candidate_needs_confirmation,,,,,https://monitor.statnipokladna.gov.cz/api/ukazatele?ic=00272108&obdobi=2512
2025,,single_school,founder:00272221,00272221,Obec Třebnouševes,obec,1,1,320000,0,320000,1,2312982,aggregate_candidate_needs_confirmation,,,,,https://monitor.statnipokladna.gov.cz/api/ukazatele?ic=00272221&obdobi=2512
2025,,single_school,founder:00272337,00272337,Obec Veliš,obec,1,1,500000,0,500000,1,3551053,aggregate_candidate_needs_confirmation,,,,,https://monitor.statnipokladna.gov.cz/api/ukazatele?ic=00272337&obdobi=2512
2025,,single_school,founder:00272345,00272345,Obec Vidochov,obec,1,1,494427,0,494427,1,8877377,aggregate_candidate_needs_confirmation,,,,,https://monitor.statnipokladna.gov.cz/api/ukazatele?ic=00272345&obdobi=2512
2025,,single_school,founder:00272370,00272370,Obec Volanice,obec,1,1,405353,0,405353,1,3204473,aggregate_candidate_needs_confirmation,,,,,https://monitor.statnipokladna.gov.cz/api/ukazatele?ic=00272370&obdobi=2512
2025,,single_school,founder:00272418,00272418,Obec Vysoké Veselí,obec,1,2,3025187,3686053,6711240,1,23882126,aggregate_candidate_needs_confirmation,,,,,https://monitor.statnipokladna.gov.cz/api/ukazatele?ic=00272418&obdobi=2512
2025,,single_school,founder:00272426,00272426,Město Železnice,obec,1,1,3500000,0,3500000,1,31331464,aggregate_candidate_needs_confirmation,,,,,https://monitor.statnipokladna.gov.cz/api/ukazatele?ic=00272426&obdobi=2512
2025,,single_school,founder:00272451,00272451,Obec Žlunice,obec,1,1,350000,0,350000,1,4479073,aggregate_candidate_needs_confirmation,,,,,https://monitor.statnipokladna.gov.cz/api/ukazatele?ic=00272451&obdobi=2512
2025,,single_school,founder:00272493,00272493,Obec Bohuslavice,obec,1,1,2000000,0,2000000,1,12316319,aggregate_candidate_needs_confirmation,,,,,https://monitor.statnipokladna.gov.cz/api/ukazatele?ic=00272493&obdobi=2512
2025,,single_school,founder:00272515,00272515,Obec Božanov,obec,1,1,350000,0,350000,1,2687126,aggregate_candidate_needs_confirmation,,,,,https://monitor.statnipokladna.gov.cz/api/ukazatele?ic=00272515&obdobi=2512
2025,,single_school,founder:00272558,00272558,Obec Černčice,obec,1,1,950000,0,950000,1,10582083,aggregate_candidate_needs_confirmation,,,,,https://monitor.statnipokladna.gov.cz/api/ukazatele?ic=00272558&obdobi=2512
2025,,single_school,founder:00272574,00272574,Obec Česká Čermná,obec,1,1,970400,0,970400,1,6531050,aggregate_candidate_needs_confirmation,,,,,https://monitor.statnipokladna.gov.cz/api/ukazatele?ic=00272574&obdobi=2512
2025,,single_school,founder:00272612,00272612,Obec Dolany,obec,1,4,1500000,710280,2210280,1,8418747,aggregate_candidate_needs_confirmation,,,,,https://monitor.statnipokladna.gov.cz/api/ukazatele?ic=00272612&obdobi=2512
2025,,single_school,founder:00272621,00272621,Obec Dolní Radechová,obec,1,1,2400000,0,2400000,1,9478398,aggregate_candidate_needs_confirmation,,,,,https://monitor.statnipokladna.gov.cz/api/ukazatele?ic=00272621&obdobi=2512
2025,,single_school,founder:00272647,00272647,Obec Heřmanice,obec,1,1,370000,0,370000,1,4755040,aggregate_candidate_needs_confirmation,,,,,https://monitor.statnipokladna.gov.cz/api/ukazatele?ic=00272647&obdobi=2512
2025,,single_school,founder:00272663,00272663,Obec Horní Radechová,obec,1,1,745050,0,745050,1,2900615,aggregate_candidate_needs_confirmation,,,,,https://monitor.statnipokladna.gov.cz/api/ukazatele?ic=00272663&obdobi=2512
2025,,single_school,founder:00272671,00272671,Obec Hořičky,obec,1,1,1968147,0,1968147,1,20099374,aggregate_candidate_needs_confirmation,,,,,https://monitor.statnipokladna.gov.cz/api/ukazatele?ic=00272671&obdobi=2512
2025,,single_school,founder:00272710,00272710,Obec Chvalkovice,obec,1,1,1400000,0,1400000,1,22876386,aggregate_candidate_needs_confirmation,,,,,https://monitor.statnipokladna.gov.cz/api/ukazatele?ic=00272710&obdobi=2512
2025,,single_school,founder:00272736,00272736,Obec Jasenná,obec,1,2,1790000,110000,1900000,1,11394941,aggregate_candidate_needs_confirmation,,,,,https://monitor.statnipokladna.gov.cz/api/ukazatele?ic=00272736&obdobi=2512
2025,,single_school,founder:00272809,00272809,Městys Machov,obec,1,1,2305500,0,2305500,1,17334382,aggregate_candidate_needs_confirmation,,,,,https://monitor.statnipokladna.gov.cz/api/ukazatele?ic=00272809&obdobi=2512
2025,,single_school,founder:00272817,00272817,Obec Martínkovice,obec,1,1,1440000,0,1440000,1,6885036,aggregate_candidate_needs_confirmation,,,,,https://monitor.statnipokladna.gov.cz/api/ukazatele?ic=00272817&obdobi=2512
2025,,single_school,founder:00272850,00272850,Obec Nahořany,obec,1,1,1100000,0,1100000,1,7303201,aggregate_candidate_needs_confirmation,,,,,https://monitor.statnipokladna.gov.cz/api/ukazatele?ic=00272850&obdobi=2512
2025,,single_school,founder:00272957,00272957,Obec Provodov - Šonov,obec,1,1,1809278,0,1809278,1,14603037,aggregate_candidate_needs_confirmation,,,,,https://monitor.statnipokladna.gov.cz/api/ukazatele?ic=00272957&obdobi=2512
2025,,single_school,founder:00272973,00272973,Obec Rasošky,obec,1,1,2415000,0,2415000,1,13931187,aggregate_candidate_needs_confirmation,,,,,https://monitor.statnipokladna.gov.cz/api/ukazatele?ic=00272973&obdobi=2512
2025,,single_school,founder:00273058,00273058,Obec Slavoňov,obec,1,1,660000,0,660000,1,4883859,aggregate_candidate_needs_confirmation,,,,,https://monitor.statnipokladna.gov.cz/api/ukazatele?ic=00273058&obdobi=2512
2025,,single_school,founder:00273066,00273066,Obec Stárkov,obec,1,1,3000000,0,3000000,1,12636082,aggregate_candidate_needs_confirmation,,,,,https://monitor.statnipokladna.gov.cz/api/ukazatele?ic=00273066&obdobi=2512
2025,,single_school,founder:00273082,00273082,Obec Studnice,obec,1,2,1658661,512922,2171583,1,11679362,aggregate_candidate_needs_confirmation,,,,,https://monitor.statnipokladna.gov.cz/api/ukazatele?ic=00273082&obdobi=2512
2025,,single_school,founder:00273112,00273112,Obec Šonov,obec,1,1,200000,0,200000,1,1763935,aggregate_candidate_needs_confirmation,,,,,https://monitor.statnipokladna.gov.cz/api/ukazatele?ic=00273112&obdobi=2512
2025,,single_school,founder:00273139,00273139,Město Teplice nad Metují,obec,1,1,5360324,0,5360324,1,35119069,aggregate_candidate_needs_confirmation,,,,,https://monitor.statnipokladna.gov.cz/api/ukazatele?ic=00273139&obdobi=2512
2025,,single_school,founder:00273147,00273147,Obec Kramolna,obec,1,1,1000300,0,1000300,1,8006082,aggregate_candidate_needs_confirmation,,,,,https://monitor.statnipokladna.gov.cz/api/ukazatele?ic=00273147&obdobi=2512
2025,,single_school,founder:00273155,00273155,Obec Velichovky,obec,1,1,1200000,0,1200000,1,11524823,aggregate_candidate_needs_confirmation,,,,,https://monitor.statnipokladna.gov.cz/api/ukazatele?ic=00273155&obdobi=2512
2025,,single_school,founder:00273163,00273163,Obec Velká Jesenice,obec,1,1,1600000,0,1600000,1,11623630,aggregate_candidate_needs_confirmation,,,,,https://monitor.statnipokladna.gov.cz/api/ukazatele?ic=00273163&obdobi=2512
2025,,single_school,founder:00273180,00273180,Obec Velký Třebešov,obec,1,1,990000,0,990000,1,6349442,aggregate_candidate_needs_confirmation,,,,,https://monitor.statnipokladna.gov.cz/api/ukazatele?ic=00273180&obdobi=2512
2025,,single_school,founder:00273244,00273244,Obec Zábrodí,obec,1,1,378000,0,378000,1,3130276,aggregate_candidate_needs_confirmation,,,,,https://monitor.statnipokladna.gov.cz/api/ukazatele?ic=00273244&obdobi=2512
2025,,single_school,founder:00273279,00273279,Obec Žďár nad Metují,obec,1,1,2100000,0,2100000,1,10216731,aggregate_candidate_needs_confirmation,,,,,https://monitor.statnipokladna.gov.cz/api/ukazatele?ic=00273279&obdobi=2512
2025,,single_school,founder:00273287,00273287,Obec Žďárky,obec,1,1,1310000,0,1310000,1,9375384,aggregate_candidate_needs_confirmation,,,,,https://monitor.statnipokladna.gov.cz/api/ukazatele?ic=00273287&obdobi=2512
2025,,single_school,founder:00273350,00273350,Město Lázně Bohdaneč,obec,1,2,8341000,0,8341000,1,49827205,aggregate_candidate_needs_confirmation,,,,,https://monitor.statnipokladna.gov.cz/api/ukazatele?ic=00273350&obdobi=2512
2025,,single_school,founder:00273457,00273457,Obec Čepí,obec,1,1,400000,0,400000,1,3310263,aggregate_candidate_needs_confirmation,,,,,https://monitor.statnipokladna.gov.cz/api/ukazatele?ic=00273457&obdobi=2512
2025,,single_school,founder:00273490,00273490,Obec Dolany,obec,1,1,410000,0,410000,1,4485028,aggregate_candidate_needs_confirmation,,,,,https://monitor.statnipokladna.gov.cz/api/ukazatele?ic=00273490&obdobi=2512
2025,,single_school,founder:00273546,00273546,Obec Dříteč,obec,1,1,1600000,0,1600000,1,16381471,aggregate_candidate_needs_confirmation,,,,,https://monitor.statnipokladna.gov.cz/api/ukazatele?ic=00273546&obdobi=2512
2025,,single_school,founder:00273554,00273554,Obec Hlavečník,obec,1,1,300000,0,300000,1,4944113,aggregate_candidate_needs_confirmation,,,,,https://monitor.statnipokladna.gov.cz/api/ukazatele?ic=00273554&obdobi=2512
2025,,single_school,founder:00273678,00273678,Obec Chvojenec,obec,1,1,650000,0,650000,1,3534078,aggregate_candidate_needs_confirmation,,,,,https://monitor.statnipokladna.gov.cz/api/ukazatele?ic=00273678&obdobi=2512
2025,,single_school,founder:00273767,00273767,Obec Kladruby nad Labem,obec,1,1,600000,0,600000,1,3300794,aggregate_candidate_needs_confirmation,,,,,https://monitor.statnipokladna.gov.cz/api/ukazatele?ic=00273767&obdobi=2512
2025,,single_school,founder:00273783,00273783,Obec Kojice,obec,1,1,320000,0,320000,1,2593295,aggregate_candidate_needs_confirmation,,,,,https://monitor.statnipokladna.gov.cz/api/ukazatele?ic=00273783&obdobi=2512
2025,,single_school,founder:00273821,00273821,Obec Kostěnice,obec,1,1,400000,0,400000,1,2946154,aggregate_candidate_needs_confirmation,,,,,https://monitor.statnipokladna.gov.cz/api/ukazatele?ic=00273821&obdobi=2512
2025,,single_school,founder:00273902,00273902,Obec Lipoltice,obec,1,1,1048000,0,1048000,1,6178525,aggregate_candidate_needs_confirmation,,,,,https://monitor.statnipokladna.gov.cz/api/ukazatele?ic=00273902&obdobi=2512
2025,,single_school,founder:00273961,00273961,Obec Mikulovice,obec,1,1,2000000,0,2000000,1,18029493,aggregate_candidate_needs_confirmation,,,,,https://monitor.statnipokladna.gov.cz/api/ukazatele?ic=00273961&obdobi=2512
2025,,single_school,founder:00274020,00274020,Obec Ostřešany,obec,1,1,1300000,0,1300000,1,12403121,aggregate_candidate_needs_confirmation,,,,,https://monitor.statnipokladna.gov.cz/api/ukazatele?ic=00274020&obdobi=2512
2025,,single_school,founder:00274038,00274038,Obec Ostřetín,obec,1,1,1698500,0,1698500,1,7735427,aggregate_candidate_needs_confirmation,,,,,https://monitor.statnipokladna.gov.cz/api/ukazatele?ic=00274038&obdobi=2512
2025,,single_school,founder:00274135,00274135,Obec Ráby,obec,1,1,348000,0,348000,1,5165720,aggregate_candidate_needs_confirmation,,,,,https://monitor.statnipokladna.gov.cz/api/ukazatele?ic=00274135&obdobi=2512
2025,,single_school,founder:00274178,00274178,Obec Rokytno,obec,1,1,1861967,0,1861967,1,11988860,aggregate_candidate_needs_confirmation,,,,,https://monitor.statnipokladna.gov.cz/api/ukazatele?ic=00274178&obdobi=2512
2025,,single_school,founder:00274194,00274194,Obec Rybitví,obec,1,1,2257286,0,2257286,1,30007087,aggregate_candidate_needs_confirmation,,,,,https://monitor.statnipokladna.gov.cz/api/ukazatele?ic=00274194&obdobi=2512
2025,,single_school,founder:00274208,00274208,Obec Řečany nad Labem,obec,1,1,3314000,0,3314000,1,32910941,aggregate_candidate_needs_confirmation,,,,,https://monitor.statnipokladna.gov.cz/api/ukazatele?ic=00274208&obdobi=2512
2025,,single_school,founder:00274259,00274259,Obec Slepotice,obec,1,1,380000,0,380000,1,2965863,aggregate_candidate_needs_confirmation,,,,,https://monitor.statnipokladna.gov.cz/api/ukazatele?ic=00274259&obdobi=2512
2025,,single_school,founder:00274283,00274283,Obec Srch,obec,1,1,565000,0,565000,1,13730839,aggregate_candidate_needs_confirmation,,,,,https://monitor.statnipokladna.gov.cz/api/ukazatele?ic=00274283&obdobi=2512
2025,,single_school,founder:00274305,00274305,Obec Staré Hradiště,obec,1,1,1250000,0,1250000,1,7958601,aggregate_candidate_needs_confirmation,,,,,https://monitor.statnipokladna.gov.cz/api/ukazatele?ic=00274305&obdobi=2512
2025,,single_school,founder:00274321,00274321,Obec Staré Ždánice,obec,1,1,1005372,0,1005372,1,8769354,aggregate_candidate_needs_confirmation,,,,,https://monitor.statnipokladna.gov.cz/api/ukazatele?ic=00274321&obdobi=2512
2025,,single_school,founder:00274330,00274330,Obec Starý Mateřov,obec,1,2,1450000,0,1450000,1,6404918,aggregate_candidate_needs_confirmation,,,,,https://monitor.statnipokladna.gov.cz/api/ukazatele?ic=00274330&obdobi=2512
2025,,single_school,founder:00274445,00274445,Obec Turkovice,obec,1,1,270000,0,270000,1,3238529,aggregate_candidate_needs_confirmation,,,,,https://monitor.statnipokladna.gov.cz/api/ukazatele?ic=00274445&obdobi=2512
2025,,single_school,founder:00274470,00274470,Obec Uhersko,obec,1,1,450000,0,450000,1,4853337,aggregate_candidate_needs_confirmation,,,,,https://monitor.statnipokladna.gov.cz/api/ukazatele?ic=00274470&obdobi=2512
2025,,single_school,founder:00274526,00274526,Obec Valy,obec,1,1,400000,0,400000,1,3499996,aggregate_candidate_needs_confirmation,,,,,https://monitor.statnipokladna.gov.cz/api/ukazatele?ic=00274526&obdobi=2512
2025,,single_school,founder:00274534,00274534,Obec Vápno,obec,1,1,405000,0,405000,1,5199440,aggregate_candidate_needs_confirmation,,,,,https://monitor.statnipokladna.gov.cz/api/ukazatele?ic=00274534&obdobi=2512
2025,,single_school,founder:00274569,00274569,Obec Veselí,obec,1,1,540000,0,540000,1,3181768,aggregate_candidate_needs_confirmation,,,,,https://monitor.statnipokladna.gov.cz/api/ukazatele?ic=00274569&obdobi=2512
2025,,single_school,founder:00274658,00274658,Obec Živanice,obec,1,1,1600000,0,1600000,1,12114354,aggregate_candidate_needs_confirmation,,,,,https://monitor.statnipokladna.gov.cz/api/ukazatele?ic=00274658&obdobi=2512
2025,,single_school,founder:00274682,00274682,Obec Bačetín,obec,1,1,600000,0,600000,1,4458650,aggregate_candidate_needs_confirmation,,,,,https://monitor.statnipokladna.gov.cz/api/ukazatele?ic=00274682&obdobi=2512
2025,,single_school,founder:00274691,00274691,Obec Bartošovice v Orlických horách,obec,1,1,405000,0,405000,1,2159219,aggregate_candidate_needs_confirmation,,,,,https://monitor.statnipokladna.gov.cz/api/ukazatele?ic=00274691&obdobi=2512
2025,,single_school,founder:00274704,00274704,Obec Bílý Újezd,obec,1,1,840000,0,840000,1,7230640,aggregate_candidate_needs_confirmation,,,,,https://monitor.statnipokladna.gov.cz/api/ukazatele?ic=00274704&obdobi=2512
2025,,single_school,founder:00274721,00274721,Obec Bolehošť,obec,1,2,1017073,35956,1053029,1,9770696,aggregate_candidate_needs_confirmation,,,,,https://monitor.statnipokladna.gov.cz/api/ukazatele?ic=00274721&obdobi=2512
2025,,single_school,founder:00274780,00274780,Městys Častolovice,obec,1,1,3723800,0,3723800,1,36124843,aggregate_candidate_needs_confirmation,,,,,https://monitor.statnipokladna.gov.cz/api/ukazatele?ic=00274780&obdobi=2512
2025,,single_school,founder:00274798,00274798,Obec Čermná nad Orlicí,obec,1,1,1200000,0,1200000,1,9902850,aggregate_candidate_needs_confirmation,,,,,https://monitor.statnipokladna.gov.cz/api/ukazatele?ic=00274798&obdobi=2512
2025,,single_school,founder:00274801,00274801,Obec Černíkovice,obec,1,2,1460447,60000,1520447,1,13758176,aggregate_candidate_needs_confirmation,,,,,https://monitor.statnipokladna.gov.cz/api/ukazatele?ic=00274801&obdobi=2512
2025,,single_school,founder:00274828,00274828,Obec Čestice,obec,1,1,899000,0,899000,1,7468152,aggregate_candidate_needs_confirmation,,,,,https://monitor.statnipokladna.gov.cz/api/ukazatele?ic=00274828&obdobi=2512
2025,,single_school,founder:00274844,00274844,Obec Deštné v Orlických horách,obec,1,1,2821051,0,2821051,1,13647468,aggregate_candidate_needs_confirmation,,,,,https://monitor.statnipokladna.gov.cz/api/ukazatele?ic=00274844&obdobi=2512
2025,,single_school,founder:00274909,00274909,Obec Doudleby nad Orlicí,obec,1,1,2900000,0,2900000,1,31406894,aggregate_candidate_needs_confirmation,,,,,https://monitor.statnipokladna.gov.cz/api/ukazatele?ic=00274909&obdobi=2512
2025,,single_school,founder:00274917,00274917,Obec Chleny,obec,1,1,500000,0,500000,1,8109857,aggregate_candidate_needs_confirmation,,,,,https://monitor.statnipokladna.gov.cz/api/ukazatele?ic=00274917&obdobi=2512
2025,,single_school,founder:00274933,00274933,Obec Javornice,obec,1,2,2931040,368835,3299875,1,25497056,aggregate_candidate_needs_confirmation,,,,,https://monitor.statnipokladna.gov.cz/api/ukazatele?ic=00274933&obdobi=2512
2025,,single_school,founder:00275026,00275026,Obec Kvasiny,obec,1,1,2800000,0,2800000,1,12963251,aggregate_candidate_needs_confirmation,,,,,https://monitor.statnipokladna.gov.cz/api/ukazatele?ic=00275026&obdobi=2512
2025,,single_school,founder:00275042,00275042,Obec Lhoty u Potštejna,obec,1,1,1286230,0,1286230,1,14478651,aggregate_candidate_needs_confirmation,,,,,https://monitor.statnipokladna.gov.cz/api/ukazatele?ic=00275042&obdobi=2512
2025,,single_school,founder:00275051,00275051,Obec Liberk,obec,1,1,695000,0,695000,1,2696404,aggregate_candidate_needs_confirmation,,,,,https://monitor.statnipokladna.gov.cz/api/ukazatele?ic=00275051&obdobi=2512
2025,,single_school,founder:00275069,00275069,Obec Lično,obec,1,1,800000,0,800000,1,8631099,aggregate_candidate_needs_confirmation,,,,,https://monitor.statnipokladna.gov.cz/api/ukazatele?ic=00275069&obdobi=2512
2025,,single_school,founder:00275077,00275077,Obec Lípa nad Orlicí,obec,1,1,844000,0,844000,1,8347761,aggregate_candidate_needs_confirmation,,,,,https://monitor.statnipokladna.gov.cz/api/ukazatele?ic=00275077&obdobi=2512
2025,,single_school,founder:00275166,00275166,Obec Ohnišov,obec,1,1,852932,0,852932,1,6802582,aggregate_candidate_needs_confirmation,,,,,https://monitor.statnipokladna.gov.cz/api/ukazatele?ic=00275166&obdobi=2512
2025,,single_school,founder:00275174,00275174,Obec Olešnice v Orlických horách,obec,1,1,730000,0,730000,1,5217500,aggregate_candidate_needs_confirmation,,,,,https://monitor.statnipokladna.gov.cz/api/ukazatele?ic=00275174&obdobi=2512
2025,,single_school,founder:00275182,00275182,Obec Olešnice,obec,1,1,572500,0,572500,1,3757939,aggregate_candidate_needs_confirmation,,,,,https://monitor.statnipokladna.gov.cz/api/ukazatele?ic=00275182&obdobi=2512
2025,,single_school,founder:00275204,00275204,Obec Orlické Záhoří,obec,1,1,1500000,0,1500000,1,4469126,aggregate_candidate_needs_confirmation,,,,,https://monitor.statnipokladna.gov.cz/api/ukazatele?ic=00275204&obdobi=2512
2025,,single_school,founder:00275221,00275221,Obec Pěčín,obec,1,1,490000,0,490000,1,5008923,aggregate_candidate_needs_confirmation,,,,,https://monitor.statnipokladna.gov.cz/api/ukazatele?ic=00275221&obdobi=2512
2025,,single_school,founder:00275271,00275271,Obec Potštejn,obec,1,1,1308120,0,1308120,1,13082465,aggregate_candidate_needs_confirmation,,,,,https://monitor.statnipokladna.gov.cz/api/ukazatele?ic=00275271&obdobi=2512
2025,,single_school,founder:00275280,00275280,Obec Přepychy,obec,1,1,650000,0,650000,1,7115806,aggregate_candidate_needs_confirmation,,,,,https://monitor.statnipokladna.gov.cz/api/ukazatele?ic=00275280&obdobi=2512
2025,,single_school,founder:00275328,00275328,Obec Rybná nad Zdobnicí,obec,1,1,800000,0,800000,1,6999171,aggregate_candidate_needs_confirmation,,,,,https://monitor.statnipokladna.gov.cz/api/ukazatele?ic=00275328&obdobi=2512
2025,,single_school,founder:00275387,00275387,Obec Skuhrov nad Bělou,obec,1,1,3350000,0,3350000,1,29703042,aggregate_candidate_needs_confirmation,,,,,https://monitor.statnipokladna.gov.cz/api/ukazatele?ic=00275387&obdobi=2512
2025,,single_school,founder:00275395,00275395,Obec Slatina nad Zdobnicí,obec,1,1,3100000,0,3100000,1,23142764,aggregate_candidate_needs_confirmation,,,,,https://monitor.statnipokladna.gov.cz/api/ukazatele?ic=00275395&obdobi=2512
2025,,single_school,founder:00275433,00275433,Obec Trnov,obec,1,1,550000,0,550000,1,4499437,aggregate_candidate_needs_confirmation,,,,,https://monitor.statnipokladna.gov.cz/api/ukazatele?ic=00275433&obdobi=2512
2025,,single_school,founder:00275484,00275484,Obec Val,obec,1,1,531400,0,531400,1,4585896,aggregate_candidate_needs_confirmation,,,,,https://monitor.statnipokladna.gov.cz/api/ukazatele?ic=00275484&obdobi=2512
2025,,single_school,founder:00275506,00275506,Obec Voděrady,obec,1,1,3050000,0,3050000,1,22056795,aggregate_candidate_needs_confirmation,,,,,https://monitor.statnipokladna.gov.cz/api/ukazatele?ic=00275506&obdobi=2512
2025,,single_school,founder:00275531,00275531,Obec Záměl,obec,1,1,870000,0,870000,1,8456009,aggregate_candidate_needs_confirmation,,,,,https://monitor.statnipokladna.gov.cz/api/ukazatele?ic=00275531&obdobi=2512
2025,,single_school,founder:00275565,00275565,Obec Žďár nad Orlicí,obec,1,1,1162000,0,1162000,1,6476317,aggregate_candidate_needs_confirmation,,,,,https://monitor.statnipokladna.gov.cz/api/ukazatele?ic=00275565&obdobi=2512
2025,,single_school,founder:00275581,00275581,Obec Benecko,obec,1,1,1200000,0,1200000,1,11353972,aggregate_candidate_needs_confirmation,,,,,https://monitor.statnipokladna.gov.cz/api/ukazatele?ic=00275581&obdobi=2512
2025,,single_school,founder:00275590,00275590,Obec Benešov u Semil,obec,1,2,2050900,963001,3013901,1,9973033,aggregate_candidate_needs_confirmation,,,,,https://monitor.statnipokladna.gov.cz/api/ukazatele?ic=00275590&obdobi=2512
2025,,single_school,founder:00275611,00275611,Obec Bozkov,obec,1,1,916848,0,916848,1,7072620,aggregate_candidate_needs_confirmation,,,,,https://monitor.statnipokladna.gov.cz/api/ukazatele?ic=00275611&obdobi=2512
2025,,single_school,founder:00275662,00275662,Obec Čistá u Horek,obec,1,1,2427000,0,2427000,1,18842496,aggregate_candidate_needs_confirmation,,,,,https://monitor.statnipokladna.gov.cz/api/ukazatele?ic=00275662&obdobi=2512
2025,,single_school,founder:00275689,00275689,Obec Háje nad Jizerou,obec,1,1,1647000,0,1647000,1,16674953,aggregate_candidate_needs_confirmation,,,,,https://monitor.statnipokladna.gov.cz/api/ukazatele?ic=00275689&obdobi=2512
2025,,single_school,founder:00275735,00275735,Obec Horní Branná,obec,1,1,2959678,0,2959678,1,22920595,aggregate_candidate_needs_confirmation,,,,,https://monitor.statnipokladna.gov.cz/api/ukazatele?ic=00275735&obdobi=2512
2025,,single_school,founder:00275751,00275751,Obec Hrubá Skála,obec,1,1,1674076,0,1674076,1,9779291,aggregate_candidate_needs_confirmation,,,,,https://monitor.statnipokladna.gov.cz/api/ukazatele?ic=00275751&obdobi=2512
2025,,single_school,founder:00275760,00275760,Obec Chuchelna,obec,1,1,2491000,0,2491000,1,10184727,aggregate_candidate_needs_confirmation,,,,,https://monitor.statnipokladna.gov.cz/api/ukazatele?ic=00275760&obdobi=2512
2025,,single_school,founder:00275778,00275778,Město Jablonec nad Jizerou,obec,1,1,4200000,0,4200000,1,30085508,aggregate_candidate_needs_confirmation,,,,,https://monitor.statnipokladna.gov.cz/api/ukazatele?ic=00275778&obdobi=2512
2025,,single_school,founder:00275786,00275786,Obec Jesenný,obec,1,1,750000,0,750000,1,5884978,aggregate_candidate_needs_confirmation,,,,,https://monitor.statnipokladna.gov.cz/api/ukazatele?ic=00275786&obdobi=2512
2025,,single_school,founder:00275824,00275824,obec Karlovice,obec,1,1,900000,0,900000,1,4342931,aggregate_candidate_needs_confirmation,,,,,https://monitor.statnipokladna.gov.cz/api/ukazatele?ic=00275824&obdobi=2512
2025,,single_school,founder:00275859,00275859,Obec Kruh,obec,1,1,220000,0,220000,1,2130794,aggregate_candidate_needs_confirmation,,,,,https://monitor.statnipokladna.gov.cz/api/ukazatele?ic=00275859&obdobi=2512
2025,,single_school,founder:00275930,00275930,Obec Mříčná,obec,1,1,1000000,0,1000000,1,7399783,aggregate_candidate_needs_confirmation,,,,,https://monitor.statnipokladna.gov.cz/api/ukazatele?ic=00275930&obdobi=2512
2025,,single_school,founder:00275948,00275948,Obec Nová Ves nad Popelkou,obec,1,1,879931,0,879931,1,7957285,aggregate_candidate_needs_confirmation,,,,,https://monitor.statnipokladna.gov.cz/api/ukazatele?ic=00275948&obdobi=2512
2025,,single_school,founder:00275964,00275964,Obec Olešnice,obec,1,1,732188,0,732188,1,3011150,aggregate_candidate_needs_confirmation,,,,,https://monitor.statnipokladna.gov.cz/api/ukazatele?ic=00275964&obdobi=2512
2025,,single_school,founder:00276081,00276081,Obec Roztoky u Jilemnice,obec,1,1,1250000,0,1250000,1,17586985,aggregate_candidate_needs_confirmation,,,,,https://monitor.statnipokladna.gov.cz/api/ukazatele?ic=00276081&obdobi=2512
2025,,single_school,founder:00276138,00276138,Obec Slaná,obec,1,2,1200000,709423,1909423,1,8953864,aggregate_candidate_needs_confirmation,,,,,https://monitor.statnipokladna.gov.cz/api/ukazatele?ic=00276138&obdobi=2512
2025,,single_school,founder:00276154,00276154,Obec Stružinec,obec,1,1,1150000,0,1150000,1,5234074,aggregate_candidate_needs_confirmation,,,,,https://monitor.statnipokladna.gov.cz/api/ukazatele?ic=00276154&obdobi=2512
2025,,single_school,founder:00276162,00276162,Obec Studenec,obec,1,2,6300000,0,6300000,1,41702572,aggregate_candidate_needs_confirmation,,,,,https://monitor.statnipokladna.gov.cz/api/ukazatele?ic=00276162&obdobi=2512
2025,,single_school,founder:00276197,00276197,Obec Tatobity,obec,1,1,1490000,0,1490000,1,9242569,aggregate_candidate_needs_confirmation,,,,,https://monitor.statnipokladna.gov.cz/api/ukazatele?ic=00276197&obdobi=2512
2025,,single_school,founder:00276260,00276260,Obec Vítkovice,obec,1,1,2250000,0,2250000,1,6101854,aggregate_candidate_needs_confirmation,,,,,https://monitor.statnipokladna.gov.cz/api/ukazatele?ic=00276260&obdobi=2512
2025,,single_school,founder:00276278,00276278,Obec Všeň,obec,1,1,1232000,0,1232000,1,13800318,aggregate_candidate_needs_confirmation,,,,,https://monitor.statnipokladna.gov.cz/api/ukazatele?ic=00276278&obdobi=2512
2025,,single_school,founder:00276308,00276308,Obec Záhoří,obec,1,1,586456,0,586456,1,3154856,aggregate_candidate_needs_confirmation,,,,,https://monitor.statnipokladna.gov.cz/api/ukazatele?ic=00276308&obdobi=2512
2025,,single_school,founder:00276375,00276375,Obec Benátky,obec,1,1,350000,0,350000,1,2621523,aggregate_candidate_needs_confirmation,,,,,https://monitor.statnipokladna.gov.cz/api/ukazatele?ic=00276375&obdobi=2512
2025,,single_school,founder:00276472,00276472,Obec Březina,obec,1,1,400000,0,400000,1,2502045,aggregate_candidate_needs_confirmation,,,,,https://monitor.statnipokladna.gov.cz/api/ukazatele?ic=00276472&obdobi=2512
2025,,single_school,founder:00276511,00276511,Obec Budislav,obec,1,1,500000,0,500000,1,6582100,aggregate_candidate_needs_confirmation,,,,,https://monitor.statnipokladna.gov.cz/api/ukazatele?ic=00276511&obdobi=2512
2025,,single_school,founder:00276545,00276545,Obec Čistá,obec,1,1,1100000,0,1100000,1,11729182,aggregate_candidate_needs_confirmation,,,,,https://monitor.statnipokladna.gov.cz/api/ukazatele?ic=00276545&obdobi=2512
2025,,single_school,founder:00276561,00276561,Obec Dětřichov,obec,1,1,80000,0,80000,1,1761641,aggregate_candidate_needs_confirmation,,,,,https://monitor.statnipokladna.gov.cz/api/ukazatele?ic=00276561&obdobi=2512
2025,,single_school,founder:00276588,00276588,Obec Dlouhá Loučka,obec,1,1,1080000,0,1080000,1,9207806,aggregate_candidate_needs_confirmation,,,,,https://monitor.statnipokladna.gov.cz/api/ukazatele?ic=00276588&obdobi=2512
2025,,single_school,founder:00276634,00276634,Obec Hartmanice,obec,1,1,160000,0,160000,1,4324423,aggregate_candidate_needs_confirmation,,,,,https://monitor.statnipokladna.gov.cz/api/ukazatele?ic=00276634&obdobi=2512
2025,,single_school,founder:00276693,00276693,Obec Chornice,obec,1,1,3814000,0,3814000,1,13930932,aggregate_candidate_needs_confirmation,,,,,https://monitor.statnipokladna.gov.cz/api/ukazatele?ic=00276693&obdobi=2512
2025,,single_school,founder:00276758,00276758,Obec Jaroměřice,obec,1,1,2580884,0,2580884,1,23160653,aggregate_candidate_needs_confirmation,,,,,https://monitor.statnipokladna.gov.cz/api/ukazatele?ic=00276758&obdobi=2512
2025,,single_school,founder:00276766,00276766,Obec Jarošov,obec,1,1,475000,0,475000,1,4415764,aggregate_candidate_needs_confirmation,,,,,https://monitor.statnipokladna.gov.cz/api/ukazatele?ic=00276766&obdobi=2512
2025,,single_school,founder:00276839,00276839,Obec Koclířov,obec,1,1,1037441,0,1037441,1,7728827,aggregate_candidate_needs_confirmation,,,,,https://monitor.statnipokladna.gov.cz/api/ukazatele?ic=00276839&obdobi=2512
2025,,single_school,founder:00276855,00276855,Obec Korouhev,obec,1,1,1200000,0,1200000,1,8359866,aggregate_candidate_needs_confirmation,,,,,https://monitor.statnipokladna.gov.cz/api/ukazatele?ic=00276855&obdobi=2512
2025,,single_school,founder:00276871,00276871,Obec Křenov,obec,1,1,2173000,0,2173000,1,13659454,aggregate_candidate_needs_confirmation,,,,,https://monitor.statnipokladna.gov.cz/api/ukazatele?ic=00276871&obdobi=2512
2025,,single_school,founder:00276898,00276898,Obec Květná,obec,1,1,350000,0,350000,1,2921146,aggregate_candidate_needs_confirmation,,,,,https://monitor.statnipokladna.gov.cz/api/ukazatele?ic=00276898&obdobi=2512
2025,,single_school,founder:00276936,00276936,Obec Linhartice,obec,1,1,487000,0,487000,1,2752309,aggregate_candidate_needs_confirmation,,,,,https://monitor.statnipokladna.gov.cz/api/ukazatele?ic=00276936&obdobi=2512
2025,,single_school,founder:00276952,00276952,Obec Lubná,obec,1,1,3700000,0,3700000,1,26034089,aggregate_candidate_needs_confirmation,,,,,https://monitor.statnipokladna.gov.cz/api/ukazatele?ic=00276952&obdobi=2512
2025,,single_school,founder:00276961,00276961,Obec Makov,obec,1,1,681000,0,681000,1,4846411,aggregate_candidate_needs_confirmation,,,,,https://monitor.statnipokladna.gov.cz/api/ukazatele?ic=00276961&obdobi=2512
2025,,single_school,founder:00276987,00276987,Obec Městečko Trnávka,obec,1,1,3119000,0,3119000,1,24107846,aggregate_candidate_needs_confirmation,,,,,https://monitor.statnipokladna.gov.cz/api/ukazatele?ic=00276987&obdobi=2512
2025,,single_school,founder:00277002,00277002,Obec Mladějov na Moravě,obec,1,1,315000,0,315000,1,3143560,aggregate_candidate_needs_confirmation,,,,,https://monitor.statnipokladna.gov.cz/api/ukazatele?ic=00277002&obdobi=2512
2025,,single_school,founder:00277088,00277088,Obec Opatov,obec,1,1,2168000,0,2168000,1,19346841,aggregate_candidate_needs_confirmation,,,,,https://monitor.statnipokladna.gov.cz/api/ukazatele?ic=00277088&obdobi=2512
2025,,single_school,founder:00277223,00277223,Obec Příluka,obec,1,1,300000,0,300000,1,3252980,aggregate_candidate_needs_confirmation,,,,,https://monitor.statnipokladna.gov.cz/api/ukazatele?ic=00277223&obdobi=2512
2025,,single_school,founder:00277231,00277231,Obec Pustá Kamenice,obec,1,1,320000,0,320000,1,5129075,aggregate_candidate_needs_confirmation,,,,,https://monitor.statnipokladna.gov.cz/api/ukazatele?ic=00277231&obdobi=2512
2025,,single_school,founder:00277274,00277274,Obec Rohozná,obec,1,1,900000,0,900000,1,3454963,aggregate_candidate_needs_confirmation,,,,,https://monitor.statnipokladna.gov.cz/api/ukazatele?ic=00277274&obdobi=2512
2025,,single_school,founder:00277312,00277312,Obec Rychnov na Moravě,obec,1,1,435000,0,435000,1,2981926,aggregate_candidate_needs_confirmation,,,,,https://monitor.statnipokladna.gov.cz/api/ukazatele?ic=00277312&obdobi=2512
2025,,single_school,founder:00277321,00277321,Obec Sádek,obec,1,1,1819121,0,1819121,1,9684241,aggregate_candidate_needs_confirmation,,,,,https://monitor.statnipokladna.gov.cz/api/ukazatele?ic=00277321&obdobi=2512
2025,,single_school,founder:00277339,00277339,Obec Sebranice,obec,1,1,400000,0,400000,1,6156600,aggregate_candidate_needs_confirmation,,,,,https://monitor.statnipokladna.gov.cz/api/ukazatele?ic=00277339&obdobi=2512
2025,,single_school,founder:00277347,00277347,Obec Sedliště,obec,1,1,300000,0,300000,1,2769434,aggregate_candidate_needs_confirmation,,,,,https://monitor.statnipokladna.gov.cz/api/ukazatele?ic=00277347&obdobi=2512
2025,,single_school,founder:00277380,00277380,Obec Staré Město,obec,1,1,1271517,0,1271517,1,12425628,aggregate_candidate_needs_confirmation,,,,,https://monitor.statnipokladna.gov.cz/api/ukazatele?ic=00277380&obdobi=2512
2025,,single_school,founder:00277452,00277452,Městys Svojanov,obec,1,1,170000,0,170000,1,2441023,aggregate_candidate_needs_confirmation,,,,,https://monitor.statnipokladna.gov.cz/api/ukazatele?ic=00277452&obdobi=2512
2025,,single_school,founder:00277461,00277461,Obec Široký Důl,obec,1,1,400000,0,400000,1,5034787,aggregate_candidate_needs_confirmation,,,,,https://monitor.statnipokladna.gov.cz/api/ukazatele?ic=00277461&obdobi=2512
2025,,single_school,founder:00277487,00277487,Obec Telecí,obec,1,1,995650,0,995650,1,13972631,aggregate_candidate_needs_confirmation,,,,,https://monitor.statnipokladna.gov.cz/api/ukazatele?ic=00277487&obdobi=2512
2025,,single_school,founder:00277495,00277495,Obec Trpín,obec,1,1,754100,0,754100,1,3145708,aggregate_candidate_needs_confirmation,,,,,https://monitor.statnipokladna.gov.cz/api/ukazatele?ic=00277495&obdobi=2512
2025,,single_school,founder:00277509,00277509,Obec Trstěnice,obec,1,1,1500000,0,1500000,1,17067501,aggregate_candidate_needs_confirmation,,,,,https://monitor.statnipokladna.gov.cz/api/ukazatele?ic=00277509&obdobi=2512
2025,,single_school,founder:00277517,00277517,Obec Třebařov,obec,1,1,2615000,0,2615000,1,23620328,aggregate_candidate_needs_confirmation,,,,,https://monitor.statnipokladna.gov.cz/api/ukazatele?ic=00277517&obdobi=2512
2025,,single_school,founder:00277550,00277550,Obec Vidlatá Seč,obec,1,1,816233,0,816233,1,4701789,aggregate_candidate_needs_confirmation,,,,,https://monitor.statnipokladna.gov.cz/api/ukazatele?ic=00277550&obdobi=2512
2025,,single_school,founder:00277576,00277576,Obec Vítějeves,obec,1,1,1671000,0,1671000,1,13838867,aggregate_candidate_needs_confirmation,,,,,https://monitor.statnipokladna.gov.cz/api/ukazatele?ic=00277576&obdobi=2512
2025,,single_school,founder:00277584,00277584,Obec Vranová Lhota,obec,1,1,640000,0,640000,1,6566728,aggregate_candidate_needs_confirmation,,,,,https://monitor.statnipokladna.gov.cz/api/ukazatele?ic=00277584&obdobi=2512
2025,,single_school,founder:00277657,00277657,Obec Batňovice,obec,1,1,1500000,0,1500000,1,10462397,aggregate_candidate_needs_confirmation,,,,,https://monitor.statnipokladna.gov.cz/api/ukazatele?ic=00277657&obdobi=2512
2025,,single_school,founder:00277665,00277665,Obec Bernartice,obec,1,1,3215000,0,3215000,1,28378071,aggregate_candidate_needs_confirmation,,,,,https://monitor.statnipokladna.gov.cz/api/ukazatele?ic=00277665&obdobi=2512
2025,,single_school,founder:00277673,00277673,Obec Bílá Třemešná,obec,1,1,6939194,0,6939194,1,38617887,aggregate_candidate_needs_confirmation,,,,,https://monitor.statnipokladna.gov.cz/api/ukazatele?ic=00277673&obdobi=2512
2025,,single_school,founder:00277720,00277720,Městys Černý Důl,obec,1,1,1600000,0,1600000,1,11104344,aggregate_candidate_needs_confirmation,,,,,https://monitor.statnipokladna.gov.cz/api/ukazatele?ic=00277720&obdobi=2512
2025,,single_school,founder:00277738,00277738,Obec Dolní Branná,obec,1,1,1835000,0,1835000,1,15479009,aggregate_candidate_needs_confirmation,,,,,https://monitor.statnipokladna.gov.cz/api/ukazatele?ic=00277738&obdobi=2512
2025,,single_school,founder:00277762,00277762,Obec Dolní Kalná,obec,1,1,1000000,0,1000000,1,11702091,aggregate_candidate_needs_confirmation,,,,,https://monitor.statnipokladna.gov.cz/api/ukazatele?ic=00277762&obdobi=2512
2025,,single_school,founder:00277771,00277771,Obec Dolní Lánov,obec,1,2,1650000,160355,1810355,1,9483361,aggregate_candidate_needs_confirmation,,,,,https://monitor.statnipokladna.gov.cz/api/ukazatele?ic=00277771&obdobi=2512
2025,,single_school,founder:00277801,00277801,Obec Dubenec,obec,1,1,2100000,0,2100000,1,26544883,aggregate_candidate_needs_confirmation,,,,,https://monitor.statnipokladna.gov.cz/api/ukazatele?ic=00277801&obdobi=2512
2025,,single_school,founder:00277827,00277827,Obec Hajnice,obec,1,1,2510200,0,2510200,1,11549113,aggregate_candidate_needs_confirmation,,,,,https://monitor.statnipokladna.gov.cz/api/ukazatele?ic=00277827&obdobi=2512
2025,,single_school,founder:00277835,00277835,Obec Havlovice,obec,1,1,1400000,0,1400000,1,8246693,aggregate_candidate_needs_confirmation,,,,,https://monitor.statnipokladna.gov.cz/api/ukazatele?ic=00277835&obdobi=2512
2025,,single_school,founder:00277878,00277878,Obec Horní Maršov,obec,1,1,2000000,0,2000000,1,16301736,aggregate_candidate_needs_confirmation,,,,,https://monitor.statnipokladna.gov.cz/api/ukazatele?ic=00277878&obdobi=2512
2025,,single_school,founder:00277924,00277924,Obec Chotěvice,obec,1,1,900000,0,900000,1,8610558,aggregate_candidate_needs_confirmation,,,,,https://monitor.statnipokladna.gov.cz/api/ukazatele?ic=00277924&obdobi=2512
2025,,single_school,founder:00277932,00277932,Obec Choustníkovo Hradiště,obec,1,1,820000,0,820000,1,5111685,aggregate_candidate_needs_confirmation,,,,,https://monitor.statnipokladna.gov.cz/api/ukazatele?ic=00277932&obdobi=2512
2025,,single_school,founder:00277941,00277941,Obec Chvaleč,obec,1,1,1575811,0,1575811,1,7237703,aggregate_candidate_needs_confirmation,,,,,https://monitor.statnipokladna.gov.cz/api/ukazatele?ic=00277941&obdobi=2512
2025,,single_school,founder:00277967,00277967,Město Janské Lázně,obec,1,1,1450797,0,1450797,1,8567874,aggregate_candidate_needs_confirmation,,,,,https://monitor.statnipokladna.gov.cz/api/ukazatele?ic=00277967&obdobi=2512
2025,,single_school,founder:00277983,00277983,Obec Jívka,obec,1,1,1181781,0,1181781,1,3522878,aggregate_candidate_needs_confirmation,,,,,https://monitor.statnipokladna.gov.cz/api/ukazatele?ic=00277983&obdobi=2512
2025,,single_school,founder:00278009,00278009,Obec Kocbeře,obec,1,1,1400000,0,1400000,1,7959439,aggregate_candidate_needs_confirmation,,,,,https://monitor.statnipokladna.gov.cz/api/ukazatele?ic=00278009&obdobi=2512
2025,,single_school,founder:00278033,00278033,Obec Kunčice nad Labem,obec,1,1,1249000,0,1249000,1,10337356,aggregate_candidate_needs_confirmation,,,,,https://monitor.statnipokladna.gov.cz/api/ukazatele?ic=00278033&obdobi=2512
2025,,single_school,founder:00278041,00278041,Obec Lánov,obec,1,1,6183842,0,6183842,1,47281971,aggregate_candidate_needs_confirmation,,,,,https://monitor.statnipokladna.gov.cz/api/ukazatele?ic=00278041&obdobi=2512
2025,,single_school,founder:00278084,00278084,Obec Libňatov,obec,1,1,350000,0,350000,1,4945490,aggregate_candidate_needs_confirmation,,,,,https://monitor.statnipokladna.gov.cz/api/ukazatele?ic=00278084&obdobi=2512
2025,,single_school,founder:00278149,00278149,Městys Mladé Buky,obec,1,1,4800000,0,4800000,1,30925525,aggregate_candidate_needs_confirmation,,,,,https://monitor.statnipokladna.gov.cz/api/ukazatele?ic=00278149&obdobi=2512
2025,,single_school,founder:00278157,00278157,Obec Mostek,obec,1,2,2300000,1494316,3794316,1,22243261,aggregate_candidate_needs_confirmation,,,,,https://monitor.statnipokladna.gov.cz/api/ukazatele?ic=00278157&obdobi=2512
2025,,single_school,founder:00278165,00278165,Obec Nemojov,obec,1,1,950000,0,950000,1,11366630,aggregate_candidate_needs_confirmation,,,,,https://monitor.statnipokladna.gov.cz/api/ukazatele?ic=00278165&obdobi=2512
2025,,single_school,founder:00278181,00278181,Město Pec pod Sněžkou,obec,1,1,3799000,0,3799000,1,9920856,aggregate_candidate_needs_confirmation,,,,,https://monitor.statnipokladna.gov.cz/api/ukazatele?ic=00278181&obdobi=2512
2025,,single_school,founder:00278190,00278190,Město Pilníkov,obec,1,1,3000000,0,3000000,1,24683548,aggregate_candidate_needs_confirmation,,,,,https://monitor.statnipokladna.gov.cz/api/ukazatele?ic=00278190&obdobi=2512
2025,,single_school,founder:00278203,00278203,Obec Prosečné,obec,1,2,290000,86430,376430,1,2544805,aggregate_candidate_needs_confirmation,,,,,https://monitor.statnipokladna.gov.cz/api/ukazatele?ic=00278203&obdobi=2512
2025,,single_school,founder:00278220,00278220,Obec Radvanice,obec,1,1,2800000,0,2800000,1,19465503,aggregate_candidate_needs_confirmation,,,,,https://monitor.statnipokladna.gov.cz/api/ukazatele?ic=00278220&obdobi=2512
2025,,single_school,founder:00278246,00278246,Obec Rudník,obec,1,1,2283400,0,2283400,1,28322635,aggregate_candidate_needs_confirmation,,,,,https://monitor.statnipokladna.gov.cz/api/ukazatele?ic=00278246&obdobi=2512
2025,,single_school,founder:00278335,00278335,Město Svoboda nad Úpou,obec,1,2,5626000,268754,5894754,1,32772915,aggregate_candidate_needs_confirmation,,,,,https://monitor.statnipokladna.gov.cz/api/ukazatele?ic=00278335&obdobi=2512
2025,,single_school,founder:00278343,00278343,Město Špindlerův Mlýn,obec,1,1,3150000,0,3150000,1,21948605,aggregate_candidate_needs_confirmation,,,,,https://monitor.statnipokladna.gov.cz/api/ukazatele?ic=00278343&obdobi=2512
2025,,single_school,founder:00278378,00278378,Obec Třebihošť,obec,1,1,370000,0,370000,1,2699913,aggregate_candidate_needs_confirmation,,,,,https://monitor.statnipokladna.gov.cz/api/ukazatele?ic=00278378&obdobi=2512
2025,,single_school,founder:00278394,00278394,Obec Velké Svatoňovice,obec,1,1,1682000,0,1682000,1,9006321,aggregate_candidate_needs_confirmation,,,,,https://monitor.statnipokladna.gov.cz/api/ukazatele?ic=00278394&obdobi=2512
2025,,single_school,founder:00278432,00278432,Obec Vítězná,obec,1,1,2235000,0,2235000,1,12732257,aggregate_candidate_needs_confirmation,,,,,https://monitor.statnipokladna.gov.cz/api/ukazatele?ic=00278432&obdobi=2512
2025,,single_school,founder:00278441,00278441,Obec Vlčice,obec,1,1,1100004,0,1100004,1,8862351,aggregate_candidate_needs_confirmation,,,,,https://monitor.statnipokladna.gov.cz/api/ukazatele?ic=00278441&obdobi=2512
2025,,single_school,founder:00278564,00278564,Město Brandýs nad Orlicí,obec,1,2,4378000,280000,4658000,1,29937056,aggregate_candidate_needs_confirmation,,,,,https://monitor.statnipokladna.gov.cz/api/ukazatele?ic=00278564&obdobi=2512
2025,,single_school,founder:00278599,00278599,Obec Bystřec,obec,1,1,700000,0,700000,1,14335332,aggregate_candidate_needs_confirmation,,,,,https://monitor.statnipokladna.gov.cz/api/ukazatele?ic=00278599&obdobi=2512
2025,,single_school,founder:00278602,00278602,Obec Cotkytle,obec,1,1,930000,0,930000,1,6721882,aggregate_candidate_needs_confirmation,,,,,https://monitor.statnipokladna.gov.cz/api/ukazatele?ic=00278602&obdobi=2512
2025,,single_school,founder:00278637,00278637,Obec Červená Voda,obec,1,2,6716661,1292552,8009213,1,59580393,aggregate_candidate_needs_confirmation,,,,,https://monitor.statnipokladna.gov.cz/api/ukazatele?ic=00278637&obdobi=2512
2025,,single_school,founder:00278645,00278645,Obec Česká Rybná,obec,1,1,500000,0,500000,1,3655996,aggregate_candidate_needs_confirmation,,,,,https://monitor.statnipokladna.gov.cz/api/ukazatele?ic=00278645&obdobi=2512
2025,,single_school,founder:00278670,00278670,Obec České Libchavy,obec,1,1,2302000,0,2302000,1,12106537,aggregate_candidate_needs_confirmation,,,,,https://monitor.statnipokladna.gov.cz/api/ukazatele?ic=00278670&obdobi=2512
2025,,single_school,founder:00278696,00278696,Obec Damníkov,obec,1,2,1781451,9210,1790661,1,18722228,aggregate_candidate_needs_confirmation,,,,,https://monitor.statnipokladna.gov.cz/api/ukazatele?ic=00278696&obdobi=2512
2025,,single_school,founder:00278718,00278718,Obec Dobříkov,obec,1,1,637500,0,637500,1,9210937,aggregate_candidate_needs_confirmation,,,,,https://monitor.statnipokladna.gov.cz/api/ukazatele?ic=00278718&obdobi=2512
2025,,single_school,founder:00278734,00278734,Městys Dolní Čermná,obec,1,2,4150000,0,4150000,1,23744093,aggregate_candidate_needs_confirmation,,,,,https://monitor.statnipokladna.gov.cz/api/ukazatele?ic=00278734&obdobi=2512
2025,,single_school,founder:00278831,00278831,Obec Hejnice,obec,1,1,445000,0,445000,1,3439249,aggregate_candidate_needs_confirmation,,,,,https://monitor.statnipokladna.gov.cz/api/ukazatele?ic=00278831&obdobi=2512
2025,,single_school,founder:00278904,00278904,Obec Horní Heřmanice,obec,1,1,1062000,0,1062000,1,7075253,aggregate_candidate_needs_confirmation,,,,,https://monitor.statnipokladna.gov.cz/api/ukazatele?ic=00278904&obdobi=2512
2025,,single_school,founder:00278939,00278939,Obec Horní Třešňovec,obec,1,1,768000,0,768000,1,7893058,aggregate_candidate_needs_confirmation,,,,,https://monitor.statnipokladna.gov.cz/api/ukazatele?ic=00278939&obdobi=2512
2025,,single_school,founder:00278980,00278980,Obec Jamné nad Orlicí,obec,1,1,787200,0,787200,1,9750162,aggregate_candidate_needs_confirmation,,,,,https://monitor.statnipokladna.gov.cz/api/ukazatele?ic=00278980&obdobi=2512
2025,,single_school,founder:00279005,00279005,Obec Jehnědí,obec,1,1,1100000,0,1100000,1,8417667,aggregate_candidate_needs_confirmation,,,,,https://monitor.statnipokladna.gov.cz/api/ukazatele?ic=00279005&obdobi=2512
2025,,single_school,founder:00279013,00279013,Obec Kameničná,obec,1,1,825000,0,825000,1,4086700,aggregate_candidate_needs_confirmation,,,,,https://monitor.statnipokladna.gov.cz/api/ukazatele?ic=00279013&obdobi=2512
2025,,single_school,founder:00279056,00279056,Obec Koldín,obec,1,1,600000,0,600000,1,4623567,aggregate_candidate_needs_confirmation,,,,,https://monitor.statnipokladna.gov.cz/api/ukazatele?ic=00279056&obdobi=2512
2025,,single_school,founder:00279099,00279099,Městys Kunvald,obec,1,2,3320700,0,3320700,1,14348802,aggregate_candidate_needs_confirmation,,,,,https://monitor.statnipokladna.gov.cz/api/ukazatele?ic=00279099&obdobi=2512
2025,,single_school,founder:00279161,00279161,Obec Lichkov,obec,1,1,950000,0,950000,1,6406358,aggregate_candidate_needs_confirmation,,,,,https://monitor.statnipokladna.gov.cz/api/ukazatele?ic=00279161&obdobi=2512
2025,,single_school,founder:00279170,00279170,Obec Líšnice,obec,1,1,2150000,0,2150000,1,11101048,aggregate_candidate_needs_confirmation,,,,,https://monitor.statnipokladna.gov.cz/api/ukazatele?ic=00279170&obdobi=2512
2025,,single_school,founder:00279200,00279200,Obec Lukavice,obec,1,2,1312000,500000,1812000,1,13669218,aggregate_candidate_needs_confirmation,,,,,https://monitor.statnipokladna.gov.cz/api/ukazatele?ic=00279200&obdobi=2512
2025,,single_school,founder:00279218,00279218,Obec Luková,obec,1,1,750000,0,750000,1,6876262,aggregate_candidate_needs_confirmation,,,,,https://monitor.statnipokladna.gov.cz/api/ukazatele?ic=00279218&obdobi=2512
2025,,single_school,founder:00279226,00279226,Obec Mistrovice,obec,1,1,1067000,0,1067000,1,10370959,aggregate_candidate_needs_confirmation,,,,,https://monitor.statnipokladna.gov.cz/api/ukazatele?ic=00279226&obdobi=2512
2025,,single_school,founder:00279234,00279234,Obec Mladkov,obec,1,1,750000,0,750000,1,7037359,aggregate_candidate_needs_confirmation,,,,,https://monitor.statnipokladna.gov.cz/api/ukazatele?ic=00279234&obdobi=2512
2025,,single_school,founder:00279269,00279269,Obec Nekoř,obec,1,2,1794979,33711,1828690,1,13561796,aggregate_candidate_needs_confirmation,,,,,https://monitor.statnipokladna.gov.cz/api/ukazatele?ic=00279269&obdobi=2512
2025,,single_school,founder:00279277,00279277,Obec Němčice,obec,1,2,1500000,1817007,3317007,1,13329237,aggregate_candidate_needs_confirmation,,,,,https://monitor.statnipokladna.gov.cz/api/ukazatele?ic=00279277&obdobi=2512
2025,,single_school,founder:00279293,00279293,Obec Orlické Podhůří,obec,1,1,607600,0,607600,1,7423308,aggregate_candidate_needs_confirmation,,,,,https://monitor.statnipokladna.gov.cz/api/ukazatele?ic=00279293&obdobi=2512
2025,,single_school,founder:00279307,00279307,Obec Orličky,obec,1,1,880000,0,880000,1,4320526,aggregate_candidate_needs_confirmation,,,,,https://monitor.statnipokladna.gov.cz/api/ukazatele?ic=00279307&obdobi=2512
2025,,single_school,founder:00279315,00279315,Obec Ostrov,obec,1,1,1033700,0,1033700,1,8680328,aggregate_candidate_needs_confirmation,,,,,https://monitor.statnipokladna.gov.cz/api/ukazatele?ic=00279315&obdobi=2512
2025,,single_school,founder:00279340,00279340,Obec Petrovice,obec,1,1,345000,0,345000,1,2698624,aggregate_candidate_needs_confirmation,,,,,https://monitor.statnipokladna.gov.cz/api/ukazatele?ic=00279340&obdobi=2512
2025,,single_school,founder:00279358,00279358,Obec Písečná,obec,1,1,1003000,0,1003000,1,11161589,aggregate_candidate_needs_confirmation,,,,,https://monitor.statnipokladna.gov.cz/api/ukazatele?ic=00279358&obdobi=2512
2025,,single_school,founder:00279421,00279421,Obec Rudoltice,obec,1,1,2100000,0,2100000,1,15956965,aggregate_candidate_needs_confirmation,,,,,https://monitor.statnipokladna.gov.cz/api/ukazatele?ic=00279421&obdobi=2512
2025,,single_school,founder:00279447,00279447,Obec Řetová,obec,1,1,1250000,0,1250000,1,11673732,aggregate_candidate_needs_confirmation,,,,,https://monitor.statnipokladna.gov.cz/api/ukazatele?ic=00279447&obdobi=2512
2025,,single_school,founder:00279498,00279498,Obec Skořenice,obec,1,1,2500000,0,2500000,1,13228692,aggregate_candidate_needs_confirmation,,,,,https://monitor.statnipokladna.gov.cz/api/ukazatele?ic=00279498&obdobi=2512
2025,,single_school,founder:00279536,00279536,Obec Sopotnice,obec,1,2,2021600,77970,2099570,1,19340669,aggregate_candidate_needs_confirmation,,,,,https://monitor.statnipokladna.gov.cz/api/ukazatele?ic=00279536&obdobi=2512
2025,,single_school,founder:00279544,00279544,Obec Sruby,obec,1,1,1347000,0,1347000,1,11609949,aggregate_candidate_needs_confirmation,,,,,https://monitor.statnipokladna.gov.cz/api/ukazatele?ic=00279544&obdobi=2512
2025,,single_school,founder:00279587,00279587,Obec Sudslava,obec,1,1,672431,0,672431,1,2809253,aggregate_candidate_needs_confirmation,,,,,https://monitor.statnipokladna.gov.cz/api/ukazatele?ic=00279587&obdobi=2512
2025,,single_school,founder:00279625,00279625,Obec Tatenice,obec,1,1,2443746,0,2443746,1,23024686,aggregate_candidate_needs_confirmation,,,,,https://monitor.statnipokladna.gov.cz/api/ukazatele?ic=00279625&obdobi=2512
2025,,single_school,founder:00279633,00279633,Obec Těchonín,obec,1,1,1222000,0,1222000,1,7509630,aggregate_candidate_needs_confirmation,,,,,https://monitor.statnipokladna.gov.cz/api/ukazatele?ic=00279633&obdobi=2512
2025,,single_school,founder:00279641,00279641,Obec Tisová,obec,1,1,1110000,0,1110000,1,7423146,aggregate_candidate_needs_confirmation,,,,,https://monitor.statnipokladna.gov.cz/api/ukazatele?ic=00279641&obdobi=2512
2025,,single_school,founder:00279650,00279650,Obec Třebovice,obec,1,1,1500000,0,1500000,1,10224194,aggregate_candidate_needs_confirmation,,,,,https://monitor.statnipokladna.gov.cz/api/ukazatele?ic=00279650&obdobi=2512
2025,,single_school,founder:00279692,00279692,Obec Velká Skrovnice,obec,1,1,950000,0,950000,1,2969413,aggregate_candidate_needs_confirmation,,,,,https://monitor.statnipokladna.gov.cz/api/ukazatele?ic=00279692&obdobi=2512
2025,,single_school,founder:00279706,00279706,Obec Verměřovice,obec,1,1,1406255,0,1406255,1,9598131,aggregate_candidate_needs_confirmation,,,,,https://monitor.statnipokladna.gov.cz/api/ukazatele?ic=00279706&obdobi=2512
2025,,single_school,founder:00279749,00279749,Obec Vraclav,obec,1,1,1913000,0,1913000,1,13588628,aggregate_candidate_needs_confirmation,,,,,https://monitor.statnipokladna.gov.cz/api/ukazatele?ic=00279749&obdobi=2512
2025,,single_school,founder:00279803,00279803,Obec Zálší,obec,1,1,620000,0,620000,1,7239163,aggregate_candidate_needs_confirmation,,,,,https://monitor.statnipokladna.gov.cz/api/ukazatele?ic=00279803&obdobi=2512
2025,,single_school,founder:00279862,00279862,Obec Žichlínek,obec,1,1,2300000,0,2300000,1,11810397,aggregate_candidate_needs_confirmation,,,,,https://monitor.statnipokladna.gov.cz/api/ukazatele?ic=00279862&obdobi=2512
2025,,single_school,founder:00279889,00279889,Město Adamov,obec,1,2,12107200,1495000,13602200,1,68475254,aggregate_candidate_needs_confirmation,,,,,https://monitor.statnipokladna.gov.cz/api/ukazatele?ic=00279889&obdobi=2512
2025,,single_school,founder:00279927,00279927,Obec Benešov,obec,1,1,2715196,0,2715196,1,25348622,aggregate_candidate_needs_confirmation,,,,,https://monitor.statnipokladna.gov.cz/api/ukazatele?ic=00279927&obdobi=2512
2025,,single_school,founder:00279951,00279951,Obec Borotín,obec,1,1,525000,0,525000,1,2852957,aggregate_candidate_needs_confirmation,,,,,https://monitor.statnipokladna.gov.cz/api/ukazatele?ic=00279951&obdobi=2512
2025,,single_school,founder:00279960,00279960,Obec Bořitov,obec,1,1,2127400,0,2127400,1,15002957,aggregate_candidate_needs_confirmation,,,,,https://monitor.statnipokladna.gov.cz/api/ukazatele?ic=00279960&obdobi=2512
2025,,single_school,founder:00279986,00279986,Obec Brťov-Jeneč,obec,1,1,380000,0,380000,1,2840536,aggregate_candidate_needs_confirmation,,,,,https://monitor.statnipokladna.gov.cz/api/ukazatele?ic=00279986&obdobi=2512
2025,,single_school,founder:00280020,00280020,Obec Březina,obec,1,1,2100000,0,2100000,1,16587541,aggregate_candidate_needs_confirmation,,,,,https://monitor.statnipokladna.gov.cz/api/ukazatele?ic=00280020&obdobi=2512
2025,,single_school,founder:00280151,00280151,Obec Drnovice,obec,1,1,2302971,0,2302971,1,22949605,aggregate_candidate_needs_confirmation,,,,,https://monitor.statnipokladna.gov.cz/api/ukazatele?ic=00280151&obdobi=2512
2025,,single_school,founder:00280330,00280330,Městys Knínice,obec,1,1,4191752,0,4191752,1,31981621,aggregate_candidate_needs_confirmation,,,,,https://monitor.statnipokladna.gov.cz/api/ukazatele?ic=00280330&obdobi=2512
2025,,single_school,founder:00280402,00280402,Obec Křetín,obec,1,2,1080000,180487,1260487,1,11700320,aggregate_candidate_needs_confirmation,,,,,https://monitor.statnipokladna.gov.cz/api/ukazatele?ic=00280402&obdobi=2512
2025,,single_school,founder:00280429,00280429,Městys Křtiny,obec,1,1,4750300,0,4750300,1,37724942,aggregate_candidate_needs_confirmation,,,,,https://monitor.statnipokladna.gov.cz/api/ukazatele?ic=00280429&obdobi=2512
2025,,single_school,founder:00280470,00280470,Město Kunštát,obec,1,1,6760000,0,6760000,1,48747486,aggregate_candidate_needs_confirmation,,,,,https://monitor.statnipokladna.gov.cz/api/ukazatele?ic=00280470&obdobi=2512
2025,,single_school,founder:00280551,00280551,Obec Lipovec,obec,1,1,2654600,0,2654600,1,24327821,aggregate_candidate_needs_confirmation,,,,,https://monitor.statnipokladna.gov.cz/api/ukazatele?ic=00280551&obdobi=2512
2025,,single_school,founder:00280577,00280577,Městys Lomnice,obec,1,1,4600924,0,4600924,1,44749726,aggregate_candidate_needs_confirmation,,,,,https://monitor.statnipokladna.gov.cz/api/ukazatele?ic=00280577&obdobi=2512
2025,,single_school,founder:00280712,00280712,Obec Obora,obec,1,1,472996,0,472996,1,3264892,aggregate_candidate_needs_confirmation,,,,,https://monitor.statnipokladna.gov.cz/api/ukazatele?ic=00280712&obdobi=2512
2025,,single_school,founder:00280755,00280755,Město Olešnice,obec,1,1,5100000,0,5100000,1,40034518,aggregate_candidate_needs_confirmation,,,,,https://monitor.statnipokladna.gov.cz/api/ukazatele?ic=00280755&obdobi=2512
2025,,single_school,founder:00280763,00280763,Obec Olomučany,obec,1,1,590000,0,590000,1,10567149,aggregate_candidate_needs_confirmation,,,,,https://monitor.statnipokladna.gov.cz/api/ukazatele?ic=00280763&obdobi=2512
2025,,single_school,founder:00280780,00280780,Městys Ostrov u Macochy,obec,1,1,3000000,0,3000000,1,30928810,aggregate_candidate_needs_confirmation,,,,,https://monitor.statnipokladna.gov.cz/api/ukazatele?ic=00280780&obdobi=2512
2025,,single_school,founder:00280836,00280836,Město Rájec - Jestřebí,obec,1,2,9341540,11000000,20341540,1,65551459,aggregate_candidate_needs_confirmation,,,,,https://monitor.statnipokladna.gov.cz/api/ukazatele?ic=00280836&obdobi=2512
2025,,single_school,founder:00280844,00280844,Obec Ráječko,obec,1,2,2150000,150000,2300000,1,16147452,aggregate_candidate_needs_confirmation,,,,,https://monitor.statnipokladna.gov.cz/api/ukazatele?ic=00280844&obdobi=2512
2025,,single_school,founder:00280895,00280895,Obec Rudice,obec,1,1,445400,0,445400,1,12044311,aggregate_candidate_needs_confirmation,,,,,https://monitor.statnipokladna.gov.cz/api/ukazatele?ic=00280895&obdobi=2512
2025,,single_school,founder:00280917,00280917,Obec Sebranice,obec,1,1,750000,0,750000,1,7047976,aggregate_candidate_needs_confirmation,,,,,https://monitor.statnipokladna.gov.cz/api/ukazatele?ic=00280917&obdobi=2512
2025,,single_school,founder:00280933,00280933,Obec Skalice nad Svitavou,obec,1,1,1200000,0,1200000,1,7386193,aggregate_candidate_needs_confirmation,,,,,https://monitor.statnipokladna.gov.cz/api/ukazatele?ic=00280933&obdobi=2512
2025,,single_school,founder:00280950,00280950,Městys Sloup,obec,1,1,4300000,0,4300000,1,41890261,aggregate_candidate_needs_confirmation,,,,,https://monitor.statnipokladna.gov.cz/api/ukazatele?ic=00280950&obdobi=2512
2025,,single_school,founder:00281000,00281000,Obec Suchý,obec,1,1,300000,0,300000,1,3009135,aggregate_candidate_needs_confirmation,,,,,https://monitor.statnipokladna.gov.cz/api/ukazatele?ic=00281000&obdobi=2512
2025,,single_school,founder:00281018,00281018,Obec Sulíkov,obec,1,1,480000,0,480000,1,3451185,aggregate_candidate_needs_confirmation,,,,,https://monitor.statnipokladna.gov.cz/api/ukazatele?ic=00281018&obdobi=2512
2025,,single_school,founder:00281077,00281077,Obec Šebrov-Kateřina,obec,1,1,930000,0,930000,1,10085576,aggregate_candidate_needs_confirmation,,,,,https://monitor.statnipokladna.gov.cz/api/ukazatele?ic=00281077&obdobi=2512
2025,,single_school,founder:00281174,00281174,Obec Úsobrno,obec,1,1,874500,0,874500,1,5640048,aggregate_candidate_needs_confirmation,,,,,https://monitor.statnipokladna.gov.cz/api/ukazatele?ic=00281174&obdobi=2512
2025,,single_school,founder:00281191,00281191,Obec Vanovice,obec,1,1,400000,0,400000,1,6475867,aggregate_candidate_needs_confirmation,,,,,https://monitor.statnipokladna.gov.cz/api/ukazatele?ic=00281191&obdobi=2512
2025,,single_school,founder:00281204,00281204,Obec Vavřinec,obec,1,1,348900,0,348900,1,2380055,aggregate_candidate_needs_confirmation,,,,,https://monitor.statnipokladna.gov.cz/api/ukazatele?ic=00281204&obdobi=2512
2025,,single_school,founder:00281263,00281263,Obec Vísky,obec,1,1,550000,0,550000,1,8857551,aggregate_candidate_needs_confirmation,,,,,https://monitor.statnipokladna.gov.cz/api/ukazatele?ic=00281263&obdobi=2512
2025,,single_school,founder:00281271,00281271,Obec Voděrady,obec,1,1,797000,0,797000,1,3700512,aggregate_candidate_needs_confirmation,,,,,https://monitor.statnipokladna.gov.cz/api/ukazatele?ic=00281271&obdobi=2512
2025,,single_school,founder:00281344,00281344,Obec Žďár,obec,1,1,400000,0,400000,1,2787156,aggregate_candidate_needs_confirmation,,,,,https://monitor.statnipokladna.gov.cz/api/ukazatele?ic=00281344&obdobi=2512
2025,,single_school,founder:00281352,00281352,Obec Žďárná,obec,1,1,2200000,0,2200000,1,19212691,aggregate_candidate_needs_confirmation,,,,,https://monitor.statnipokladna.gov.cz/api/ukazatele?ic=00281352&obdobi=2512
2025,,single_school,founder:00281557,00281557,Obec Babice nad Svitavou,obec,1,2,1716300,0,1716300,1,20969694,aggregate_candidate_needs_confirmation,,,,,https://monitor.statnipokladna.gov.cz/api/ukazatele?ic=00281557&obdobi=2512
2025,,single_school,founder:00281603,00281603,Obec Blažovice,obec,1,1,2376000,0,2376000,1,21986139,aggregate_candidate_needs_confirmation,,,,,https://monitor.statnipokladna.gov.cz/api/ukazatele?ic=00281603&obdobi=2512
2025,,single_school,founder:00281671,00281671,Obec Česká,obec,1,1,800000,0,800000,1,2907532,aggregate_candidate_needs_confirmation,,,,,https://monitor.statnipokladna.gov.cz/api/ukazatele?ic=00281671&obdobi=2512
2025,,single_school,founder:00281697,00281697,Městys Deblín,obec,1,2,5131800,215380,5347180,1,43926937,aggregate_candidate_needs_confirmation,,,,,https://monitor.statnipokladna.gov.cz/api/ukazatele?ic=00281697&obdobi=2512
2025,,single_school,founder:00281719,00281719,Obec Domašov,obec,1,1,1469000,0,1469000,1,16468688,aggregate_candidate_needs_confirmation,,,,,https://monitor.statnipokladna.gov.cz/api/ukazatele?ic=00281719&obdobi=2512
2025,,single_school,founder:00281727,00281727,Městys Drásov,obec,1,1,8000000,0,8000000,1,67194143,aggregate_candidate_needs_confirmation,,,,,https://monitor.statnipokladna.gov.cz/api/ukazatele?ic=00281727&obdobi=2512
2025,,single_school,founder:00281883,00281883,Obec Jinačovice,obec,1,1,688056,0,688056,1,4605130,aggregate_candidate_needs_confirmation,,,,,https://monitor.statnipokladna.gov.cz/api/ukazatele?ic=00281883&obdobi=2512
2025,,single_school,founder:00281972,00281972,Obec Lažánky,obec,1,2,1038874,97036,1135910,1,11769686,aggregate_candidate_needs_confirmation,,,,,https://monitor.statnipokladna.gov.cz/api/ukazatele?ic=00281972&obdobi=2512
2025,,single_school,founder:00281999,00281999,Obec Lelekovice,obec,1,1,2550000,0,2550000,1,26847642,aggregate_candidate_needs_confirmation,,,,,https://monitor.statnipokladna.gov.cz/api/ukazatele?ic=00281999&obdobi=2512
2025,,single_school,founder:00282031,00282031,Obec Lukovany,obec,1,1,700000,0,700000,1,4455981,aggregate_candidate_needs_confirmation,,,,,https://monitor.statnipokladna.gov.cz/api/ukazatele?ic=00282031&obdobi=2512
2025,,single_school,founder:00282057,00282057,Obec Malhostovice,obec,1,1,780403,0,780403,1,5135353,aggregate_candidate_needs_confirmation,,,,,https://monitor.statnipokladna.gov.cz/api/ukazatele?ic=00282057&obdobi=2512
2025,,single_school,founder:00282081,00282081,Obec Mělčany,obec,1,1,450000,0,450000,1,2782448,aggregate_candidate_needs_confirmation,,,,,https://monitor.statnipokladna.gov.cz/api/ukazatele?ic=00282081&obdobi=2512
2025,,single_school,founder:00282154,00282154,Obec Moutnice,obec,1,1,1781600,0,1781600,1,15629840,aggregate_candidate_needs_confirmation,,,,,https://monitor.statnipokladna.gov.cz/api/ukazatele?ic=00282154&obdobi=2512
2025,,single_school,founder:00282197,00282197,Obec Neslovice,obec,1,1,2500000,0,2500000,1,38310190,aggregate_candidate_needs_confirmation,,,,,https://monitor.statnipokladna.gov.cz/api/ukazatele?ic=00282197&obdobi=2512
2025,,single_school,founder:00282243,00282243,Obec Ochoz u Brna,obec,1,1,3000000,0,3000000,1,19536379,aggregate_candidate_needs_confirmation,,,,,https://monitor.statnipokladna.gov.cz/api/ukazatele?ic=00282243&obdobi=2512
2025,,single_school,founder:00282278,00282278,Obec Ořechov,obec,1,2,4000000,1699320,5699320,1,54844683,aggregate_candidate_needs_confirmation,,,,,https://monitor.statnipokladna.gov.cz/api/ukazatele?ic=00282278&obdobi=2512
2025,,single_school,founder:00282294,00282294,Obec Ostopovice,obec,1,1,3850000,0,3850000,1,22812657,aggregate_candidate_needs_confirmation,,,,,https://monitor.statnipokladna.gov.cz/api/ukazatele?ic=00282294&obdobi=2512
2025,,single_school,founder:00282332,00282332,Obec Podolí,obec,1,1,2990000,0,2990000,1,20099388,aggregate_candidate_needs_confirmation,,,,,https://monitor.statnipokladna.gov.cz/api/ukazatele?ic=00282332&obdobi=2512
2025,,single_school,founder:00282375,00282375,Městys Pozořice,obec,1,1,6500000,0,6500000,1,74151464,aggregate_candidate_needs_confirmation,,,,,https://monitor.statnipokladna.gov.cz/api/ukazatele?ic=00282375&obdobi=2512
2025,,single_school,founder:00282405,00282405,Obec Prštice,obec,1,1,1376000,0,1376000,1,9249697,aggregate_candidate_needs_confirmation,,,,,https://monitor.statnipokladna.gov.cz/api/ukazatele?ic=00282405&obdobi=2512
2025,,single_school,founder:00282413,00282413,Obec Příbram na Moravě,obec,1,1,1339000,0,1339000,1,7068792,aggregate_candidate_needs_confirmation,,,,,https://monitor.statnipokladna.gov.cz/api/ukazatele?ic=00282413&obdobi=2512
2025,,single_school,founder:00282499,00282499,Obec Rozdrojovice,obec,1,1,2550000,0,2550000,1,14933510,aggregate_candidate_needs_confirmation,,,,,https://monitor.statnipokladna.gov.cz/api/ukazatele?ic=00282499&obdobi=2512
2025,,single_school,founder:00282545,00282545,Obec Sentice,obec,1,1,523890,0,523890,1,6750541,aggregate_candidate_needs_confirmation,,,,,https://monitor.statnipokladna.gov.cz/api/ukazatele?ic=00282545&obdobi=2512
2025,,single_school,founder:00282626,00282626,Obec Svatoslav,obec,1,1,274000,0,274000,1,2593833,aggregate_candidate_needs_confirmation,,,,,https://monitor.statnipokladna.gov.cz/api/ukazatele?ic=00282626&obdobi=2512
2025,,single_school,founder:00282634,00282634,Obec Syrovice,obec,1,1,2318800,0,2318800,1,25774598,aggregate_candidate_needs_confirmation,,,,,https://monitor.statnipokladna.gov.cz/api/ukazatele?ic=00282634&obdobi=2512
2025,,single_school,founder:00282677,00282677,Obec Telnice,obec,1,1,1736000,0,1736000,1,17985745,aggregate_candidate_needs_confirmation,,,,,https://monitor.statnipokladna.gov.cz/api/ukazatele?ic=00282677&obdobi=2512
2025,,single_school,founder:00282693,00282693,Obec Těšany,obec,1,2,4335000,837538,5172538,1,37232707,aggregate_candidate_needs_confirmation,,,,,https://monitor.statnipokladna.gov.cz/api/ukazatele?ic=00282693&obdobi=2512
2025,,single_school,founder:00282723,00282723,Obec Troubsko,obec,1,1,3500000,0,3500000,1,21106887,aggregate_candidate_needs_confirmation,,,,,https://monitor.statnipokladna.gov.cz/api/ukazatele?ic=00282723&obdobi=2512
2025,,single_school,founder:00282855,00282855,Obec Vranov,obec,1,1,1750000,0,1750000,1,18133562,aggregate_candidate_needs_confirmation,,,,,https://monitor.statnipokladna.gov.cz/api/ukazatele?ic=00282855&obdobi=2512
2025,,single_school,founder:00282871,00282871,Obec Vysoké Popovice,obec,1,1,1000000,0,1000000,1,7175198,aggregate_candidate_needs_confirmation,,,,,https://monitor.statnipokladna.gov.cz/api/ukazatele?ic=00282871&obdobi=2512
2025,,single_school,founder:00282880,00282880,Obec Zakřany,obec,1,1,1600000,0,1600000,1,12488420,aggregate_candidate_needs_confirmation,,,,,https://monitor.statnipokladna.gov.cz/api/ukazatele?ic=00282880&obdobi=2512
2025,,single_school,founder:00282936,00282936,Obec Žabčice,obec,1,2,7109988,957392,8067380,1,23522136,aggregate_candidate_needs_confirmation,,,,,https://monitor.statnipokladna.gov.cz/api/ukazatele?ic=00282936&obdobi=2512
2025,,single_school,founder:00282944,00282944,Obec Žatčany,obec,1,1,3330504,0,3330504,1,15807074,aggregate_candidate_needs_confirmation,,,,,https://monitor.statnipokladna.gov.cz/api/ukazatele?ic=00282944&obdobi=2512
2025,,single_school,founder:00282952,00282952,Obec Želešice,obec,1,1,3460000,0,3460000,1,33389724,aggregate_candidate_needs_confirmation,,,,,https://monitor.statnipokladna.gov.cz/api/ukazatele?ic=00282952&obdobi=2512
2025,,single_school,founder:00283011,00283011,Městys Boleradice,obec,1,1,1932000,0,1932000,1,12870889,aggregate_candidate_needs_confirmation,,,,,https://monitor.statnipokladna.gov.cz/api/ukazatele?ic=00283011&obdobi=2512
2025,,single_school,founder:00283029,00283029,Obec Borkovany,obec,1,1,2073828,0,2073828,1,10763076,aggregate_candidate_needs_confirmation,,,,,https://monitor.statnipokladna.gov.cz/api/ukazatele?ic=00283029&obdobi=2512
2025,,single_school,founder:00283037,00283037,Obec Bořetice,obec,1,1,3180000,0,3180000,1,17179907,aggregate_candidate_needs_confirmation,,,,,https://monitor.statnipokladna.gov.cz/api/ukazatele?ic=00283037&obdobi=2512
2025,,single_school,founder:00283045,00283045,Obec Brod nad Dyjí,obec,1,1,598000,0,598000,1,3664890,aggregate_candidate_needs_confirmation,,,,,https://monitor.statnipokladna.gov.cz/api/ukazatele?ic=00283045&obdobi=2512
2025,,single_school,founder:00283088,00283088,Obec Bulhary,obec,1,1,591000,0,591000,1,3608346,aggregate_candidate_needs_confirmation,,,,,https://monitor.statnipokladna.gov.cz/api/ukazatele?ic=00283088&obdobi=2512
2025,,single_school,founder:00283118,00283118,Obec Dobré Pole,obec,1,1,405000,0,405000,1,2245423,aggregate_candidate_needs_confirmation,,,,,https://monitor.statnipokladna.gov.cz/api/ukazatele?ic=00283118&obdobi=2512
2025,,single_school,founder:00283126,00283126,Obec Dolní Dunajovice,obec,1,1,5760000,0,5760000,1,31664514,aggregate_candidate_needs_confirmation,,,,,https://monitor.statnipokladna.gov.cz/api/ukazatele?ic=00283126&obdobi=2512
2025,,single_school,founder:00283134,00283134,Obec Dolní Věstonice,obec,1,1,3068000,0,3068000,1,18345263,aggregate_candidate_needs_confirmation,,,,,https://monitor.statnipokladna.gov.cz/api/ukazatele?ic=00283134&obdobi=2512
2025,,single_school,founder:00283142,00283142,Městys Drnholec,obec,1,4,6527100,2000000,8527100,1,41626011,aggregate_candidate_needs_confirmation,,,,,https://monitor.statnipokladna.gov.cz/api/ukazatele?ic=00283142&obdobi=2512
2025,,single_school,founder:00283151,00283151,Obec Hlohovec,obec,1,1,2100000,0,2100000,1,12624759,aggregate_candidate_needs_confirmation,,,,,https://monitor.statnipokladna.gov.cz/api/ukazatele?ic=00283151&obdobi=2512
2025,,single_school,founder:00283169,00283169,Obec Horní Bojanovice,obec,1,2,380000,140000,520000,1,2907951,aggregate_candidate_needs_confirmation,,,,,https://monitor.statnipokladna.gov.cz/api/ukazatele?ic=00283169&obdobi=2512
2025,,single_school,founder:00283274,00283274,Obec Kostice,obec,1,1,1940000,0,1940000,1,7634257,aggregate_candidate_needs_confirmation,,,,,https://monitor.statnipokladna.gov.cz/api/ukazatele?ic=00283274&obdobi=2512
2025,,single_school,founder:00283282,00283282,Obec Krumvíř,obec,1,1,1770000,0,1770000,1,14104457,aggregate_candidate_needs_confirmation,,,,,https://monitor.statnipokladna.gov.cz/api/ukazatele?ic=00283282&obdobi=2512
2025,,single_school,founder:00283401,00283401,Obec Němčičky,obec,1,1,1200000,0,1200000,1,8016998,aggregate_candidate_needs_confirmation,,,,,https://monitor.statnipokladna.gov.cz/api/ukazatele?ic=00283401&obdobi=2512
2025,,single_school,founder:00283410,00283410,Obec Nikolčice,obec,1,1,4069000,0,4069000,1,27876643,aggregate_candidate_needs_confirmation,,,,,https://monitor.statnipokladna.gov.cz/api/ukazatele?ic=00283410&obdobi=2512
2025,,single_school,founder:00283428,00283428,Městys Nosislav,obec,1,3,2801000,0,2801000,1,17326614,aggregate_candidate_needs_confirmation,,,,,https://monitor.statnipokladna.gov.cz/api/ukazatele?ic=00283428&obdobi=2512
2025,,single_school,founder:00283479,00283479,Obec Pavlov,obec,1,1,650000,0,650000,1,5398446,aggregate_candidate_needs_confirmation,,,,,https://monitor.statnipokladna.gov.cz/api/ukazatele?ic=00283479&obdobi=2512
2025,,single_school,founder:00283487,00283487,Obec Perná,obec,1,1,1100000,0,1100000,1,3912616,aggregate_candidate_needs_confirmation,,,,,https://monitor.statnipokladna.gov.cz/api/ukazatele?ic=00283487&obdobi=2512
2025,,single_school,founder:00283517,00283517,Obec Popice,obec,1,1,1300000,0,1300000,1,10319045,aggregate_candidate_needs_confirmation,,,,,https://monitor.statnipokladna.gov.cz/api/ukazatele?ic=00283517&obdobi=2512
2025,,single_school,founder:00283550,00283550,Obec Přítluky,obec,1,1,600000,0,600000,1,2760041,aggregate_candidate_needs_confirmation,,,,,https://monitor.statnipokladna.gov.cz/api/ukazatele?ic=00283550&obdobi=2512
2025,,single_school,founder:00283568,00283568,Obec Rakvice,obec,1,1,5775000,0,5775000,1,37187111,aggregate_candidate_needs_confirmation,,,,,https://monitor.statnipokladna.gov.cz/api/ukazatele?ic=00283568&obdobi=2512
2025,,single_school,founder:00283576,00283576,Obec Sedlec,obec,1,1,1390719,0,1390719,1,8386249,aggregate_candidate_needs_confirmation,,,,,https://monitor.statnipokladna.gov.cz/api/ukazatele?ic=00283576&obdobi=2512
2025,,single_school,founder:00283584,00283584,Obec Starovice,obec,1,2,880000,0,880000,1,5614837,aggregate_candidate_needs_confirmation,,,,,https://monitor.statnipokladna.gov.cz/api/ukazatele?ic=00283584&obdobi=2512
2025,,single_school,founder:00283592,00283592,Obec Starovičky,obec,1,1,1200000,0,1200000,1,10334816,aggregate_candidate_needs_confirmation,,,,,https://monitor.statnipokladna.gov.cz/api/ukazatele?ic=00283592&obdobi=2512
2025,,single_school,founder:00283606,00283606,Obec Strachotín,obec,1,1,495000,0,495000,1,2908141,aggregate_candidate_needs_confirmation,,,,,https://monitor.statnipokladna.gov.cz/api/ukazatele?ic=00283606&obdobi=2512
2025,,single_school,founder:00283614,00283614,Obec Šakvice,obec,1,1,3500000,0,3500000,1,25672171,aggregate_candidate_needs_confirmation,,,,,https://monitor.statnipokladna.gov.cz/api/ukazatele?ic=00283614&obdobi=2512
2025,,single_school,founder:00283622,00283622,Obec Šitbořice,obec,1,2,5550000,500000,6050000,1,39421638,aggregate_candidate_needs_confirmation,,,,,https://monitor.statnipokladna.gov.cz/api/ukazatele?ic=00283622&obdobi=2512
2025,,single_school,founder:00283649,00283649,Obec Týnec,obec,1,1,2150000,0,2150000,1,10982224,aggregate_candidate_needs_confirmation,,,,,https://monitor.statnipokladna.gov.cz/api/ukazatele?ic=00283649&obdobi=2512
2025,,single_school,founder:00283657,00283657,Obec Uherčice,obec,1,1,1500000,0,1500000,1,16501332,aggregate_candidate_needs_confirmation,,,,,https://monitor.statnipokladna.gov.cz/api/ukazatele?ic=00283657&obdobi=2512
2025,,single_school,founder:00283681,00283681,Obec Velké Hostěrádky,obec,1,1,600000,0,600000,1,3189300,aggregate_candidate_needs_confirmation,,,,,https://monitor.statnipokladna.gov.cz/api/ukazatele?ic=00283681&obdobi=2512
2025,,single_school,founder:00283711,00283711,Obec Vlasatice,obec,1,1,2500000,0,2500000,1,20384695,aggregate_candidate_needs_confirmation,,,,,https://monitor.statnipokladna.gov.cz/api/ukazatele?ic=00283711&obdobi=2512
2025,,single_school,founder:00283720,00283720,Obec Vranovice,obec,1,2,4912790,3900944,8813734,1,44424697,aggregate_candidate_needs_confirmation,,,,,https://monitor.statnipokladna.gov.cz/api/ukazatele?ic=00283720&obdobi=2512
2025,,single_school,founder:00283771,00283771,Obec Biskupice,obec,1,1,1100000,0,1100000,1,8434019,aggregate_candidate_needs_confirmation,,,,,https://monitor.statnipokladna.gov.cz/api/ukazatele?ic=00283771&obdobi=2512
2025,,single_school,founder:00283789,00283789,Obec Bohuslavice u Zlína,obec,1,1,1350000,0,1350000,1,8014112,aggregate_candidate_needs_confirmation,,,,,https://monitor.statnipokladna.gov.cz/api/ukazatele?ic=00283789&obdobi=2512
2025,,single_school,founder:00283801,00283801,Obec Bratřejov,obec,1,1,800000,0,800000,1,6628831,aggregate_candidate_needs_confirmation,,,,,https://monitor.statnipokladna.gov.cz/api/ukazatele?ic=00283801&obdobi=2512
2025,,single_school,founder:00283843,00283843,Obec Březůvky,obec,1,1,960000,0,960000,1,7003764,aggregate_candidate_needs_confirmation,,,,,https://monitor.statnipokladna.gov.cz/api/ukazatele?ic=00283843&obdobi=2512
2025,,single_school,founder:00283878,00283878,Obec Dolní Lhota,obec,1,1,540000,0,540000,1,10842892,aggregate_candidate_needs_confirmation,,,,,https://monitor.statnipokladna.gov.cz/api/ukazatele?ic=00283878&obdobi=2512
2025,,single_school,founder:00283932,00283932,Obec Halenkovice,obec,1,1,3236000,0,3236000,1,26698944,aggregate_candidate_needs_confirmation,,,,,https://monitor.statnipokladna.gov.cz/api/ukazatele?ic=00283932&obdobi=2512
2025,,single_school,founder:00283983,00283983,Obec Hřivínův Újezd,obec,1,1,894800,0,894800,1,9909473,aggregate_candidate_needs_confirmation,,,,,https://monitor.statnipokladna.gov.cz/api/ukazatele?ic=00283983&obdobi=2512
2025,,single_school,founder:00283991,00283991,Obec Hvozdná,obec,1,1,1100000,0,1100000,1,12054458,aggregate_candidate_needs_confirmation,,,,,https://monitor.statnipokladna.gov.cz/api/ukazatele?ic=00283991&obdobi=2512
2025,,single_school,founder:00284050,00284050,Obec Kašava,obec,1,1,3200000,0,3200000,1,31525172,aggregate_candidate_needs_confirmation,,,,,https://monitor.statnipokladna.gov.cz/api/ukazatele?ic=00284050&obdobi=2512
2025,,single_school,founder:00284157,00284157,Obec Ludkovice,obec,1,1,870000,0,870000,1,6516780,aggregate_candidate_needs_confirmation,,,,,https://monitor.statnipokladna.gov.cz/api/ukazatele?ic=00284157&obdobi=2512
2025,,single_school,founder:00284211,00284211,Obec Mysločovice,obec,1,1,7612902,0,7612902,1,47145150,aggregate_candidate_needs_confirmation,,,,,https://monitor.statnipokladna.gov.cz/api/ukazatele?ic=00284211&obdobi=2512
2025,,single_school,founder:00284246,00284246,Obec Nedašov,obec,1,1,3535000,0,3535000,1,33527109,aggregate_candidate_needs_confirmation,,,,,https://monitor.statnipokladna.gov.cz/api/ukazatele?ic=00284246&obdobi=2512
2025,,single_school,founder:00284378,00284378,Obec Provodov,obec,1,1,519447,0,519447,1,7274317,aggregate_candidate_needs_confirmation,,,,,https://monitor.statnipokladna.gov.cz/api/ukazatele?ic=00284378&obdobi=2512
2025,,single_school,founder:00284386,00284386,Obec Racková,obec,1,1,1000000,0,1000000,1,10913185,aggregate_candidate_needs_confirmation,,,,,https://monitor.statnipokladna.gov.cz/api/ukazatele?ic=00284386&obdobi=2512
2025,,single_school,founder:00284491,00284491,Obec Spytihněv,obec,1,1,1560000,0,1560000,1,15947849,aggregate_candidate_needs_confirmation,,,,,https://monitor.statnipokladna.gov.cz/api/ukazatele?ic=00284491&obdobi=2512
2025,,single_school,founder:00284602,00284602,Obec Újezd,obec,1,1,1920000,0,1920000,1,30257830,aggregate_candidate_needs_confirmation,,,,,https://monitor.statnipokladna.gov.cz/api/ukazatele?ic=00284602&obdobi=2512
2025,,single_school,founder:00284700,00284700,Obec Vysoké Pole,obec,1,1,200000,0,200000,1,6694113,aggregate_candidate_needs_confirmation,,,,,https://monitor.statnipokladna.gov.cz/api/ukazatele?ic=00284700&obdobi=2512
2025,,single_school,founder:00284734,00284734,Obec Žlutava,obec,1,1,2200000,0,2200000,1,13628962,aggregate_candidate_needs_confirmation,,,,,https://monitor.statnipokladna.gov.cz/api/ukazatele?ic=00284734&obdobi=2512
2025,,single_school,founder:00284751,00284751,Obec Archlebov,obec,1,1,2500000,0,2500000,1,22792377,aggregate_candidate_needs_confirmation,,,,,https://monitor.statnipokladna.gov.cz/api/ukazatele?ic=00284751&obdobi=2512
2025,,single_school,founder:00284769,00284769,Obec Blatnice pod Svatým Antonínkem,obec,1,1,6641818,0,6641818,1,33991763,aggregate_candidate_needs_confirmation,,,,,https://monitor.statnipokladna.gov.cz/api/ukazatele?ic=00284769&obdobi=2512
2025,,single_school,founder:00284793,00284793,Obec Bukovany,obec,1,1,724000,0,724000,1,6109900,aggregate_candidate_needs_confirmation,,,,,https://monitor.statnipokladna.gov.cz/api/ukazatele?ic=00284793&obdobi=2512
2025,,single_school,founder:00284807,00284807,Město Bzenec,obec,1,1,12086000,0,12086000,1,62385653,aggregate_candidate_needs_confirmation,,,,,https://monitor.statnipokladna.gov.cz/api/ukazatele?ic=00284807&obdobi=2512
2025,,single_school,founder:00284815,00284815,Obec Čejč,obec,1,1,2300000,0,2300000,1,16276440,aggregate_candidate_needs_confirmation,,,,,https://monitor.statnipokladna.gov.cz/api/ukazatele?ic=00284815&obdobi=2512
2025,,single_school,founder:00284840,00284840,Obec Dambořice,obec,1,1,8818575,0,8818575,1,34207766,aggregate_candidate_needs_confirmation,,,,,https://monitor.statnipokladna.gov.cz/api/ukazatele?ic=00284840&obdobi=2512
2025,,single_school,founder:00284858,00284858,Obec Dolní Bojanovice,obec,1,1,6215000,0,6215000,1,43691433,aggregate_candidate_needs_confirmation,,,,,https://monitor.statnipokladna.gov.cz/api/ukazatele?ic=00284858&obdobi=2512
2025,,single_school,founder:00284866,00284866,Obec Domanín,obec,1,1,1500000,0,1500000,1,15751537,aggregate_candidate_needs_confirmation,,,,,https://monitor.statnipokladna.gov.cz/api/ukazatele?ic=00284866&obdobi=2512
2025,,single_school,founder:00284904,00284904,Obec Hovorany,obec,1,1,5300000,0,5300000,1,36246068,aggregate_candidate_needs_confirmation,,,,,https://monitor.statnipokladna.gov.cz/api/ukazatele?ic=00284904&obdobi=2512
2025,,single_school,founder:00284912,00284912,Obec Hroznová Lhota,obec,1,2,3142237,117237,3259474,1,28866880,aggregate_candidate_needs_confirmation,,,,,https://monitor.statnipokladna.gov.cz/api/ukazatele?ic=00284912&obdobi=2512
2025,,single_school,founder:00284921,00284921,Obec Hrubá Vrbka,obec,1,1,455952,0,455952,1,4561110,aggregate_candidate_needs_confirmation,,,,,https://monitor.statnipokladna.gov.cz/api/ukazatele?ic=00284921&obdobi=2512
2025,,single_school,founder:00284955,00284955,Obec Ježov,obec,1,1,3666000,0,3666000,1,18365496,aggregate_candidate_needs_confirmation,,,,,https://monitor.statnipokladna.gov.cz/api/ukazatele?ic=00284955&obdobi=2512
2025,,single_school,founder:00284998,00284998,Obec Kněždub,obec,1,1,1972800,0,1972800,1,12635817,aggregate_candidate_needs_confirmation,,,,,https://monitor.statnipokladna.gov.cz/api/ukazatele?ic=00284998&obdobi=2512
2025,,single_school,founder:00285005,00285005,Obec Kostelec,obec,1,1,1920000,0,1920000,1,12367146,aggregate_candidate_needs_confirmation,,,,,https://monitor.statnipokladna.gov.cz/api/ukazatele?ic=00285005&obdobi=2512
2025,,single_school,founder:00285056,00285056,Obec Lipov,obec,1,1,4181424,0,4181424,1,25639462,aggregate_candidate_needs_confirmation,,,,,https://monitor.statnipokladna.gov.cz/api/ukazatele?ic=00285056&obdobi=2512
2025,,single_school,founder:00285064,00285064,Obec Louka,obec,1,1,1900000,0,1900000,1,9402331,aggregate_candidate_needs_confirmation,,,,,https://monitor.statnipokladna.gov.cz/api/ukazatele?ic=00285064&obdobi=2512
2025,,single_school,founder:00285072,00285072,Obec Lovčice,obec,1,1,1414000,0,1414000,1,11010966,aggregate_candidate_needs_confirmation,,,,,https://monitor.statnipokladna.gov.cz/api/ukazatele?ic=00285072&obdobi=2512
2025,,single_school,founder:00285102,00285102,Obec Mikulčice,obec,1,1,3300000,0,3300000,1,26568285,aggregate_candidate_needs_confirmation,,,,,https://monitor.statnipokladna.gov.cz/api/ukazatele?ic=00285102&obdobi=2512
2025,,single_school,founder:00285111,00285111,Obec Milotice,obec,1,2,6837000,229000,7066000,1,31930423,aggregate_candidate_needs_confirmation,,,,,https://monitor.statnipokladna.gov.cz/api/ukazatele?ic=00285111&obdobi=2512
2025,,single_school,founder:00285129,00285129,Obec Moravany,obec,1,1,1030000,0,1030000,1,8050968,aggregate_candidate_needs_confirmation,,,,,https://monitor.statnipokladna.gov.cz/api/ukazatele?ic=00285129&obdobi=2512
2025,,single_school,founder:00285137,00285137,Obec Moravský Písek,obec,1,1,4324300,0,4324300,1,31377656,aggregate_candidate_needs_confirmation,,,,,https://monitor.statnipokladna.gov.cz/api/ukazatele?ic=00285137&obdobi=2512
2025,,single_school,founder:00285145,00285145,Obec Mutěnice,obec,1,1,5874000,0,5874000,1,47889737,aggregate_candidate_needs_confirmation,,,,,https://monitor.statnipokladna.gov.cz/api/ukazatele?ic=00285145&obdobi=2512
2025,,single_school,founder:00285153,00285153,Obec Násedlovice,obec,1,1,1605980,0,1605980,1,5575638,aggregate_candidate_needs_confirmation,,,,,https://monitor.statnipokladna.gov.cz/api/ukazatele?ic=00285153&obdobi=2512
2025,,single_school,founder:00285188,00285188,Obec Nová Lhota,obec,1,1,1375000,0,1375000,1,7185419,aggregate_candidate_needs_confirmation,,,,,https://monitor.statnipokladna.gov.cz/api/ukazatele?ic=00285188&obdobi=2512
2025,,single_school,founder:00285218,00285218,Obec Petrov,obec,1,1,1700000,0,1700000,1,12748914,aggregate_candidate_needs_confirmation,,,,,https://monitor.statnipokladna.gov.cz/api/ukazatele?ic=00285218&obdobi=2512
2025,,single_school,founder:00285226,00285226,Obec Prušánky,obec,1,3,3579000,0,3579000,1,37138108,aggregate_candidate_needs_confirmation,,,,,https://monitor.statnipokladna.gov.cz/api/ukazatele?ic=00285226&obdobi=2512
2025,,single_school,founder:00285234,00285234,Obec Radějov,obec,1,1,1700000,0,1700000,1,9749231,aggregate_candidate_needs_confirmation,,,,,https://monitor.statnipokladna.gov.cz/api/ukazatele?ic=00285234&obdobi=2512
2025,,single_school,founder:00285242,00285242,Obec Ratíškovice,obec,1,1,5260000,0,5260000,1,48848112,aggregate_candidate_needs_confirmation,,,,,https://monitor.statnipokladna.gov.cz/api/ukazatele?ic=00285242&obdobi=2512
2025,,single_school,founder:00285285,00285285,Obec Sobůlky,obec,1,1,1842000,0,1842000,1,9027775,aggregate_candidate_needs_confirmation,,,,,https://monitor.statnipokladna.gov.cz/api/ukazatele?ic=00285285&obdobi=2512
2025,,single_school,founder:00285293,00285293,Obec Starý Poddvorov,obec,1,1,2375776,0,2375776,1,12812683,aggregate_candidate_needs_confirmation,,,,,https://monitor.statnipokladna.gov.cz/api/ukazatele?ic=00285293&obdobi=2512
2025,,single_school,founder:00285323,00285323,Obec Strážovice,obec,1,1,1300000,0,1300000,1,11049061,aggregate_candidate_needs_confirmation,,,,,https://monitor.statnipokladna.gov.cz/api/ukazatele?ic=00285323&obdobi=2512
2025,,single_school,founder:00285331,00285331,Obec Sudoměřice,obec,1,1,2334000,0,2334000,1,14047814,aggregate_candidate_needs_confirmation,,,,,https://monitor.statnipokladna.gov.cz/api/ukazatele?ic=00285331&obdobi=2512
2025,,single_school,founder:00285358,00285358,Obec Svatobořice-Mistřín,obec,1,1,5711000,0,5711000,1,47809403,aggregate_candidate_needs_confirmation,,,,,https://monitor.statnipokladna.gov.cz/api/ukazatele?ic=00285358&obdobi=2512
2025,,single_school,founder:00285404,00285404,Obec Těmice,obec,1,1,1060000,0,1060000,1,5042854,aggregate_candidate_needs_confirmation,,,,,https://monitor.statnipokladna.gov.cz/api/ukazatele?ic=00285404&obdobi=2512
2025,,single_school,founder:00285421,00285421,Obec Uhřice,obec,1,1,2800000,0,2800000,1,13709391,aggregate_candidate_needs_confirmation,,,,,https://monitor.statnipokladna.gov.cz/api/ukazatele?ic=00285421&obdobi=2512
2025,,single_school,founder:00285471,00285471,Obec Vlkoš,obec,1,1,1300000,0,1300000,1,12338653,aggregate_candidate_needs_confirmation,,,,,https://monitor.statnipokladna.gov.cz/api/ukazatele?ic=00285471&obdobi=2512
2025,,single_school,founder:00285501,00285501,Obec Vřesovice,obec,1,1,400000,0,400000,1,2521111,aggregate_candidate_needs_confirmation,,,,,https://monitor.statnipokladna.gov.cz/api/ukazatele?ic=00285501&obdobi=2512
2025,,single_school,founder:00285510,00285510,Obec Žádovice,obec,1,1,625000,0,625000,1,3219567,aggregate_candidate_needs_confirmation,,,,,https://monitor.statnipokladna.gov.cz/api/ukazatele?ic=00285510&obdobi=2512
2025,,single_school,founder:00285528,00285528,Obec Žarošice,obec,1,1,4600000,0,4600000,1,31593234,aggregate_candidate_needs_confirmation,,,,,https://monitor.statnipokladna.gov.cz/api/ukazatele?ic=00285528&obdobi=2512
2025,,single_school,founder:00285552,00285552,Obec Žeravice,obec,1,1,4400000,0,4400000,1,18705909,aggregate_candidate_needs_confirmation,,,,,https://monitor.statnipokladna.gov.cz/api/ukazatele?ic=00285552&obdobi=2512
2025,,single_school,founder:00285595,00285595,Městys Batelov,obec,1,1,2950000,0,2950000,1,35595277,aggregate_candidate_needs_confirmation,,,,,https://monitor.statnipokladna.gov.cz/api/ukazatele?ic=00285595&obdobi=2512
2025,,single_school,founder:00285668,00285668,Město Brtnice,obec,1,1,6000000,0,6000000,1,40572979,aggregate_candidate_needs_confirmation,,,,,https://monitor.statnipokladna.gov.cz/api/ukazatele?ic=00285668&obdobi=2512
2025,,single_school,founder:00285676,00285676,Obec Brzkov,obec,1,1,788400,0,788400,1,5951500,aggregate_candidate_needs_confirmation,,,,,https://monitor.statnipokladna.gov.cz/api/ukazatele?ic=00285676&obdobi=2512
2025,,single_school,founder:00285749,00285749,Obec Dobronín,obec,1,1,5300775,0,5300775,1,36983468,aggregate_candidate_needs_confirmation,,,,,https://monitor.statnipokladna.gov.cz/api/ukazatele?ic=00285749&obdobi=2512
2025,,single_school,founder:00285765,00285765,Městys Dolní Cerekev,obec,1,1,1556041,0,1556041,1,19201842,aggregate_candidate_needs_confirmation,,,,,https://monitor.statnipokladna.gov.cz/api/ukazatele?ic=00285765&obdobi=2512
2025,,single_school,founder:00285811,00285811,Obec Dušejov,obec,1,1,2620000,0,2620000,1,17901634,aggregate_candidate_needs_confirmation,,,,,https://monitor.statnipokladna.gov.cz/api/ukazatele?ic=00285811&obdobi=2512
2025,,single_school,founder:00285862,00285862,Obec Hodice,obec,1,1,506615,0,506615,1,7885266,aggregate_candidate_needs_confirmation,,,,,https://monitor.statnipokladna.gov.cz/api/ukazatele?ic=00285862&obdobi=2512
2025,,single_school,founder:00285889,00285889,Obec Horní Dubenky,obec,1,1,700000,0,700000,1,6857357,aggregate_candidate_needs_confirmation,,,,,https://monitor.statnipokladna.gov.cz/api/ukazatele?ic=00285889&obdobi=2512
2025,,single_school,founder:00285960,00285960,Obec Jamné,obec,1,1,1451797,0,1451797,1,6530771,aggregate_candidate_needs_confirmation,,,,,https://monitor.statnipokladna.gov.cz/api/ukazatele?ic=00285960&obdobi=2512
2025,,single_school,founder:00286061,00286061,Obec Kaliště,obec,1,1,600000,0,600000,1,2771915,aggregate_candidate_needs_confirmation,,,,,https://monitor.statnipokladna.gov.cz/api/ukazatele?ic=00286061&obdobi=2512
2025,,single_school,founder:00286079,00286079,Městys Kamenice,obec,1,1,3775000,0,3775000,1,36531721,aggregate_candidate_needs_confirmation,,,,,https://monitor.statnipokladna.gov.cz/api/ukazatele?ic=00286079&obdobi=2512
2025,,single_school,founder:00286133,00286133,Obec Kostelec,obec,1,1,1372586,0,1372586,1,9859977,aggregate_candidate_needs_confirmation,,,,,https://monitor.statnipokladna.gov.cz/api/ukazatele?ic=00286133&obdobi=2512
2025,,single_school,founder:00286168,00286168,Obec Krahulčí,obec,1,1,650000,0,650000,1,9986789,aggregate_candidate_needs_confirmation,,,,,https://monitor.statnipokladna.gov.cz/api/ukazatele?ic=00286168&obdobi=2512
2025,,single_school,founder:00286192,00286192,Městys Luka nad Jihlavou,obec,1,1,3700000,0,3700000,1,41499962,aggregate_candidate_needs_confirmation,,,,,https://monitor.statnipokladna.gov.cz/api/ukazatele?ic=00286192&obdobi=2512
2025,,single_school,founder:00286265,00286265,Městys Mrákotín,obec,1,1,500000,0,500000,1,8024391,aggregate_candidate_needs_confirmation,,,,,https://monitor.statnipokladna.gov.cz/api/ukazatele?ic=00286265&obdobi=2512
2025,,single_school,founder:00286303,00286303,Obec Nevcehle,obec,1,1,249511,0,249511,1,1973090,aggregate_candidate_needs_confirmation,,,,,https://monitor.statnipokladna.gov.cz/api/ukazatele?ic=00286303&obdobi=2512
2025,,single_school,founder:00286311,00286311,Městys Nová Říše,obec,1,1,2600000,0,2600000,1,24743486,aggregate_candidate_needs_confirmation,,,,,https://monitor.statnipokladna.gov.cz/api/ukazatele?ic=00286311&obdobi=2512
2025,,single_school,founder:00286401,00286401,Obec Pavlov,obec,1,1,898700,0,898700,1,7694346,aggregate_candidate_needs_confirmation,,,,,https://monitor.statnipokladna.gov.cz/api/ukazatele?ic=00286401&obdobi=2512
2025,,single_school,founder:00286460,00286460,Obec Puklice,obec,1,2,2747042,217369,2964411,1,25973797,aggregate_candidate_needs_confirmation,,,,,https://monitor.statnipokladna.gov.cz/api/ukazatele?ic=00286460&obdobi=2512
2025,,single_school,founder:00286605,00286605,Obec Sedlejov,obec,1,1,386500,0,386500,1,2432718,aggregate_candidate_needs_confirmation,,,,,https://monitor.statnipokladna.gov.cz/api/ukazatele?ic=00286605&obdobi=2512
2025,,single_school,founder:00286648,00286648,Městys Stará Říše,obec,1,1,1400000,0,1400000,1,7457525,aggregate_candidate_needs_confirmation,,,,,https://monitor.statnipokladna.gov.cz/api/ukazatele?ic=00286648&obdobi=2512
2025,,single_school,founder:00286656,00286656,Městys Stonařov,obec,1,1,2235004,0,2235004,1,24194090,aggregate_candidate_needs_confirmation,,,,,https://monitor.statnipokladna.gov.cz/api/ukazatele?ic=00286656&obdobi=2512
2025,,single_school,founder:00286672,00286672,Obec Střítež,obec,1,1,700000,0,700000,1,2519317,aggregate_candidate_needs_confirmation,,,,,https://monitor.statnipokladna.gov.cz/api/ukazatele?ic=00286672&obdobi=2512
2025,,missing_finm_total,founder:00286788,00286788,Obec Urbanov,obec,1,0,0,0,0,1,3726210,founder_source_required,,,,,https://monitor.statnipokladna.gov.cz/api/ukazatele?ic=00286788&obdobi=2512
2025,,single_school,founder:00286834,00286834,Obec Velký Beranov,obec,1,1,3067796,0,3067796,1,28079360,aggregate_candidate_needs_confirmation,,,,,https://monitor.statnipokladna.gov.cz/api/ukazatele?ic=00286834&obdobi=2512
2025,,single_school,founder:00286842,00286842,Obec Větrný Jeníkov,obec,1,1,3707258,0,3707258,1,24954052,aggregate_candidate_needs_confirmation,,,,,https://monitor.statnipokladna.gov.cz/api/ukazatele?ic=00286842&obdobi=2512
2025,,single_school,founder:00286893,00286893,Obec Vyskytná nad Jihlavou,obec,1,1,1600000,0,1600000,1,14914993,aggregate_candidate_needs_confirmation,,,,,https://monitor.statnipokladna.gov.cz/api/ukazatele?ic=00286893&obdobi=2512
2025,,single_school,founder:00286974,00286974,Obec Zhoř,obec,1,1,1000000,0,1000000,1,15149051,aggregate_candidate_needs_confirmation,,,,,https://monitor.statnipokladna.gov.cz/api/ukazatele?ic=00286974&obdobi=2512
2025,,single_school,founder:00287008,00287008,Obec Ždírec,obec,1,1,368000,0,368000,1,2656812,aggregate_candidate_needs_confirmation,,,,,https://monitor.statnipokladna.gov.cz/api/ukazatele?ic=00287008&obdobi=2512
2025,,single_school,founder:00287024,00287024,obec Bařice,obec,1,1,300000,0,300000,1,2488456,aggregate_candidate_needs_confirmation,,,,,https://monitor.statnipokladna.gov.cz/api/ukazatele?ic=00287024&obdobi=2512
2025,,single_school,founder:00287041,00287041,Obec Bezměrov,obec,1,1,1650000,0,1650000,1,10212097,aggregate_candidate_needs_confirmation,,,,,https://monitor.statnipokladna.gov.cz/api/ukazatele?ic=00287041&obdobi=2512
2025,,single_school,founder:00287156,00287156,obec Dřínov,obec,1,1,650000,0,650000,1,4924797,aggregate_candidate_needs_confirmation,,,,,https://monitor.statnipokladna.gov.cz/api/ukazatele?ic=00287156&obdobi=2512
2025,,single_school,founder:00287237,00287237,obec Chomýž,obec,1,1,205000,0,205000,1,2894441,aggregate_candidate_needs_confirmation,,,,,https://monitor.statnipokladna.gov.cz/api/ukazatele?ic=00287237&obdobi=2512
2025,,single_school,founder:00287253,00287253,Obec Kostelany,obec,1,1,360000,0,360000,1,4934595,aggregate_candidate_needs_confirmation,,,,,https://monitor.statnipokladna.gov.cz/api/ukazatele?ic=00287253&obdobi=2512
2025,,single_school,founder:00287393,00287393,obec Kyselovice,obec,1,1,650000,0,650000,1,3937912,aggregate_candidate_needs_confirmation,,,,,https://monitor.statnipokladna.gov.cz/api/ukazatele?ic=00287393&obdobi=2512
2025,,single_school,founder:00287407,00287407,obec Lechotice,obec,1,1,404000,0,404000,1,2615682,aggregate_candidate_needs_confirmation,,,,,https://monitor.statnipokladna.gov.cz/api/ukazatele?ic=00287407&obdobi=2512
2025,,single_school,founder:00287431,00287431,Městys Litenčice,obec,1,2,2510000,0,2510000,1,18919987,aggregate_candidate_needs_confirmation,,,,,https://monitor.statnipokladna.gov.cz/api/ukazatele?ic=00287431&obdobi=2512
2025,,single_school,founder:00287440,00287440,Obec Loukov,obec,1,1,1286000,0,1286000,1,11018137,aggregate_candidate_needs_confirmation,,,,,https://monitor.statnipokladna.gov.cz/api/ukazatele?ic=00287440&obdobi=2512
2025,,single_school,founder:00287458,00287458,obec Lubná,obec,1,1,341019,0,341019,1,2384108,aggregate_candidate_needs_confirmation,,,,,https://monitor.statnipokladna.gov.cz/api/ukazatele?ic=00287458&obdobi=2512
2025,,single_school,founder:00287474,00287474,obec Lutopecny,obec,1,2,540133,103713,643846,1,3444505,aggregate_candidate_needs_confirmation,,,,,https://monitor.statnipokladna.gov.cz/api/ukazatele?ic=00287474&obdobi=2512
2025,,single_school,founder:00287491,00287491,obec Míškovice,obec,1,1,420000,0,420000,1,2596263,aggregate_candidate_needs_confirmation,,,,,https://monitor.statnipokladna.gov.cz/api/ukazatele?ic=00287491&obdobi=2512
2025,,single_school,founder:00287555,00287555,obec Nová Dědina,obec,1,1,458685,0,458685,1,2784103,aggregate_candidate_needs_confirmation,,,,,https://monitor.statnipokladna.gov.cz/api/ukazatele?ic=00287555&obdobi=2512
2025,,single_school,founder:00287563,00287563,obec Osíčko,obec,1,1,350000,0,350000,1,2869638,aggregate_candidate_needs_confirmation,,,,,https://monitor.statnipokladna.gov.cz/api/ukazatele?ic=00287563&obdobi=2512
2025,,single_school,founder:00287580,00287580,obec Pačlavice,obec,1,1,700140,0,700140,1,5132466,aggregate_candidate_needs_confirmation,,,,,https://monitor.statnipokladna.gov.cz/api/ukazatele?ic=00287580&obdobi=2512
2025,,single_school,founder:00287601,00287601,Obec Počenice-Tetětice,obec,1,1,1339000,0,1339000,1,7803956,aggregate_candidate_needs_confirmation,,,,,https://monitor.statnipokladna.gov.cz/api/ukazatele?ic=00287601&obdobi=2512
2025,,single_school,founder:00287610,00287610,obec Podhradní Lhota,obec,1,1,751789,0,751789,1,4184247,aggregate_candidate_needs_confirmation,,,,,https://monitor.statnipokladna.gov.cz/api/ukazatele?ic=00287610&obdobi=2512
2025,,single_school,founder:00287661,00287661,Obec Rajnochovice,obec,1,1,2900000,0,2900000,1,17266496,aggregate_candidate_needs_confirmation,,,,,https://monitor.statnipokladna.gov.cz/api/ukazatele?ic=00287661&obdobi=2512
2025,,single_school,founder:00287679,00287679,Obec Rataje,obec,1,1,1500000,0,1500000,1,10744575,aggregate_candidate_needs_confirmation,,,,,https://monitor.statnipokladna.gov.cz/api/ukazatele?ic=00287679&obdobi=2512
2025,,single_school,founder:00287687,00287687,obec Roštění,obec,1,1,390000,0,390000,1,4040442,aggregate_candidate_needs_confirmation,,,,,https://monitor.statnipokladna.gov.cz/api/ukazatele?ic=00287687&obdobi=2512
2025,,single_school,founder:00287695,00287695,Obec Roštín,obec,1,1,1181737,0,1181737,1,8115930,aggregate_candidate_needs_confirmation,,,,,https://monitor.statnipokladna.gov.cz/api/ukazatele?ic=00287695&obdobi=2512
2025,,single_school,founder:00287709,00287709,Obec Rusava,obec,1,1,1000000,0,1000000,1,7592961,aggregate_candidate_needs_confirmation,,,,,https://monitor.statnipokladna.gov.cz/api/ukazatele?ic=00287709&obdobi=2512
2025,,single_school,founder:00287733,00287733,Obec Slavkov pod Hostýnem,obec,1,1,1100000,0,1100000,1,8122106,aggregate_candidate_needs_confirmation,,,,,https://monitor.statnipokladna.gov.cz/api/ukazatele?ic=00287733&obdobi=2512
2025,,single_school,founder:00287776,00287776,Obec Střílky,obec,1,1,1498800,0,1498800,1,24808569,aggregate_candidate_needs_confirmation,,,,,https://monitor.statnipokladna.gov.cz/api/ukazatele?ic=00287776&obdobi=2512
2025,,single_school,founder:00287784,00287784,obec Střížovice,obec,1,1,660000,0,660000,1,2558871,aggregate_candidate_needs_confirmation,,,,,https://monitor.statnipokladna.gov.cz/api/ukazatele?ic=00287784&obdobi=2512
2025,,single_school,founder:00287903,00287903,obec Záříčí,obec,1,2,702964,221905,924869,1,2755167,aggregate_candidate_needs_confirmation,,,,,https://monitor.statnipokladna.gov.cz/api/ukazatele?ic=00287903&obdobi=2512
2025,,single_school,founder:00287954,00287954,obec Zlobice,obec,1,1,360000,0,360000,1,4495939,aggregate_candidate_needs_confirmation,,,,,https://monitor.statnipokladna.gov.cz/api/ukazatele?ic=00287954&obdobi=2512
2025,,single_school,founder:00287962,00287962,Obec Žalkovice,obec,1,1,850000,0,850000,1,850000,aggregate_candidate_needs_confirmation,,,,,https://monitor.statnipokladna.gov.cz/api/ukazatele?ic=00287962&obdobi=2512
2025,,single_school,founder:00287971,00287971,Obec Žeranovice,obec,1,1,1100000,0,1100000,1,10741305,aggregate_candidate_needs_confirmation,,,,,https://monitor.statnipokladna.gov.cz/api/ukazatele?ic=00287971&obdobi=2512
2025,,single_school,founder:00288004,00288004,Obec Bedihošť,obec,1,2,4100000,0,4100000,1,36969957,aggregate_candidate_needs_confirmation,,,,,https://monitor.statnipokladna.gov.cz/api/ukazatele?ic=00288004&obdobi=2512
2025,,single_school,founder:00288012,00288012,Obec Bílovice - Lutotín,obec,1,1,454000,0,454000,1,4011813,aggregate_candidate_needs_confirmation,,,,,https://monitor.statnipokladna.gov.cz/api/ukazatele?ic=00288012&obdobi=2512
2025,,single_school,founder:00288021,00288021,Obec Biskupice,obec,1,1,494000,0,494000,1,2665584,aggregate_candidate_needs_confirmation,,,,,https://monitor.statnipokladna.gov.cz/api/ukazatele?ic=00288021&obdobi=2512
2025,,single_school,founder:00288039,00288039,Obec Bohuslavice,obec,1,1,2055384,0,2055384,1,21614516,aggregate_candidate_needs_confirmation,,,,,https://monitor.statnipokladna.gov.cz/api/ukazatele?ic=00288039&obdobi=2512
2025,,single_school,founder:00288055,00288055,Obec Brodek u Konice,obec,1,1,4080000,0,4080000,1,22973408,aggregate_candidate_needs_confirmation,,,,,https://monitor.statnipokladna.gov.cz/api/ukazatele?ic=00288055&obdobi=2512
2025,,single_school,founder:00288101,00288101,Obec Čehovice,obec,1,1,314000,0,314000,1,2848930,aggregate_candidate_needs_confirmation,,,,,https://monitor.statnipokladna.gov.cz/api/ukazatele?ic=00288101&obdobi=2512
2025,,single_school,founder:00288128,00288128,Obec Čechy pod Kosířem,obec,1,1,1500000,0,1500000,1,12620398,aggregate_candidate_needs_confirmation,,,,,https://monitor.statnipokladna.gov.cz/api/ukazatele?ic=00288128&obdobi=2512
2025,,single_school,founder:00288136,00288136,Obec Čelčice,obec,1,1,300000,0,300000,1,2755955,aggregate_candidate_needs_confirmation,,,,,https://monitor.statnipokladna.gov.cz/api/ukazatele?ic=00288136&obdobi=2512
2025,,single_school,founder:00288144,00288144,Obec Čelechovice na Hané,obec,1,1,3332204,0,3332204,1,25642389,aggregate_candidate_needs_confirmation,,,,,https://monitor.statnipokladna.gov.cz/api/ukazatele?ic=00288144&obdobi=2512
2025,,single_school,founder:00288187,00288187,Obec Dobromilice,obec,1,1,1120432,0,1120432,1,5689302,aggregate_candidate_needs_confirmation,,,,,https://monitor.statnipokladna.gov.cz/api/ukazatele?ic=00288187&obdobi=2512
2025,,single_school,founder:00288195,00288195,Obec Doloplazy,obec,1,1,530000,0,530000,1,4675751,aggregate_candidate_needs_confirmation,,,,,https://monitor.statnipokladna.gov.cz/api/ukazatele?ic=00288195&obdobi=2512
2025,,single_school,founder:00288209,00288209,Městys Drahany,obec,1,1,530919,0,530919,1,7557130,aggregate_candidate_needs_confirmation,,,,,https://monitor.statnipokladna.gov.cz/api/ukazatele?ic=00288209&obdobi=2512
2025,,single_school,founder:00288241,00288241,Obec Hluchov,obec,1,1,150000,0,150000,1,2259909,aggregate_candidate_needs_confirmation,,,,,https://monitor.statnipokladna.gov.cz/api/ukazatele?ic=00288241&obdobi=2512
2025,,single_school,founder:00288250,00288250,Obec Horní Štěpánov,obec,1,1,1515000,0,1515000,1,13511553,aggregate_candidate_needs_confirmation,,,,,https://monitor.statnipokladna.gov.cz/api/ukazatele?ic=00288250&obdobi=2512
2025,,single_school,founder:00288306,00288306,Obec Hvozd,obec,1,1,1500000,0,1500000,1,8883263,aggregate_candidate_needs_confirmation,,,,,https://monitor.statnipokladna.gov.cz/api/ukazatele?ic=00288306&obdobi=2512
2025,,single_school,founder:00288314,00288314,Obec Ivaň,obec,1,1,150000,0,150000,1,3013735,aggregate_candidate_needs_confirmation,,,,,https://monitor.statnipokladna.gov.cz/api/ukazatele?ic=00288314&obdobi=2512
2025,,single_school,founder:00288331,00288331,Obec Kladky,obec,1,1,750000,0,750000,1,5566749,aggregate_candidate_needs_confirmation,,,,,https://monitor.statnipokladna.gov.cz/api/ukazatele?ic=00288331&obdobi=2512
2025,,single_school,founder:00288373,00288373,Město Kostelec na Hané,obec,1,1,6704634,0,6704634,1,54484088,aggregate_candidate_needs_confirmation,,,,,https://monitor.statnipokladna.gov.cz/api/ukazatele?ic=00288373&obdobi=2512
2025,,single_school,founder:00288403,00288403,Obec Krumsín,obec,1,1,555000,0,555000,1,5012038,aggregate_candidate_needs_confirmation,,,,,https://monitor.statnipokladna.gov.cz/api/ukazatele?ic=00288403&obdobi=2512
2025,,single_school,founder:00288411,00288411,Obec Laškov,obec,1,1,700000,0,700000,1,6722357,aggregate_candidate_needs_confirmation,,,,,https://monitor.statnipokladna.gov.cz/api/ukazatele?ic=00288411&obdobi=2512
2025,,single_school,founder:00288438,00288438,Obec Lipová,obec,1,1,1200000,0,1200000,1,7355699,aggregate_candidate_needs_confirmation,,,,,https://monitor.statnipokladna.gov.cz/api/ukazatele?ic=00288438&obdobi=2512
2025,,single_school,founder:00288454,00288454,Obec Malé Hradisko,obec,1,1,505000,0,505000,1,2973227,aggregate_candidate_needs_confirmation,,,,,https://monitor.statnipokladna.gov.cz/api/ukazatele?ic=00288454&obdobi=2512
2025,,single_school,founder:00288462,00288462,Obec Mořice,obec,1,1,450000,0,450000,1,5534440,aggregate_candidate_needs_confirmation,,,,,https://monitor.statnipokladna.gov.cz/api/ukazatele?ic=00288462&obdobi=2512
2025,,single_school,founder:00288489,00288489,Obec Myslejovice,obec,1,1,1157475,0,1157475,1,5692062,aggregate_candidate_needs_confirmation,,,,,https://monitor.statnipokladna.gov.cz/api/ukazatele?ic=00288489&obdobi=2512
2025,,single_school,founder:00288501,00288501,Městys Nezamyslice,obec,1,2,4666086,0,4666086,1,47488070,aggregate_candidate_needs_confirmation,,,,,https://monitor.statnipokladna.gov.cz/api/ukazatele?ic=00288501&obdobi=2512
2025,,single_school,founder:00288519,00288519,Obec Niva,obec,1,1,111312,0,111312,1,2131273,aggregate_candidate_needs_confirmation,,,,,https://monitor.statnipokladna.gov.cz/api/ukazatele?ic=00288519&obdobi=2512
2025,,single_school,founder:00288543,00288543,Obec Ohrozim,obec,1,1,380000,0,380000,1,3768017,aggregate_candidate_needs_confirmation,,,,,https://monitor.statnipokladna.gov.cz/api/ukazatele?ic=00288543&obdobi=2512
2025,,single_school,founder:00288560,00288560,Obec Olšany u Prostějova,obec,1,1,3200000,0,3200000,1,38593506,aggregate_candidate_needs_confirmation,,,,,https://monitor.statnipokladna.gov.cz/api/ukazatele?ic=00288560&obdobi=2512
2025,,single_school,founder:00288586,00288586,Obec Otaslavice,obec,1,1,2840200,0,2840200,1,23251576,aggregate_candidate_needs_confirmation,,,,,https://monitor.statnipokladna.gov.cz/api/ukazatele?ic=00288586&obdobi=2512
2025,,single_school,founder:00288594,00288594,Obec Otinoves,obec,1,1,104254,0,104254,1,2100511,aggregate_candidate_needs_confirmation,,,,,https://monitor.statnipokladna.gov.cz/api/ukazatele?ic=00288594&obdobi=2512
2025,,single_school,founder:00288616,00288616,Obec Pěnčín,obec,1,1,950000,0,950000,1,7305087,aggregate_candidate_needs_confirmation,,,,,https://monitor.statnipokladna.gov.cz/api/ukazatele?ic=00288616&obdobi=2512
2025,,single_school,founder:00288667,00288667,Obec Prostějovičky,obec,1,1,500000,0,500000,1,4786191,aggregate_candidate_needs_confirmation,,,,,https://monitor.statnipokladna.gov.cz/api/ukazatele?ic=00288667&obdobi=2512
2025,,single_school,founder:00288683,00288683,Obec Přemyslovice,obec,1,1,2100000,0,2100000,1,20068767,aggregate_candidate_needs_confirmation,,,,,https://monitor.statnipokladna.gov.cz/api/ukazatele?ic=00288683&obdobi=2512
2025,,single_school,founder:00288691,00288691,Obec Ptení,obec,1,2,6486118,277890,6764008,1,38827626,aggregate_candidate_needs_confirmation,,,,,https://monitor.statnipokladna.gov.cz/api/ukazatele?ic=00288691&obdobi=2512
2025,,single_school,founder:00288721,00288721,Obec Rozstání,obec,1,1,1864448,0,1864448,1,8250830,aggregate_candidate_needs_confirmation,,,,,https://monitor.statnipokladna.gov.cz/api/ukazatele?ic=00288721&obdobi=2512
2025,,single_school,founder:00288764,00288764,Obec Slatinky,obec,1,2,400000,0,400000,1,2376511,aggregate_candidate_needs_confirmation,,,,,https://monitor.statnipokladna.gov.cz/api/ukazatele?ic=00288764&obdobi=2512
2025,,single_school,founder:00288772,00288772,Obec Smržice,obec,1,1,1974000,0,1974000,1,17391792,aggregate_candidate_needs_confirmation,,,,,https://monitor.statnipokladna.gov.cz/api/ukazatele?ic=00288772&obdobi=2512
2025,,single_school,founder:00288802,00288802,Obec Stařechovice,obec,1,1,266983,0,266983,1,2646157,aggregate_candidate_needs_confirmation,,,,,https://monitor.statnipokladna.gov.cz/api/ukazatele?ic=00288802&obdobi=2512
2025,,single_school,founder:00288829,00288829,Obec Stražisko,obec,1,1,405790,0,405790,1,2212968,aggregate_candidate_needs_confirmation,,,,,https://monitor.statnipokladna.gov.cz/api/ukazatele?ic=00288829&obdobi=2512
2025,,single_school,founder:00288837,00288837,Obec Suchdol,obec,1,1,432000,0,432000,1,2734300,aggregate_candidate_needs_confirmation,,,,,https://monitor.statnipokladna.gov.cz/api/ukazatele?ic=00288837&obdobi=2512
2025,,single_school,founder:00288845,00288845,Obec Šubířov,obec,1,1,163468,0,163468,1,1626823,aggregate_candidate_needs_confirmation,,,,,https://monitor.statnipokladna.gov.cz/api/ukazatele?ic=00288845&obdobi=2512
2025,,single_school,founder:00288853,00288853,Městys Tištín,obec,1,1,570000,0,570000,1,6135233,aggregate_candidate_needs_confirmation,,,,,https://monitor.statnipokladna.gov.cz/api/ukazatele?ic=00288853&obdobi=2512
2025,,single_school,founder:00288870,00288870,Obec Určice,obec,1,2,4356000,98000,4454000,1,42113950,aggregate_candidate_needs_confirmation,,,,,https://monitor.statnipokladna.gov.cz/api/ukazatele?ic=00288870&obdobi=2512
2025,,single_school,founder:00288888,00288888,Obec Víceměřice,obec,1,2,532475,51501,583976,1,3048217,aggregate_candidate_needs_confirmation,,,,,https://monitor.statnipokladna.gov.cz/api/ukazatele?ic=00288888&obdobi=2512
2025,,single_school,founder:00288896,00288896,Obec Vícov,obec,1,1,291980,0,291980,1,2375243,aggregate_candidate_needs_confirmation,,,,,https://monitor.statnipokladna.gov.cz/api/ukazatele?ic=00288896&obdobi=2512
2025,,single_school,founder:00288926,00288926,Obec Vranovice - Kelčice,obec,1,1,555045,0,555045,1,2560776,aggregate_candidate_needs_confirmation,,,,,https://monitor.statnipokladna.gov.cz/api/ukazatele?ic=00288926&obdobi=2512
2025,,single_school,founder:00288934,00288934,Obec Vrbátky,obec,1,1,5117000,0,5117000,1,38372794,aggregate_candidate_needs_confirmation,,,,,https://monitor.statnipokladna.gov.cz/api/ukazatele?ic=00288934&obdobi=2512
2025,,single_school,founder:00288942,00288942,Obec Vrchoslavice,obec,1,1,1528430,0,1528430,1,10203610,aggregate_candidate_needs_confirmation,,,,,https://monitor.statnipokladna.gov.cz/api/ukazatele?ic=00288942&obdobi=2512
2025,,single_school,founder:00288951,00288951,Obec Vřesovice,obec,1,1,1345500,0,1345500,1,14550551,aggregate_candidate_needs_confirmation,,,,,https://monitor.statnipokladna.gov.cz/api/ukazatele?ic=00288951&obdobi=2512
2025,,single_school,founder:00288993,00288993,Obec Želeč,obec,1,1,549000,0,549000,1,4370941,aggregate_candidate_needs_confirmation,,,,,https://monitor.statnipokladna.gov.cz/api/ukazatele?ic=00288993&obdobi=2512
2025,,single_school,founder:00289132,00289132,Obec Březník,obec,1,2,1900000,300000,2200000,1,21001464,aggregate_candidate_needs_confirmation,,,,,https://monitor.statnipokladna.gov.cz/api/ukazatele?ic=00289132&obdobi=2512
2025,,single_school,founder:00289167,00289167,Obec Budkov,obec,1,1,2100000,0,2100000,1,14438456,aggregate_candidate_needs_confirmation,,,,,https://monitor.statnipokladna.gov.cz/api/ukazatele?ic=00289167&obdobi=2512
2025,,single_school,founder:00289183,00289183,Obec Čáslavice,obec,1,1,2000000,0,2000000,1,20082406,aggregate_candidate_needs_confirmation,,,,,https://monitor.statnipokladna.gov.cz/api/ukazatele?ic=00289183&obdobi=2512
2025,,single_school,founder:00289205,00289205,Obec Čechtín,obec,1,1,890000,0,890000,1,2119515,aggregate_candidate_needs_confirmation,,,,,https://monitor.statnipokladna.gov.cz/api/ukazatele?ic=00289205&obdobi=2512
2025,,single_school,founder:00289264,00289264,Obec Dalešice,obec,1,1,850000,0,850000,1,6073600,aggregate_candidate_needs_confirmation,,,,,https://monitor.statnipokladna.gov.cz/api/ukazatele?ic=00289264&obdobi=2512
2025,,single_school,founder:00289281,00289281,Obec Dešov,obec,1,1,581498,0,581498,1,6679246,aggregate_candidate_needs_confirmation,,,,,https://monitor.statnipokladna.gov.cz/api/ukazatele?ic=00289281&obdobi=2512
2025,,single_school,founder:00289302,00289302,Obec Dolní Vilémovice,obec,1,1,1200000,0,1200000,1,6778550,aggregate_candidate_needs_confirmation,,,,,https://monitor.statnipokladna.gov.cz/api/ukazatele?ic=00289302&obdobi=2512
2025,,single_school,founder:00289311,00289311,Obec Domamil,obec,1,1,1100000,0,1100000,1,17079370,aggregate_candidate_needs_confirmation,,,,,https://monitor.statnipokladna.gov.cz/api/ukazatele?ic=00289311&obdobi=2512
2025,,single_school,founder:00289329,00289329,Obec Dukovany,obec,1,1,2293100,0,2293100,1,11358940,aggregate_candidate_needs_confirmation,,,,,https://monitor.statnipokladna.gov.cz/api/ukazatele?ic=00289329&obdobi=2512
2025,,single_school,founder:00289337,00289337,Obec Hartvíkovice,obec,1,1,1326655,0,1326655,1,7025572,aggregate_candidate_needs_confirmation,,,,,https://monitor.statnipokladna.gov.cz/api/ukazatele?ic=00289337&obdobi=2512
2025,,single_school,founder:00289493,00289493,Obec Jakubov u Moravských Budějovic,obec,1,1,700000,0,700000,1,10502697,aggregate_candidate_needs_confirmation,,,,,https://monitor.statnipokladna.gov.cz/api/ukazatele?ic=00289493&obdobi=2512
2025,,single_school,founder:00289591,00289591,Obec Kněžice,obec,1,1,2632584,0,2632584,1,22089648,aggregate_candidate_needs_confirmation,,,,,https://monitor.statnipokladna.gov.cz/api/ukazatele?ic=00289591&obdobi=2512
2025,,single_school,founder:00289612,00289612,Obec Kojetice,obec,1,1,1368808,0,1368808,1,23525767,aggregate_candidate_needs_confirmation,,,,,https://monitor.statnipokladna.gov.cz/api/ukazatele?ic=00289612&obdobi=2512
2025,,single_school,founder:00289655,00289655,Obec Kouty,obec,1,1,833600,0,833600,1,7540207,aggregate_candidate_needs_confirmation,,,,,https://monitor.statnipokladna.gov.cz/api/ukazatele?ic=00289655&obdobi=2512
2025,,single_school,founder:00289698,00289698,Obec Kralice nad Oslavou,obec,1,1,2000000,0,2000000,1,11781249,aggregate_candidate_needs_confirmation,,,,,https://monitor.statnipokladna.gov.cz/api/ukazatele?ic=00289698&obdobi=2512
2025,,single_school,founder:00289752,00289752,Obec Lesonice,obec,1,1,843000,0,843000,1,8752890,aggregate_candidate_needs_confirmation,,,,,https://monitor.statnipokladna.gov.cz/api/ukazatele?ic=00289752&obdobi=2512
2025,,single_school,founder:00289795,00289795,Obec Lipník,obec,1,1,300000,0,300000,1,5395391,aggregate_candidate_needs_confirmation,,,,,https://monitor.statnipokladna.gov.cz/api/ukazatele?ic=00289795&obdobi=2512
2025,,single_school,founder:00289949,00289949,Obec Myslibořice,obec,1,1,3000000,0,3000000,1,23533821,aggregate_candidate_needs_confirmation,,,,,https://monitor.statnipokladna.gov.cz/api/ukazatele?ic=00289949&obdobi=2512
2025,,single_school,founder:00290009,00290009,Obec Nové Syrovice,obec,1,1,1420000,0,1420000,1,10979771,aggregate_candidate_needs_confirmation,,,,,https://monitor.statnipokladna.gov.cz/api/ukazatele?ic=00290009&obdobi=2512
2025,,single_school,founder:00290068,00290068,Městys Opatov,obec,1,1,1500000,0,1500000,1,11060820,aggregate_candidate_needs_confirmation,,,,,https://monitor.statnipokladna.gov.cz/api/ukazatele?ic=00290068&obdobi=2512
2025,,single_school,founder:00290181,00290181,Obec Předín,obec,1,1,2800000,0,2800000,1,19540264,aggregate_candidate_needs_confirmation,,,,,https://monitor.statnipokladna.gov.cz/api/ukazatele?ic=00290181&obdobi=2512
2025,,single_school,founder:00290203,00290203,Obec Přibyslavice,obec,1,1,1348220,0,1348220,1,14557379,aggregate_candidate_needs_confirmation,,,,,https://monitor.statnipokladna.gov.cz/api/ukazatele?ic=00290203&obdobi=2512
2025,,single_school,founder:00290254,00290254,Obec Pyšel,obec,1,1,420000,0,420000,1,5243968,aggregate_candidate_needs_confirmation,,,,,https://monitor.statnipokladna.gov.cz/api/ukazatele?ic=00290254&obdobi=2512
2025,,single_school,founder:00290297,00290297,obec Radkovice u Hrotovic,obec,1,1,480000,0,480000,1,2512297,aggregate_candidate_needs_confirmation,,,,,https://monitor.statnipokladna.gov.cz/api/ukazatele?ic=00290297&obdobi=2512
2025,,single_school,founder:00290335,00290335,Obec Rapotice,obec,1,1,1080000,0,1080000,1,6627849,aggregate_candidate_needs_confirmation,,,,,https://monitor.statnipokladna.gov.cz/api/ukazatele?ic=00290335&obdobi=2512
2025,,single_school,founder:00290360,00290360,Městys Rokytnice nad Rokytnou,obec,1,1,1420000,0,1420000,1,11265334,aggregate_candidate_needs_confirmation,,,,,https://monitor.statnipokladna.gov.cz/api/ukazatele?ic=00290360&obdobi=2512
2025,,single_school,founder:00290378,00290378,Obec Rouchovany,obec,1,1,3767920,0,3767920,1,20003184,aggregate_candidate_needs_confirmation,,,,,https://monitor.statnipokladna.gov.cz/api/ukazatele?ic=00290378&obdobi=2512
2025,,single_school,founder:00290386,00290386,Obec Rudíkov,obec,1,1,3094800,0,3094800,1,25307609,aggregate_candidate_needs_confirmation,,,,,https://monitor.statnipokladna.gov.cz/api/ukazatele?ic=00290386&obdobi=2512
2025,,single_school,founder:00290491,00290491,Městys Stařeč,obec,1,1,2169500,0,2169500,1,16527571,aggregate_candidate_needs_confirmation,,,,,https://monitor.statnipokladna.gov.cz/api/ukazatele?ic=00290491&obdobi=2512
2025,,single_school,founder:00290513,00290513,Obec Studenec,obec,1,1,1017393,0,1017393,1,9059700,aggregate_candidate_needs_confirmation,,,,,https://monitor.statnipokladna.gov.cz/api/ukazatele?ic=00290513&obdobi=2512
2025,,single_school,founder:00290548,00290548,obec Svatoslav,obec,1,1,300000,0,300000,1,3822915,aggregate_candidate_needs_confirmation,,,,,https://monitor.statnipokladna.gov.cz/api/ukazatele?ic=00290548&obdobi=2512
2025,,single_school,founder:00290556,00290556,Obec Šebkovice,obec,1,1,480000,0,480000,1,6429463,aggregate_candidate_needs_confirmation,,,,,https://monitor.statnipokladna.gov.cz/api/ukazatele?ic=00290556&obdobi=2512
2025,,single_school,founder:00290581,00290581,Obec Tasov,obec,1,1,1342816,0,1342816,1,17771456,aggregate_candidate_needs_confirmation,,,,,https://monitor.statnipokladna.gov.cz/api/ukazatele?ic=00290581&obdobi=2512
2025,,single_school,founder:00290599,00290599,Obec Trnava,obec,1,1,1234000,0,1234000,1,10979381,aggregate_candidate_needs_confirmation,,,,,https://monitor.statnipokladna.gov.cz/api/ukazatele?ic=00290599&obdobi=2512
2025,,single_school,founder:00290602,00290602,Obec Třebelovice,obec,1,1,615000,0,615000,1,7200504,aggregate_candidate_needs_confirmation,,,,,https://monitor.statnipokladna.gov.cz/api/ukazatele?ic=00290602&obdobi=2512
2025,,single_school,founder:00290637,00290637,Obec Valeč,obec,1,2,1914892,0,1914892,1,22033211,aggregate_candidate_needs_confirmation,,,,,https://monitor.statnipokladna.gov.cz/api/ukazatele?ic=00290637&obdobi=2512
2025,,single_school,founder:00290661,00290661,Obec Vladislav,obec,1,1,3300000,0,3300000,1,19364263,aggregate_candidate_needs_confirmation,,,,,https://monitor.statnipokladna.gov.cz/api/ukazatele?ic=00290661&obdobi=2512
2025,,single_school,founder:00290696,00290696,Obec Výčapy,obec,1,2,1705850,161512,1867362,1,12206058,aggregate_candidate_needs_confirmation,,,,,https://monitor.statnipokladna.gov.cz/api/ukazatele?ic=00290696&obdobi=2512
2025,,single_school,founder:00290751,00290751,Obec Želetava,obec,1,1,3000000,0,3000000,1,22400581,aggregate_candidate_needs_confirmation,,,,,https://monitor.statnipokladna.gov.cz/api/ukazatele?ic=00290751&obdobi=2512
2025,,single_school,founder:00290793,00290793,Obec Bílovice,obec,1,1,7070000,0,7070000,1,45247143,aggregate_candidate_needs_confirmation,,,,,https://monitor.statnipokladna.gov.cz/api/ukazatele?ic=00290793&obdobi=2512
2025,,single_school,founder:00290840,00290840,Obec Březolupy,obec,1,2,2871923,774077,3646000,1,28340011,aggregate_candidate_needs_confirmation,,,,,https://monitor.statnipokladna.gov.cz/api/ukazatele?ic=00290840&obdobi=2512
2025,,single_school,founder:00290858,00290858,Obec Březová,obec,1,1,3000000,0,3000000,1,40421419,aggregate_candidate_needs_confirmation,,,,,https://monitor.statnipokladna.gov.cz/api/ukazatele?ic=00290858&obdobi=2512
2025,,single_school,founder:00290866,00290866,Městys Buchlovice,obec,1,1,3320000,0,3320000,1,27565694,aggregate_candidate_needs_confirmation,,,,,https://monitor.statnipokladna.gov.cz/api/ukazatele?ic=00290866&obdobi=2512
2025,,single_school,founder:00290874,00290874,Obec Bystřice pod Lopeníkem,obec,1,1,1800000,0,1800000,1,13434038,aggregate_candidate_needs_confirmation,,,,,https://monitor.statnipokladna.gov.cz/api/ukazatele?ic=00290874&obdobi=2512
2025,,single_school,founder:00290947,00290947,Obec Horní Němčí,obec,1,2,1446000,42292,1488292,1,10121054,aggregate_candidate_needs_confirmation,,,,,https://monitor.statnipokladna.gov.cz/api/ukazatele?ic=00290947&obdobi=2512
2025,,single_school,founder:00290971,00290971,Obec Huštěnovice,obec,1,1,1517343,0,1517343,1,12995094,aggregate_candidate_needs_confirmation,,,,,https://monitor.statnipokladna.gov.cz/api/ukazatele?ic=00290971&obdobi=2512
2025,,single_school,founder:00290980,00290980,Obec Jalubí,obec,1,1,2080000,0,2080000,1,17044210,aggregate_candidate_needs_confirmation,,,,,https://monitor.statnipokladna.gov.cz/api/ukazatele?ic=00290980&obdobi=2512
2025,,single_school,founder:00291013,00291013,Obec Kněžpole,obec,1,1,2590245,0,2590245,1,10629252,aggregate_candidate_needs_confirmation,,,,,https://monitor.statnipokladna.gov.cz/api/ukazatele?ic=00291013&obdobi=2512
2025,,single_school,founder:00291030,00291030,Obec Korytná,obec,1,1,1420000,0,1420000,1,10631931,aggregate_candidate_needs_confirmation,,,,,https://monitor.statnipokladna.gov.cz/api/ukazatele?ic=00291030&obdobi=2512
2025,,single_school,founder:00291048,00291048,Obec Kostelany nad Moravou,obec,1,1,980000,0,980000,1,5790053,aggregate_candidate_needs_confirmation,,,,,https://monitor.statnipokladna.gov.cz/api/ukazatele?ic=00291048&obdobi=2512
2025,,single_school,founder:00291072,00291072,Obec Kudlovice,obec,1,1,2122560,0,2122560,1,11294577,aggregate_candidate_needs_confirmation,,,,,https://monitor.statnipokladna.gov.cz/api/ukazatele?ic=00291072&obdobi=2512
2025,,single_school,founder:00291145,00291145,Obec Nedachlebice,obec,1,1,531000,0,531000,1,3065371,aggregate_candidate_needs_confirmation,,,,,https://monitor.statnipokladna.gov.cz/api/ukazatele?ic=00291145&obdobi=2512
2025,,single_school,founder:00291161,00291161,Obec Nezdenice,obec,1,1,1186000,0,1186000,1,12581844,aggregate_candidate_needs_confirmation,,,,,https://monitor.statnipokladna.gov.cz/api/ukazatele?ic=00291161&obdobi=2512
2025,,single_school,founder:00291170,00291170,Obec Nivnice,obec,1,1,4728000,0,4728000,1,45303556,aggregate_candidate_needs_confirmation,,,,,https://monitor.statnipokladna.gov.cz/api/ukazatele?ic=00291170&obdobi=2512
2025,,single_school,founder:00291196,00291196,Obec Ostrožská Lhota,obec,1,2,3694713,105000,3799713,1,23229099,aggregate_candidate_needs_confirmation,,,,,https://monitor.statnipokladna.gov.cz/api/ukazatele?ic=00291196&obdobi=2512
2025,,single_school,founder:00291218,00291218,Městys Osvětimany,obec,1,1,2500000,0,2500000,1,22896262,aggregate_candidate_needs_confirmation,,,,,https://monitor.statnipokladna.gov.cz/api/ukazatele?ic=00291218&obdobi=2512
2025,,single_school,founder:00291234,00291234,Obec Pitín,obec,1,2,1500000,0,1500000,1,15012771,aggregate_candidate_needs_confirmation,,,,,https://monitor.statnipokladna.gov.cz/api/ukazatele?ic=00291234&obdobi=2512
2025,,single_school,founder:00291242,00291242,Obec Podolí,obec,1,1,1050000,0,1050000,1,10771111,aggregate_candidate_needs_confirmation,,,,,https://monitor.statnipokladna.gov.cz/api/ukazatele?ic=00291242&obdobi=2512
2025,,single_school,founder:00291269,00291269,Obec Popovice,obec,1,1,1202918,0,1202918,1,8416962,aggregate_candidate_needs_confirmation,,,,,https://monitor.statnipokladna.gov.cz/api/ukazatele?ic=00291269&obdobi=2512
2025,,single_school,founder:00291277,00291277,Obec Prakšice,obec,1,1,2252000,0,2252000,1,21301559,aggregate_candidate_needs_confirmation,,,,,https://monitor.statnipokladna.gov.cz/api/ukazatele?ic=00291277&obdobi=2512
2025,,single_school,founder:00291315,00291315,Obec Slavkov,obec,1,1,540000,0,540000,1,3406270,aggregate_candidate_needs_confirmation,,,,,https://monitor.statnipokladna.gov.cz/api/ukazatele?ic=00291315&obdobi=2512
2025,,single_school,founder:00291331,00291331,Obec Starý Hrozenkov,obec,1,1,2000000,0,2000000,1,16300146,aggregate_candidate_needs_confirmation,,,,,https://monitor.statnipokladna.gov.cz/api/ukazatele?ic=00291331&obdobi=2512
2025,,single_school,founder:00291374,00291374,Obec Suchá Loz,obec,1,1,1781004,0,1781004,1,15406975,aggregate_candidate_needs_confirmation,,,,,https://monitor.statnipokladna.gov.cz/api/ukazatele?ic=00291374&obdobi=2512
2025,,single_school,founder:00291439,00291439,Obec Traplice,obec,1,2,3764000,253000,4017000,1,27992660,aggregate_candidate_needs_confirmation,,,,,https://monitor.statnipokladna.gov.cz/api/ukazatele?ic=00291439&obdobi=2512
2025,,single_school,founder:00291561,00291561,Obec Vlčnov,obec,1,1,4200000,0,4200000,1,37552381,aggregate_candidate_needs_confirmation,,,,,https://monitor.statnipokladna.gov.cz/api/ukazatele?ic=00291561&obdobi=2512
2025,,single_school,founder:00291609,00291609,Obec Zlechov,obec,1,1,2592000,0,2592000,1,17096867,aggregate_candidate_needs_confirmation,,,,,https://monitor.statnipokladna.gov.cz/api/ukazatele?ic=00291609&obdobi=2512
2025,,single_school,founder:00291641,00291641,Obec Bohdalice - Pavlovice,obec,1,1,3500000,0,3500000,1,26062848,aggregate_candidate_needs_confirmation,,,,,https://monitor.statnipokladna.gov.cz/api/ukazatele?ic=00291641&obdobi=2512
2025,,single_school,founder:00291650,00291650,Obec Bošovice,obec,1,1,1755000,0,1755000,1,15743966,aggregate_candidate_needs_confirmation,,,,,https://monitor.statnipokladna.gov.cz/api/ukazatele?ic=00291650&obdobi=2512
2025,,single_school,founder:00291668,00291668,Městys Brankovice,obec,1,1,5153767,0,5153767,1,39526748,aggregate_candidate_needs_confirmation,,,,,https://monitor.statnipokladna.gov.cz/api/ukazatele?ic=00291668&obdobi=2512
2025,,single_school,founder:00291722,00291722,Obec Dražovice,obec,1,1,1450000,0,1450000,1,11900969,aggregate_candidate_needs_confirmation,,,,,https://monitor.statnipokladna.gov.cz/api/ukazatele?ic=00291722&obdobi=2512
2025,,single_school,founder:00291757,00291757,Obec Habrovany,obec,1,1,1200000,0,1200000,1,13931038,aggregate_candidate_needs_confirmation,,,,,https://monitor.statnipokladna.gov.cz/api/ukazatele?ic=00291757&obdobi=2512
2025,,single_school,founder:00291811,00291811,Městys Hvězdlice,obec,1,1,400000,0,400000,1,3103829,aggregate_candidate_needs_confirmation,,,,,https://monitor.statnipokladna.gov.cz/api/ukazatele?ic=00291811&obdobi=2512
2025,,single_school,founder:00291927,00291927,Obec Krásensko,obec,1,1,432625,0,432625,1,2863973,aggregate_candidate_needs_confirmation,,,,,https://monitor.statnipokladna.gov.cz/api/ukazatele?ic=00291927&obdobi=2512
2025,,single_school,founder:00291943,00291943,Obec Křenovice,obec,1,1,3400000,0,3400000,1,34583349,aggregate_candidate_needs_confirmation,,,,,https://monitor.statnipokladna.gov.cz/api/ukazatele?ic=00291943&obdobi=2512
2025,,single_school,founder:00291978,00291978,Obec Kučerov,obec,1,1,584730,0,584730,1,3318591,aggregate_candidate_needs_confirmation,,,,,https://monitor.statnipokladna.gov.cz/api/ukazatele?ic=00291978&obdobi=2512
2025,,single_school,founder:00291994,00291994,Obec Lovčičky,obec,1,1,575000,0,575000,1,4686266,aggregate_candidate_needs_confirmation,,,,,https://monitor.statnipokladna.gov.cz/api/ukazatele?ic=00291994&obdobi=2512
2025,,single_school,founder:00292052,00292052,Obec Milešovice,obec,1,2,1155000,226200,1381200,1,8229724,aggregate_candidate_needs_confirmation,,,,,https://monitor.statnipokladna.gov.cz/api/ukazatele?ic=00292052&obdobi=2512
2025,,single_school,founder:00292079,00292079,Obec Moravské Málkovice,obec,1,1,1440000,0,1440000,1,5251003,aggregate_candidate_needs_confirmation,,,,,https://monitor.statnipokladna.gov.cz/api/ukazatele?ic=00292079&obdobi=2512
2025,,single_school,founder:00292109,00292109,Obec Němčany,obec,1,1,1407500,0,1407500,1,10892463,aggregate_candidate_needs_confirmation,,,,,https://monitor.statnipokladna.gov.cz/api/ukazatele?ic=00292109&obdobi=2512
2025,,single_school,founder:00292125,00292125,Obec Nemojany,obec,1,1,1235629,0,1235629,1,11087827,aggregate_candidate_needs_confirmation,,,,,https://monitor.statnipokladna.gov.cz/api/ukazatele?ic=00292125&obdobi=2512
2025,,single_school,founder:00292141,00292141,Obec Nesovice,obec,1,1,2000000,0,2000000,1,15910313,aggregate_candidate_needs_confirmation,,,,,https://monitor.statnipokladna.gov.cz/api/ukazatele?ic=00292141&obdobi=2512
2025,,single_school,founder:00292150,00292150,Obec Nevojice,obec,1,2,443500,22330,465830,1,2385649,aggregate_candidate_needs_confirmation,,,,,https://monitor.statnipokladna.gov.cz/api/ukazatele?ic=00292150&obdobi=2512
2025,,single_school,founder:00292168,00292168,Obec Nížkovice,obec,1,2,1353000,113000,1466000,1,10912798,aggregate_candidate_needs_confirmation,,,,,https://monitor.statnipokladna.gov.cz/api/ukazatele?ic=00292168&obdobi=2512
2025,,single_school,founder:00292206,00292206,Obec Otnice,obec,1,1,3256097,0,3256097,1,35500108,aggregate_candidate_needs_confirmation,,,,,https://monitor.statnipokladna.gov.cz/api/ukazatele?ic=00292206&obdobi=2512
2025,,single_school,founder:00292222,00292222,Obec Prusy - Boškůvky,obec,1,1,1400000,0,1400000,1,10053372,aggregate_candidate_needs_confirmation,,,,,https://monitor.statnipokladna.gov.cz/api/ukazatele?ic=00292222&obdobi=2512
2025,,single_school,founder:00292231,00292231,Obec Pustiměř,obec,1,2,4750000,89990,4839990,1,41324909,aggregate_candidate_needs_confirmation,,,,,https://monitor.statnipokladna.gov.cz/api/ukazatele?ic=00292231&obdobi=2512
2025,,single_school,founder:00292249,00292249,Obec Račice - Pístovice,obec,1,1,800000,0,800000,1,6803064,aggregate_candidate_needs_confirmation,,,,,https://monitor.statnipokladna.gov.cz/api/ukazatele?ic=00292249&obdobi=2512
2025,,single_school,founder:00292265,00292265,Obec Rašovice,obec,1,1,1381996,0,1381996,1,11970602,aggregate_candidate_needs_confirmation,,,,,https://monitor.statnipokladna.gov.cz/api/ukazatele?ic=00292265&obdobi=2512
2025,,single_school,founder:00292290,00292290,Obec Ruprechtov,obec,1,1,500000,0,500000,1,3153249,aggregate_candidate_needs_confirmation,,,,,https://monitor.statnipokladna.gov.cz/api/ukazatele?ic=00292290&obdobi=2512
2025,,single_school,founder:00292338,00292338,Obec Studnice,obec,1,1,430000,0,430000,1,2960896,aggregate_candidate_needs_confirmation,,,,,https://monitor.statnipokladna.gov.cz/api/ukazatele?ic=00292338&obdobi=2512
2025,,single_school,founder:00292346,00292346,Obec Šaratice,obec,1,1,3150000,0,3150000,1,32809682,aggregate_candidate_needs_confirmation,,,,,https://monitor.statnipokladna.gov.cz/api/ukazatele?ic=00292346&obdobi=2512
2025,,single_school,founder:00292354,00292354,Městys Švábenice,obec,1,1,1715000,0,1715000,1,15445119,aggregate_candidate_needs_confirmation,,,,,https://monitor.statnipokladna.gov.cz/api/ukazatele?ic=00292354&obdobi=2512
2025,,single_school,founder:00292419,00292419,Obec Velešovice,obec,1,2,1662492,0,1662492,1,14107614,aggregate_candidate_needs_confirmation,,,,,https://monitor.statnipokladna.gov.cz/api/ukazatele?ic=00292419&obdobi=2512
2025,,single_school,founder:00292516,00292516,Obec Blížkovice,obec,1,1,5317700,0,5317700,1,25474986,aggregate_candidate_needs_confirmation,,,,,https://monitor.statnipokladna.gov.cz/api/ukazatele?ic=00292516&obdobi=2512
2025,,single_school,founder:00292567,00292567,Obec Božice,obec,1,1,3000000,0,3000000,1,34705287,aggregate_candidate_needs_confirmation,,,,,https://monitor.statnipokladna.gov.cz/api/ukazatele?ic=00292567&obdobi=2512
2025,,single_school,founder:00292583,00292583,Obec Břežany,obec,1,1,2500000,0,2500000,1,17021463,aggregate_candidate_needs_confirmation,,,,,https://monitor.statnipokladna.gov.cz/api/ukazatele?ic=00292583&obdobi=2512
2025,,single_school,founder:00292591,00292591,Obec Citonice,obec,1,1,1200000,0,1200000,1,8510034,aggregate_candidate_needs_confirmation,,,,,https://monitor.statnipokladna.gov.cz/api/ukazatele?ic=00292591&obdobi=2512
2025,,single_school,founder:00292699,00292699,Obec Dolní Dubňany,obec,1,1,1100000,0,1100000,1,10623364,aggregate_candidate_needs_confirmation,,,,,https://monitor.statnipokladna.gov.cz/api/ukazatele?ic=00292699&obdobi=2512
2025,,single_school,founder:00292761,00292761,Obec Hevlín,obec,1,1,7700000,0,7700000,1,28803546,aggregate_candidate_needs_confirmation,,,,,https://monitor.statnipokladna.gov.cz/api/ukazatele?ic=00292761&obdobi=2512
2025,,single_school,founder:00292770,00292770,Obec Hluboké Mašůvky,obec,1,1,800000,0,800000,1,7802382,aggregate_candidate_needs_confirmation,,,,,https://monitor.statnipokladna.gov.cz/api/ukazatele?ic=00292770&obdobi=2512
2025,,single_school,founder:00292788,00292788,Obec Hodonice,obec,1,1,1500000,0,1500000,1,12221648,aggregate_candidate_needs_confirmation,,,,,https://monitor.statnipokladna.gov.cz/api/ukazatele?ic=00292788&obdobi=2512
2025,,single_school,founder:00292818,00292818,Obec Horní Dunajovice,obec,1,1,578883,0,578883,1,7612497,aggregate_candidate_needs_confirmation,,,,,https://monitor.statnipokladna.gov.cz/api/ukazatele?ic=00292818&obdobi=2512
2025,,single_school,founder:00292842,00292842,Obec Hostim,obec,1,1,555000,0,555000,1,3982027,aggregate_candidate_needs_confirmation,,,,,https://monitor.statnipokladna.gov.cz/api/ukazatele?ic=00292842&obdobi=2512
2025,,single_school,founder:00292869,00292869,Obec Hrádek,obec,1,1,1887852,0,1887852,1,16511317,aggregate_candidate_needs_confirmation,,,,,https://monitor.statnipokladna.gov.cz/api/ukazatele?ic=00292869&obdobi=2512
2025,,single_school,founder:00292907,00292907,Obec Jamolice,obec,1,1,399864,0,399864,1,2277605,aggregate_candidate_needs_confirmation,,,,,https://monitor.statnipokladna.gov.cz/api/ukazatele?ic=00292907&obdobi=2512
2025,,single_school,founder:00292915,00292915,Obec Jaroslavice,obec,1,1,2171000,0,2171000,1,23196614,aggregate_candidate_needs_confirmation,,,,,https://monitor.statnipokladna.gov.cz/api/ukazatele?ic=00292915&obdobi=2512
2025,,single_school,founder:00292923,00292923,Město Jevišovice,obec,1,1,2820000,0,2820000,1,30214068,aggregate_candidate_needs_confirmation,,,,,https://monitor.statnipokladna.gov.cz/api/ukazatele?ic=00292923&obdobi=2512
2025,,single_school,founder:00292931,00292931,Obec Jezeřany-Maršovice,obec,1,2,1450000,120000,1570000,1,11805441,aggregate_candidate_needs_confirmation,,,,,https://monitor.statnipokladna.gov.cz/api/ukazatele?ic=00292931&obdobi=2512
2025,,single_school,founder:00292982,00292982,Obec Kravsko,obec,1,1,2500000,0,2500000,1,30364652,aggregate_candidate_needs_confirmation,,,,,https://monitor.statnipokladna.gov.cz/api/ukazatele?ic=00292982&obdobi=2512
2025,,single_school,founder:00293083,00293083,Obec Loděnice,obec,1,2,3849658,4003281,7852939,1,23810160,aggregate_candidate_needs_confirmation,,,,,https://monitor.statnipokladna.gov.cz/api/ukazatele?ic=00293083&obdobi=2512
2025,,single_school,founder:00293121,00293121,Obec Mašovice,obec,1,1,1145200,0,1145200,1,7313937,aggregate_candidate_needs_confirmation,,,,,https://monitor.statnipokladna.gov.cz/api/ukazatele?ic=00293121&obdobi=2512
2025,,single_school,founder:00293148,00293148,Městys Mikulovice,obec,1,1,2674000,0,2674000,1,21981502,aggregate_candidate_needs_confirmation,,,,,https://monitor.statnipokladna.gov.cz/api/ukazatele?ic=00293148&obdobi=2512
2025,,single_school,founder:00293270,00293270,Městys Olbramovice,obec,1,1,3500000,0,3500000,1,27021938,aggregate_candidate_needs_confirmation,,,,,https://monitor.statnipokladna.gov.cz/api/ukazatele?ic=00293270&obdobi=2512
2025,,single_school,founder:00293318,00293318,Obec Pavlice,obec,1,1,850000,0,850000,1,7061912,aggregate_candidate_needs_confirmation,,,,,https://monitor.statnipokladna.gov.cz/api/ukazatele?ic=00293318&obdobi=2512
2025,,single_school,founder:00293326,00293326,Obec Petrovice,obec,1,1,700000,0,700000,1,2862328,aggregate_candidate_needs_confirmation,,,,,https://monitor.statnipokladna.gov.cz/api/ukazatele?ic=00293326&obdobi=2512
2025,,single_school,founder:00293474,00293474,Obec Skalice,obec,1,1,1730852,0,1730852,1,7475723,aggregate_candidate_needs_confirmation,,,,,https://monitor.statnipokladna.gov.cz/api/ukazatele?ic=00293474&obdobi=2512
2025,,single_school,founder:00293512,00293512,Obec Starý Petřín,obec,1,1,400000,0,400000,1,2905397,aggregate_candidate_needs_confirmation,,,,,https://monitor.statnipokladna.gov.cz/api/ukazatele?ic=00293512&obdobi=2512
2025,,single_school,founder:00293571,00293571,Obec Šanov,obec,1,1,3020000,0,3020000,1,29089885,aggregate_candidate_needs_confirmation,,,,,https://monitor.statnipokladna.gov.cz/api/ukazatele?ic=00293571&obdobi=2512
2025,,single_school,founder:00293598,00293598,Městys Štítary,obec,1,1,1000000,0,1000000,1,8068737,aggregate_candidate_needs_confirmation,,,,,https://monitor.statnipokladna.gov.cz/api/ukazatele?ic=00293598&obdobi=2512
2025,,single_school,founder:00293610,00293610,Obec Šumná,obec,1,1,3030000,0,3030000,1,30990992,aggregate_candidate_needs_confirmation,,,,,https://monitor.statnipokladna.gov.cz/api/ukazatele?ic=00293610&obdobi=2512
2025,,single_school,founder:00293636,00293636,Obec Tavíkovice,obec,1,1,482000,0,482000,1,5932987,aggregate_candidate_needs_confirmation,,,,,https://monitor.statnipokladna.gov.cz/api/ukazatele?ic=00293636&obdobi=2512
2025,,single_school,founder:00293679,00293679,Obec Trstěnice,obec,1,1,850000,0,850000,1,6495632,aggregate_candidate_needs_confirmation,,,,,https://monitor.statnipokladna.gov.cz/api/ukazatele?ic=00293679&obdobi=2512
2025,,single_school,founder:00293709,00293709,Obec Uherčice,obec,1,1,250000,0,250000,1,2943929,aggregate_candidate_needs_confirmation,,,,,https://monitor.statnipokladna.gov.cz/api/ukazatele?ic=00293709&obdobi=2512
2025,,single_school,founder:00293725,00293725,Obec Únanov,obec,1,1,3766000,0,3766000,1,15338346,aggregate_candidate_needs_confirmation,,,,,https://monitor.statnipokladna.gov.cz/api/ukazatele?ic=00293725&obdobi=2512
2025,,single_school,founder:00293741,00293741,Obec Vedrovice,obec,1,2,1830000,76000,1906000,1,13002635,aggregate_candidate_needs_confirmation,,,,,https://monitor.statnipokladna.gov.cz/api/ukazatele?ic=00293741&obdobi=2512
2025,,single_school,founder:00293784,00293784,Městys Višňové,obec,1,1,3653195,0,3653195,1,28922902,aggregate_candidate_needs_confirmation,,,,,https://monitor.statnipokladna.gov.cz/api/ukazatele?ic=00293784&obdobi=2512
2025,,single_school,founder:00293831,00293831,Obec Vrbovec,obec,1,2,6165000,0,6165000,1,42731536,aggregate_candidate_needs_confirmation,,,,,https://monitor.statnipokladna.gov.cz/api/ukazatele?ic=00293831&obdobi=2512
2025,,single_school,founder:00294004,00294004,Městys Bohdalov,obec,1,1,3355000,0,3355000,1,25239122,aggregate_candidate_needs_confirmation,,,,,https://monitor.statnipokladna.gov.cz/api/ukazatele?ic=00294004&obdobi=2512
2025,,single_school,founder:00294021,00294021,Obec Borač,obec,1,1,451000,0,451000,1,2722212,aggregate_candidate_needs_confirmation,,,,,https://monitor.statnipokladna.gov.cz/api/ukazatele?ic=00294021&obdobi=2512
2025,,single_school,founder:00294055,00294055,Obec Bory,obec,1,1,2400000,0,2400000,1,24277441,aggregate_candidate_needs_confirmation,,,,,https://monitor.statnipokladna.gov.cz/api/ukazatele?ic=00294055&obdobi=2512
2025,,single_school,founder:00294179,00294179,Obec Dalečín,obec,1,1,950000,0,950000,1,7244988,aggregate_candidate_needs_confirmation,,,,,https://monitor.statnipokladna.gov.cz/api/ukazatele?ic=00294179&obdobi=2512
2025,,single_school,founder:00294233,00294233,Obec Dolní Rožínka,obec,1,1,2682735,0,2682735,1,20090461,aggregate_candidate_needs_confirmation,,,,,https://monitor.statnipokladna.gov.cz/api/ukazatele?ic=00294233&obdobi=2512
2025,,single_school,founder:00294241,00294241,Obec Dolní Loučky,obec,1,1,3980000,0,3980000,1,42194181,aggregate_candidate_needs_confirmation,,,,,https://monitor.statnipokladna.gov.cz/api/ukazatele?ic=00294241&obdobi=2512
2025,,single_school,founder:00294268,00294268,Městys Doubravník,obec,1,1,1550000,0,1550000,1,16850086,aggregate_candidate_needs_confirmation,,,,,https://monitor.statnipokladna.gov.cz/api/ukazatele?ic=00294268&obdobi=2512
2025,,single_school,founder:00294284,00294284,Obec Fryšava pod Žákovou horou,obec,1,1,673586,0,673586,1,4401083,aggregate_candidate_needs_confirmation,,,,,https://monitor.statnipokladna.gov.cz/api/ukazatele?ic=00294284&obdobi=2512
2025,,single_school,founder:00294306,00294306,Obec Herálec,obec,1,1,2500000,0,2500000,1,24745450,aggregate_candidate_needs_confirmation,,,,,https://monitor.statnipokladna.gov.cz/api/ukazatele?ic=00294306&obdobi=2512
2025,,single_school,founder:00294471,00294471,Městys Jimramov,obec,1,1,1700000,0,1700000,1,21384079,aggregate_candidate_needs_confirmation,,,,,https://monitor.statnipokladna.gov.cz/api/ukazatele?ic=00294471&obdobi=2512
2025,,single_school,founder:00294616,00294616,Městys Křižanov,obec,1,1,5096708,0,5096708,1,41849532,aggregate_candidate_needs_confirmation,,,,,https://monitor.statnipokladna.gov.cz/api/ukazatele?ic=00294616&obdobi=2512
2025,,single_school,founder:00294829,00294829,Obec Moravec,obec,1,1,1000000,0,1000000,1,9614451,aggregate_candidate_needs_confirmation,,,,,https://monitor.statnipokladna.gov.cz/api/ukazatele?ic=00294829&obdobi=2512
2025,,single_school,founder:00294845,00294845,Městys Nedvědice,obec,1,1,4127840,0,4127840,1,31104665,aggregate_candidate_needs_confirmation,,,,,https://monitor.statnipokladna.gov.cz/api/ukazatele?ic=00294845&obdobi=2512
2025,,single_school,founder:00294926,00294926,Městys Nové Veselí,obec,1,1,3069030,0,3069030,1,35069024,aggregate_candidate_needs_confirmation,,,,,https://monitor.statnipokladna.gov.cz/api/ukazatele?ic=00294926&obdobi=2512
2025,,single_school,founder:00294977,00294977,Obec Olší,obec,1,1,660000,0,660000,1,6990403,aggregate_candidate_needs_confirmation,,,,,https://monitor.statnipokladna.gov.cz/api/ukazatele?ic=00294977&obdobi=2512
2025,,single_school,founder:00295167,00295167,Obec Prosetín,obec,1,1,980000,0,980000,1,6558737,aggregate_candidate_needs_confirmation,,,,,https://monitor.statnipokladna.gov.cz/api/ukazatele?ic=00295167&obdobi=2512
2025,,single_school,founder:00295205,00295205,Obec Radešínská Svratka,obec,1,1,850000,0,850000,1,6780141,aggregate_candidate_needs_confirmation,,,,,https://monitor.statnipokladna.gov.cz/api/ukazatele?ic=00295205&obdobi=2512
2025,,single_school,founder:00295248,00295248,Obec Radostín nad Oslavou,obec,1,2,3606000,0,3606000,1,33868679,aggregate_candidate_needs_confirmation,,,,,https://monitor.statnipokladna.gov.cz/api/ukazatele?ic=00295248&obdobi=2512
2025,,single_school,founder:00295281,00295281,Obec Rovečné,obec,1,1,3734640,0,3734640,1,11320437,aggregate_candidate_needs_confirmation,,,,,https://monitor.statnipokladna.gov.cz/api/ukazatele?ic=00295281&obdobi=2512
2025,,single_school,founder:00295329,00295329,Obec Rožná,obec,1,1,1475000,0,1475000,1,11745528,aggregate_candidate_needs_confirmation,,,,,https://monitor.statnipokladna.gov.cz/api/ukazatele?ic=00295329&obdobi=2512
2025,,single_school,founder:00295353,00295353,Obec Řečice,obec,1,1,1000000,0,1000000,1,7323357,aggregate_candidate_needs_confirmation,,,,,https://monitor.statnipokladna.gov.cz/api/ukazatele?ic=00295353&obdobi=2512
2025,,single_school,founder:00295451,00295451,Městys Sněžné,obec,1,1,3000000,0,3000000,1,20812108,aggregate_candidate_needs_confirmation,,,,,https://monitor.statnipokladna.gov.cz/api/ukazatele?ic=00295451&obdobi=2512
2025,,single_school,founder:00295493,00295493,Městys Strážek,obec,1,1,2868340,0,2868340,1,20753600,aggregate_candidate_needs_confirmation,,,,,https://monitor.statnipokladna.gov.cz/api/ukazatele?ic=00295493&obdobi=2512
2025,,single_school,founder:00295531,00295531,Obec Svratka,obec,1,1,4284411,0,4284411,1,27141860,aggregate_candidate_needs_confirmation,,,,,https://monitor.statnipokladna.gov.cz/api/ukazatele?ic=00295531&obdobi=2512
2025,,single_school,founder:00295540,00295540,Obec Škrdlovice,obec,1,2,1021700,100000,1121700,1,7668513,aggregate_candidate_needs_confirmation,,,,,https://monitor.statnipokladna.gov.cz/api/ukazatele?ic=00295540&obdobi=2512
2025,,single_school,founder:00295558,00295558,Obec Štěpánov nad Svratkou,obec,1,1,2617416,0,2617416,1,26163486,aggregate_candidate_needs_confirmation,,,,,https://monitor.statnipokladna.gov.cz/api/ukazatele?ic=00295558&obdobi=2512
2025,,single_school,founder:00295621,00295621,Obec Věcov,obec,1,1,564000,0,564000,1,5186115,aggregate_candidate_needs_confirmation,,,,,https://monitor.statnipokladna.gov.cz/api/ukazatele?ic=00295621&obdobi=2512
2025,,single_school,founder:00295655,00295655,Obec Velká Losenice,obec,1,1,3307132,0,3307132,1,27662701,aggregate_candidate_needs_confirmation,,,,,https://monitor.statnipokladna.gov.cz/api/ukazatele?ic=00295655&obdobi=2512
2025,,single_school,founder:00295736,00295736,Obec Vidonín,obec,1,2,438000,50000,488000,1,4294916,aggregate_candidate_needs_confirmation,,,,,https://monitor.statnipokladna.gov.cz/api/ukazatele?ic=00295736&obdobi=2512
2025,,single_school,founder:00295744,00295744,Obec Vír,obec,1,1,1250000,0,1250000,1,11065420,aggregate_candidate_needs_confirmation,,,,,https://monitor.statnipokladna.gov.cz/api/ukazatele?ic=00295744&obdobi=2512
2025,,single_school,founder:00295833,00295833,Obec Žďárec,obec,1,1,2000000,0,2000000,1,18856575,aggregate_candidate_needs_confirmation,,,,,https://monitor.statnipokladna.gov.cz/api/ukazatele?ic=00295833&obdobi=2512
2025,,single_school,founder:00295884,00295884,Obec Brantice,obec,1,1,5543710,0,5543710,1,20655729,aggregate_candidate_needs_confirmation,,,,,https://monitor.statnipokladna.gov.cz/api/ukazatele?ic=00295884&obdobi=2512
2025,,single_school,founder:00295931,00295931,Obec Dětřichov nad Bystřicí,obec,1,1,1150000,0,1150000,1,6316567,aggregate_candidate_needs_confirmation,,,,,https://monitor.statnipokladna.gov.cz/api/ukazatele?ic=00295931&obdobi=2512
2025,,single_school,founder:00295957,00295957,Obec Dolní Moravice,obec,1,1,572000,0,572000,1,6034667,aggregate_candidate_needs_confirmation,,,,,https://monitor.statnipokladna.gov.cz/api/ukazatele?ic=00295957&obdobi=2512
2025,,single_school,founder:00295973,00295973,Obec Dvorce,obec,1,1,4718400,0,4718400,1,25927634,aggregate_candidate_needs_confirmation,,,,,https://monitor.statnipokladna.gov.cz/api/ukazatele?ic=00295973&obdobi=2512
2025,,single_school,founder:00295990,00295990,Obec Holčovice,obec,1,1,2727997,0,2727997,1,14740244,aggregate_candidate_needs_confirmation,,,,,https://monitor.statnipokladna.gov.cz/api/ukazatele?ic=00295990&obdobi=2512
2025,,single_school,founder:00296007,00296007,Město Horní Benešov,obec,1,2,8505000,15000000,23505000,1,40794336,aggregate_candidate_needs_confirmation,,,,,https://monitor.statnipokladna.gov.cz/api/ukazatele?ic=00296007&obdobi=2512
2025,,single_school,founder:00296015,00296015,Obec Horní Město,obec,1,1,1874000,0,1874000,1,13435888,aggregate_candidate_needs_confirmation,,,,,https://monitor.statnipokladna.gov.cz/api/ukazatele?ic=00296015&obdobi=2512
2025,,single_school,founder:00296031,00296031,Obec Hošťálkovy,obec,1,1,1037000,0,1037000,1,7088571,aggregate_candidate_needs_confirmation,,,,,https://monitor.statnipokladna.gov.cz/api/ukazatele?ic=00296031&obdobi=2512
2025,,single_school,founder:00296040,00296040,Obec Huzová,obec,1,1,1285756,0,1285756,1,7042742,aggregate_candidate_needs_confirmation,,,,,https://monitor.statnipokladna.gov.cz/api/ukazatele?ic=00296040&obdobi=2512
2025,,single_school,founder:00296074,00296074,Obec Jindřichov,obec,1,1,2884000,0,2884000,1,24422843,aggregate_candidate_needs_confirmation,,,,,https://monitor.statnipokladna.gov.cz/api/ukazatele?ic=00296074&obdobi=2512
2025,,single_school,founder:00296104,00296104,Obec Karlova Studánka,obec,1,1,865000,0,865000,1,6603794,aggregate_candidate_needs_confirmation,,,,,https://monitor.statnipokladna.gov.cz/api/ukazatele?ic=00296104&obdobi=2512
2025,,single_school,founder:00296112,00296112,Obec Karlovice,obec,1,1,3000000,0,3000000,1,22176074,aggregate_candidate_needs_confirmation,,,,,https://monitor.statnipokladna.gov.cz/api/ukazatele?ic=00296112&obdobi=2512
2025,,single_school,founder:00296163,00296163,Obec Lichnov,obec,1,2,4574603,517799,5092402,1,24354650,aggregate_candidate_needs_confirmation,,,,,https://monitor.statnipokladna.gov.cz/api/ukazatele?ic=00296163&obdobi=2512
2025,,single_school,founder:00296180,00296180,Obec Liptaň,obec,1,1,550000,0,550000,1,3209566,aggregate_candidate_needs_confirmation,,,,,https://monitor.statnipokladna.gov.cz/api/ukazatele?ic=00296180&obdobi=2512
2025,,single_school,founder:00296198,00296198,Obec Lomnice,obec,1,1,1124500,0,1124500,1,7259908,aggregate_candidate_needs_confirmation,,,,,https://monitor.statnipokladna.gov.cz/api/ukazatele?ic=00296198&obdobi=2512
2025,,single_school,founder:00296279,00296279,Obec Osoblaha,obec,1,2,3025258,90000,3115258,1,26670636,aggregate_candidate_needs_confirmation,,,,,https://monitor.statnipokladna.gov.cz/api/ukazatele?ic=00296279&obdobi=2512
2025,,single_school,founder:00296287,00296287,Obec Razová,obec,1,1,2386880,0,2386880,1,11442926,aggregate_candidate_needs_confirmation,,,,,https://monitor.statnipokladna.gov.cz/api/ukazatele?ic=00296287&obdobi=2512
2025,,single_school,founder:00296325,00296325,Obec Ryžoviště,obec,1,1,1300000,0,1300000,1,8062832,aggregate_candidate_needs_confirmation,,,,,https://monitor.statnipokladna.gov.cz/api/ukazatele?ic=00296325&obdobi=2512
2025,,single_school,founder:00296333,00296333,Obec Slezské Rudoltice,obec,1,1,899000,0,899000,1,6786036,aggregate_candidate_needs_confirmation,,,,,https://monitor.statnipokladna.gov.cz/api/ukazatele?ic=00296333&obdobi=2512
2025,,single_school,founder:00296384,00296384,Obec Svobodné Heřmanice,obec,1,2,874460,50000,924460,1,4323136,aggregate_candidate_needs_confirmation,,,,,https://monitor.statnipokladna.gov.cz/api/ukazatele?ic=00296384&obdobi=2512
2025,,single_school,founder:00296392,00296392,Obec Světlá Hora,obec,1,1,1200000,0,1200000,1,5770878,aggregate_candidate_needs_confirmation,,,,,https://monitor.statnipokladna.gov.cz/api/ukazatele?ic=00296392&obdobi=2512
2025,,single_school,founder:00296406,00296406,Obec Široká Niva,obec,1,1,550000,0,550000,1,4559944,aggregate_candidate_needs_confirmation,,,,,https://monitor.statnipokladna.gov.cz/api/ukazatele?ic=00296406&obdobi=2512
2025,,single_school,founder:00296414,00296414,Obec Třemešná,obec,1,1,2306283,0,2306283,1,17441669,aggregate_candidate_needs_confirmation,,,,,https://monitor.statnipokladna.gov.cz/api/ukazatele?ic=00296414&obdobi=2512
2025,,single_school,founder:00296422,00296422,Obec Úvalno,obec,1,1,1320000,0,1320000,1,12328128,aggregate_candidate_needs_confirmation,,,,,https://monitor.statnipokladna.gov.cz/api/ukazatele?ic=00296422&obdobi=2512
2025,,single_school,founder:00296473,00296473,Obec Zátor,obec,1,1,7198407,0,7198407,1,38422812,aggregate_candidate_needs_confirmation,,,,,https://monitor.statnipokladna.gov.cz/api/ukazatele?ic=00296473&obdobi=2512
2025,,single_school,founder:00296511,00296511,Obec Baška,obec,1,1,6266543,0,6266543,1,51334704,aggregate_candidate_needs_confirmation,,,,,https://monitor.statnipokladna.gov.cz/api/ukazatele?ic=00296511&obdobi=2512
2025,,single_school,founder:00296546,00296546,Obec Bruzovice,obec,1,1,1000000,0,1000000,1,10040758,aggregate_candidate_needs_confirmation,,,,,https://monitor.statnipokladna.gov.cz/api/ukazatele?ic=00296546&obdobi=2512
2025,,single_school,founder:00296686,00296686,Obec Horní Bludovice,obec,1,1,1971000,0,1971000,1,12023326,aggregate_candidate_needs_confirmation,,,,,https://monitor.statnipokladna.gov.cz/api/ukazatele?ic=00296686&obdobi=2512
2025,,single_school,founder:00296821,00296821,Obec Kozlovice,obec,1,1,6000000,0,6000000,1,52578583,aggregate_candidate_needs_confirmation,,,,,https://monitor.statnipokladna.gov.cz/api/ukazatele?ic=00296821&obdobi=2512
2025,,single_school,founder:00296856,00296856,Obec Kunčice pod Ondřejníkem,obec,1,1,5800000,0,5800000,1,39346434,aggregate_candidate_needs_confirmation,,,,,https://monitor.statnipokladna.gov.cz/api/ukazatele?ic=00296856&obdobi=2512
2025,,single_school,founder:00296864,00296864,Obec Lhotka,obec,1,1,530000,0,530000,1,3434827,aggregate_candidate_needs_confirmation,,,,,https://monitor.statnipokladna.gov.cz/api/ukazatele?ic=00296864&obdobi=2512
2025,,single_school,founder:00296899,00296899,Obec Lučina,obec,1,1,2287000,0,2287000,1,17995226,aggregate_candidate_needs_confirmation,,,,,https://monitor.statnipokladna.gov.cz/api/ukazatele?ic=00296899&obdobi=2512
2025,,single_school,founder:00296945,00296945,Obec Morávka,obec,1,1,3990000,0,3990000,1,25946177,aggregate_candidate_needs_confirmation,,,,,https://monitor.statnipokladna.gov.cz/api/ukazatele?ic=00296945&obdobi=2512
2025,,single_school,founder:00297046,00297046,Obec Ostravice,obec,1,2,4200000,2000000,6200000,1,29449846,aggregate_candidate_needs_confirmation,,,,,https://monitor.statnipokladna.gov.cz/api/ukazatele?ic=00297046&obdobi=2512
2025,,single_school,founder:00297054,00297054,Obec Palkovice,obec,1,1,4900000,0,4900000,1,46399037,aggregate_candidate_needs_confirmation,,,,,https://monitor.statnipokladna.gov.cz/api/ukazatele?ic=00297054&obdobi=2512
2025,,single_school,founder:00297178,00297178,Obec Sedliště,obec,1,1,3000000,0,3000000,1,35074876,aggregate_candidate_needs_confirmation,,,,,https://monitor.statnipokladna.gov.cz/api/ukazatele?ic=00297178&obdobi=2512
2025,,single_school,founder:00297194,00297194,Obec Hukvaldy,obec,1,1,6095000,0,6095000,1,39785843,aggregate_candidate_needs_confirmation,,,,,https://monitor.statnipokladna.gov.cz/api/ukazatele?ic=00297194&obdobi=2512
2025,,single_school,founder:00297232,00297232,Obec Stará Ves nad Ondřejnicí,obec,1,1,4500000,0,4500000,1,37625734,aggregate_candidate_needs_confirmation,,,,,https://monitor.statnipokladna.gov.cz/api/ukazatele?ic=00297232&obdobi=2512
2025,,single_school,founder:00297241,00297241,Obec Staré Hamry,obec,1,1,2248924,0,2248924,1,5253433,aggregate_candidate_needs_confirmation,,,,,https://monitor.statnipokladna.gov.cz/api/ukazatele?ic=00297241&obdobi=2512
2025,,single_school,founder:00297330,00297330,Obec Václavovice,obec,1,1,3548842,0,3548842,1,23653095,aggregate_candidate_needs_confirmation,,,,,https://monitor.statnipokladna.gov.cz/api/ukazatele?ic=00297330&obdobi=2512
2025,,single_school,founder:00297445,00297445,Obec Dětmarovice,obec,1,1,8300000,0,8300000,1,40385684,aggregate_candidate_needs_confirmation,,,,,https://monitor.statnipokladna.gov.cz/api/ukazatele?ic=00297445&obdobi=2512
2025,,single_school,founder:00297585,00297585,Obec Petrovice u Karviné,obec,1,1,10900000,0,10900000,1,59069605,aggregate_candidate_needs_confirmation,,,,,https://monitor.statnipokladna.gov.cz/api/ukazatele?ic=00297585&obdobi=2512
2025,,single_school,founder:00297658,00297658,Obec Stonava,obec,1,2,9441000,180000,9621000,1,39138052,aggregate_candidate_needs_confirmation,,,,,https://monitor.statnipokladna.gov.cz/api/ukazatele?ic=00297658&obdobi=2512
2025,,single_school,founder:00297917,00297917,Obec Hodslavice,obec,1,1,4050000,0,4050000,1,30752763,aggregate_candidate_needs_confirmation,,,,,https://monitor.statnipokladna.gov.cz/api/ukazatele?ic=00297917&obdobi=2512
2025,,single_school,founder:00297976,00297976,Obec Jeseník nad Odrou,obec,1,1,1377900,0,1377900,1,14555318,aggregate_candidate_needs_confirmation,,,,,https://monitor.statnipokladna.gov.cz/api/ukazatele?ic=00297976&obdobi=2512
2025,,single_school,founder:00298115,00298115,Obec Lichnov,obec,1,1,3000000,0,3000000,1,31159740,aggregate_candidate_needs_confirmation,,,,,https://monitor.statnipokladna.gov.cz/api/ukazatele?ic=00298115&obdobi=2512
2025,,single_school,founder:00298191,00298191,Obec Mořkov,obec,1,1,4537000,0,4537000,1,34121096,aggregate_candidate_needs_confirmation,,,,,https://monitor.statnipokladna.gov.cz/api/ukazatele?ic=00298191&obdobi=2512
2025,,single_school,founder:00298263,00298263,Obec Petřvald,obec,1,2,3500000,200000,3700000,1,35981032,aggregate_candidate_needs_confirmation,,,,,https://monitor.statnipokladna.gov.cz/api/ukazatele?ic=00298263&obdobi=2512
2025,,single_school,founder:00298352,00298352,Obec Sedlnice,obec,1,2,4478340,0,4478340,1,26554904,aggregate_candidate_needs_confirmation,,,,,https://monitor.statnipokladna.gov.cz/api/ukazatele?ic=00298352&obdobi=2512
2025,,single_school,founder:00298387,00298387,Městys Spálov,obec,1,1,4000000,0,4000000,1,33930802,aggregate_candidate_needs_confirmation,,,,,https://monitor.statnipokladna.gov.cz/api/ukazatele?ic=00298387&obdobi=2512
2025,,single_school,founder:00298450,00298450,Městys Suchdol nad Odrou,obec,1,2,6857500,78500,6936000,1,48215760,aggregate_candidate_needs_confirmation,,,,,https://monitor.statnipokladna.gov.cz/api/ukazatele?ic=00298450&obdobi=2512
2025,,single_school,founder:00298468,00298468,Město Štramberk,obec,1,2,5827054,0,5827054,1,43061054,aggregate_candidate_needs_confirmation,,,,,https://monitor.statnipokladna.gov.cz/api/ukazatele?ic=00298468&obdobi=2512
2025,,single_school,founder:00298476,00298476,Obec Tichá,obec,1,2,2402453,120000,2522453,1,17746528,aggregate_candidate_needs_confirmation,,,,,https://monitor.statnipokladna.gov.cz/api/ukazatele?ic=00298476&obdobi=2512
2025,,single_school,founder:00298484,00298484,Obec Tísek,obec,1,2,2472285,402699,2874984,1,11545485,aggregate_candidate_needs_confirmation,,,,,https://monitor.statnipokladna.gov.cz/api/ukazatele?ic=00298484&obdobi=2512
2025,,single_school,founder:00298514,00298514,Obec Trojanovice,obec,1,1,3740600,0,3740600,1,27533519,aggregate_candidate_needs_confirmation,,,,,https://monitor.statnipokladna.gov.cz/api/ukazatele?ic=00298514&obdobi=2512
2025,,single_school,founder:00298531,00298531,Obec Veřovice,obec,1,1,3250000,0,3250000,1,26115481,aggregate_candidate_needs_confirmation,,,,,https://monitor.statnipokladna.gov.cz/api/ukazatele?ic=00298531&obdobi=2512
2025,,single_school,founder:00298581,00298581,Obec Vřesina,obec,1,1,4000000,0,4000000,1,21597717,aggregate_candidate_needs_confirmation,,,,,https://monitor.statnipokladna.gov.cz/api/ukazatele?ic=00298581&obdobi=2512
2025,,single_school,founder:00298654,00298654,Obec Bělkovice-Lašťany,obec,1,1,2925000,0,2925000,1,23264482,aggregate_candidate_needs_confirmation,,,,,https://monitor.statnipokladna.gov.cz/api/ukazatele?ic=00298654&obdobi=2512
2025,,single_school,founder:00298697,00298697,Obec Bohuňovice,obec,1,1,7200000,0,7200000,1,51561644,aggregate_candidate_needs_confirmation,,,,,https://monitor.statnipokladna.gov.cz/api/ukazatele?ic=00298697&obdobi=2512
2025,,single_school,founder:00298719,00298719,Obec Bouzov,obec,1,1,3200000,0,3200000,1,17451631,aggregate_candidate_needs_confirmation,,,,,https://monitor.statnipokladna.gov.cz/api/ukazatele?ic=00298719&obdobi=2512
2025,,single_school,founder:00298735,00298735,Obec Bystročice,obec,1,1,780000,0,780000,1,8277130,aggregate_candidate_needs_confirmation,,,,,https://monitor.statnipokladna.gov.cz/api/ukazatele?ic=00298735&obdobi=2512
2025,,single_school,founder:00298808,00298808,Obec Dolany,obec,1,1,4400000,0,4400000,1,52846389,aggregate_candidate_needs_confirmation,,,,,https://monitor.statnipokladna.gov.cz/api/ukazatele?ic=00298808&obdobi=2512
2025,,single_school,founder:00298824,00298824,Obec Domašov nad Bystřicí,obec,1,1,685997,0,685997,1,2661872,aggregate_candidate_needs_confirmation,,,,,https://monitor.statnipokladna.gov.cz/api/ukazatele?ic=00298824&obdobi=2512
2025,,single_school,founder:00298841,00298841,Obec Drahanovice,obec,1,1,2220000,0,2220000,1,16769978,aggregate_candidate_needs_confirmation,,,,,https://monitor.statnipokladna.gov.cz/api/ukazatele?ic=00298841&obdobi=2512
2025,,single_school,founder:00298867,00298867,Městys Dub nad Moravou,obec,1,2,4891932,1708068,6600000,1,43565865,aggregate_candidate_needs_confirmation,,,,,https://monitor.statnipokladna.gov.cz/api/ukazatele?ic=00298867&obdobi=2512
2025,,single_school,founder:00298875,00298875,Obec Grygov,obec,1,1,1917000,0,1917000,1,16812687,aggregate_candidate_needs_confirmation,,,,,https://monitor.statnipokladna.gov.cz/api/ukazatele?ic=00298875&obdobi=2512
2025,,single_school,founder:00298913,00298913,Obec Hněvotín,obec,1,1,6230940,0,6230940,1,33351151,aggregate_candidate_needs_confirmation,,,,,https://monitor.statnipokladna.gov.cz/api/ukazatele?ic=00298913&obdobi=2512
2025,,single_school,founder:00298921,00298921,Obec Hnojice,obec,1,1,379500,0,379500,1,2311466,aggregate_candidate_needs_confirmation,,,,,https://monitor.statnipokladna.gov.cz/api/ukazatele?ic=00298921&obdobi=2512
2025,,single_school,founder:00298948,00298948,Obec Horka nad Moravou,obec,1,1,7000000,0,7000000,1,62015361,aggregate_candidate_needs_confirmation,,,,,https://monitor.statnipokladna.gov.cz/api/ukazatele?ic=00298948&obdobi=2512
2025,,single_school,founder:00299006,00299006,Obec Cholina,obec,1,1,2000000,0,2000000,1,12187736,aggregate_candidate_needs_confirmation,,,,,https://monitor.statnipokladna.gov.cz/api/ukazatele?ic=00299006&obdobi=2512
2025,,single_school,founder:00299031,00299031,Obec Jívová,obec,1,2,1200000,30000,1230000,1,8695833,aggregate_candidate_needs_confirmation,,,,,https://monitor.statnipokladna.gov.cz/api/ukazatele?ic=00299031&obdobi=2512
2025,,single_school,founder:00299065,00299065,Obec Kožušany-Tážaly,obec,1,1,843200,0,843200,1,10058145,aggregate_candidate_needs_confirmation,,,,,https://monitor.statnipokladna.gov.cz/api/ukazatele?ic=00299065&obdobi=2512
2025,,single_school,founder:00299171,00299171,Obec Luká,obec,1,1,3000000,0,3000000,1,20286871,aggregate_candidate_needs_confirmation,,,,,https://monitor.statnipokladna.gov.cz/api/ukazatele?ic=00299171&obdobi=2512
2025,,single_school,founder:00299189,00299189,Obec Lutín,obec,1,2,9100996,215020,9316016,1,56479614,aggregate_candidate_needs_confirmation,,,,,https://monitor.statnipokladna.gov.cz/api/ukazatele?ic=00299189&obdobi=2512
2025,,single_school,founder:00299197,00299197,Obec Majetín,obec,1,1,1500000,0,1500000,1,11429371,aggregate_candidate_needs_confirmation,,,,,https://monitor.statnipokladna.gov.cz/api/ukazatele?ic=00299197&obdobi=2512
2025,,single_school,founder:00299251,00299251,Obec Náklo,obec,1,1,3800000,0,3800000,1,30613692,aggregate_candidate_needs_confirmation,,,,,https://monitor.statnipokladna.gov.cz/api/ukazatele?ic=00299251&obdobi=2512
2025,,single_school,founder:00299260,00299260,Městys Náměšť na Hané,obec,1,3,5522500,0,5522500,1,41661890,aggregate_candidate_needs_confirmation,,,,,https://monitor.statnipokladna.gov.cz/api/ukazatele?ic=00299260&obdobi=2512
2025,,single_school,founder:00299421,00299421,Obec Senice na Hané,obec,1,1,3156829,0,3156829,1,32604949,aggregate_candidate_needs_confirmation,,,,,https://monitor.statnipokladna.gov.cz/api/ukazatele?ic=00299421&obdobi=2512
2025,,single_school,founder:00299456,00299456,Obec Slatinice,obec,1,1,2800000,0,2800000,1,30979693,aggregate_candidate_needs_confirmation,,,,,https://monitor.statnipokladna.gov.cz/api/ukazatele?ic=00299456&obdobi=2512
2025,,single_school,founder:00299545,00299545,Obec Těšetice,obec,1,2,3984331,74065,4058396,1,30120096,aggregate_candidate_needs_confirmation,,,,,https://monitor.statnipokladna.gov.cz/api/ukazatele?ic=00299545&obdobi=2512
2025,,single_school,founder:00299588,00299588,Obec Tršice,obec,1,1,2800000,0,2800000,1,29155326,aggregate_candidate_needs_confirmation,,,,,https://monitor.statnipokladna.gov.cz/api/ukazatele?ic=00299588&obdobi=2512
2025,,single_school,founder:00299618,00299618,Obec Újezd,obec,1,2,2339274,43378,2382652,1,28647670,aggregate_candidate_needs_confirmation,,,,,https://monitor.statnipokladna.gov.cz/api/ukazatele?ic=00299618&obdobi=2512
2025,,single_school,founder:00299651,00299651,Město Velká Bystřice,obec,1,2,7543500,0,7543500,1,68432437,aggregate_candidate_needs_confirmation,,,,,https://monitor.statnipokladna.gov.cz/api/ukazatele?ic=00299651&obdobi=2512
2025,,single_school,founder:00299677,00299677,Městys Velký Újezd,obec,1,2,859107,432538,1291645,1,36206783,aggregate_candidate_needs_confirmation,,,,,https://monitor.statnipokladna.gov.cz/api/ukazatele?ic=00299677&obdobi=2512
2025,,single_school,founder:00299758,00299758,Obec Žerotín,obec,1,1,1141000,0,1141000,1,8179890,aggregate_candidate_needs_confirmation,,,,,https://monitor.statnipokladna.gov.cz/api/ukazatele?ic=00299758&obdobi=2512
2025,,single_school,founder:00299839,00299839,Obec Bohuslavice,obec,1,1,4000000,0,4000000,1,38487318,aggregate_candidate_needs_confirmation,,,,,https://monitor.statnipokladna.gov.cz/api/ukazatele?ic=00299839&obdobi=2512
2025,,single_school,founder:00299847,00299847,Obec Bolatice,obec,1,1,7601109,0,7601109,1,56430921,aggregate_candidate_needs_confirmation,,,,,https://monitor.statnipokladna.gov.cz/api/ukazatele?ic=00299847&obdobi=2512
2025,,single_school,founder:00299871,00299871,Obec Brumovice,obec,1,1,2524520,0,2524520,1,14548664,aggregate_candidate_needs_confirmation,,,,,https://monitor.statnipokladna.gov.cz/api/ukazatele?ic=00299871&obdobi=2512
2025,,single_school,founder:00299880,00299880,Obec Březová,obec,1,2,5103000,3212406,8315406,1,32245141,aggregate_candidate_needs_confirmation,,,,,https://monitor.statnipokladna.gov.cz/api/ukazatele?ic=00299880&obdobi=2512
2025,,single_school,founder:00300071,00300071,Obec Hněvošice,obec,1,1,1500000,0,1500000,1,10300848,aggregate_candidate_needs_confirmation,,,,,https://monitor.statnipokladna.gov.cz/api/ukazatele?ic=00300071&obdobi=2512
2025,,single_school,founder:00300080,00300080,Obec Holasovice,obec,1,1,1400000,0,1400000,1,7989606,aggregate_candidate_needs_confirmation,,,,,https://monitor.statnipokladna.gov.cz/api/ukazatele?ic=00300080&obdobi=2512
2025,,single_school,founder:00300136,00300136,Obec Hrabyně,obec,1,1,2083500,0,2083500,1,12777808,aggregate_candidate_needs_confirmation,,,,,https://monitor.statnipokladna.gov.cz/api/ukazatele?ic=00300136&obdobi=2512
2025,,single_school,founder:00300161,00300161,Obec Chuchelná,obec,1,1,2750000,0,2750000,1,26727379,aggregate_candidate_needs_confirmation,,,,,https://monitor.statnipokladna.gov.cz/api/ukazatele?ic=00300161&obdobi=2512
2025,,single_school,founder:00300187,00300187,Obec Jakartovice,obec,1,1,865000,0,865000,1,5729955,aggregate_candidate_needs_confirmation,,,,,https://monitor.statnipokladna.gov.cz/api/ukazatele?ic=00300187&obdobi=2512
2025,,single_school,founder:00300241,00300241,Obec Kobeřice,obec,1,1,8215000,0,8215000,1,49863372,aggregate_candidate_needs_confirmation,,,,,https://monitor.statnipokladna.gov.cz/api/ukazatele?ic=00300241&obdobi=2512
2025,,single_school,founder:00300390,00300390,Obec Ludgeřovice,obec,1,2,11500000,266379,11766379,1,72370314,aggregate_candidate_needs_confirmation,,,,,https://monitor.statnipokladna.gov.cz/api/ukazatele?ic=00300390&obdobi=2512
2025,,single_school,founder:00300420,00300420,Obec Melč,obec,1,1,4766380,0,4766380,1,37215231,aggregate_candidate_needs_confirmation,,,,,https://monitor.statnipokladna.gov.cz/api/ukazatele?ic=00300420&obdobi=2512
2025,,single_school,founder:00300543,00300543,Obec Otice,obec,1,1,2200000,0,2200000,1,18400899,aggregate_candidate_needs_confirmation,,,,,https://monitor.statnipokladna.gov.cz/api/ukazatele?ic=00300543&obdobi=2512
2025,,single_school,founder:00300560,00300560,Obec Píšť,obec,1,1,3367279,0,3367279,1,30048194,aggregate_candidate_needs_confirmation,,,,,https://monitor.statnipokladna.gov.cz/api/ukazatele?ic=00300560&obdobi=2512
2025,,single_school,founder:00300608,00300608,Obec Pustá Polom,obec,1,1,3159000,0,3159000,1,37564803,aggregate_candidate_needs_confirmation,,,,,https://monitor.statnipokladna.gov.cz/api/ukazatele?ic=00300608&obdobi=2512
2025,,single_school,founder:00300624,00300624,Obec Raduň,obec,1,1,6574000,0,6574000,1,40874208,aggregate_candidate_needs_confirmation,,,,,https://monitor.statnipokladna.gov.cz/api/ukazatele?ic=00300624&obdobi=2512
2025,,single_school,founder:00300659,00300659,Obec Skřipov,obec,1,2,3318136,130000,3448136,1,26022670,aggregate_candidate_needs_confirmation,,,,,https://monitor.statnipokladna.gov.cz/api/ukazatele?ic=00300659&obdobi=2512
2025,,single_school,founder:00300667,00300667,Obec Slavkov,obec,1,4,5017605,1480241,6497846,1,34996738,aggregate_candidate_needs_confirmation,,,,,https://monitor.statnipokladna.gov.cz/api/ukazatele?ic=00300667&obdobi=2512
2025,,single_school,founder:00300675,00300675,Obec Služovice,obec,1,1,1000000,0,1000000,1,7483011,aggregate_candidate_needs_confirmation,,,,,https://monitor.statnipokladna.gov.cz/api/ukazatele?ic=00300675&obdobi=2512
2025,,single_school,founder:00300713,00300713,Obec Sudice,obec,1,1,3261800,0,3261800,1,18603306,aggregate_candidate_needs_confirmation,,,,,https://monitor.statnipokladna.gov.cz/api/ukazatele?ic=00300713&obdobi=2512
2025,,single_school,founder:00300730,00300730,Obec Šilheřovice,obec,1,1,3000000,0,3000000,1,24301268,aggregate_candidate_needs_confirmation,,,,,https://monitor.statnipokladna.gov.cz/api/ukazatele?ic=00300730&obdobi=2512
2025,,single_school,founder:00300756,00300756,Obec Štěpánkovice,obec,1,1,4270623,0,4270623,1,40114280,aggregate_candidate_needs_confirmation,,,,,https://monitor.statnipokladna.gov.cz/api/ukazatele?ic=00300756&obdobi=2512
2025,,single_school,founder:00300764,00300764,Obec Štítina,obec,1,1,4500000,0,4500000,1,34606020,aggregate_candidate_needs_confirmation,,,,,https://monitor.statnipokladna.gov.cz/api/ukazatele?ic=00300764&obdobi=2512
2025,,single_school,founder:00300829,00300829,Obec Velká Polom,obec,1,1,4668074,0,4668074,1,48283491,aggregate_candidate_needs_confirmation,,,,,https://monitor.statnipokladna.gov.cz/api/ukazatele?ic=00300829&obdobi=2512
2025,,single_school,founder:00300837,00300837,Obec Velké Heraltice,obec,1,1,2300000,0,2300000,1,20794825,aggregate_candidate_needs_confirmation,,,,,https://monitor.statnipokladna.gov.cz/api/ukazatele?ic=00300837&obdobi=2512
2025,,single_school,founder:00301019,00301019,Obec Bělotín,obec,1,1,3300000,0,3300000,1,33811893,aggregate_candidate_needs_confirmation,,,,,https://monitor.statnipokladna.gov.cz/api/ukazatele?ic=00301019&obdobi=2512
2025,,single_school,founder:00301051,00301051,Obec Bochoř,obec,1,2,2231342,0,2231342,1,12550260,aggregate_candidate_needs_confirmation,,,,,https://monitor.statnipokladna.gov.cz/api/ukazatele?ic=00301051&obdobi=2512
2025,,single_school,founder:00301116,00301116,Obec Citov,obec,1,1,460000,0,460000,1,2914040,aggregate_candidate_needs_confirmation,,,,,https://monitor.statnipokladna.gov.cz/api/ukazatele?ic=00301116&obdobi=2512
2025,,single_school,founder:00301141,00301141,Obec Černotín,obec,1,1,1336500,0,1336500,1,6546052,aggregate_candidate_needs_confirmation,,,,,https://monitor.statnipokladna.gov.cz/api/ukazatele?ic=00301141&obdobi=2512
2025,,single_school,founder:00301264,00301264,Obec Horní Moštěnice,obec,1,1,3000000,0,3000000,1,37430662,aggregate_candidate_needs_confirmation,,,,,https://monitor.statnipokladna.gov.cz/api/ukazatele?ic=00301264&obdobi=2512
2025,,single_school,founder:00301299,00301299,Obec Hrabůvka,obec,1,2,699852,0,699852,1,2829398,aggregate_candidate_needs_confirmation,,,,,https://monitor.statnipokladna.gov.cz/api/ukazatele?ic=00301299&obdobi=2512
2025,,single_school,founder:00301345,00301345,Obec Jindřichov,obec,1,1,750000,0,750000,1,6049162,aggregate_candidate_needs_confirmation,,,,,https://monitor.statnipokladna.gov.cz/api/ukazatele?ic=00301345&obdobi=2512
2025,,single_school,founder:00301388,00301388,Obec Kokory,obec,1,1,2936900,0,2936900,1,23412319,aggregate_candidate_needs_confirmation,,,,,https://monitor.statnipokladna.gov.cz/api/ukazatele?ic=00301388&obdobi=2512
2025,,single_school,founder:00301451,00301451,Obec Lazníky,obec,1,1,1348300,0,1348300,1,5265685,aggregate_candidate_needs_confirmation,,,,,https://monitor.statnipokladna.gov.cz/api/ukazatele?ic=00301451&obdobi=2512
2025,,single_school,founder:00301523,00301523,Obec Lobodice,obec,1,2,1600000,100000,1700000,1,11022414,aggregate_candidate_needs_confirmation,,,,,https://monitor.statnipokladna.gov.cz/api/ukazatele?ic=00301523&obdobi=2512
2025,,single_school,founder:00301582,00301582,Obec Milenov,obec,1,1,500000,0,500000,1,4202987,aggregate_candidate_needs_confirmation,,,,,https://monitor.statnipokladna.gov.cz/api/ukazatele?ic=00301582&obdobi=2512
2025,,single_school,founder:00301655,00301655,Obec Opatovice,obec,1,1,860000,0,860000,1,7981345,aggregate_candidate_needs_confirmation,,,,,https://monitor.statnipokladna.gov.cz/api/ukazatele?ic=00301655&obdobi=2512
2025,,single_school,founder:00301680,00301680,Obec Osek nad Bečvou,obec,1,2,5896741,149548,6046289,1,36065643,aggregate_candidate_needs_confirmation,,,,,https://monitor.statnipokladna.gov.cz/api/ukazatele?ic=00301680&obdobi=2512
2025,,single_school,founder:00301701,00301701,Obec Partutovice,obec,1,1,1300000,0,1300000,1,6757824,aggregate_candidate_needs_confirmation,,,,,https://monitor.statnipokladna.gov.cz/api/ukazatele?ic=00301701&obdobi=2512
2025,,single_school,founder:00301710,00301710,Obec Pavlovice u Přerova,obec,1,1,1700000,0,1700000,1,20557395,aggregate_candidate_needs_confirmation,,,,,https://monitor.statnipokladna.gov.cz/api/ukazatele?ic=00301710&obdobi=2512
2025,,single_school,founder:00301752,00301752,Obec Polkovice,obec,1,1,1275000,0,1275000,1,9197384,aggregate_candidate_needs_confirmation,,,,,https://monitor.statnipokladna.gov.cz/api/ukazatele?ic=00301752&obdobi=2512
2025,,single_school,founder:00301795,00301795,Město Potštát,obec,1,1,6766269,0,6766269,1,17350123,aggregate_candidate_needs_confirmation,,,,,https://monitor.statnipokladna.gov.cz/api/ukazatele?ic=00301795&obdobi=2512
2025,,single_school,founder:00301809,00301809,Obec Prosenice,obec,1,1,1739771,0,1739771,1,13159667,aggregate_candidate_needs_confirmation,,,,,https://monitor.statnipokladna.gov.cz/api/ukazatele?ic=00301809&obdobi=2512
2025,,single_school,founder:00301884,00301884,Obec Radslavice,obec,1,1,1500000,0,1500000,1,17718248,aggregate_candidate_needs_confirmation,,,,,https://monitor.statnipokladna.gov.cz/api/ukazatele?ic=00301884&obdobi=2512
2025,,single_school,founder:00301914,00301914,Obec Rokytnice,obec,1,1,1900000,0,1900000,1,17597330,aggregate_candidate_needs_confirmation,,,,,https://monitor.statnipokladna.gov.cz/api/ukazatele?ic=00301914&obdobi=2512
2025,,single_school,founder:00301949,00301949,Obec Skalička,obec,1,1,1430004,0,1430004,1,15002844,aggregate_candidate_needs_confirmation,,,,,https://monitor.statnipokladna.gov.cz/api/ukazatele?ic=00301949&obdobi=2512
2025,,single_school,founder:00301965,00301965,Obec Soběchleby,obec,1,2,2000656,100000,2100656,1,20444090,aggregate_candidate_needs_confirmation,,,,,https://monitor.statnipokladna.gov.cz/api/ukazatele?ic=00301965&obdobi=2512
2025,,single_school,founder:00302023,00302023,Obec Střítež nad Ludinou,obec,1,2,1740520,0,1740520,1,18876185,aggregate_candidate_needs_confirmation,,,,,https://monitor.statnipokladna.gov.cz/api/ukazatele?ic=00302023&obdobi=2512
2025,,single_school,founder:00302082,00302082,Město Tovačov,obec,1,1,8500000,0,8500000,1,44930040,aggregate_candidate_needs_confirmation,,,,,https://monitor.statnipokladna.gov.cz/api/ukazatele?ic=00302082&obdobi=2512
2025,,single_school,founder:00302104,00302104,Obec Troubky,obec,1,1,4288840,0,4288840,1,29864877,aggregate_candidate_needs_confirmation,,,,,https://monitor.statnipokladna.gov.cz/api/ukazatele?ic=00302104&obdobi=2512
2025,,single_school,founder:00302198,00302198,Obec Veselíčko,obec,1,1,216644,0,216644,1,4776177,aggregate_candidate_needs_confirmation,,,,,https://monitor.statnipokladna.gov.cz/api/ukazatele?ic=00302198&obdobi=2512
2025,,single_school,founder:00302228,00302228,Obec Všechovice,obec,1,1,3476400,0,3476400,1,29244983,aggregate_candidate_needs_confirmation,,,,,https://monitor.statnipokladna.gov.cz/api/ukazatele?ic=00302228&obdobi=2512
2025,,single_school,founder:00302325,00302325,Obec Bernartice,obec,1,1,1080000,0,1080000,1,10596431,aggregate_candidate_needs_confirmation,,,,,https://monitor.statnipokladna.gov.cz/api/ukazatele?ic=00302325&obdobi=2512
2025,,single_school,founder:00302333,00302333,Obec Bělá pod Pradědem,obec,1,2,5838734,653887,6492621,1,26432382,aggregate_candidate_needs_confirmation,,,,,https://monitor.statnipokladna.gov.cz/api/ukazatele?ic=00302333&obdobi=2512
2025,,single_school,founder:00302376,00302376,Obec Bohdíkov,obec,1,1,1900000,0,1900000,1,14889498,aggregate_candidate_needs_confirmation,,,,,https://monitor.statnipokladna.gov.cz/api/ukazatele?ic=00302376&obdobi=2512
2025,,single_school,founder:00302384,00302384,Obec Bohuslavice,obec,1,1,1410000,0,1410000,1,6693981,aggregate_candidate_needs_confirmation,,,,,https://monitor.statnipokladna.gov.cz/api/ukazatele?ic=00302384&obdobi=2512
2025,,single_school,founder:00302422,00302422,Obec Brníčko,obec,1,1,806000,0,806000,1,7768116,aggregate_candidate_needs_confirmation,,,,,https://monitor.statnipokladna.gov.cz/api/ukazatele?ic=00302422&obdobi=2512
2025,,single_school,founder:00302457,00302457,Obec Bušín,obec,1,1,645000,0,645000,1,6481676,aggregate_candidate_needs_confirmation,,,,,https://monitor.statnipokladna.gov.cz/api/ukazatele?ic=00302457&obdobi=2512
2025,,single_school,founder:00302473,00302473,Obec Černá Voda,obec,1,1,1500000,0,1500000,1,7605464,aggregate_candidate_needs_confirmation,,,,,https://monitor.statnipokladna.gov.cz/api/ukazatele?ic=00302473&obdobi=2512
2025,,single_school,founder:00302538,00302538,Obec Dubicko,obec,1,2,4762627,333371,5095998,1,31882783,aggregate_candidate_needs_confirmation,,,,,https://monitor.statnipokladna.gov.cz/api/ukazatele?ic=00302538&obdobi=2512
2025,,single_school,founder:00302546,00302546,Město Hanušovice,obec,1,2,7903543,7168772,15072315,1,47614393,aggregate_candidate_needs_confirmation,,,,,https://monitor.statnipokladna.gov.cz/api/ukazatele?ic=00302546&obdobi=2512
2025,,single_school,founder:00302589,00302589,Obec Hoštejn,obec,1,1,1200000,0,1200000,1,8925361,aggregate_candidate_needs_confirmation,,,,,https://monitor.statnipokladna.gov.cz/api/ukazatele?ic=00302589&obdobi=2512
2025,,single_school,founder:00302619,00302619,Obec Hrabišín,obec,1,1,2000000,0,2000000,1,21584750,aggregate_candidate_needs_confirmation,,,,,https://monitor.statnipokladna.gov.cz/api/ukazatele?ic=00302619&obdobi=2512
2025,,single_school,founder:00302716,00302716,Obec Jedlí,obec,1,1,600000,0,600000,1,7484400,aggregate_candidate_needs_confirmation,,,,,https://monitor.statnipokladna.gov.cz/api/ukazatele?ic=00302716&obdobi=2512
2025,,single_school,founder:00302732,00302732,Obec Jestřebí,obec,1,1,1176500,0,1176500,1,8779031,aggregate_candidate_needs_confirmation,,,,,https://monitor.statnipokladna.gov.cz/api/ukazatele?ic=00302732&obdobi=2512
2025,,single_school,founder:00302741,00302741,Obec Jindřichov,obec,1,2,2299046,140191,2439237,1,9986910,aggregate_candidate_needs_confirmation,,,,,https://monitor.statnipokladna.gov.cz/api/ukazatele?ic=00302741&obdobi=2512
2025,,single_school,founder:00302759,00302759,Obec Kamenná,obec,1,1,900000,0,900000,1,7091757,aggregate_candidate_needs_confirmation,,,,,https://monitor.statnipokladna.gov.cz/api/ukazatele?ic=00302759&obdobi=2512
2025,,single_school,founder:00302775,00302775,Obec Klopina,obec,1,1,315000,0,315000,1,2564243,aggregate_candidate_needs_confirmation,,,,,https://monitor.statnipokladna.gov.cz/api/ukazatele?ic=00302775&obdobi=2512
2025,,single_school,founder:00302791,00302791,Obec Kolšov,obec,1,1,823692,0,823692,1,9147084,aggregate_candidate_needs_confirmation,,,,,https://monitor.statnipokladna.gov.cz/api/ukazatele?ic=00302791&obdobi=2512
2025,,single_school,founder:00302813,00302813,Obec Kosov,obec,1,1,144000,0,144000,1,2162759,aggregate_candidate_needs_confirmation,,,,,https://monitor.statnipokladna.gov.cz/api/ukazatele?ic=00302813&obdobi=2512
2025,,single_school,founder:00302872,00302872,Obec Lesnice,obec,1,1,740000,0,740000,1,10406167,aggregate_candidate_needs_confirmation,,,,,https://monitor.statnipokladna.gov.cz/api/ukazatele?ic=00302872&obdobi=2512
2025,,single_school,founder:00302881,00302881,Obec Leština,obec,1,2,2670000,260000,2930000,1,15188256,aggregate_candidate_needs_confirmation,,,,,https://monitor.statnipokladna.gov.cz/api/ukazatele?ic=00302881&obdobi=2512
2025,,single_school,founder:00302929,00302929,Obec Lipová - lázně,obec,1,2,5939000,0,5939000,1,31305168,aggregate_candidate_needs_confirmation,,,,,https://monitor.statnipokladna.gov.cz/api/ukazatele?ic=00302929&obdobi=2512
2025,,single_school,founder:00302953,00302953,Obec Loučná nad Desnou,obec,1,1,3403277,0,3403277,1,24009845,aggregate_candidate_needs_confirmation,,,,,https://monitor.statnipokladna.gov.cz/api/ukazatele?ic=00302953&obdobi=2512
2025,,single_school,founder:00302961,00302961,Obec Lukavice,obec,1,1,1482331,0,1482331,1,7478485,aggregate_candidate_needs_confirmation,,,,,https://monitor.statnipokladna.gov.cz/api/ukazatele?ic=00302961&obdobi=2512
2025,,single_school,founder:00302970,00302970,Obec Malá Morava,obec,1,1,863900,0,863900,1,2333796,aggregate_candidate_needs_confirmation,,,,,https://monitor.statnipokladna.gov.cz/api/ukazatele?ic=00302970&obdobi=2512
2025,,single_school,founder:00302988,00302988,Obec Maletín,obec,1,1,1000000,0,1000000,1,8691441,aggregate_candidate_needs_confirmation,,,,,https://monitor.statnipokladna.gov.cz/api/ukazatele?ic=00302988&obdobi=2512
2025,,single_school,founder:00303089,00303089,Obec Nový Malín,obec,1,1,7100000,0,7100000,1,50438382,aggregate_candidate_needs_confirmation,,,,,https://monitor.statnipokladna.gov.cz/api/ukazatele?ic=00303089&obdobi=2512
2025,,single_school,founder:00303097,00303097,Obec Olšany,obec,1,1,1250000,0,1250000,1,12042714,aggregate_candidate_needs_confirmation,,,,,https://monitor.statnipokladna.gov.cz/api/ukazatele?ic=00303097&obdobi=2512
2025,,single_school,founder:00303101,00303101,Obec Oskava,obec,1,1,5511142,0,5511142,1,18672329,aggregate_candidate_needs_confirmation,,,,,https://monitor.statnipokladna.gov.cz/api/ukazatele?ic=00303101&obdobi=2512
2025,,single_school,founder:00303135,00303135,Obec Pavlov,obec,1,2,891300,0,891300,1,6645156,aggregate_candidate_needs_confirmation,,,,,https://monitor.statnipokladna.gov.cz/api/ukazatele?ic=00303135&obdobi=2512
2025,,single_school,founder:00303151,00303151,Obec Písařov,obec,1,1,1285000,0,1285000,1,11789389,aggregate_candidate_needs_confirmation,,,,,https://monitor.statnipokladna.gov.cz/api/ukazatele?ic=00303151&obdobi=2512
2025,,single_school,founder:00303160,00303160,Obec Písečná,obec,1,2,1605000,1500000,3105000,1,13744099,aggregate_candidate_needs_confirmation,,,,,https://monitor.statnipokladna.gov.cz/api/ukazatele?ic=00303160&obdobi=2512
2025,,single_school,founder:00303267,00303267,Obec Rájec,obec,1,1,1000000,0,1000000,1,7057215,aggregate_candidate_needs_confirmation,,,,,https://monitor.statnipokladna.gov.cz/api/ukazatele?ic=00303267&obdobi=2512
2025,,single_school,founder:00303291,00303291,Obec Rohle,obec,1,1,2033165,0,2033165,1,12744048,aggregate_candidate_needs_confirmation,,,,,https://monitor.statnipokladna.gov.cz/api/ukazatele?ic=00303291&obdobi=2512
2025,,single_school,founder:00303305,00303305,Obec Rovensko,obec,1,1,1400000,0,1400000,1,12580023,aggregate_candidate_needs_confirmation,,,,,https://monitor.statnipokladna.gov.cz/api/ukazatele?ic=00303305&obdobi=2512
2025,,single_school,founder:00303356,00303356,Obec Stará Červená Voda,obec,1,1,1360000,0,1360000,1,9072803,aggregate_candidate_needs_confirmation,,,,,https://monitor.statnipokladna.gov.cz/api/ukazatele?ic=00303356&obdobi=2512
2025,,single_school,founder:00303364,00303364,Město Staré Město,obec,1,1,4168269,0,4168269,1,26531722,aggregate_candidate_needs_confirmation,,,,,https://monitor.statnipokladna.gov.cz/api/ukazatele?ic=00303364&obdobi=2512
2025,,single_school,founder:00303411,00303411,Obec Sudkov,obec,1,3,5673150,0,5673150,1,23466106,aggregate_candidate_needs_confirmation,,,,,https://monitor.statnipokladna.gov.cz/api/ukazatele?ic=00303411&obdobi=2512
2025,,single_school,founder:00303429,00303429,Obec Supíkovice,obec,1,5,2939000,352740,3291740,1,14390652,aggregate_candidate_needs_confirmation,,,,,https://monitor.statnipokladna.gov.cz/api/ukazatele?ic=00303429&obdobi=2512
2025,,single_school,founder:00303437,00303437,Obec Svébohov,obec,1,1,680000,0,680000,1,5289220,aggregate_candidate_needs_confirmation,,,,,https://monitor.statnipokladna.gov.cz/api/ukazatele?ic=00303437&obdobi=2512
2025,,single_school,founder:00303453,00303453,Město Štíty,obec,1,1,4100000,0,4100000,1,36437934,aggregate_candidate_needs_confirmation,,,,,https://monitor.statnipokladna.gov.cz/api/ukazatele?ic=00303453&obdobi=2512
2025,,single_school,founder:00303500,00303500,Město Úsov,obec,1,1,2701072,0,2701072,1,25697033,aggregate_candidate_needs_confirmation,,,,,https://monitor.statnipokladna.gov.cz/api/ukazatele?ic=00303500&obdobi=2512
2025,,single_school,founder:00303551,00303551,Obec Velké Losiny,obec,1,2,6228653,0,6228653,1,30219452,aggregate_candidate_needs_confirmation,,,,,https://monitor.statnipokladna.gov.cz/api/ukazatele?ic=00303551&obdobi=2512
2025,,single_school,founder:00303666,00303666,Obec Zvole,obec,1,3,983897,0,983897,1,9752157,aggregate_candidate_needs_confirmation,,,,,https://monitor.statnipokladna.gov.cz/api/ukazatele?ic=00303666&obdobi=2512
2025,,single_school,founder:00303712,00303712,Obec Branky,obec,1,1,1576000,0,1576000,1,10754541,aggregate_candidate_needs_confirmation,,,,,https://monitor.statnipokladna.gov.cz/api/ukazatele?ic=00303712&obdobi=2512
2025,,single_school,founder:00303739,00303739,Obec Bystřička,obec,1,2,1230000,112107,1342107,1,5697957,aggregate_candidate_needs_confirmation,,,,,https://monitor.statnipokladna.gov.cz/api/ukazatele?ic=00303739&obdobi=2512
2025,,single_school,founder:00303747,00303747,Obec Dolní Bečva,obec,1,1,3729900,0,3729900,1,29218353,aggregate_candidate_needs_confirmation,,,,,https://monitor.statnipokladna.gov.cz/api/ukazatele?ic=00303747&obdobi=2512
2025,,single_school,founder:00303836,00303836,Obec Hutisko-Solanec,obec,1,1,4730000,0,4730000,1,33408458,aggregate_candidate_needs_confirmation,,,,,https://monitor.statnipokladna.gov.cz/api/ukazatele?ic=00303836&obdobi=2512
2025,,single_school,founder:00303844,00303844,Obec Choryně,obec,1,1,900000,0,900000,1,11547843,aggregate_candidate_needs_confirmation,,,,,https://monitor.statnipokladna.gov.cz/api/ukazatele?ic=00303844&obdobi=2512
2025,,single_school,founder:00303879,00303879,Obec Jarcová,obec,1,1,2000000,0,2000000,1,10318229,aggregate_candidate_needs_confirmation,,,,,https://monitor.statnipokladna.gov.cz/api/ukazatele?ic=00303879&obdobi=2512
2025,,single_school,founder:00303917,00303917,Obec Kateřinice,obec,1,1,2900000,0,2900000,1,14102310,aggregate_candidate_needs_confirmation,,,,,https://monitor.statnipokladna.gov.cz/api/ukazatele?ic=00303917&obdobi=2512
2025,,single_school,founder:00303933,00303933,Obec Kladeruby,obec,1,1,1050000,0,1050000,1,6833856,aggregate_candidate_needs_confirmation,,,,,https://monitor.statnipokladna.gov.cz/api/ukazatele?ic=00303933&obdobi=2512
2025,,single_school,founder:00303968,00303968,Obec Lačnov,obec,1,1,2771589,0,2771589,1,11717514,aggregate_candidate_needs_confirmation,,,,,https://monitor.statnipokladna.gov.cz/api/ukazatele?ic=00303968&obdobi=2512
2025,,single_school,founder:00303984,00303984,Obec Leskovec,obec,1,1,1337660,0,1337660,1,9241161,aggregate_candidate_needs_confirmation,,,,,https://monitor.statnipokladna.gov.cz/api/ukazatele?ic=00303984&obdobi=2512
2025,,single_school,founder:00304051,00304051,Obec Liptál,obec,1,1,3642664,0,3642664,1,22859277,aggregate_candidate_needs_confirmation,,,,,https://monitor.statnipokladna.gov.cz/api/ukazatele?ic=00304051&obdobi=2512
2025,,single_school,founder:00304069,00304069,Obec Loučka,obec,1,1,2880000,0,2880000,1,22966555,aggregate_candidate_needs_confirmation,,,,,https://monitor.statnipokladna.gov.cz/api/ukazatele?ic=00304069&obdobi=2512
2025,,single_school,founder:00304077,00304077,Obec Lužná,obec,1,1,603000,0,603000,1,2946468,aggregate_candidate_needs_confirmation,,,,,https://monitor.statnipokladna.gov.cz/api/ukazatele?ic=00304077&obdobi=2512
2025,,single_school,founder:00304107,00304107,Obec Mikulůvka,obec,1,1,1290000,0,1290000,1,12428295,aggregate_candidate_needs_confirmation,,,,,https://monitor.statnipokladna.gov.cz/api/ukazatele?ic=00304107&obdobi=2512
2025,,single_school,founder:00304204,00304204,Obec Pozděchov,obec,1,1,1600000,0,1600000,1,15366626,aggregate_candidate_needs_confirmation,,,,,https://monitor.statnipokladna.gov.cz/api/ukazatele?ic=00304204&obdobi=2512
2025,,single_school,founder:00304336,00304336,Obec Študlov,obec,1,1,1070000,0,1070000,1,6457099,aggregate_candidate_needs_confirmation,,,,,https://monitor.statnipokladna.gov.cz/api/ukazatele?ic=00304336&obdobi=2512
2025,,single_school,founder:00304441,00304441,Obec Vigantice,obec,1,1,1400000,0,1400000,1,9100631,aggregate_candidate_needs_confirmation,,,,,https://monitor.statnipokladna.gov.cz/api/ukazatele?ic=00304441&obdobi=2512
2025,,single_school,founder:00304484,00304484,Obec Zděchov,obec,1,1,1350000,0,1350000,1,6965295,aggregate_candidate_needs_confirmation,,,,,https://monitor.statnipokladna.gov.cz/api/ukazatele?ic=00304484&obdobi=2512
2025,,single_school,founder:00360597,00360597,Obec Drslavice,obec,1,1,400000,0,400000,1,3471812,aggregate_candidate_needs_confirmation,,,,,https://monitor.statnipokladna.gov.cz/api/ukazatele?ic=00360597&obdobi=2512
2025,,single_school,founder:00362174,00362174,Obec Medlovice,obec,1,1,530000,0,530000,1,4462877,aggregate_candidate_needs_confirmation,,,,,https://monitor.statnipokladna.gov.cz/api/ukazatele?ic=00362174&obdobi=2512
2025,,single_school,founder:00362875,00362875,Obec Hradčany,obec,1,1,590000,0,590000,1,2762438,aggregate_candidate_needs_confirmation,,,,,https://monitor.statnipokladna.gov.cz/api/ukazatele?ic=00362875&obdobi=2512
2025,,single_school,founder:00362956,00362956,Obec Chudčice,obec,1,1,1100000,0,1100000,1,7263723,aggregate_candidate_needs_confirmation,,,,,https://monitor.statnipokladna.gov.cz/api/ukazatele?ic=00362956&obdobi=2512
2025,,single_school,founder:00363171,00363171,Obec Kanice,obec,1,2,3503680,0,3503680,1,28393842,aggregate_candidate_needs_confirmation,,,,,https://monitor.statnipokladna.gov.cz/api/ukazatele?ic=00363171&obdobi=2512
2025,,single_school,founder:00363197,00363197,Obec Lomnička,obec,1,1,412500,0,412500,1,3252880,aggregate_candidate_needs_confirmation,,,,,https://monitor.statnipokladna.gov.cz/api/ukazatele?ic=00363197&obdobi=2512
2025,,single_school,founder:00365408,00365408,Obec Ponětovice,obec,1,1,550000,0,550000,1,4307688,aggregate_candidate_needs_confirmation,,,,,https://monitor.statnipokladna.gov.cz/api/ukazatele?ic=00365408&obdobi=2512
2025,,single_school,founder:00365416,00365416,Obec Předklášteří,obec,1,1,3331000,0,3331000,1,20845595,aggregate_candidate_needs_confirmation,,,,,https://monitor.statnipokladna.gov.cz/api/ukazatele?ic=00365416&obdobi=2512
2025,,single_school,founder:00365548,00365548,Obec Štěpánovice,obec,1,1,400000,0,400000,1,2639280,aggregate_candidate_needs_confirmation,,,,,https://monitor.statnipokladna.gov.cz/api/ukazatele?ic=00365548&obdobi=2512
2025,,single_school,founder:00365726,00365726,Obec Trboušany,obec,1,1,370000,0,370000,1,2682122,aggregate_candidate_needs_confirmation,,,,,https://monitor.statnipokladna.gov.cz/api/ukazatele?ic=00365726&obdobi=2512
2025,,missing_finm_total,founder:00366129,00366129,Zřizovatel IČO 00366129,obec,1,0,0,0,0,0,0,founder_source_required,,,,,https://monitor.statnipokladna.gov.cz/api/ukazatele?ic=00366129&obdobi=2512
2025,,single_school,founder:00368067,00368067,Obec Olšany,obec,1,1,848000,0,848000,1,5012359,aggregate_candidate_needs_confirmation,,,,,https://monitor.statnipokladna.gov.cz/api/ukazatele?ic=00368067&obdobi=2512
2025,,single_school,founder:00368652,00368652,Obec Milonice,obec,1,1,450000,0,450000,1,4206206,aggregate_candidate_needs_confirmation,,,,,https://monitor.statnipokladna.gov.cz/api/ukazatele?ic=00368652&obdobi=2512
2025,,single_school,founder:00368687,00368687,Obec Zlámanec,obec,1,1,300000,0,300000,1,2643729,aggregate_candidate_needs_confirmation,,,,,https://monitor.statnipokladna.gov.cz/api/ukazatele?ic=00368687&obdobi=2512
2025,,single_school,founder:00368709,00368709,Obec Podomí,obec,1,1,3000000,0,3000000,1,22400452,aggregate_candidate_needs_confirmation,,,,,https://monitor.statnipokladna.gov.cz/api/ukazatele?ic=00368709&obdobi=2512
2025,,single_school,founder:00368717,00368717,Obec Kobeřice u Brna,obec,1,1,1420000,0,1420000,1,9747583,aggregate_candidate_needs_confirmation,,,,,https://monitor.statnipokladna.gov.cz/api/ukazatele?ic=00368717&obdobi=2512
2025,,single_school,founder:00368725,00368725,Obec Vážany nad Litavou,obec,1,1,600000,0,600000,1,4915467,aggregate_candidate_needs_confirmation,,,,,https://monitor.statnipokladna.gov.cz/api/ukazatele?ic=00368725&obdobi=2512
2025,,single_school,founder:00368768,00368768,Obec Lysovice,obec,1,1,360000,0,360000,1,2548481,aggregate_candidate_needs_confirmation,,,,,https://monitor.statnipokladna.gov.cz/api/ukazatele?ic=00368768&obdobi=2512
2025,,single_school,founder:00372030,00372030,Obec Drysice,obec,1,1,670000,0,670000,1,4863095,aggregate_candidate_needs_confirmation,,,,,https://monitor.statnipokladna.gov.cz/api/ukazatele?ic=00372030&obdobi=2512
2025,,single_school,founder:00372072,00372072,Obec Hlubočany,obec,1,1,700000,0,700000,1,7561339,aggregate_candidate_needs_confirmation,,,,,https://monitor.statnipokladna.gov.cz/api/ukazatele?ic=00372072&obdobi=2512
2025,,single_school,founder:00372081,00372081,Obec Hostěrádky-Rešov,obec,1,1,500000,0,500000,1,3825666,aggregate_candidate_needs_confirmation,,,,,https://monitor.statnipokladna.gov.cz/api/ukazatele?ic=00372081&obdobi=2512
2025,,single_school,founder:00372102,00372102,Obec Hrušky,obec,1,1,800000,0,800000,1,10800305,aggregate_candidate_needs_confirmation,,,,,https://monitor.statnipokladna.gov.cz/api/ukazatele?ic=00372102&obdobi=2512
2025,,single_school,founder:00372480,00372480,Obec Ježkovice,obec,1,1,259751,0,259751,1,2310505,aggregate_candidate_needs_confirmation,,,,,https://monitor.statnipokladna.gov.cz/api/ukazatele?ic=00372480&obdobi=2512
2025,,single_school,founder:00373184,00373184,Obec Luleč,obec,1,1,800000,0,800000,1,4729078,aggregate_candidate_needs_confirmation,,,,,https://monitor.statnipokladna.gov.cz/api/ukazatele?ic=00373184&obdobi=2512
2025,,single_school,founder:00373460,00373460,Obec Mouchnice,obec,1,1,490000,0,490000,1,2591315,aggregate_candidate_needs_confirmation,,,,,https://monitor.statnipokladna.gov.cz/api/ukazatele?ic=00373460&obdobi=2512
2025,,single_school,founder:00373508,00373508,Obec Nemochovice,obec,1,1,450000,0,450000,1,2732539,aggregate_candidate_needs_confirmation,,,,,https://monitor.statnipokladna.gov.cz/api/ukazatele?ic=00373508&obdobi=2512
2025,,single_school,founder:00373541,00373541,Obec Orlovice,obec,1,1,800000,0,800000,1,3163956,aggregate_candidate_needs_confirmation,,,,,https://monitor.statnipokladna.gov.cz/api/ukazatele?ic=00373541&obdobi=2512
2025,,single_school,founder:00373567,00373567,Obec Radslavice,obec,1,1,604000,0,604000,1,2423384,aggregate_candidate_needs_confirmation,,,,,https://monitor.statnipokladna.gov.cz/api/ukazatele?ic=00373567&obdobi=2512
2025,,single_school,founder:00373575,00373575,Obec Snovídky,obec,1,1,382000,0,382000,1,2305731,aggregate_candidate_needs_confirmation,,,,,https://monitor.statnipokladna.gov.cz/api/ukazatele?ic=00373575&obdobi=2512
2025,,single_school,founder:00373583,00373583,Obec Tučapy,obec,1,1,1050000,0,1050000,1,10738298,aggregate_candidate_needs_confirmation,,,,,https://monitor.statnipokladna.gov.cz/api/ukazatele?ic=00373583&obdobi=2512
2025,,single_school,founder:00373591,00373591,Obec Vážany,obec,1,1,730000,0,730000,1,3035234,aggregate_candidate_needs_confirmation,,,,,https://monitor.statnipokladna.gov.cz/api/ukazatele?ic=00373591&obdobi=2512
2025,,single_school,founder:00373664,00373664,Obec Dlouhá Brtnice,obec,1,1,1420000,0,1420000,1,6879941,aggregate_candidate_needs_confirmation,,,,,https://monitor.statnipokladna.gov.cz/api/ukazatele?ic=00373664&obdobi=2512
2025,,single_school,founder:00373729,00373729,Obec Jersín,obec,1,1,440000,0,440000,1,2798797,aggregate_candidate_needs_confirmation,,,,,https://monitor.statnipokladna.gov.cz/api/ukazatele?ic=00373729&obdobi=2512
2025,,single_school,founder:00374440,00374440,Obec Vepřová,obec,1,1,787000,0,787000,1,5732728,aggregate_candidate_needs_confirmation,,,,,https://monitor.statnipokladna.gov.cz/api/ukazatele?ic=00374440&obdobi=2512
2025,,single_school,founder:00374466,00374466,Obec Sázava,obec,1,1,1248110,0,1248110,1,7461335,aggregate_candidate_needs_confirmation,,,,,https://monitor.statnipokladna.gov.cz/api/ukazatele?ic=00374466&obdobi=2512
2025,,single_school,founder:00374903,00374903,Obec Řícmanice,obec,1,1,460000,0,460000,1,2705828,aggregate_candidate_needs_confirmation,,,,,https://monitor.statnipokladna.gov.cz/api/ukazatele?ic=00374903&obdobi=2512
2025,,single_school,founder:00375322,00375322,Obec Ketkovice,obec,1,1,1800000,0,1800000,1,10595982,aggregate_candidate_needs_confirmation,,,,,https://monitor.statnipokladna.gov.cz/api/ukazatele?ic=00375322&obdobi=2512
2025,,single_school,founder:00375381,00375381,Obec Benetice,obec,1,1,600000,0,600000,1,2519417,aggregate_candidate_needs_confirmation,,,,,https://monitor.statnipokladna.gov.cz/api/ukazatele?ic=00375381&obdobi=2512
2025,,single_school,founder:00375403,00375403,Obec Blatnice,obec,1,1,580000,0,580000,1,6369988,aggregate_candidate_needs_confirmation,,,,,https://monitor.statnipokladna.gov.cz/api/ukazatele?ic=00375403&obdobi=2512
2025,,single_school,founder:00376833,00376833,Městys Heraltice,obec,1,1,660000,0,660000,1,6954579,aggregate_candidate_needs_confirmation,,,,,https://monitor.statnipokladna.gov.cz/api/ukazatele?ic=00376833&obdobi=2512
2025,,single_school,founder:00376850,00376850,Obec Hodov,obec,1,1,509728,0,509728,1,2242296,aggregate_candidate_needs_confirmation,,,,,https://monitor.statnipokladna.gov.cz/api/ukazatele?ic=00376850&obdobi=2512
2025,,single_school,founder:00377155,00377155,Městys Ostrovačice,obec,1,1,9732182,0,9732182,1,40526832,aggregate_candidate_needs_confirmation,,,,,https://monitor.statnipokladna.gov.cz/api/ukazatele?ic=00377155&obdobi=2512
2025,,single_school,founder:00377732,00377732,Obec Koněšín,obec,1,1,1255000,0,1255000,1,10002991,aggregate_candidate_needs_confirmation,,,,,https://monitor.statnipokladna.gov.cz/api/ukazatele?ic=00377732&obdobi=2512
2025,,single_school,founder:00378062,00378062,Obec Litohoř,obec,1,1,1478754,0,1478754,1,6984016,aggregate_candidate_needs_confirmation,,,,,https://monitor.statnipokladna.gov.cz/api/ukazatele?ic=00378062&obdobi=2512
2025,,single_school,founder:00378135,00378135,Obec Lukov,obec,1,1,750000,0,750000,1,9778235,aggregate_candidate_needs_confirmation,,,,,https://monitor.statnipokladna.gov.cz/api/ukazatele?ic=00378135&obdobi=2512
2025,,single_school,founder:00378143,00378143,Obec Markvartice,obec,1,1,468000,0,468000,1,2560127,aggregate_candidate_needs_confirmation,,,,,https://monitor.statnipokladna.gov.cz/api/ukazatele?ic=00378143&obdobi=2512
2025,,single_school,founder:00378194,00378194,Obec Mladoňovice,obec,1,1,700000,0,700000,1,7123256,aggregate_candidate_needs_confirmation,,,,,https://monitor.statnipokladna.gov.cz/api/ukazatele?ic=00378194&obdobi=2512
2025,,single_school,founder:00378216,00378216,obec Nárameč,obec,1,1,392500,0,392500,1,2469374,aggregate_candidate_needs_confirmation,,,,,https://monitor.statnipokladna.gov.cz/api/ukazatele?ic=00378216&obdobi=2512
2025,,single_school,founder:00378470,00378470,Obec Petrovice,obec,1,1,330000,0,330000,1,3146285,aggregate_candidate_needs_confirmation,,,,,https://monitor.statnipokladna.gov.cz/api/ukazatele?ic=00378470&obdobi=2512
2025,,single_school,founder:00378542,00378542,Obec Rudka,obec,1,1,380000,0,380000,1,2843498,aggregate_candidate_needs_confirmation,,,,,https://monitor.statnipokladna.gov.cz/api/ukazatele?ic=00378542&obdobi=2512
2025,,single_school,founder:00378577,00378577,obec Římov,obec,1,1,270000,0,270000,1,2552119,aggregate_candidate_needs_confirmation,,,,,https://monitor.statnipokladna.gov.cz/api/ukazatele?ic=00378577&obdobi=2512
2025,,single_school,founder:00378585,00378585,Obec Sedlec,obec,1,1,500000,0,500000,1,4949427,aggregate_candidate_needs_confirmation,,,,,https://monitor.statnipokladna.gov.cz/api/ukazatele?ic=00378585&obdobi=2512
2025,,single_school,founder:00378691,00378691,Obec Sudice,obec,1,1,600000,0,600000,1,4142271,aggregate_candidate_needs_confirmation,,,,,https://monitor.statnipokladna.gov.cz/api/ukazatele?ic=00378691&obdobi=2512
2025,,single_school,founder:00380865,00380865,obec Karolín,obec,1,1,338400,0,338400,1,2414315,aggregate_candidate_needs_confirmation,,,,,https://monitor.statnipokladna.gov.cz/api/ukazatele?ic=00380865&obdobi=2512
2025,,single_school,founder:00380873,00380873,Obec Vítonice,obec,1,1,750000,0,750000,1,5299347,aggregate_candidate_needs_confirmation,,,,,https://monitor.statnipokladna.gov.cz/api/ukazatele?ic=00380873&obdobi=2512
2025,,single_school,founder:00397342,00397342,Obec Volenice,obec,1,1,1550000,0,1550000,1,21665560,aggregate_candidate_needs_confirmation,,,,,https://monitor.statnipokladna.gov.cz/api/ukazatele?ic=00397342&obdobi=2512
2025,,single_school,founder:00472051,00472051,Městys Zápy,obec,1,1,800000,0,800000,1,6634560,aggregate_candidate_needs_confirmation,,,,,https://monitor.statnipokladna.gov.cz/api/ukazatele?ic=00472051&obdobi=2512
2025,,single_school,founder:00473481,00473481,Obec Ratměřice,obec,1,1,280000,0,280000,1,2923890,aggregate_candidate_needs_confirmation,,,,,https://monitor.statnipokladna.gov.cz/api/ukazatele?ic=00473481&obdobi=2512
2025,,single_school,founder:00473766,00473766,Obec Přistoupim,obec,1,1,586522,0,586522,1,5500146,aggregate_candidate_needs_confirmation,,,,,https://monitor.statnipokladna.gov.cz/api/ukazatele?ic=00473766&obdobi=2512
2025,,single_school,founder:00476447,00476447,Obec Horní Ves,obec,1,1,600000,0,600000,1,3900068,aggregate_candidate_needs_confirmation,,,,,https://monitor.statnipokladna.gov.cz/api/ukazatele?ic=00476447&obdobi=2512
2025,,single_school,founder:00477311,00477311,Obec Lužnice,obec,1,1,546500,0,546500,1,6546359,aggregate_candidate_needs_confirmation,,,,,https://monitor.statnipokladna.gov.cz/api/ukazatele?ic=00477311&obdobi=2512
2025,,single_school,founder:00479292,00479292,Obec Kostelec,obec,1,1,989556,0,989556,1,6983149,aggregate_candidate_needs_confirmation,,,,,https://monitor.statnipokladna.gov.cz/api/ukazatele?ic=00479292&obdobi=2512
2025,,single_school,founder:00480002,00480002,Město Horní Blatná,obec,1,1,1137625,0,1137625,1,6283164,aggregate_candidate_needs_confirmation,,,,,https://monitor.statnipokladna.gov.cz/api/ukazatele?ic=00480002&obdobi=2512
2025,,single_school,founder:00480975,00480975,Obec Petrohrad,obec,1,1,1667911,0,1667911,1,8447243,aggregate_candidate_needs_confirmation,,,,,https://monitor.statnipokladna.gov.cz/api/ukazatele?ic=00480975&obdobi=2512
2025,,single_school,founder:00483095,00483095,Obec Liběšice,obec,1,1,1100000,0,1100000,1,9523327,aggregate_candidate_needs_confirmation,,,,,https://monitor.statnipokladna.gov.cz/api/ukazatele?ic=00483095&obdobi=2512
2025,,single_school,founder:00483109,00483109,Obec Lipno,obec,1,3,2880729,16007,2896736,1,19567657,aggregate_candidate_needs_confirmation,,,,,https://monitor.statnipokladna.gov.cz/api/ukazatele?ic=00483109&obdobi=2512
2025,,single_school,founder:00485667,00485667,Obec Bítovany,obec,1,1,400000,0,400000,1,5846439,aggregate_candidate_needs_confirmation,,,,,https://monitor.statnipokladna.gov.cz/api/ukazatele?ic=00485667&obdobi=2512
2025,,single_school,founder:00486299,00486299,Obec Červená Hora,obec,1,1,135000,0,135000,1,2968786,aggregate_candidate_needs_confirmation,,,,,https://monitor.statnipokladna.gov.cz/api/ukazatele?ic=00486299&obdobi=2512
2025,,single_school,founder:00487520,00487520,Obec Radostice,obec,1,1,1255000,0,1255000,1,11329206,aggregate_candidate_needs_confirmation,,,,,https://monitor.statnipokladna.gov.cz/api/ukazatele?ic=00487520&obdobi=2512
2025,,single_school,founder:00488038,00488038,Obec Malešovice,obec,1,1,1717163,0,1717163,1,5660202,aggregate_candidate_needs_confirmation,,,,,https://monitor.statnipokladna.gov.cz/api/ukazatele?ic=00488038&obdobi=2512
2025,,single_school,founder:00488046,00488046,Městys Medlov,obec,1,1,2960000,0,2960000,1,13077771,aggregate_candidate_needs_confirmation,,,,,https://monitor.statnipokladna.gov.cz/api/ukazatele?ic=00488046&obdobi=2512
2025,,single_school,founder:00488054,00488054,Obec Němčičky,obec,1,1,495000,0,495000,1,2881782,aggregate_candidate_needs_confirmation,,,,,https://monitor.statnipokladna.gov.cz/api/ukazatele?ic=00488054&obdobi=2512
2025,,single_school,founder:00488071,00488071,Obec Pravlov,obec,1,1,1250200,0,1250200,1,5355645,aggregate_candidate_needs_confirmation,,,,,https://monitor.statnipokladna.gov.cz/api/ukazatele?ic=00488071&obdobi=2512
2025,,single_school,founder:00488089,00488089,Obec Rebešovice,obec,1,1,1590000,0,1590000,1,7798052,aggregate_candidate_needs_confirmation,,,,,https://monitor.statnipokladna.gov.cz/api/ukazatele?ic=00488089&obdobi=2512
2025,,single_school,founder:00488097,00488097,Obec Nebovidy,obec,1,1,1020000,0,1020000,1,5455640,aggregate_candidate_needs_confirmation,,,,,https://monitor.statnipokladna.gov.cz/api/ukazatele?ic=00488097&obdobi=2512
2025,,single_school,founder:00488127,00488127,Obec Bratčice,obec,1,1,3450000,0,3450000,1,13030954,aggregate_candidate_needs_confirmation,,,,,https://monitor.statnipokladna.gov.cz/api/ukazatele?ic=00488127&obdobi=2512
2025,,single_school,founder:00488143,00488143,Obec Holasice,obec,1,1,3098900,0,3098900,1,18929683,aggregate_candidate_needs_confirmation,,,,,https://monitor.statnipokladna.gov.cz/api/ukazatele?ic=00488143&obdobi=2512
2025,,single_school,founder:00488151,00488151,Obec Hostěnice,obec,1,1,855000,0,855000,1,4773027,aggregate_candidate_needs_confirmation,,,,,https://monitor.statnipokladna.gov.cz/api/ukazatele?ic=00488151&obdobi=2512
2025,,single_school,founder:00488160,00488160,Obec Kobylnice,obec,1,1,2300000,0,2300000,1,16037149,aggregate_candidate_needs_confirmation,,,,,https://monitor.statnipokladna.gov.cz/api/ukazatele?ic=00488160&obdobi=2512
2025,,single_school,founder:00488178,00488178,Obec Kovalovice,obec,1,1,800000,0,800000,1,7607703,aggregate_candidate_needs_confirmation,,,,,https://monitor.statnipokladna.gov.cz/api/ukazatele?ic=00488178&obdobi=2512
2025,,single_school,founder:00488208,00488208,Obec Moravské Bránice,obec,1,1,1400000,0,1400000,1,10225206,aggregate_candidate_needs_confirmation,,,,,https://monitor.statnipokladna.gov.cz/api/ukazatele?ic=00488208&obdobi=2512
2025,,single_school,founder:00488216,00488216,Obec Moravské Knínice,obec,1,1,2960000,0,2960000,1,18559187,aggregate_candidate_needs_confirmation,,,,,https://monitor.statnipokladna.gov.cz/api/ukazatele?ic=00488216&obdobi=2512
2025,,single_school,founder:00488224,00488224,Obec Nové Bránice,obec,1,1,1630000,0,1630000,1,7418813,aggregate_candidate_needs_confirmation,,,,,https://monitor.statnipokladna.gov.cz/api/ukazatele?ic=00488224&obdobi=2512
2025,,single_school,founder:00488232,00488232,Obec Omice,obec,1,1,823000,0,823000,1,3595669,aggregate_candidate_needs_confirmation,,,,,https://monitor.statnipokladna.gov.cz/api/ukazatele?ic=00488232&obdobi=2512
2025,,single_school,founder:00488283,00488283,Obec Přísnotice,obec,1,1,1620000,0,1620000,1,13442974,aggregate_candidate_needs_confirmation,,,,,https://monitor.statnipokladna.gov.cz/api/ukazatele?ic=00488283&obdobi=2512
2025,,single_school,founder:00488305,00488305,Obec Silůvky,obec,1,2,930000,729851,1659851,1,8832718,aggregate_candidate_needs_confirmation,,,,,https://monitor.statnipokladna.gov.cz/api/ukazatele?ic=00488305&obdobi=2512
2025,,single_school,founder:00488313,00488313,Obec Sivice,obec,1,1,1620000,0,1620000,1,15189734,aggregate_candidate_needs_confirmation,,,,,https://monitor.statnipokladna.gov.cz/api/ukazatele?ic=00488313&obdobi=2512
2025,,single_school,founder:00488321,00488321,Obec Sobotovice,obec,1,1,490600,0,490600,1,2625663,aggregate_candidate_needs_confirmation,,,,,https://monitor.statnipokladna.gov.cz/api/ukazatele?ic=00488321&obdobi=2512
2025,,single_school,founder:00488348,00488348,Obec Újezd u Rosic,obec,1,1,350000,0,350000,1,4270093,aggregate_candidate_needs_confirmation,,,,,https://monitor.statnipokladna.gov.cz/api/ukazatele?ic=00488348&obdobi=2512
2025,,single_school,founder:00488356,00488356,Obec Unkovice,obec,1,1,1600000,0,1600000,1,9645675,aggregate_candidate_needs_confirmation,,,,,https://monitor.statnipokladna.gov.cz/api/ukazatele?ic=00488356&obdobi=2512
2025,,single_school,founder:00488364,00488364,Obec Velatice,obec,1,1,783000,0,783000,1,5451977,aggregate_candidate_needs_confirmation,,,,,https://monitor.statnipokladna.gov.cz/api/ukazatele?ic=00488364&obdobi=2512
2025,,single_school,founder:00488372,00488372,Obec Viničné Šumice,obec,1,1,1600000,0,1600000,1,17477692,aggregate_candidate_needs_confirmation,,,,,https://monitor.statnipokladna.gov.cz/api/ukazatele?ic=00488372&obdobi=2512
2025,,single_school,founder:00488381,00488381,Obec Vojkovice,obec,1,1,1980000,0,1980000,1,12108432,aggregate_candidate_needs_confirmation,,,,,https://monitor.statnipokladna.gov.cz/api/ukazatele?ic=00488381&obdobi=2512
2025,,single_school,founder:00488399,00488399,Obec Zastávka,obec,1,4,5760000,0,5760000,1,52349079,aggregate_candidate_needs_confirmation,,,,,https://monitor.statnipokladna.gov.cz/api/ukazatele?ic=00488399&obdobi=2512
2025,,single_school,founder:00488445,00488445,Obec Nechvalín,obec,1,1,521000,0,521000,1,5715523,aggregate_candidate_needs_confirmation,,,,,https://monitor.statnipokladna.gov.cz/api/ukazatele?ic=00488445&obdobi=2512
2025,,single_school,founder:00488488,00488488,Obec Javorník,obec,1,1,1469000,0,1469000,1,11603010,aggregate_candidate_needs_confirmation,,,,,https://monitor.statnipokladna.gov.cz/api/ukazatele?ic=00488488&obdobi=2512
2025,,single_school,founder:00488526,00488526,Obec Rohatec,obec,1,2,7182500,637379,7819879,1,35225336,aggregate_candidate_needs_confirmation,,,,,https://monitor.statnipokladna.gov.cz/api/ukazatele?ic=00488526&obdobi=2512
2025,,single_school,founder:00488534,00488534,Obec Skoronice,obec,1,1,800000,0,800000,1,3124812,aggregate_candidate_needs_confirmation,,,,,https://monitor.statnipokladna.gov.cz/api/ukazatele?ic=00488534&obdobi=2512
2025,,single_school,founder:00488615,00488615,Obec Cejle,obec,1,1,500000,0,500000,1,5692290,aggregate_candidate_needs_confirmation,,,,,https://monitor.statnipokladna.gov.cz/api/ukazatele?ic=00488615&obdobi=2512
2025,,single_school,founder:00488658,00488658,Obec Růžená,obec,1,1,450000,0,450000,1,6037581,aggregate_candidate_needs_confirmation,,,,,https://monitor.statnipokladna.gov.cz/api/ukazatele?ic=00488658&obdobi=2512
2025,,single_school,founder:00488852,00488852,Obec Nenkovice,obec,1,1,1440000,0,1440000,1,19782997,aggregate_candidate_needs_confirmation,,,,,https://monitor.statnipokladna.gov.cz/api/ukazatele?ic=00488852&obdobi=2512
2025,,single_school,founder:00488861,00488861,Obec Kozojídky,obec,1,1,900000,0,900000,1,2685916,aggregate_candidate_needs_confirmation,,,,,https://monitor.statnipokladna.gov.cz/api/ukazatele?ic=00488861&obdobi=2512
2025,,single_school,founder:00488879,00488879,Obec Tasov,obec,1,1,750000,0,750000,1,4205912,aggregate_candidate_needs_confirmation,,,,,https://monitor.statnipokladna.gov.cz/api/ukazatele?ic=00488879&obdobi=2512
2025,,single_school,founder:00488895,00488895,Obec Chvalčov,obec,1,1,2575000,0,2575000,1,13898812,aggregate_candidate_needs_confirmation,,,,,https://monitor.statnipokladna.gov.cz/api/ukazatele?ic=00488895&obdobi=2512
2025,,single_school,founder:00488909,00488909,obec Skaštice,obec,1,1,331000,0,331000,1,2495388,aggregate_candidate_needs_confirmation,,,,,https://monitor.statnipokladna.gov.cz/api/ukazatele?ic=00488909&obdobi=2512
2025,,single_school,founder:00489450,00489450,Obec Březí,obec,1,1,385000,0,385000,1,2460286,aggregate_candidate_needs_confirmation,,,,,https://monitor.statnipokladna.gov.cz/api/ukazatele?ic=00489450&obdobi=2512
2025,,single_school,founder:00491845,00491845,Obec Košařiska,obec,1,2,900000,70000,970000,1,11307926,aggregate_candidate_needs_confirmation,,,,,https://monitor.statnipokladna.gov.cz/api/ukazatele?ic=00491845&obdobi=2512
2025,,single_school,founder:00492868,00492868,Obec Nýdek,obec,1,1,2650000,0,2650000,1,22661837,aggregate_candidate_needs_confirmation,,,,,https://monitor.statnipokladna.gov.cz/api/ukazatele?ic=00492868&obdobi=2512
2025,,single_school,founder:00493619,00493619,Obec Janovice,obec,1,2,5534493,793000,6327493,1,32924936,aggregate_candidate_needs_confirmation,,,,,https://monitor.statnipokladna.gov.cz/api/ukazatele?ic=00493619&obdobi=2512
2025,,single_school,founder:00494216,00494216,Obec Pržno,obec,1,1,2500000,0,2500000,1,13391728,aggregate_candidate_needs_confirmation,,,,,https://monitor.statnipokladna.gov.cz/api/ukazatele?ic=00494216&obdobi=2512
2025,,single_school,founder:00494232,00494232,Obec Komorní Lhotka,obec,1,1,2045000,0,2045000,1,15847852,aggregate_candidate_needs_confirmation,,,,,https://monitor.statnipokladna.gov.cz/api/ukazatele?ic=00494232&obdobi=2512
2025,,single_school,founder:00494241,00494241,Obec Dolní Domaslavice,obec,1,1,3200000,0,3200000,1,29960092,aggregate_candidate_needs_confirmation,,,,,https://monitor.statnipokladna.gov.cz/api/ukazatele?ic=00494241&obdobi=2512
2025,,missing_finm_total,founder:00497011,00497011,Obec Licibořice,obec,1,0,0,0,0,1,2659872,founder_source_required,,,,,https://monitor.statnipokladna.gov.cz/api/ukazatele?ic=00497011&obdobi=2512
2025,,single_school,founder:00507644,00507644,Obec Vestec,obec,1,1,3500000,0,3500000,1,19137541,aggregate_candidate_needs_confirmation,,,,,https://monitor.statnipokladna.gov.cz/api/ukazatele?ic=00507644&obdobi=2512
2025,,single_school,founder:00508896,00508896,Obec Dalovice,obec,1,2,1584000,0,1584000,1,15205554,aggregate_candidate_needs_confirmation,,,,,https://monitor.statnipokladna.gov.cz/api/ukazatele?ic=00508896&obdobi=2512
2025,,single_school,founder:00508926,00508926,Obec Zdětín,obec,1,1,510000,0,510000,1,3097280,aggregate_candidate_needs_confirmation,,,,,https://monitor.statnipokladna.gov.cz/api/ukazatele?ic=00508926&obdobi=2512
2025,,single_school,founder:00508942,00508942,Obec Dlouhá Lhota,obec,1,1,200000,0,200000,1,2519889,aggregate_candidate_needs_confirmation,,,,,https://monitor.statnipokladna.gov.cz/api/ukazatele?ic=00508942&obdobi=2512
2025,,single_school,founder:00509001,00509001,Obec Vlkava,obec,1,1,700000,0,700000,1,3435808,aggregate_candidate_needs_confirmation,,,,,https://monitor.statnipokladna.gov.cz/api/ukazatele?ic=00509001&obdobi=2512
2025,,single_school,founder:00509035,00509035,Obec Rohatsko,obec,1,1,300000,0,300000,1,3474849,aggregate_candidate_needs_confirmation,,,,,https://monitor.statnipokladna.gov.cz/api/ukazatele?ic=00509035&obdobi=2512
2025,,single_school,founder:00509043,00509043,Obec Mečeříž,obec,1,1,799400,0,799400,1,5224079,aggregate_candidate_needs_confirmation,,,,,https://monitor.statnipokladna.gov.cz/api/ukazatele?ic=00509043&obdobi=2512
2025,,single_school,founder:00509116,00509116,Obec Charvatce,obec,1,1,320000,0,320000,1,1870309,aggregate_candidate_needs_confirmation,,,,,https://monitor.statnipokladna.gov.cz/api/ukazatele?ic=00509116&obdobi=2512
2025,,single_school,founder:00509124,00509124,Obec Chudíř,obec,1,1,522000,0,522000,1,4309232,aggregate_candidate_needs_confirmation,,,,,https://monitor.statnipokladna.gov.cz/api/ukazatele?ic=00509124&obdobi=2512
2025,,single_school,founder:00509329,00509329,Obec Březina,obec,1,1,500000,0,500000,1,5408280,aggregate_candidate_needs_confirmation,,,,,https://monitor.statnipokladna.gov.cz/api/ukazatele?ic=00509329&obdobi=2512
2025,,single_school,founder:00509337,00509337,Obec Dolní Stakory,obec,1,1,840000,0,840000,1,3161871,aggregate_candidate_needs_confirmation,,,,,https://monitor.statnipokladna.gov.cz/api/ukazatele?ic=00509337&obdobi=2512
2025,,single_school,founder:00509655,00509655,Obec Chodouň,obec,1,1,1046846,0,1046846,1,5319355,aggregate_candidate_needs_confirmation,,,,,https://monitor.statnipokladna.gov.cz/api/ukazatele?ic=00509655&obdobi=2512
2025,,single_school,founder:00509663,00509663,Obec Chrustenice,obec,1,1,1020000,0,1020000,1,2908281,aggregate_candidate_needs_confirmation,,,,,https://monitor.statnipokladna.gov.cz/api/ukazatele?ic=00509663&obdobi=2512
2025,,single_school,founder:00510530,00510530,Zřizovatel IČO 00510530,obec,1,1,1050000,0,1050000,1,6348164,aggregate_candidate_needs_confirmation,,,,,https://monitor.statnipokladna.gov.cz/api/ukazatele?ic=00510530&obdobi=2512
2025,,single_school,founder:00510548,00510548,Obec Liblice,obec,1,1,580100,0,580100,1,2753870,aggregate_candidate_needs_confirmation,,,,,https://monitor.statnipokladna.gov.cz/api/ukazatele?ic=00510548&obdobi=2512
2025,,single_school,founder:00510564,00510564,Obec Konětopy,obec,1,1,413000,0,413000,1,2667933,aggregate_candidate_needs_confirmation,,,,,https://monitor.statnipokladna.gov.cz/api/ukazatele?ic=00510564&obdobi=2512
2025,,single_school,founder:00511200,00511200,Obec Rodinov,obec,1,1,400000,0,400000,1,2548652,aggregate_candidate_needs_confirmation,,,,,https://monitor.statnipokladna.gov.cz/api/ukazatele?ic=00511200&obdobi=2512
2025,,single_school,founder:00511315,00511315,Obec Kojčice,obec,1,1,360000,0,360000,1,4055166,aggregate_candidate_needs_confirmation,,,,,https://monitor.statnipokladna.gov.cz/api/ukazatele?ic=00511315&obdobi=2512
2025,,single_school,founder:00511692,00511692,Obec Zbelítov,obec,1,1,100000,0,100000,1,2080384,aggregate_candidate_needs_confirmation,,,,,https://monitor.statnipokladna.gov.cz/api/ukazatele?ic=00511692&obdobi=2512
2025,,single_school,founder:00512699,00512699,Obec Plavsko,obec,1,1,1050000,0,1050000,1,12213078,aggregate_candidate_needs_confirmation,,,,,https://monitor.statnipokladna.gov.cz/api/ukazatele?ic=00512699&obdobi=2512
2025,,single_school,founder:00512737,00512737,Obec Střížovice,obec,1,1,495000,0,495000,1,2610333,aggregate_candidate_needs_confirmation,,,,,https://monitor.statnipokladna.gov.cz/api/ukazatele?ic=00512737&obdobi=2512
2025,,single_school,founder:00512915,00512915,Obec Báňovice,obec,1,1,230000,0,230000,1,2085441,aggregate_candidate_needs_confirmation,,,,,https://monitor.statnipokladna.gov.cz/api/ukazatele?ic=00512915&obdobi=2512
2025,,single_school,founder:00515761,00515761,Obec Olešná,obec,1,1,1200000,0,1200000,1,15681515,aggregate_candidate_needs_confirmation,,,,,https://monitor.statnipokladna.gov.cz/api/ukazatele?ic=00515761&obdobi=2512
2025,,single_school,founder:00515809,00515809,Obec Zachotín,obec,1,1,507000,0,507000,1,2123475,aggregate_candidate_needs_confirmation,,,,,https://monitor.statnipokladna.gov.cz/api/ukazatele?ic=00515809&obdobi=2512
2025,,single_school,founder:00515817,00515817,Obec Rynárec,obec,1,1,1737360,0,1737360,1,12064099,aggregate_candidate_needs_confirmation,,,,,https://monitor.statnipokladna.gov.cz/api/ukazatele?ic=00515817&obdobi=2512
2025,,single_school,founder:00519391,00519391,Obec Raková,obec,1,1,500000,0,500000,1,2667067,aggregate_candidate_needs_confirmation,,,,,https://monitor.statnipokladna.gov.cz/api/ukazatele?ic=00519391&obdobi=2512
2025,,single_school,founder:00524212,00524212,Obec Rybniště,obec,1,1,1270000,0,1270000,1,9583336,aggregate_candidate_needs_confirmation,,,,,https://monitor.statnipokladna.gov.cz/api/ukazatele?ic=00524212&obdobi=2512
2025,,single_school,founder:00524221,00524221,Obec Horní Podluží,obec,1,1,608000,0,608000,1,2690231,aggregate_candidate_needs_confirmation,,,,,https://monitor.statnipokladna.gov.cz/api/ukazatele?ic=00524221&obdobi=2512
2025,,single_school,founder:00524301,00524301,Obec Kunratice u Cvikova,obec,1,1,980000,0,980000,1,6658736,aggregate_candidate_needs_confirmation,,,,,https://monitor.statnipokladna.gov.cz/api/ukazatele?ic=00524301&obdobi=2512
2025,,single_school,founder:00524743,00524743,Obec Blíževedly,obec,1,1,650000,0,650000,1,5939664,aggregate_candidate_needs_confirmation,,,,,https://monitor.statnipokladna.gov.cz/api/ukazatele?ic=00524743&obdobi=2512
2025,,single_school,founder:00524760,00524760,Obec Provodín,obec,1,1,900000,0,900000,1,5299462,aggregate_candidate_needs_confirmation,,,,,https://monitor.statnipokladna.gov.cz/api/ukazatele?ic=00524760&obdobi=2512
2025,,single_school,founder:00525049,00525049,Obec Malá Veleň,obec,1,1,170000,0,170000,1,2763983,aggregate_candidate_needs_confirmation,,,,,https://monitor.statnipokladna.gov.cz/api/ukazatele?ic=00525049&obdobi=2512
2025,,single_school,founder:00525197,00525197,Obec Prysk,obec,1,1,1040000,0,1040000,1,7667910,aggregate_candidate_needs_confirmation,,,,,https://monitor.statnipokladna.gov.cz/api/ukazatele?ic=00525197&obdobi=2512
2025,,single_school,founder:00525405,00525405,Obec Polevsko,obec,1,2,930000,963713,1893713,1,12107940,aggregate_candidate_needs_confirmation,,,,,https://monitor.statnipokladna.gov.cz/api/ukazatele?ic=00525405&obdobi=2512
2025,,single_school,founder:00525677,00525677,Obec Sloup v Čechách,obec,1,2,1063447,45553,1109000,1,11559862,aggregate_candidate_needs_confirmation,,,,,https://monitor.statnipokladna.gov.cz/api/ukazatele?ic=00525677&obdobi=2512
2025,,single_school,founder:00525707,00525707,Obec Dubnice,obec,1,1,1500000,0,1500000,1,10038508,aggregate_candidate_needs_confirmation,,,,,https://monitor.statnipokladna.gov.cz/api/ukazatele?ic=00525707&obdobi=2512
2025,,single_school,founder:00526045,00526045,Obec Malé Žernoseky,obec,1,1,409151,0,409151,1,4207803,aggregate_candidate_needs_confirmation,,,,,https://monitor.statnipokladna.gov.cz/api/ukazatele?ic=00526045&obdobi=2512
2025,,single_school,founder:00526061,00526061,Obec Vrutice,obec,1,1,350000,0,350000,1,2236823,aggregate_candidate_needs_confirmation,,,,,https://monitor.statnipokladna.gov.cz/api/ukazatele?ic=00526061&obdobi=2512
2025,,single_school,founder:00526088,00526088,Obec Radovesice,obec,1,1,1303443,0,1303443,1,5286437,aggregate_candidate_needs_confirmation,,,,,https://monitor.statnipokladna.gov.cz/api/ukazatele?ic=00526088&obdobi=2512
2025,,single_school,founder:00526096,00526096,Obec Chotěšov,obec,1,1,490000,0,490000,1,2562449,aggregate_candidate_needs_confirmation,,,,,https://monitor.statnipokladna.gov.cz/api/ukazatele?ic=00526096&obdobi=2512
2025,,single_school,founder:00526134,00526134,Obec Lukavec,obec,1,1,200000,0,200000,1,2130804,aggregate_candidate_needs_confirmation,,,,,https://monitor.statnipokladna.gov.cz/api/ukazatele?ic=00526134&obdobi=2512
2025,,single_school,founder:00526461,00526461,Obec Dobříň,obec,1,1,600000,0,600000,1,3132252,aggregate_candidate_needs_confirmation,,,,,https://monitor.statnipokladna.gov.cz/api/ukazatele?ic=00526461&obdobi=2512
2025,,single_school,founder:00526479,00526479,Obec Židovice,obec,1,1,582000,0,582000,1,3090796,aggregate_candidate_needs_confirmation,,,,,https://monitor.statnipokladna.gov.cz/api/ukazatele?ic=00526479&obdobi=2512
2025,,single_school,founder:00531677,00531677,Obec Křižánky,obec,1,1,740000,0,740000,1,4706712,aggregate_candidate_needs_confirmation,,,,,https://monitor.statnipokladna.gov.cz/api/ukazatele?ic=00531677&obdobi=2512
2025,,single_school,founder:00532088,00532088,Obec Brumov,obec,1,1,300000,0,300000,1,2424511,aggregate_candidate_needs_confirmation,,,,,https://monitor.statnipokladna.gov.cz/api/ukazatele?ic=00532088&obdobi=2512
2025,,single_school,founder:00532096,00532096,Obec Bukovina,obec,1,1,1600000,0,1600000,1,7992671,aggregate_candidate_needs_confirmation,,,,,https://monitor.statnipokladna.gov.cz/api/ukazatele?ic=00532096&obdobi=2512
2025,,single_school,founder:00532100,00532100,Obec Bukovinka,obec,1,1,900000,0,900000,1,5948092,aggregate_candidate_needs_confirmation,,,,,https://monitor.statnipokladna.gov.cz/api/ukazatele?ic=00532100&obdobi=2512
2025,,single_school,founder:00532118,00532118,Obec Deštná,obec,1,2,895000,85000,980000,1,7416165,aggregate_candidate_needs_confirmation,,,,,https://monitor.statnipokladna.gov.cz/api/ukazatele?ic=00532118&obdobi=2512
2025,,single_school,founder:00533947,00533947,Obec Chlebičov,obec,1,1,2049362,0,2049362,1,13878858,aggregate_candidate_needs_confirmation,,,,,https://monitor.statnipokladna.gov.cz/api/ukazatele?ic=00533947&obdobi=2512
2025,,single_school,founder:00534650,00534650,Obec Bělá,obec,1,1,1000000,0,1000000,1,6366839,aggregate_candidate_needs_confirmation,,,,,https://monitor.statnipokladna.gov.cz/api/ukazatele?ic=00534650&obdobi=2512
2025,,single_school,founder:00534668,00534668,Obec Strahovice,obec,1,1,1100000,0,1100000,1,9153884,aggregate_candidate_needs_confirmation,,,,,https://monitor.statnipokladna.gov.cz/api/ukazatele?ic=00534668&obdobi=2512
2025,,single_school,founder:00534722,00534722,Obec Kyjovice,obec,1,1,1473000,0,1473000,1,11409057,aggregate_candidate_needs_confirmation,,,,,https://monitor.statnipokladna.gov.cz/api/ukazatele?ic=00534722&obdobi=2512
2025,,single_school,founder:00535117,00535117,Obec Těškovice,obec,1,1,1510000,0,1510000,1,10756871,aggregate_candidate_needs_confirmation,,,,,https://monitor.statnipokladna.gov.cz/api/ukazatele?ic=00535117&obdobi=2512
2025,,single_school,founder:00535141,00535141,Obec Čavisov,obec,1,1,380000,0,380000,1,2696445,aggregate_candidate_needs_confirmation,,,,,https://monitor.statnipokladna.gov.cz/api/ukazatele?ic=00535141&obdobi=2512
2025,,single_school,founder:00535931,00535931,Obec Bocanovice,obec,1,1,200000,0,200000,1,2770268,aggregate_candidate_needs_confirmation,,,,,https://monitor.statnipokladna.gov.cz/api/ukazatele?ic=00535931&obdobi=2512
2025,,single_school,founder:00535966,00535966,Obec Dolní Lomná,obec,1,1,1780163,0,1780163,1,12199031,aggregate_candidate_needs_confirmation,,,,,https://monitor.statnipokladna.gov.cz/api/ukazatele?ic=00535966&obdobi=2512
2025,,single_school,founder:00535982,00535982,Obec Písek,obec,1,2,5860293,568819,6429112,1,43308101,aggregate_candidate_needs_confirmation,,,,,https://monitor.statnipokladna.gov.cz/api/ukazatele?ic=00535982&obdobi=2512
2025,,single_school,founder:00535991,00535991,Obec Metylovice,obec,1,1,2536756,0,2536756,1,17027316,aggregate_candidate_needs_confirmation,,,,,https://monitor.statnipokladna.gov.cz/api/ukazatele?ic=00535991&obdobi=2512
2025,,single_school,founder:00536008,00536008,Obec Horní Domaslavice,obec,1,1,900000,0,900000,1,5836503,aggregate_candidate_needs_confirmation,,,,,https://monitor.statnipokladna.gov.cz/api/ukazatele?ic=00536008&obdobi=2512
2025,,single_school,founder:00542229,00542229,Obec Stříbrnice,obec,1,1,362000,0,362000,1,2412098,aggregate_candidate_needs_confirmation,,,,,https://monitor.statnipokladna.gov.cz/api/ukazatele?ic=00542229&obdobi=2512
2025,,single_school,founder:00542253,00542253,Obec Břestek,obec,1,1,711246,0,711246,1,4505474,aggregate_candidate_needs_confirmation,,,,,https://monitor.statnipokladna.gov.cz/api/ukazatele?ic=00542253&obdobi=2512
2025,,single_school,founder:00542261,00542261,Obec Sušice,obec,1,1,411000,0,411000,1,2665615,aggregate_candidate_needs_confirmation,,,,,https://monitor.statnipokladna.gov.cz/api/ukazatele?ic=00542261&obdobi=2512
2025,,single_school,founder:00542300,00542300,Obec Ořechov,obec,1,1,1254209,0,1254209,1,8104141,aggregate_candidate_needs_confirmation,,,,,https://monitor.statnipokladna.gov.cz/api/ukazatele?ic=00542300&obdobi=2512
2025,,single_school,founder:00542318,00542318,Obec Vážany,obec,1,1,500000,0,500000,1,2341299,aggregate_candidate_needs_confirmation,,,,,https://monitor.statnipokladna.gov.cz/api/ukazatele?ic=00542318&obdobi=2512
2025,,single_school,founder:00542326,00542326,Obec Pašovice,obec,1,1,350000,0,350000,1,2335571,aggregate_candidate_needs_confirmation,,,,,https://monitor.statnipokladna.gov.cz/api/ukazatele?ic=00542326&obdobi=2512
2025,,single_school,founder:00542369,00542369,Obec Jankovice,obec,1,1,300000,0,300000,1,2270370,aggregate_candidate_needs_confirmation,,,,,https://monitor.statnipokladna.gov.cz/api/ukazatele?ic=00542369&obdobi=2512
2025,,single_school,founder:00542377,00542377,Obec Košíky,obec,1,1,550000,0,550000,1,2536720,aggregate_candidate_needs_confirmation,,,,,https://monitor.statnipokladna.gov.cz/api/ukazatele?ic=00542377&obdobi=2512
2025,,single_school,founder:00542385,00542385,Obec Veletiny,obec,1,1,250000,0,250000,1,2596082,aggregate_candidate_needs_confirmation,,,,,https://monitor.statnipokladna.gov.cz/api/ukazatele?ic=00542385&obdobi=2512
2025,,single_school,founder:00542393,00542393,Obec Tupesy,obec,1,1,2390000,0,2390000,1,26090813,aggregate_candidate_needs_confirmation,,,,,https://monitor.statnipokladna.gov.cz/api/ukazatele?ic=00542393&obdobi=2512
2025,,single_school,founder:00542415,00542415,Obec Medlovice,obec,1,1,440000,0,440000,1,2780986,aggregate_candidate_needs_confirmation,,,,,https://monitor.statnipokladna.gov.cz/api/ukazatele?ic=00542415&obdobi=2512
2025,,single_school,founder:00542423,00542423,Obec Holubice,obec,1,1,4838500,0,4838500,1,24729814,aggregate_candidate_needs_confirmation,,,,,https://monitor.statnipokladna.gov.cz/api/ukazatele?ic=00542423&obdobi=2512
2025,,single_school,founder:00542431,00542431,Obec Křižanovice,obec,1,1,1180000,0,1180000,1,9275014,aggregate_candidate_needs_confirmation,,,,,https://monitor.statnipokladna.gov.cz/api/ukazatele?ic=00542431&obdobi=2512
2025,,single_school,founder:00542440,00542440,Obec Zbýšov,obec,1,1,320000,0,320000,1,3964507,aggregate_candidate_needs_confirmation,,,,,https://monitor.statnipokladna.gov.cz/api/ukazatele?ic=00542440&obdobi=2512
2025,,single_school,founder:00542458,00542458,Obec Heršpice,obec,1,1,1550000,0,1550000,1,9866331,aggregate_candidate_needs_confirmation,,,,,https://monitor.statnipokladna.gov.cz/api/ukazatele?ic=00542458&obdobi=2512
2025,,single_school,founder:00543713,00543713,Obec Malý Beranov,obec,1,1,550000,0,550000,1,2070664,aggregate_candidate_needs_confirmation,,,,,https://monitor.statnipokladna.gov.cz/api/ukazatele?ic=00543713&obdobi=2512
2025,,single_school,founder:00543730,00543730,Obec Rantířov,obec,1,1,440000,0,440000,1,4066521,aggregate_candidate_needs_confirmation,,,,,https://monitor.statnipokladna.gov.cz/api/ukazatele?ic=00543730&obdobi=2512
2025,,single_school,founder:00543870,00543870,Obec Hamry nad Sázavou,obec,1,1,1700000,0,1700000,1,13365482,aggregate_candidate_needs_confirmation,,,,,https://monitor.statnipokladna.gov.cz/api/ukazatele?ic=00543870&obdobi=2512
2025,,single_school,founder:00544175,00544175,Obec Dobrá Voda,obec,1,1,524682,0,524682,1,6120749,aggregate_candidate_needs_confirmation,,,,,https://monitor.statnipokladna.gov.cz/api/ukazatele?ic=00544175&obdobi=2512
2025,,single_school,founder:00544418,00544418,Obec Pavlov,obec,1,1,275000,0,275000,1,2502508,aggregate_candidate_needs_confirmation,,,,,https://monitor.statnipokladna.gov.cz/api/ukazatele?ic=00544418&obdobi=2512
2025,,single_school,founder:00544507,00544507,Obec Všemina,obec,1,1,2400000,0,2400000,1,10424384,aggregate_candidate_needs_confirmation,,,,,https://monitor.statnipokladna.gov.cz/api/ukazatele?ic=00544507&obdobi=2512
2025,,single_school,founder:00544558,00544558,Obec Rymice,obec,1,1,800000,0,800000,1,8947124,aggregate_candidate_needs_confirmation,,,,,https://monitor.statnipokladna.gov.cz/api/ukazatele?ic=00544558&obdobi=2512
2025,,single_school,founder:00544566,00544566,Obec Pravčice,obec,1,1,1500000,0,1500000,1,6390969,aggregate_candidate_needs_confirmation,,,,,https://monitor.statnipokladna.gov.cz/api/ukazatele?ic=00544566&obdobi=2512
2025,,single_school,founder:00544604,00544604,obec Němčice,obec,1,1,140000,0,140000,1,1891068,aggregate_candidate_needs_confirmation,,,,,https://monitor.statnipokladna.gov.cz/api/ukazatele?ic=00544604&obdobi=2512
2025,,single_school,founder:00544701,00544701,Obec Kuželov,obec,1,1,2397000,0,2397000,1,14306033,aggregate_candidate_needs_confirmation,,,,,https://monitor.statnipokladna.gov.cz/api/ukazatele?ic=00544701&obdobi=2512
2025,,single_school,founder:00545031,00545031,Obec Světnov,obec,1,1,1241000,0,1241000,1,6990991,aggregate_candidate_needs_confirmation,,,,,https://monitor.statnipokladna.gov.cz/api/ukazatele?ic=00545031&obdobi=2512
2025,,single_school,founder:00545171,00545171,Obec Malá Losenice,obec,1,1,278000,0,278000,1,2200409,aggregate_candidate_needs_confirmation,,,,,https://monitor.statnipokladna.gov.cz/api/ukazatele?ic=00545171&obdobi=2512
2025,,single_school,founder:00545406,00545406,Obec Křoví,obec,1,1,1100000,0,1100000,1,7586937,aggregate_candidate_needs_confirmation,,,,,https://monitor.statnipokladna.gov.cz/api/ukazatele?ic=00545406&obdobi=2512
2025,,single_school,founder:00545422,00545422,Obec Radňovice,obec,1,1,750000,0,750000,1,6537954,aggregate_candidate_needs_confirmation,,,,,https://monitor.statnipokladna.gov.cz/api/ukazatele?ic=00545422&obdobi=2512
2025,,single_school,founder:00545627,00545627,Obec Třebenice,obec,1,1,510000,0,510000,1,2379631,aggregate_candidate_needs_confirmation,,,,,https://monitor.statnipokladna.gov.cz/api/ukazatele?ic=00545627&obdobi=2512
2025,,single_school,founder:00545759,00545759,Obec Poděšín,obec,1,1,190000,0,190000,1,2207354,aggregate_candidate_needs_confirmation,,,,,https://monitor.statnipokladna.gov.cz/api/ukazatele?ic=00545759&obdobi=2512
2025,,single_school,founder:00545775,00545775,Obec Ořechov,obec,1,1,440000,0,440000,1,4218907,aggregate_candidate_needs_confirmation,,,,,https://monitor.statnipokladna.gov.cz/api/ukazatele?ic=00545775&obdobi=2512
2025,,single_school,founder:00546739,00546739,Obec Obyčtov,obec,1,1,260000,0,260000,1,2370538,aggregate_candidate_needs_confirmation,,,,,https://monitor.statnipokladna.gov.cz/api/ukazatele?ic=00546739&obdobi=2512
2025,,single_school,founder:00547905,00547905,Obec Dřevnovice,obec,1,1,687000,0,687000,1,2910852,aggregate_candidate_needs_confirmation,,,,,https://monitor.statnipokladna.gov.cz/api/ukazatele?ic=00547905&obdobi=2512
2025,,single_school,founder:00554839,00554839,Obec Sulejovice,obec,1,1,1813252,0,1813252,1,12370733,aggregate_candidate_needs_confirmation,,,,,https://monitor.statnipokladna.gov.cz/api/ukazatele?ic=00554839&obdobi=2512
2025,,single_school,founder:00554847,00554847,Obec Vchynice,obec,1,1,410000,0,410000,1,2767710,aggregate_candidate_needs_confirmation,,,,,https://monitor.statnipokladna.gov.cz/api/ukazatele?ic=00554847&obdobi=2512
2025,,single_school,founder:00555207,00555207,Obec Podsedice,obec,1,1,1500000,0,1500000,1,5916998,aggregate_candidate_needs_confirmation,,,,,https://monitor.statnipokladna.gov.cz/api/ukazatele?ic=00555207&obdobi=2512
2025,,single_school,founder:00555215,00555215,Obec Přestavlky,obec,1,1,452103,0,452103,1,2527802,aggregate_candidate_needs_confirmation,,,,,https://monitor.statnipokladna.gov.cz/api/ukazatele?ic=00555215&obdobi=2512
2025,,single_school,founder:00555444,00555444,Obec Horní Libchava,obec,1,1,1400000,0,1400000,1,12623799,aggregate_candidate_needs_confirmation,,,,,https://monitor.statnipokladna.gov.cz/api/ukazatele?ic=00555444&obdobi=2512
2025,,single_school,founder:00555886,00555886,Obec Velká Bukovina,obec,1,1,348800,0,348800,1,2962383,aggregate_candidate_needs_confirmation,,,,,https://monitor.statnipokladna.gov.cz/api/ukazatele?ic=00555886&obdobi=2512
2025,,single_school,founder:00555916,00555916,Obec Markvartice,obec,1,1,1800000,0,1800000,1,22859570,aggregate_candidate_needs_confirmation,,,,,https://monitor.statnipokladna.gov.cz/api/ukazatele?ic=00555916&obdobi=2512
2025,,single_school,founder:00555924,00555924,Obec Dolní Habartice,obec,1,1,1084913,0,1084913,1,10113664,aggregate_candidate_needs_confirmation,,,,,https://monitor.statnipokladna.gov.cz/api/ukazatele?ic=00555924&obdobi=2512
2025,,single_school,founder:00555932,00555932,Obec Horní Habartice,obec,1,1,635443,0,635443,1,4633610,aggregate_candidate_needs_confirmation,,,,,https://monitor.statnipokladna.gov.cz/api/ukazatele?ic=00555932&obdobi=2512
2025,,single_school,founder:00555967,00555967,Obec Valkeřice,obec,1,1,240000,0,240000,1,2834160,aggregate_candidate_needs_confirmation,,,,,https://monitor.statnipokladna.gov.cz/api/ukazatele?ic=00555967&obdobi=2512
2025,,single_school,founder:00555975,00555975,Obec Dobrná,obec,1,1,756255,0,756255,1,2856722,aggregate_candidate_needs_confirmation,,,,,https://monitor.statnipokladna.gov.cz/api/ukazatele?ic=00555975&obdobi=2512
2025,,single_school,founder:00555983,00555983,Obec Lobendava,obec,1,1,390000,0,390000,1,3060917,aggregate_candidate_needs_confirmation,,,,,https://monitor.statnipokladna.gov.cz/api/ukazatele?ic=00555983&obdobi=2512
2025,,single_school,founder:00556025,00556025,Obec Janov,obec,1,1,850000,0,850000,1,4721170,aggregate_candidate_needs_confirmation,,,,,https://monitor.statnipokladna.gov.cz/api/ukazatele?ic=00556025&obdobi=2512
2025,,single_school,founder:00556211,00556211,Obec Chotiměř,obec,1,1,385000,0,385000,1,2278430,aggregate_candidate_needs_confirmation,,,,,https://monitor.statnipokladna.gov.cz/api/ukazatele?ic=00556211&obdobi=2512
2025,,single_school,founder:00556238,00556238,Obec Bitozeves,obec,1,1,2085000,0,2085000,1,12242636,aggregate_candidate_needs_confirmation,,,,,https://monitor.statnipokladna.gov.cz/api/ukazatele?ic=00556238&obdobi=2512
2025,,single_school,founder:00556262,00556262,Městys Cítoliby,obec,1,2,2617426,0,2617426,1,13977310,aggregate_candidate_needs_confirmation,,,,,https://monitor.statnipokladna.gov.cz/api/ukazatele?ic=00556262&obdobi=2512
2025,,single_school,founder:00556271,00556271,Obec Černčice,obec,1,1,5095333,0,5095333,1,38348130,aggregate_candidate_needs_confirmation,,,,,https://monitor.statnipokladna.gov.cz/api/ukazatele?ic=00556271&obdobi=2512
2025,,single_school,founder:00556297,00556297,Obec Holedeč,obec,1,1,610000,0,610000,1,3642325,aggregate_candidate_needs_confirmation,,,,,https://monitor.statnipokladna.gov.cz/api/ukazatele?ic=00556297&obdobi=2512
2025,,single_school,founder:00556327,00556327,Obec Jimlín,obec,1,1,1741682,0,1741682,1,10406532,aggregate_candidate_needs_confirmation,,,,,https://monitor.statnipokladna.gov.cz/api/ukazatele?ic=00556327&obdobi=2512
2025,,single_school,founder:00556432,00556432,Obec Staňkovice,obec,1,1,1500000,0,1500000,1,11382830,aggregate_candidate_needs_confirmation,,,,,https://monitor.statnipokladna.gov.cz/api/ukazatele?ic=00556432&obdobi=2512
2025,,single_school,founder:00556475,00556475,Obec Veltěže,obec,1,1,450000,0,450000,1,3535152,aggregate_candidate_needs_confirmation,,,,,https://monitor.statnipokladna.gov.cz/api/ukazatele?ic=00556475&obdobi=2512
2025,,single_school,founder:00556483,00556483,Obec Vrbno nad Lesy,obec,1,1,568094,0,568094,1,3068067,aggregate_candidate_needs_confirmation,,,,,https://monitor.statnipokladna.gov.cz/api/ukazatele?ic=00556483&obdobi=2512
2025,,single_school,founder:00556891,00556891,Obec Malé Březno,obec,1,1,470000,0,470000,1,3359689,aggregate_candidate_needs_confirmation,,,,,https://monitor.statnipokladna.gov.cz/api/ukazatele?ic=00556891&obdobi=2512
2025,,single_school,founder:00557889,00557889,Obec Drnovice,obec,1,1,600000,0,600000,1,5897664,aggregate_candidate_needs_confirmation,,,,,https://monitor.statnipokladna.gov.cz/api/ukazatele?ic=00557889&obdobi=2512
2025,,single_school,founder:00561193,00561193,Obec Neplachovice,obec,1,2,5538736,308264,5847000,1,38974780,aggregate_candidate_needs_confirmation,,,,,https://monitor.statnipokladna.gov.cz/api/ukazatele?ic=00561193&obdobi=2512
2025,,single_school,founder:00568511,00568511,Obec Březová,obec,1,1,300000,0,300000,1,2337417,aggregate_candidate_needs_confirmation,,,,,https://monitor.statnipokladna.gov.cz/api/ukazatele?ic=00568511&obdobi=2512
2025,,single_school,founder:00568546,00568546,Obec Držková,obec,1,1,548000,0,548000,1,2656061,aggregate_candidate_needs_confirmation,,,,,https://monitor.statnipokladna.gov.cz/api/ukazatele?ic=00568546&obdobi=2512
2025,,single_school,founder:00568554,00568554,Obec Horní Lhota,obec,1,1,996000,0,996000,1,4780669,aggregate_candidate_needs_confirmation,,,,,https://monitor.statnipokladna.gov.cz/api/ukazatele?ic=00568554&obdobi=2512
2025,,single_school,founder:00568571,00568571,obec Hrobice,obec,1,1,522000,0,522000,1,4449528,aggregate_candidate_needs_confirmation,,,,,https://monitor.statnipokladna.gov.cz/api/ukazatele?ic=00568571&obdobi=2512
2025,,single_school,founder:00568597,00568597,Obec Komárov,obec,1,1,399000,0,399000,1,2901846,aggregate_candidate_needs_confirmation,,,,,https://monitor.statnipokladna.gov.cz/api/ukazatele?ic=00568597&obdobi=2512
2025,,single_school,founder:00568627,00568627,Obec Lípa,obec,1,1,400000,0,400000,1,5901968,aggregate_candidate_needs_confirmation,,,,,https://monitor.statnipokladna.gov.cz/api/ukazatele?ic=00568627&obdobi=2512
2025,,single_school,founder:00568635,00568635,Obec Lhota,obec,1,1,500000,0,500000,1,4580186,aggregate_candidate_needs_confirmation,,,,,https://monitor.statnipokladna.gov.cz/api/ukazatele?ic=00568635&obdobi=2512
2025,,single_school,founder:00568643,00568643,Obec Loučka,obec,1,1,325000,0,325000,1,2787767,aggregate_candidate_needs_confirmation,,,,,https://monitor.statnipokladna.gov.cz/api/ukazatele?ic=00568643&obdobi=2512
2025,,single_school,founder:00568651,00568651,obec Machová,obec,1,1,250000,0,250000,1,3288424,aggregate_candidate_needs_confirmation,,,,,https://monitor.statnipokladna.gov.cz/api/ukazatele?ic=00568651&obdobi=2512
2025,,single_school,founder:00568660,00568660,Obec Neubuz,obec,1,1,460000,0,460000,1,3700848,aggregate_candidate_needs_confirmation,,,,,https://monitor.statnipokladna.gov.cz/api/ukazatele?ic=00568660&obdobi=2512
2025,,single_school,founder:00568686,00568686,Obec Pohořelice,obec,1,2,550000,0,550000,1,13541364,aggregate_candidate_needs_confirmation,,,,,https://monitor.statnipokladna.gov.cz/api/ukazatele?ic=00568686&obdobi=2512
2025,,single_school,founder:00568694,00568694,Obec Poteč,obec,1,1,225000,0,225000,1,2698095,aggregate_candidate_needs_confirmation,,,,,https://monitor.statnipokladna.gov.cz/api/ukazatele?ic=00568694&obdobi=2512
2025,,single_school,founder:00568708,00568708,Městys Pozlovice,obec,1,3,1680000,0,1680000,1,17551212,aggregate_candidate_needs_confirmation,,,,,https://monitor.statnipokladna.gov.cz/api/ukazatele?ic=00568708&obdobi=2512
2025,,single_school,founder:00568716,00568716,Obec Sazovice,obec,1,1,1400000,0,1400000,1,9697496,aggregate_candidate_needs_confirmation,,,,,https://monitor.statnipokladna.gov.cz/api/ukazatele?ic=00568716&obdobi=2512
2025,,single_school,founder:00568724,00568724,Obec Sehradice,obec,1,1,600000,0,600000,1,6630430,aggregate_candidate_needs_confirmation,,,,,https://monitor.statnipokladna.gov.cz/api/ukazatele?ic=00568724&obdobi=2512
2025,,single_school,founder:00568732,00568732,Obec Slopné,obec,1,1,264000,0,264000,1,5838909,aggregate_candidate_needs_confirmation,,,,,https://monitor.statnipokladna.gov.cz/api/ukazatele?ic=00568732&obdobi=2512
2025,,single_school,founder:00568741,00568741,Obec Tečovice,obec,1,1,1338200,0,1338200,1,15864433,aggregate_candidate_needs_confirmation,,,,,https://monitor.statnipokladna.gov.cz/api/ukazatele?ic=00568741&obdobi=2512
2025,,single_school,founder:00568759,00568759,Obec Ublo,obec,1,1,380000,0,380000,1,2766365,aggregate_candidate_needs_confirmation,,,,,https://monitor.statnipokladna.gov.cz/api/ukazatele?ic=00568759&obdobi=2512
2025,,single_school,founder:00572179,00572179,Obec Pasečnice,obec,1,1,260000,0,260000,1,2069916,aggregate_candidate_needs_confirmation,,,,,https://monitor.statnipokladna.gov.cz/api/ukazatele?ic=00572179&obdobi=2512
2025,,single_school,founder:00572209,00572209,Obec Trhanov,obec,1,1,550000,0,550000,1,5099815,aggregate_candidate_needs_confirmation,,,,,https://monitor.statnipokladna.gov.cz/api/ukazatele?ic=00572209&obdobi=2512
2025,,single_school,founder:00572292,00572292,Obec Nový Kramolín,obec,1,1,610100,0,610100,1,2854425,aggregate_candidate_needs_confirmation,,,,,https://monitor.statnipokladna.gov.cz/api/ukazatele?ic=00572292&obdobi=2512
2025,,single_school,founder:00572357,00572357,Obec Kvíčovice,obec,1,1,239024,0,239024,1,3567671,aggregate_candidate_needs_confirmation,,,,,https://monitor.statnipokladna.gov.cz/api/ukazatele?ic=00572357&obdobi=2512
2025,,single_school,founder:00572535,00572535,Obec Úsilov,obec,1,1,300000,0,300000,1,2555237,aggregate_candidate_needs_confirmation,,,,,https://monitor.statnipokladna.gov.cz/api/ukazatele?ic=00572535&obdobi=2512
2025,,single_school,founder:00572543,00572543,Obec Chodská Lhota,obec,1,1,261300,0,261300,1,2156534,aggregate_candidate_needs_confirmation,,,,,https://monitor.statnipokladna.gov.cz/api/ukazatele?ic=00572543&obdobi=2512
2025,,single_school,founder:00572551,00572551,Obec Babylon,obec,1,1,272100,0,272100,1,2619759,aggregate_candidate_needs_confirmation,,,,,https://monitor.statnipokladna.gov.cz/api/ukazatele?ic=00572551&obdobi=2512
2025,,single_school,founder:00572608,00572608,Obec Brnířov,obec,1,2,223205,48000,271205,1,2568360,aggregate_candidate_needs_confirmation,,,,,https://monitor.statnipokladna.gov.cz/api/ukazatele?ic=00572608&obdobi=2512
2025,,single_school,founder:00572659,00572659,Obec Mířkov,obec,1,1,480000,0,480000,1,2657018,aggregate_candidate_needs_confirmation,,,,,https://monitor.statnipokladna.gov.cz/api/ukazatele?ic=00572659&obdobi=2512
2025,,single_school,founder:00572675,00572675,obec Krásná,obec,1,1,800000,0,800000,1,3106980,aggregate_candidate_needs_confirmation,,,,,https://monitor.statnipokladna.gov.cz/api/ukazatele?ic=00572675&obdobi=2512
2025,,single_school,founder:00572691,00572691,Obec Okrouhlá,obec,1,1,380000,0,380000,1,2247000,aggregate_candidate_needs_confirmation,,,,,https://monitor.statnipokladna.gov.cz/api/ukazatele?ic=00572691&obdobi=2512
2025,,single_school,founder:00572705,00572705,Obec Třebeň,obec,1,1,191000,0,191000,1,2357311,aggregate_candidate_needs_confirmation,,,,,https://monitor.statnipokladna.gov.cz/api/ukazatele?ic=00572705&obdobi=2512
2025,,single_school,founder:00572748,00572748,Obec Stará Voda,obec,1,1,770000,0,770000,1,4345359,aggregate_candidate_needs_confirmation,,,,,https://monitor.statnipokladna.gov.cz/api/ukazatele?ic=00572748&obdobi=2512
2025,,single_school,founder:00572861,00572861,Obec Rochlov,obec,1,1,422713,0,422713,1,7112088,aggregate_candidate_needs_confirmation,,,,,https://monitor.statnipokladna.gov.cz/api/ukazatele?ic=00572861&obdobi=2512
2025,,single_school,founder:00572969,00572969,Obec Rybnice,obec,1,1,380000,0,380000,1,2626279,aggregate_candidate_needs_confirmation,,,,,https://monitor.statnipokladna.gov.cz/api/ukazatele?ic=00572969&obdobi=2512
2025,,single_school,founder:00573132,00573132,Obec Dolní Rychnov,obec,1,1,600000,0,600000,1,5814205,aggregate_candidate_needs_confirmation,,,,,https://monitor.statnipokladna.gov.cz/api/ukazatele?ic=00573132&obdobi=2512
2025,,single_school,founder:00573141,00573141,Městys Svatava,obec,1,2,3207933,89161,3297094,1,14074493,aggregate_candidate_needs_confirmation,,,,,https://monitor.statnipokladna.gov.cz/api/ukazatele?ic=00573141&obdobi=2512
2025,,single_school,founder:00573159,00573159,Obec Šabina,obec,1,1,310000,0,310000,1,2382127,aggregate_candidate_needs_confirmation,,,,,https://monitor.statnipokladna.gov.cz/api/ukazatele?ic=00573159&obdobi=2512
2025,,single_school,founder:00573167,00573167,Obec Krásno,obec,1,2,796100,0,796100,1,4402503,aggregate_candidate_needs_confirmation,,,,,https://monitor.statnipokladna.gov.cz/api/ukazatele?ic=00573167&obdobi=2512
2025,,single_school,founder:00573183,00573183,Obec Božičany,obec,1,1,1600000,0,1600000,1,7386070,aggregate_candidate_needs_confirmation,,,,,https://monitor.statnipokladna.gov.cz/api/ukazatele?ic=00573183&obdobi=2512
2025,,single_school,founder:00573191,00573191,Obec Březová,obec,1,1,700000,0,700000,1,5427964,aggregate_candidate_needs_confirmation,,,,,https://monitor.statnipokladna.gov.cz/api/ukazatele?ic=00573191&obdobi=2512
2025,,single_school,founder:00573213,00573213,Obec Dalovice,obec,1,1,3925000,0,3925000,1,24521261,aggregate_candidate_needs_confirmation,,,,,https://monitor.statnipokladna.gov.cz/api/ukazatele?ic=00573213&obdobi=2512
2025,,single_school,founder:00573256,00573256,Město Krásné Údolí,obec,1,1,277621,0,277621,1,2618640,aggregate_candidate_needs_confirmation,,,,,https://monitor.statnipokladna.gov.cz/api/ukazatele?ic=00573256&obdobi=2512
2025,,single_school,founder:00573337,00573337,Obec  Svéradice,obec,1,1,250000,0,250000,1,2488762,aggregate_candidate_needs_confirmation,,,,,https://monitor.statnipokladna.gov.cz/api/ukazatele?ic=00573337&obdobi=2512
2025,,single_school,founder:00573388,00573388,Obec Borovy,obec,1,1,375000,0,375000,1,3436955,aggregate_candidate_needs_confirmation,,,,,https://monitor.statnipokladna.gov.cz/api/ukazatele?ic=00573388&obdobi=2512
2025,,single_school,founder:00573744,00573744,Obec Studánka,obec,1,1,300000,0,300000,1,2777611,aggregate_candidate_needs_confirmation,,,,,https://monitor.statnipokladna.gov.cz/api/ukazatele?ic=00573744&obdobi=2512
2025,,single_school,founder:00573752,00573752,Obec Lom u Tachova,obec,1,1,743511,0,743511,1,7322945,aggregate_candidate_needs_confirmation,,,,,https://monitor.statnipokladna.gov.cz/api/ukazatele?ic=00573752&obdobi=2512
2025,,single_school,founder:00573809,00573809,Obec Tisová,obec,1,1,710000,0,710000,1,3052771,aggregate_candidate_needs_confirmation,,,,,https://monitor.statnipokladna.gov.cz/api/ukazatele?ic=00573809&obdobi=2512
2025,,single_school,founder:00573957,00573957,Obec Kamenný Újezd,obec,1,1,465282,0,465282,1,3448218,aggregate_candidate_needs_confirmation,,,,,https://monitor.statnipokladna.gov.cz/api/ukazatele?ic=00573957&obdobi=2512
2025,,single_school,founder:00574147,00574147,Obec Oplot,obec,1,1,250000,0,250000,1,3231705,aggregate_candidate_needs_confirmation,,,,,https://monitor.statnipokladna.gov.cz/api/ukazatele?ic=00574147&obdobi=2512
2025,,single_school,founder:00574155,00574155,Obec Letkov,obec,1,1,510000,0,510000,1,4289704,aggregate_candidate_needs_confirmation,,,,,https://monitor.statnipokladna.gov.cz/api/ukazatele?ic=00574155&obdobi=2512
2025,,single_school,founder:00575640,00575640,Obec Krčmaň,obec,1,1,1501000,0,1501000,1,3029708,aggregate_candidate_needs_confirmation,,,,,https://monitor.statnipokladna.gov.cz/api/ukazatele?ic=00575640&obdobi=2512
2025,,single_school,founder:00575666,00575666,Obec Medlov,obec,1,1,2007000,0,2007000,1,24525003,aggregate_candidate_needs_confirmation,,,,,https://monitor.statnipokladna.gov.cz/api/ukazatele?ic=00575666&obdobi=2512
2025,,single_school,founder:00575950,00575950,Obec Stará Ves,obec,1,1,1665000,0,1665000,1,11383010,aggregate_candidate_needs_confirmation,,,,,https://monitor.statnipokladna.gov.cz/api/ukazatele?ic=00575950&obdobi=2512
2025,,single_school,founder:00575976,00575976,Město Andělská Hora,obec,1,2,2166420,1995550,4161970,1,16297665,aggregate_candidate_needs_confirmation,,,,,https://monitor.statnipokladna.gov.cz/api/ukazatele?ic=00575976&obdobi=2512
2025,,single_school,founder:00575984,00575984,Obec Rudná pod Pradědem,obec,1,1,650000,0,650000,1,6615196,aggregate_candidate_needs_confirmation,,,,,https://monitor.statnipokladna.gov.cz/api/ukazatele?ic=00575984&obdobi=2512
2025,,single_school,founder:00576018,00576018,Obec Velká Štáhle,obec,1,1,530000,0,530000,1,2643751,aggregate_candidate_needs_confirmation,,,,,https://monitor.statnipokladna.gov.cz/api/ukazatele?ic=00576018&obdobi=2512
2025,,single_school,founder:00576042,00576042,Obec Moravskoslezský Kočov,obec,1,1,340000,0,340000,1,2464678,aggregate_candidate_needs_confirmation,,,,,https://monitor.statnipokladna.gov.cz/api/ukazatele?ic=00576042&obdobi=2512
2025,,single_school,founder:00576051,00576051,Obec Staré Město,obec,1,1,650000,0,650000,1,4197832,aggregate_candidate_needs_confirmation,,,,,https://monitor.statnipokladna.gov.cz/api/ukazatele?ic=00576051&obdobi=2512
2025,,single_school,founder:00576077,00576077,Obec Staré Heřminovy,obec,1,1,290000,0,290000,1,2576707,aggregate_candidate_needs_confirmation,,,,,https://monitor.statnipokladna.gov.cz/api/ukazatele?ic=00576077&obdobi=2512
2025,,single_school,founder:00576085,00576085,Obec Horní Životice,obec,1,2,630000,243717,873717,1,4262346,aggregate_candidate_needs_confirmation,,,,,https://monitor.statnipokladna.gov.cz/api/ukazatele?ic=00576085&obdobi=2512
2025,,single_school,founder:00576115,00576115,Obec Dívčí Hrad,obec,1,2,1005000,90182,1095182,1,7397040,aggregate_candidate_needs_confirmation,,,,,https://monitor.statnipokladna.gov.cz/api/ukazatele?ic=00576115&obdobi=2512
2025,,single_school,founder:00576255,00576255,Obec Přáslavice,obec,1,1,2500000,0,2500000,1,21390847,aggregate_candidate_needs_confirmation,,,,,https://monitor.statnipokladna.gov.cz/api/ukazatele?ic=00576255&obdobi=2512
2025,,single_school,founder:00576263,00576263,Obec Bukovany,obec,1,1,350000,0,350000,1,3945437,aggregate_candidate_needs_confirmation,,,,,https://monitor.statnipokladna.gov.cz/api/ukazatele?ic=00576263&obdobi=2512
2025,,single_school,founder:00576867,00576867,Obec Žabeň,obec,1,1,2604500,0,2604500,1,13619912,aggregate_candidate_needs_confirmation,,,,,https://monitor.statnipokladna.gov.cz/api/ukazatele?ic=00576867&obdobi=2512
2025,,single_school,founder:00576905,00576905,Obec Smilovice,obec,1,1,1850000,0,1850000,1,14979446,aggregate_candidate_needs_confirmation,,,,,https://monitor.statnipokladna.gov.cz/api/ukazatele?ic=00576905&obdobi=2512
2025,,single_school,founder:00576913,00576913,Obec Střítež,obec,1,1,1650000,0,1650000,1,14559867,aggregate_candidate_needs_confirmation,,,,,https://monitor.statnipokladna.gov.cz/api/ukazatele?ic=00576913&obdobi=2512
2025,,single_school,founder:00576921,00576921,Obec Třanovice,obec,1,1,1600000,0,1600000,1,17131122,aggregate_candidate_needs_confirmation,,,,,https://monitor.statnipokladna.gov.cz/api/ukazatele?ic=00576921&obdobi=2512
2025,,single_school,founder:00576948,00576948,Obec Staré Město,obec,1,1,4000000,0,4000000,1,29638892,aggregate_candidate_needs_confirmation,,,,,https://monitor.statnipokladna.gov.cz/api/ukazatele?ic=00576948&obdobi=2512
2025,,single_school,founder:00576956,00576956,Obec Staříč,obec,1,1,5500000,0,5500000,1,26297312,aggregate_candidate_needs_confirmation,,,,,https://monitor.statnipokladna.gov.cz/api/ukazatele?ic=00576956&obdobi=2512
2025,,single_school,founder:00576972,00576972,Obec Pstruží,obec,1,1,1500000,0,1500000,1,13393962,aggregate_candidate_needs_confirmation,,,,,https://monitor.statnipokladna.gov.cz/api/ukazatele?ic=00576972&obdobi=2512
2025,,single_school,founder:00576981,00576981,Obec Soběšovice,obec,1,1,1381100,0,1381100,1,9094394,aggregate_candidate_needs_confirmation,,,,,https://monitor.statnipokladna.gov.cz/api/ukazatele?ic=00576981&obdobi=2512
2025,,single_school,founder:00576999,00576999,Obec Pražmo,obec,1,1,666000,0,666000,1,5201400,aggregate_candidate_needs_confirmation,,,,,https://monitor.statnipokladna.gov.cz/api/ukazatele?ic=00576999&obdobi=2512
2025,,single_school,founder:00577006,00577006,Obec Raškovice,obec,1,1,6100000,0,6100000,1,52984667,aggregate_candidate_needs_confirmation,,,,,https://monitor.statnipokladna.gov.cz/api/ukazatele?ic=00577006&obdobi=2512
2025,,single_school,founder:00577014,00577014,Obec Vyšní Lhoty,obec,1,1,740000,0,740000,1,3787086,aggregate_candidate_needs_confirmation,,,,,https://monitor.statnipokladna.gov.cz/api/ukazatele?ic=00577014&obdobi=2512
2025,,single_school,founder:00577031,00577031,Obec Řepiště,obec,1,1,6050000,0,6050000,1,22969087,aggregate_candidate_needs_confirmation,,,,,https://monitor.statnipokladna.gov.cz/api/ukazatele?ic=00577031&obdobi=2512
2025,,single_school,founder:00577049,00577049,Obec Nošovice,obec,1,1,2893000,0,2893000,1,13572397,aggregate_candidate_needs_confirmation,,,,,https://monitor.statnipokladna.gov.cz/api/ukazatele?ic=00577049&obdobi=2512
2025,,single_school,founder:00577057,00577057,Obec Dobratice,obec,1,1,5127000,0,5127000,1,25385379,aggregate_candidate_needs_confirmation,,,,,https://monitor.statnipokladna.gov.cz/api/ukazatele?ic=00577057&obdobi=2512
2025,,single_school,founder:00577669,00577669,Obec Bílá,obec,1,2,620000,180636,800636,1,3168668,aggregate_candidate_needs_confirmation,,,,,https://monitor.statnipokladna.gov.cz/api/ukazatele?ic=00577669&obdobi=2512
2025,,single_school,founder:00578193,00578193,Obec Libotov,obec,1,1,280600,0,280600,1,2649603,aggregate_candidate_needs_confirmation,,,,,https://monitor.statnipokladna.gov.cz/api/ukazatele?ic=00578193&obdobi=2512
2025,,single_school,founder:00578363,00578363,Obec Jinolice,obec,1,1,470000,0,470000,1,4910408,aggregate_candidate_needs_confirmation,,,,,https://monitor.statnipokladna.gov.cz/api/ukazatele?ic=00578363&obdobi=2512
2025,,single_school,founder:00578371,00578371,Obec Kacákova Lhota,obec,1,1,157294,0,157294,1,2513417,aggregate_candidate_needs_confirmation,,,,,https://monitor.statnipokladna.gov.cz/api/ukazatele?ic=00578371&obdobi=2512
2025,,single_school,founder:00578444,00578444,Obec Milovice u Hořic,obec,1,1,637000,0,637000,1,4722157,aggregate_candidate_needs_confirmation,,,,,https://monitor.statnipokladna.gov.cz/api/ukazatele?ic=00578444&obdobi=2512
2025,,single_school,founder:00578495,00578495,Obec Ostružno,obec,1,1,50000,0,50000,1,2321819,aggregate_candidate_needs_confirmation,,,,,https://monitor.statnipokladna.gov.cz/api/ukazatele?ic=00578495&obdobi=2512
2025,,single_school,founder:00578525,00578525,Obec Rohoznice,obec,1,1,425140,0,425140,1,3300125,aggregate_candidate_needs_confirmation,,,,,https://monitor.statnipokladna.gov.cz/api/ukazatele?ic=00578525&obdobi=2512
2025,,single_school,founder:00579106,00579106,Obec Albrechtice nad Orlicí,obec,1,1,2630000,0,2630000,1,15401773,aggregate_candidate_needs_confirmation,,,,,https://monitor.statnipokladna.gov.cz/api/ukazatele?ic=00579106&obdobi=2512
2025,,single_school,founder:00579246,00579246,Obec Rohenice,obec,1,1,350000,0,350000,1,2943123,aggregate_candidate_needs_confirmation,,,,,https://monitor.statnipokladna.gov.cz/api/ukazatele?ic=00579246&obdobi=2512
2025,,single_school,founder:00579289,00579289,Obec Synkov - Slemeno,obec,1,1,545000,0,545000,1,6424656,aggregate_candidate_needs_confirmation,,,,,https://monitor.statnipokladna.gov.cz/api/ukazatele?ic=00579289&obdobi=2512
2025,,single_school,founder:00579301,00579301,Obec Lukavice,obec,1,2,1569522,60350,1629872,1,7159521,aggregate_candidate_needs_confirmation,,,,,https://monitor.statnipokladna.gov.cz/api/ukazatele?ic=00579301&obdobi=2512
2025,,single_school,founder:00579319,00579319,Obec Podbřezí,obec,1,1,1100000,0,1100000,1,8717672,aggregate_candidate_needs_confirmation,,,,,https://monitor.statnipokladna.gov.cz/api/ukazatele?ic=00579319&obdobi=2512
2025,,single_school,founder:00579441,00579441,Obec Banín,obec,1,1,300000,0,300000,1,2266890,aggregate_candidate_needs_confirmation,,,,,https://monitor.statnipokladna.gov.cz/api/ukazatele?ic=00579441&obdobi=2512
2025,,single_school,founder:00579459,00579459,Obec Bělá nad Svitavou,obec,1,1,600000,0,600000,1,4592227,aggregate_candidate_needs_confirmation,,,,,https://monitor.statnipokladna.gov.cz/api/ukazatele?ic=00579459&obdobi=2512
2025,,single_school,founder:00579467,00579467,Obec Biskupice,obec,1,1,506000,0,506000,1,3567578,aggregate_candidate_needs_confirmation,,,,,https://monitor.statnipokladna.gov.cz/api/ukazatele?ic=00579467&obdobi=2512
2025,,single_school,founder:00579483,00579483,Obec Desná,obec,1,1,450000,0,450000,1,4618291,aggregate_candidate_needs_confirmation,,,,,https://monitor.statnipokladna.gov.cz/api/ukazatele?ic=00579483&obdobi=2512
2025,,single_school,founder:00579491,00579491,Obec Dětřichov u Moravské Třebové,obec,1,1,200000,0,200000,1,3355949,aggregate_candidate_needs_confirmation,,,,,https://monitor.statnipokladna.gov.cz/api/ukazatele?ic=00579491&obdobi=2512
2025,,single_school,founder:00579521,00579521,Obec Horní Újezd,obec,1,1,344000,0,344000,1,4417523,aggregate_candidate_needs_confirmation,,,,,https://monitor.statnipokladna.gov.cz/api/ukazatele?ic=00579521&obdobi=2512
2025,,single_school,founder:00579530,00579530,Obec Hradec nad Svitavou,obec,1,1,3601000,0,3601000,1,26344549,aggregate_candidate_needs_confirmation,,,,,https://monitor.statnipokladna.gov.cz/api/ukazatele?ic=00579530&obdobi=2512
2025,,single_school,founder:00579556,00579556,Obec Javorník,obec,1,1,540000,0,540000,1,9029773,aggregate_candidate_needs_confirmation,,,,,https://monitor.statnipokladna.gov.cz/api/ukazatele?ic=00579556&obdobi=2512
2025,,single_school,founder:00579564,00579564,Obec Karle,obec,1,1,346339,0,346339,1,3025978,aggregate_candidate_needs_confirmation,,,,,https://monitor.statnipokladna.gov.cz/api/ukazatele?ic=00579564&obdobi=2512
2025,,single_school,founder:00579602,00579602,Obec Opatovec,obec,1,1,867000,0,867000,1,9168813,aggregate_candidate_needs_confirmation,,,,,https://monitor.statnipokladna.gov.cz/api/ukazatele?ic=00579602&obdobi=2512
2025,,single_school,founder:00579653,00579653,Obec Útěchov,obec,1,1,140000,0,140000,1,2296806,aggregate_candidate_needs_confirmation,,,,,https://monitor.statnipokladna.gov.cz/api/ukazatele?ic=00579653&obdobi=2512
2025,,single_school,founder:00579980,00579980,Obec Nová Ves u Chotěboře,obec,1,1,617551,0,617551,1,5667866,aggregate_candidate_needs_confirmation,,,,,https://monitor.statnipokladna.gov.cz/api/ukazatele?ic=00579980&obdobi=2512
2025,,missing_finm_total,founder:00580058,00580058,Obec Sedletín,obec,1,0,0,0,0,1,651992,founder_source_required,,,,,https://monitor.statnipokladna.gov.cz/api/ukazatele?ic=00580058&obdobi=2512
2025,,single_school,founder:00580112,00580112,Obec Stříbrné Hory,obec,1,1,443000,0,443000,1,2985126,aggregate_candidate_needs_confirmation,,,,,https://monitor.statnipokladna.gov.cz/api/ukazatele?ic=00580112&obdobi=2512
2025,,single_school,founder:00580171,00580171,Obec Dolní Olešnice,obec,1,1,1000000,0,1000000,1,7897306,aggregate_candidate_needs_confirmation,,,,,https://monitor.statnipokladna.gov.cz/api/ukazatele?ic=00580171&obdobi=2512
2025,,single_school,founder:00580198,00580198,Obec Lanžov,obec,1,2,250000,73073,323073,1,2591455,aggregate_candidate_needs_confirmation,,,,,https://monitor.statnipokladna.gov.cz/api/ukazatele?ic=00580198&obdobi=2512
2025,,single_school,founder:00580210,00580210,Obec Borovnice,obec,1,1,177000,0,177000,1,2233678,aggregate_candidate_needs_confirmation,,,,,https://monitor.statnipokladna.gov.cz/api/ukazatele?ic=00580210&obdobi=2512
2025,,single_school,founder:00580511,00580511,Obec Malé Výkleky,obec,1,1,359410,0,359410,1,3567867,aggregate_candidate_needs_confirmation,,,,,https://monitor.statnipokladna.gov.cz/api/ukazatele?ic=00580511&obdobi=2512
2025,,single_school,founder:00580589,00580589,Obec Němčice,obec,1,1,200000,0,200000,1,2635588,aggregate_candidate_needs_confirmation,,,,,https://monitor.statnipokladna.gov.cz/api/ukazatele?ic=00580589&obdobi=2512
2025,,single_school,founder:00580775,00580775,Obec Suchovršice,obec,1,1,432000,0,432000,1,4884727,aggregate_candidate_needs_confirmation,,,,,https://monitor.statnipokladna.gov.cz/api/ukazatele?ic=00580775&obdobi=2512
2025,,single_school,founder:00580783,00580783,Obec Horní Kalná,obec,1,1,580000,0,580000,1,2691321,aggregate_candidate_needs_confirmation,,,,,https://monitor.statnipokladna.gov.cz/api/ukazatele?ic=00580783&obdobi=2512
2025,,single_school,founder:00580791,00580791,Obec Paseky nad Jizerou,obec,1,1,220000,0,220000,1,1906641,aggregate_candidate_needs_confirmation,,,,,https://monitor.statnipokladna.gov.cz/api/ukazatele?ic=00580791&obdobi=2512
2025,,single_school,founder:00580805,00580805,Obec Martinice v Krkonoších,obec,1,1,1160000,0,1160000,1,8916328,aggregate_candidate_needs_confirmation,,,,,https://monitor.statnipokladna.gov.cz/api/ukazatele?ic=00580805&obdobi=2512
2025,,single_school,founder:00580899,00580899,Obec Dlouhoňovice,obec,1,1,356000,0,356000,1,2820484,aggregate_candidate_needs_confirmation,,,,,https://monitor.statnipokladna.gov.cz/api/ukazatele?ic=00580899&obdobi=2512
2025,,single_school,founder:00580902,00580902,Obec Dlouhá Třebová,obec,1,1,650000,0,650000,1,11955412,aggregate_candidate_needs_confirmation,,,,,https://monitor.statnipokladna.gov.cz/api/ukazatele?ic=00580902&obdobi=2512
2025,,single_school,founder:00580929,00580929,Obec Helvíkovice,obec,1,1,230000,0,230000,1,2524491,aggregate_candidate_needs_confirmation,,,,,https://monitor.statnipokladna.gov.cz/api/ukazatele?ic=00580929&obdobi=2512
2025,,single_school,founder:00581003,00581003,Obec Albrechtice,obec,1,1,546600,0,546600,1,3028206,aggregate_candidate_needs_confirmation,,,,,https://monitor.statnipokladna.gov.cz/api/ukazatele?ic=00581003&obdobi=2512
2025,,single_school,founder:00581020,00581020,Obec Rybník,obec,1,1,1687744,0,1687744,1,18558908,aggregate_candidate_needs_confirmation,,,,,https://monitor.statnipokladna.gov.cz/api/ukazatele?ic=00581020&obdobi=2512
2025,,single_school,founder:00581038,00581038,Obec Horní Brusnice,obec,1,1,350000,0,350000,1,4394965,aggregate_candidate_needs_confirmation,,,,,https://monitor.statnipokladna.gov.cz/api/ukazatele?ic=00581038&obdobi=2512
2025,,single_school,founder:00581160,00581160,Obec Adamov,obec,1,1,380000,0,380000,1,4073700,aggregate_candidate_needs_confirmation,,,,,https://monitor.statnipokladna.gov.cz/api/ukazatele?ic=00581160&obdobi=2512
2025,,single_school,founder:00581216,00581216,Obec Čakov,obec,1,1,330000,0,330000,1,2584627,aggregate_candidate_needs_confirmation,,,,,https://monitor.statnipokladna.gov.cz/api/ukazatele?ic=00581216&obdobi=2512
2025,,single_school,founder:00581224,00581224,Obec Dasný,obec,1,1,310000,0,310000,1,3003992,aggregate_candidate_needs_confirmation,,,,,https://monitor.statnipokladna.gov.cz/api/ukazatele?ic=00581224&obdobi=2512
2025,,single_school,founder:00581232,00581232,Obec Dobrá Voda u Českých Budějovic,obec,1,1,3091436,0,3091436,1,42265050,aggregate_candidate_needs_confirmation,,,,,https://monitor.statnipokladna.gov.cz/api/ukazatele?ic=00581232&obdobi=2512
2025,,single_school,founder:00581321,00581321,Obec Hlincová Hora,obec,1,1,360000,0,360000,1,4104495,aggregate_candidate_needs_confirmation,,,,,https://monitor.statnipokladna.gov.cz/api/ukazatele?ic=00581321&obdobi=2512
2025,,single_school,founder:00581372,00581372,Obec Zahájí,obec,1,1,1530500,0,1530500,1,10291061,aggregate_candidate_needs_confirmation,,,,,https://monitor.statnipokladna.gov.cz/api/ukazatele?ic=00581372&obdobi=2512
2025,,single_school,founder:00581381,00581381,Obec Hůry,obec,1,1,300000,0,300000,1,3799651,aggregate_candidate_needs_confirmation,,,,,https://monitor.statnipokladna.gov.cz/api/ukazatele?ic=00581381&obdobi=2512
2025,,single_school,founder:00581445,00581445,Obec Libníč,obec,1,1,371000,0,371000,1,2769520,aggregate_candidate_needs_confirmation,,,,,https://monitor.statnipokladna.gov.cz/api/ukazatele?ic=00581445&obdobi=2512
2025,,single_school,founder:00581810,00581810,Obec Nová Ves,obec,1,1,536300,0,536300,1,2979733,aggregate_candidate_needs_confirmation,,,,,https://monitor.statnipokladna.gov.cz/api/ukazatele?ic=00581810&obdobi=2512
2025,,single_school,founder:00581836,00581836,Obec Petříkov,obec,1,1,250000,0,250000,1,6789004,aggregate_candidate_needs_confirmation,,,,,https://monitor.statnipokladna.gov.cz/api/ukazatele?ic=00581836&obdobi=2512
2025,,single_school,founder:00581844,00581844,Obec Pištín,obec,1,1,1104475,0,1104475,1,2468405,aggregate_candidate_needs_confirmation,,,,,https://monitor.statnipokladna.gov.cz/api/ukazatele?ic=00581844&obdobi=2512
2025,,single_school,founder:00581861,00581861,Obec Plav,obec,1,1,670000,0,670000,1,3358867,aggregate_candidate_needs_confirmation,,,,,https://monitor.statnipokladna.gov.cz/api/ukazatele?ic=00581861&obdobi=2512
2025,,single_school,founder:00581879,00581879,Obec Radošovice,obec,1,1,500000,0,500000,1,4794496,aggregate_candidate_needs_confirmation,,,,,https://monitor.statnipokladna.gov.cz/api/ukazatele?ic=00581879&obdobi=2512
2025,,missing_finm_total,founder:00581887,00581887,Zřizovatel IČO 00581887,obec,1,0,0,0,0,0,0,founder_source_required,,,,,https://monitor.statnipokladna.gov.cz/api/ukazatele?ic=00581887&obdobi=2512
2025,,single_school,founder:00581895,00581895,Obec Střížov,obec,1,1,650000,0,650000,1,8721369,aggregate_candidate_needs_confirmation,,,,,https://monitor.statnipokladna.gov.cz/api/ukazatele?ic=00581895&obdobi=2512
2025,,single_school,founder:00581909,00581909,Obec Úsilné,obec,1,1,250000,0,250000,1,2739849,aggregate_candidate_needs_confirmation,,,,,https://monitor.statnipokladna.gov.cz/api/ukazatele?ic=00581909&obdobi=2512
2025,,single_school,founder:00581976,00581976,Obec Žár,obec,1,1,370000,0,370000,1,2420590,aggregate_candidate_needs_confirmation,,,,,https://monitor.statnipokladna.gov.cz/api/ukazatele?ic=00581976&obdobi=2512
2025,,single_school,founder:00582999,00582999,Obec Bušanovice,obec,1,1,339300,0,339300,1,2353275,aggregate_candidate_needs_confirmation,,,,,https://monitor.statnipokladna.gov.cz/api/ukazatele?ic=00582999&obdobi=2512
2025,,single_school,founder:00583022,00583022,Obec Chlumany,obec,1,1,250000,0,250000,1,2850217,aggregate_candidate_needs_confirmation,,,,,https://monitor.statnipokladna.gov.cz/api/ukazatele?ic=00583022&obdobi=2512
2025,,single_school,founder:00599174,00599174,Obec Vícenice u Náměště nad Oslavou,obec,1,1,400000,0,400000,1,4602743,aggregate_candidate_needs_confirmation,,,,,https://monitor.statnipokladna.gov.cz/api/ukazatele?ic=00599174&obdobi=2512
2025,,single_school,founder:00599247,00599247,Obec Prace,obec,1,1,1700000,0,1700000,1,13517685,aggregate_candidate_needs_confirmation,,,,,https://monitor.statnipokladna.gov.cz/api/ukazatele?ic=00599247&obdobi=2512
2025,,single_school,founder:00599280,00599280,Obec Bohdalec,obec,1,1,500000,0,500000,1,5716158,aggregate_candidate_needs_confirmation,,,,,https://monitor.statnipokladna.gov.cz/api/ukazatele?ic=00599280&obdobi=2512
2025,,single_school,founder:00599352,00599352,Obec Daňkovice,obec,1,1,383000,0,383000,1,2301386,aggregate_candidate_needs_confirmation,,,,,https://monitor.statnipokladna.gov.cz/api/ukazatele?ic=00599352&obdobi=2512
2025,,single_school,founder:00599379,00599379,Obec Dolní Libochová,obec,1,1,255300,0,255300,1,2281865,aggregate_candidate_needs_confirmation,,,,,https://monitor.statnipokladna.gov.cz/api/ukazatele?ic=00599379&obdobi=2512
2025,,single_school,founder:00599611,00599611,Obec Netín,obec,1,1,571697,0,571697,1,2708940,aggregate_candidate_needs_confirmation,,,,,https://monitor.statnipokladna.gov.cz/api/ukazatele?ic=00599611&obdobi=2512
2025,,single_school,founder:00599654,00599654,Obec Pavlínov,obec,1,1,434022,0,434022,1,2747494,aggregate_candidate_needs_confirmation,,,,,https://monitor.statnipokladna.gov.cz/api/ukazatele?ic=00599654&obdobi=2512
2025,,single_school,founder:00599841,00599841,Obec Stránecká Zhoř,obec,1,1,500000,0,500000,1,2630318,aggregate_candidate_needs_confirmation,,,,,https://monitor.statnipokladna.gov.cz/api/ukazatele?ic=00599841&obdobi=2512
2025,,single_school,founder:00599905,00599905,Obec Unčín,obec,1,1,500000,0,500000,1,4615436,aggregate_candidate_needs_confirmation,,,,,https://monitor.statnipokladna.gov.cz/api/ukazatele?ic=00599905&obdobi=2512
2025,,single_school,founder:00600032,00600032,Obec Mostkovice,obec,1,1,1800000,0,1800000,1,15839366,aggregate_candidate_needs_confirmation,,,,,https://monitor.statnipokladna.gov.cz/api/ukazatele?ic=00600032&obdobi=2512
2025,,single_school,founder:00600067,00600067,Obec Raková u Konice,obec,1,1,320000,0,320000,1,2317700,aggregate_candidate_needs_confirmation,,,,,https://monitor.statnipokladna.gov.cz/api/ukazatele?ic=00600067&obdobi=2512
2025,,single_school,founder:00600083,00600083,Obec Skřípov,obec,1,1,360000,0,360000,1,2627944,aggregate_candidate_needs_confirmation,,,,,https://monitor.statnipokladna.gov.cz/api/ukazatele?ic=00600083&obdobi=2512
2025,,single_school,founder:00600121,00600121,Obec Bezkov,obec,1,1,360341,0,360341,1,4007383,aggregate_candidate_needs_confirmation,,,,,https://monitor.statnipokladna.gov.cz/api/ukazatele?ic=00600121&obdobi=2512
2025,,single_school,founder:00600156,00600156,Obec Cvrčovice,obec,1,1,1000000,0,1000000,1,5701275,aggregate_candidate_needs_confirmation,,,,,https://monitor.statnipokladna.gov.cz/api/ukazatele?ic=00600156&obdobi=2512
2025,,single_school,founder:00600164,00600164,Obec Ivaň,obec,1,1,800000,0,800000,1,10849546,aggregate_candidate_needs_confirmation,,,,,https://monitor.statnipokladna.gov.cz/api/ukazatele?ic=00600164&obdobi=2512
2025,,single_school,founder:00600172,00600172,Obec Jevišovka,obec,1,1,590000,0,590000,1,5087071,aggregate_candidate_needs_confirmation,,,,,https://monitor.statnipokladna.gov.cz/api/ukazatele?ic=00600172&obdobi=2512
2025,,single_school,founder:00600199,00600199,Obec Klentnice,obec,1,1,130000,0,130000,1,2452146,aggregate_candidate_needs_confirmation,,,,,https://monitor.statnipokladna.gov.cz/api/ukazatele?ic=00600199&obdobi=2512
2025,,single_school,founder:00600202,00600202,Obec Nový Přerov,obec,1,1,541600,0,541600,1,2527118,aggregate_candidate_needs_confirmation,,,,,https://monitor.statnipokladna.gov.cz/api/ukazatele?ic=00600202&obdobi=2512
2025,,single_school,founder:00600211,00600211,Obec Přibice,obec,1,1,1500000,0,1500000,1,10462229,aggregate_candidate_needs_confirmation,,,,,https://monitor.statnipokladna.gov.cz/api/ukazatele?ic=00600211&obdobi=2512
2025,,single_school,founder:00600270,00600270,Obec Damnice,obec,1,1,247000,0,247000,1,2914518,aggregate_candidate_needs_confirmation,,,,,https://monitor.statnipokladna.gov.cz/api/ukazatele?ic=00600270&obdobi=2512
2025,,single_school,founder:00600296,00600296,Obec Dobřínsko,obec,1,1,650000,0,650000,1,2628242,aggregate_candidate_needs_confirmation,,,,,https://monitor.statnipokladna.gov.cz/api/ukazatele?ic=00600296&obdobi=2512
2025,,single_school,founder:00600351,00600351,Obec Hnanice,obec,1,1,660600,0,660600,1,2971107,aggregate_candidate_needs_confirmation,,,,,https://monitor.statnipokladna.gov.cz/api/ukazatele?ic=00600351&obdobi=2512
2025,,single_school,founder:00600385,00600385,Obec Hrabětice,obec,1,2,1964103,165000,2129103,1,11573266,aggregate_candidate_needs_confirmation,,,,,https://monitor.statnipokladna.gov.cz/api/ukazatele?ic=00600385&obdobi=2512
2025,,single_school,founder:00600431,00600431,Obec Krhovice,obec,1,1,500000,0,500000,1,3030163,aggregate_candidate_needs_confirmation,,,,,https://monitor.statnipokladna.gov.cz/api/ukazatele?ic=00600431&obdobi=2512
2025,,single_school,founder:00600458,00600458,Obec Kuchařovice,obec,1,1,1650000,0,1650000,1,15330206,aggregate_candidate_needs_confirmation,,,,,https://monitor.statnipokladna.gov.cz/api/ukazatele?ic=00600458&obdobi=2512
2025,,single_school,founder:00600482,00600482,Obec Lesná,obec,1,1,220000,0,220000,1,2697910,aggregate_candidate_needs_confirmation,,,,,https://monitor.statnipokladna.gov.cz/api/ukazatele?ic=00600482&obdobi=2512
2025,,single_school,founder:00600491,00600491,Obec Lesonice,obec,1,1,530000,0,530000,1,4160067,aggregate_candidate_needs_confirmation,,,,,https://monitor.statnipokladna.gov.cz/api/ukazatele?ic=00600491&obdobi=2512
2025,,single_school,founder:00600504,00600504,Obec Litobratřice,obec,1,2,650000,100000,750000,1,3507968,aggregate_candidate_needs_confirmation,,,,,https://monitor.statnipokladna.gov.cz/api/ukazatele?ic=00600504&obdobi=2512
2025,,single_school,founder:00600644,00600644,Obec Býkovice,obec,1,1,675000,0,675000,1,2690539,aggregate_candidate_needs_confirmation,,,,,https://monitor.statnipokladna.gov.cz/api/ukazatele?ic=00600644&obdobi=2512
2025,,single_school,founder:00600661,00600661,Obec Slatina,obec,1,1,1200000,0,1200000,1,8270737,aggregate_candidate_needs_confirmation,,,,,https://monitor.statnipokladna.gov.cz/api/ukazatele?ic=00600661&obdobi=2512
2025,,single_school,founder:00600679,00600679,Obec Velké Albrechtice,obec,1,1,1807050,0,1807050,1,10654753,aggregate_candidate_needs_confirmation,,,,,https://monitor.statnipokladna.gov.cz/api/ukazatele?ic=00600679&obdobi=2512
2025,,single_school,founder:00600687,00600687,Obec  Bordovice,obec,1,1,500000,0,500000,1,4340754,aggregate_candidate_needs_confirmation,,,,,https://monitor.statnipokladna.gov.cz/api/ukazatele?ic=00600687&obdobi=2512
2025,,single_school,founder:00600695,00600695,Obec Zbyslavice,obec,1,1,1125000,0,1125000,1,8034347,aggregate_candidate_needs_confirmation,,,,,https://monitor.statnipokladna.gov.cz/api/ukazatele?ic=00600695&obdobi=2512
2025,,single_school,founder:00600709,00600709,Obec Závišice,obec,1,1,1617519,0,1617519,1,10274249,aggregate_candidate_needs_confirmation,,,,,https://monitor.statnipokladna.gov.cz/api/ukazatele?ic=00600709&obdobi=2512
2025,,single_school,founder:00600717,00600717,Obec Bernartice nad Odrou,obec,1,1,1012000,0,1012000,1,11772758,aggregate_candidate_needs_confirmation,,,,,https://monitor.statnipokladna.gov.cz/api/ukazatele?ic=00600717&obdobi=2512
2025,,single_school,founder:00600725,00600725,Obec Hostašovice,obec,1,1,1400000,0,1400000,1,13324217,aggregate_candidate_needs_confirmation,,,,,https://monitor.statnipokladna.gov.cz/api/ukazatele?ic=00600725&obdobi=2512
2025,,single_school,founder:00600733,00600733,Obec Kunín,obec,1,1,4000000,0,4000000,1,35132472,aggregate_candidate_needs_confirmation,,,,,https://monitor.statnipokladna.gov.cz/api/ukazatele?ic=00600733&obdobi=2512
2025,,single_school,founder:00600750,00600750,Obec Heřmanice u Oder,obec,1,1,388000,0,388000,1,4484686,aggregate_candidate_needs_confirmation,,,,,https://monitor.statnipokladna.gov.cz/api/ukazatele?ic=00600750&obdobi=2512
2025,,single_school,founder:00600776,00600776,Obec Mankovice,obec,1,1,1135000,0,1135000,1,5805668,aggregate_candidate_needs_confirmation,,,,,https://monitor.statnipokladna.gov.cz/api/ukazatele?ic=00600776&obdobi=2512
2025,,single_school,founder:00600784,00600784,Obec Kateřinice,obec,1,1,600000,0,600000,1,5045664,aggregate_candidate_needs_confirmation,,,,,https://monitor.statnipokladna.gov.cz/api/ukazatele?ic=00600784&obdobi=2512
2025,,single_school,founder:00600792,00600792,Obec Mošnov,obec,1,1,1713000,0,1713000,1,9318587,aggregate_candidate_needs_confirmation,,,,,https://monitor.statnipokladna.gov.cz/api/ukazatele?ic=00600792&obdobi=2512
2025,,single_school,founder:00600806,00600806,Obec Skotnice,obec,1,1,570000,0,570000,1,2969796,aggregate_candidate_needs_confirmation,,,,,https://monitor.statnipokladna.gov.cz/api/ukazatele?ic=00600806&obdobi=2512
2025,,single_school,founder:00600814,00600814,Obec Albrechtičky,obec,1,1,850000,0,850000,1,9968615,aggregate_candidate_needs_confirmation,,,,,https://monitor.statnipokladna.gov.cz/api/ukazatele?ic=00600814&obdobi=2512
2025,,single_school,founder:00600822,00600822,Obec Pustějov,obec,1,2,1339600,100000,1439600,1,8214042,aggregate_candidate_needs_confirmation,,,,,https://monitor.statnipokladna.gov.cz/api/ukazatele?ic=00600822&obdobi=2512
2025,,single_school,founder:00600831,00600831,Obec Ženklava,obec,1,1,1600000,0,1600000,1,10830508,aggregate_candidate_needs_confirmation,,,,,https://monitor.statnipokladna.gov.cz/api/ukazatele?ic=00600831&obdobi=2512
2025,,single_school,founder:00600849,00600849,Obec Ústí,obec,1,1,900000,0,900000,1,10607866,aggregate_candidate_needs_confirmation,,,,,https://monitor.statnipokladna.gov.cz/api/ukazatele?ic=00600849&obdobi=2512
2025,,single_school,founder:00600865,00600865,Obec Vlkoš,obec,1,2,1636376,0,1636376,1,8441846,aggregate_candidate_needs_confirmation,,,,,https://monitor.statnipokladna.gov.cz/api/ukazatele?ic=00600865&obdobi=2512
2025,,single_school,founder:00635260,00635260,Obec Babice,obec,1,1,1022000,0,1022000,1,7736433,aggregate_candidate_needs_confirmation,,,,,https://monitor.statnipokladna.gov.cz/api/ukazatele?ic=00635260&obdobi=2512
2025,,single_school,founder:00635286,00635286,Obec Domašov u Šternberka,obec,1,1,391100,0,391100,1,2987752,aggregate_candidate_needs_confirmation,,,,,https://monitor.statnipokladna.gov.cz/api/ukazatele?ic=00635286&obdobi=2512
2025,,single_school,founder:00635308,00635308,Obec Mladějovice,obec,1,1,1187902,0,1187902,1,7140900,aggregate_candidate_needs_confirmation,,,,,https://monitor.statnipokladna.gov.cz/api/ukazatele?ic=00635308&obdobi=2512
2025,,single_school,founder:00635332,00635332,Obec Slavětín,obec,1,1,417421,0,417421,1,2596663,aggregate_candidate_needs_confirmation,,,,,https://monitor.statnipokladna.gov.cz/api/ukazatele?ic=00635332&obdobi=2512
2025,,single_school,founder:00635359,00635359,Obec Daskabát,obec,1,1,1410000,0,1410000,1,7932006,aggregate_candidate_needs_confirmation,,,,,https://monitor.statnipokladna.gov.cz/api/ukazatele?ic=00635359&obdobi=2512
2025,,single_school,founder:00635367,00635367,Obec Blatec,obec,1,1,1977500,0,1977500,1,5681200,aggregate_candidate_needs_confirmation,,,,,https://monitor.statnipokladna.gov.cz/api/ukazatele?ic=00635367&obdobi=2512
2025,,single_school,founder:00635456,00635456,Obec Darkovice,obec,1,1,1550000,0,1550000,1,14362435,aggregate_candidate_needs_confirmation,,,,,https://monitor.statnipokladna.gov.cz/api/ukazatele?ic=00635456&obdobi=2512
2025,,single_school,founder:00635464,00635464,Obec Děhylov,obec,1,1,660000,0,660000,1,7143872,aggregate_candidate_needs_confirmation,,,,,https://monitor.statnipokladna.gov.cz/api/ukazatele?ic=00635464&obdobi=2512
2025,,single_school,founder:00635499,00635499,Obec Rohov,obec,1,1,300000,0,300000,1,2134347,aggregate_candidate_needs_confirmation,,,,,https://monitor.statnipokladna.gov.cz/api/ukazatele?ic=00635499&obdobi=2512
2025,,single_school,founder:00635502,00635502,Obec Mladecko,obec,1,1,1500000,0,1500000,1,15053370,aggregate_candidate_needs_confirmation,,,,,https://monitor.statnipokladna.gov.cz/api/ukazatele?ic=00635502&obdobi=2512
2025,,single_school,founder:00635511,00635511,Obec Hať,obec,1,1,3654861,0,3654861,1,39682011,aggregate_candidate_needs_confirmation,,,,,https://monitor.statnipokladna.gov.cz/api/ukazatele?ic=00635511&obdobi=2512
2025,,single_school,founder:00635545,00635545,Obec Vřesina,obec,1,1,1900000,0,1900000,1,16683755,aggregate_candidate_needs_confirmation,,,,,https://monitor.statnipokladna.gov.cz/api/ukazatele?ic=00635545&obdobi=2512
2025,,single_school,founder:00635570,00635570,Obec Dolní Životice,obec,1,1,2414244,0,2414244,1,11844595,aggregate_candidate_needs_confirmation,,,,,https://monitor.statnipokladna.gov.cz/api/ukazatele?ic=00635570&obdobi=2512
2025,,single_school,founder:00635596,00635596,Obec Hlavnice,obec,1,1,1300000,0,1300000,1,8922388,aggregate_candidate_needs_confirmation,,,,,https://monitor.statnipokladna.gov.cz/api/ukazatele?ic=00635596&obdobi=2512
2025,,single_school,founder:00635618,00635618,Obec Ústín,obec,1,1,326000,0,326000,1,4247776,aggregate_candidate_needs_confirmation,,,,,https://monitor.statnipokladna.gov.cz/api/ukazatele?ic=00635618&obdobi=2512
2025,,single_school,founder:00635626,00635626,Obec Toveř,obec,1,1,400000,0,400000,1,2551557,aggregate_candidate_needs_confirmation,,,,,https://monitor.statnipokladna.gov.cz/api/ukazatele?ic=00635626&obdobi=2512
2025,,single_school,founder:00635642,00635642,Obec Luběnice,obec,1,1,420000,0,420000,1,3421326,aggregate_candidate_needs_confirmation,,,,,https://monitor.statnipokladna.gov.cz/api/ukazatele?ic=00635642&obdobi=2512
2025,,single_school,founder:00635651,00635651,Obec Loučany,obec,1,1,1273535,0,1273535,1,8063508,aggregate_candidate_needs_confirmation,,,,,https://monitor.statnipokladna.gov.cz/api/ukazatele?ic=00635651&obdobi=2512
2025,,single_school,founder:00635677,00635677,Obec Hlušovice,obec,1,1,900000,0,900000,1,6278596,aggregate_candidate_needs_confirmation,,,,,https://monitor.statnipokladna.gov.cz/api/ukazatele?ic=00635677&obdobi=2512
2025,,single_school,founder:00635685,00635685,Obec Štarnov,obec,1,1,1618000,0,1618000,1,8622974,aggregate_candidate_needs_confirmation,,,,,https://monitor.statnipokladna.gov.cz/api/ukazatele?ic=00635685&obdobi=2512
2025,,single_school,founder:00635693,00635693,Obec Skrbeň,obec,1,2,2200000,300000,2500000,1,12734230,aggregate_candidate_needs_confirmation,,,,,https://monitor.statnipokladna.gov.cz/api/ukazatele?ic=00635693&obdobi=2512
2025,,single_school,founder:00635707,00635707,Obec Věrovany,obec,1,2,1750000,54000,1804000,1,12854205,aggregate_candidate_needs_confirmation,,,,,https://monitor.statnipokladna.gov.cz/api/ukazatele?ic=00635707&obdobi=2512
2025,,single_school,founder:00635715,00635715,Obec Charváty,obec,1,1,1000000,0,1000000,1,8819923,aggregate_candidate_needs_confirmation,,,,,https://monitor.statnipokladna.gov.cz/api/ukazatele?ic=00635715&obdobi=2512
2025,,single_school,founder:00635723,00635723,Obec Haňovice,obec,1,1,937000,0,937000,1,8040761,aggregate_candidate_needs_confirmation,,,,,https://monitor.statnipokladna.gov.cz/api/ukazatele?ic=00635723&obdobi=2512
2025,,single_school,founder:00635731,00635731,Obec Pňovice,obec,1,1,3250000,0,3250000,1,24907155,aggregate_candidate_needs_confirmation,,,,,https://monitor.statnipokladna.gov.cz/api/ukazatele?ic=00635731&obdobi=2512
2025,,single_school,founder:00635740,00635740,Obec Červenka,obec,1,1,2017697,0,2017697,1,15994535,aggregate_candidate_needs_confirmation,,,,,https://monitor.statnipokladna.gov.cz/api/ukazatele?ic=00635740&obdobi=2512
2025,,single_school,founder:00635758,00635758,Obec Liboš,obec,1,1,290000,0,290000,1,2131030,aggregate_candidate_needs_confirmation,,,,,https://monitor.statnipokladna.gov.cz/api/ukazatele?ic=00635758&obdobi=2512
2025,,single_school,founder:00635774,00635774,Obec Valašská Senice,obec,1,1,811519,0,811519,1,3299127,aggregate_candidate_needs_confirmation,,,,,https://monitor.statnipokladna.gov.cz/api/ukazatele?ic=00635774&obdobi=2512
2025,,single_school,founder:00635782,00635782,Obec Pržno,obec,1,1,600000,0,600000,1,7219615,aggregate_candidate_needs_confirmation,,,,,https://monitor.statnipokladna.gov.cz/api/ukazatele?ic=00635782&obdobi=2512
2025,,single_school,founder:00635804,00635804,Obec Police,obec,1,1,1050000,0,1050000,1,6637904,aggregate_candidate_needs_confirmation,,,,,https://monitor.statnipokladna.gov.cz/api/ukazatele?ic=00635804&obdobi=2512
2025,,single_school,founder:00635812,00635812,Obec Kunovice,obec,1,1,1222824,0,1222824,1,6329930,aggregate_candidate_needs_confirmation,,,,,https://monitor.statnipokladna.gov.cz/api/ukazatele?ic=00635812&obdobi=2512
2025,,single_school,founder:00635839,00635839,Obec Střítež nad Bečvou,obec,1,1,1076000,0,1076000,1,3478770,aggregate_candidate_needs_confirmation,,,,,https://monitor.statnipokladna.gov.cz/api/ukazatele?ic=00635839&obdobi=2512
2025,,single_school,founder:00635847,00635847,Obec Bratrušov,obec,1,1,1318808,0,1318808,1,6527901,aggregate_candidate_needs_confirmation,,,,,https://monitor.statnipokladna.gov.cz/api/ukazatele?ic=00635847&obdobi=2512
2025,,single_school,founder:00635855,00635855,Obec Velká Kraš,obec,1,2,671338,0,671338,1,5350329,aggregate_candidate_needs_confirmation,,,,,https://monitor.statnipokladna.gov.cz/api/ukazatele?ic=00635855&obdobi=2512
2025,,single_school,founder:00635863,00635863,Obec Skorošice,obec,1,1,1872000,0,1872000,1,7303794,aggregate_candidate_needs_confirmation,,,,,https://monitor.statnipokladna.gov.cz/api/ukazatele?ic=00635863&obdobi=2512
2025,,single_school,founder:00635871,00635871,Obec Nemile,obec,1,1,606000,0,606000,1,9369560,aggregate_candidate_needs_confirmation,,,,,https://monitor.statnipokladna.gov.cz/api/ukazatele?ic=00635871&obdobi=2512
2025,,single_school,founder:00635898,00635898,Obec Vikýřovice,obec,1,1,3297524,0,3297524,1,21785269,aggregate_candidate_needs_confirmation,,,,,https://monitor.statnipokladna.gov.cz/api/ukazatele?ic=00635898&obdobi=2512
2025,,missing_finm_total,founder:00635901,00635901,Zřizovatel IČO 00635901,obec,1,0,0,0,0,0,0,founder_source_required,,,,,https://monitor.statnipokladna.gov.cz/api/ukazatele?ic=00635901&obdobi=2512
2025,,single_school,founder:00635936,00635936,Obec Dolní Studénky,obec,1,2,3000000,3802574,6802574,1,18883548,aggregate_candidate_needs_confirmation,,,,,https://monitor.statnipokladna.gov.cz/api/ukazatele?ic=00635936&obdobi=2512
2025,,single_school,founder:00635944,00635944,Obec Horní Studénky,obec,1,2,924543,134000,1058543,1,6621991,aggregate_candidate_needs_confirmation,,,,,https://monitor.statnipokladna.gov.cz/api/ukazatele?ic=00635944&obdobi=2512
2025,,single_school,founder:00635952,00635952,Obec Velké Kunětice,obec,1,1,474022,0,474022,1,2721892,aggregate_candidate_needs_confirmation,,,,,https://monitor.statnipokladna.gov.cz/api/ukazatele?ic=00635952&obdobi=2512
2025,,single_school,founder:00635961,00635961,Obec Postřelmůvek,obec,1,1,307500,0,307500,1,2609507,aggregate_candidate_needs_confirmation,,,,,https://monitor.statnipokladna.gov.cz/api/ukazatele?ic=00635961&obdobi=2512
2025,,single_school,founder:00635987,00635987,Obec Třeština,obec,1,1,200000,0,200000,1,2468992,aggregate_candidate_needs_confirmation,,,,,https://monitor.statnipokladna.gov.cz/api/ukazatele?ic=00635987&obdobi=2512
2025,,single_school,founder:00635995,00635995,Obec Mírov,obec,1,1,295000,0,295000,1,2827569,aggregate_candidate_needs_confirmation,,,,,https://monitor.statnipokladna.gov.cz/api/ukazatele?ic=00635995&obdobi=2512
2025,,single_school,founder:00636045,00636045,Obec Vlčice,obec,1,1,350000,0,350000,1,3277541,aggregate_candidate_needs_confirmation,,,,,https://monitor.statnipokladna.gov.cz/api/ukazatele?ic=00636045&obdobi=2512
2025,,single_school,founder:00636053,00636053,Obec Uhelná,obec,1,1,815000,0,815000,1,4709265,aggregate_candidate_needs_confirmation,,,,,https://monitor.statnipokladna.gov.cz/api/ukazatele?ic=00636053&obdobi=2512
2025,,single_school,founder:00636061,00636061,Obec Hrabová,obec,1,1,1200000,0,1200000,1,12683051,aggregate_candidate_needs_confirmation,,,,,https://monitor.statnipokladna.gov.cz/api/ukazatele?ic=00636061&obdobi=2512
2025,,single_school,founder:00636118,00636118,Obec Bezuchov,obec,1,1,667000,0,667000,1,2813550,aggregate_candidate_needs_confirmation,,,,,https://monitor.statnipokladna.gov.cz/api/ukazatele?ic=00636118&obdobi=2512
2025,,single_school,founder:00636126,00636126,Obec Beňov,obec,1,1,1300000,0,1300000,1,7996367,aggregate_candidate_needs_confirmation,,,,,https://monitor.statnipokladna.gov.cz/api/ukazatele?ic=00636126&obdobi=2512
2025,,single_school,founder:00636151,00636151,Obec Buk,obec,1,1,455000,0,455000,1,2642236,aggregate_candidate_needs_confirmation,,,,,https://monitor.statnipokladna.gov.cz/api/ukazatele?ic=00636151&obdobi=2512
2025,,single_school,founder:00636223,00636223,Obec Dolní Újezd,obec,1,2,1700000,332027,2032027,1,10301000,aggregate_candidate_needs_confirmation,,,,,https://monitor.statnipokladna.gov.cz/api/ukazatele?ic=00636223&obdobi=2512
2025,,single_school,founder:00636274,00636274,Obec Horní Újezd,obec,1,1,460567,0,460567,1,2835685,aggregate_candidate_needs_confirmation,,,,,https://monitor.statnipokladna.gov.cz/api/ukazatele?ic=00636274&obdobi=2512
2025,,single_school,founder:00636304,00636304,Obec Křenovice,obec,1,2,930500,0,930500,1,11866642,aggregate_candidate_needs_confirmation,,,,,https://monitor.statnipokladna.gov.cz/api/ukazatele?ic=00636304&obdobi=2512
2025,,single_school,founder:00636355,00636355,Obec Líšná,obec,1,2,320000,100000,420000,1,6264899,aggregate_candidate_needs_confirmation,,,,,https://monitor.statnipokladna.gov.cz/api/ukazatele?ic=00636355&obdobi=2512
2025,,single_school,founder:00636371,00636371,Obec Malhotice,obec,1,1,400000,0,400000,1,2507132,aggregate_candidate_needs_confirmation,,,,,https://monitor.statnipokladna.gov.cz/api/ukazatele?ic=00636371&obdobi=2512
2025,,single_school,founder:00636380,00636380,Obec Měrovice nad Hanou,obec,1,1,530000,0,530000,1,8685572,aggregate_candidate_needs_confirmation,,,,,https://monitor.statnipokladna.gov.cz/api/ukazatele?ic=00636380&obdobi=2512
2025,,single_school,founder:00636398,00636398,Obec Milotice nad Bečvou,obec,1,1,400000,0,400000,1,2191803,aggregate_candidate_needs_confirmation,,,,,https://monitor.statnipokladna.gov.cz/api/ukazatele?ic=00636398&obdobi=2512
2025,,single_school,founder:00636436,00636436,Obec Olšovec,obec,1,1,890000,0,890000,1,5652177,aggregate_candidate_needs_confirmation,,,,,https://monitor.statnipokladna.gov.cz/api/ukazatele?ic=00636436&obdobi=2512
2025,,single_school,founder:00636461,00636461,Obec Paršovice,obec,1,1,630000,0,630000,1,2856302,aggregate_candidate_needs_confirmation,,,,,https://monitor.statnipokladna.gov.cz/api/ukazatele?ic=00636461&obdobi=2512
2025,,single_school,founder:00636541,00636541,Obec Rakov,obec,1,1,250000,0,250000,1,2986783,aggregate_candidate_needs_confirmation,,,,,https://monitor.statnipokladna.gov.cz/api/ukazatele?ic=00636541&obdobi=2512
2025,,single_school,founder:00636584,00636584,Obec Stará Ves,obec,1,1,650000,0,650000,1,13545830,aggregate_candidate_needs_confirmation,,,,,https://monitor.statnipokladna.gov.cz/api/ukazatele?ic=00636584&obdobi=2512
2025,,single_school,founder:00636606,00636606,Obec Sušice,obec,1,2,250000,0,250000,1,3051648,aggregate_candidate_needs_confirmation,,,,,https://monitor.statnipokladna.gov.cz/api/ukazatele?ic=00636606&obdobi=2512
2025,,single_school,founder:00636622,00636622,Obec Teplice nad Bečvou,obec,1,1,605000,0,605000,1,5096276,aggregate_candidate_needs_confirmation,,,,,https://monitor.statnipokladna.gov.cz/api/ukazatele?ic=00636622&obdobi=2512
2025,,single_school,founder:00636631,00636631,Obec Tučín,obec,1,1,270000,0,270000,1,2984599,aggregate_candidate_needs_confirmation,,,,,https://monitor.statnipokladna.gov.cz/api/ukazatele?ic=00636631&obdobi=2512
2025,,single_school,founder:00636657,00636657,Obec Uhřičice,obec,1,2,555000,300000,855000,1,3783911,aggregate_candidate_needs_confirmation,,,,,https://monitor.statnipokladna.gov.cz/api/ukazatele?ic=00636657&obdobi=2512
2025,,single_school,founder:00636690,00636690,Obec Šošůvka,obec,1,1,600000,0,600000,1,3516157,aggregate_candidate_needs_confirmation,,,,,https://monitor.statnipokladna.gov.cz/api/ukazatele?ic=00636690&obdobi=2512
2025,,single_school,founder:00636754,00636754,Obec Jabloňany,obec,1,2,460000,724433,1184433,1,3822203,aggregate_candidate_needs_confirmation,,,,,https://monitor.statnipokladna.gov.cz/api/ukazatele?ic=00636754&obdobi=2512
2025,,single_school,founder:00636771,00636771,Obec Petrovice,obec,1,1,480700,0,480700,1,2580001,aggregate_candidate_needs_confirmation,,,,,https://monitor.statnipokladna.gov.cz/api/ukazatele?ic=00636771&obdobi=2512
2025,,single_school,founder:00636835,00636835,Obec Lubnice,obec,1,1,1600000,0,1600000,1,14056471,aggregate_candidate_needs_confirmation,,,,,https://monitor.statnipokladna.gov.cz/api/ukazatele?ic=00636835&obdobi=2512
2025,,single_school,founder:00636886,00636886,"Městys Olbramkostel, okres Znojmo",obec,1,1,525000,0,525000,1,3486008,aggregate_candidate_needs_confirmation,,,,,https://monitor.statnipokladna.gov.cz/api/ukazatele?ic=00636886&obdobi=2512
2025,,single_school,founder:00636932,00636932,Obec Pravice,obec,1,1,300000,0,300000,1,2519643,aggregate_candidate_needs_confirmation,,,,,https://monitor.statnipokladna.gov.cz/api/ukazatele?ic=00636932&obdobi=2512
2025,,single_school,founder:00636991,00636991,Obec Rybníky,obec,1,1,1575442,0,1575442,1,13023605,aggregate_candidate_needs_confirmation,,,,,https://monitor.statnipokladna.gov.cz/api/ukazatele?ic=00636991&obdobi=2512
2025,,single_school,founder:00637017,00637017,Obec Slup,obec,1,1,630000,0,630000,1,3381578,aggregate_candidate_needs_confirmation,,,,,https://monitor.statnipokladna.gov.cz/api/ukazatele?ic=00637017&obdobi=2512
2025,,single_school,founder:00637033,00637033,Obec Šafov,obec,1,1,245000,0,245000,1,2349024,aggregate_candidate_needs_confirmation,,,,,https://monitor.statnipokladna.gov.cz/api/ukazatele?ic=00637033&obdobi=2512
2025,,single_school,founder:00637068,00637068,Obec Tvořihráz,obec,1,1,450000,0,450000,1,4891396,aggregate_candidate_needs_confirmation,,,,,https://monitor.statnipokladna.gov.cz/api/ukazatele?ic=00637068&obdobi=2512
2025,,single_school,founder:00637165,00637165,Obec Želetice,obec,1,1,1600000,0,1600000,1,15507552,aggregate_candidate_needs_confirmation,,,,,https://monitor.statnipokladna.gov.cz/api/ukazatele?ic=00637165&obdobi=2512
2025,,single_school,founder:00637190,00637190,Obec Lesní Hluboké,obec,1,1,685000,0,685000,1,3333387,aggregate_candidate_needs_confirmation,,,,,https://monitor.statnipokladna.gov.cz/api/ukazatele?ic=00637190&obdobi=2512
2025,,single_school,founder:00637203,00637203,Obec Senetářov,obec,1,1,575000,0,575000,1,3078993,aggregate_candidate_needs_confirmation,,,,,https://monitor.statnipokladna.gov.cz/api/ukazatele?ic=00637203&obdobi=2512
2025,,single_school,founder:00637246,00637246,Obec Nýrov,obec,1,1,395000,0,395000,1,3872995,aggregate_candidate_needs_confirmation,,,,,https://monitor.statnipokladna.gov.cz/api/ukazatele?ic=00637246&obdobi=2512
2025,,single_school,founder:00637254,00637254,obec Okrouhlá,obec,1,2,670000,315992,985992,1,3187564,aggregate_candidate_needs_confirmation,,,,,https://monitor.statnipokladna.gov.cz/api/ukazatele?ic=00637254&obdobi=2512
2025,,single_school,founder:00637262,00637262,Obec Kořenec,obec,1,1,350000,0,350000,1,2468503,aggregate_candidate_needs_confirmation,,,,,https://monitor.statnipokladna.gov.cz/api/ukazatele?ic=00637262&obdobi=2512
2025,,single_school,founder:00637327,00637327,Obec Kotvrdovice,obec,1,1,1850000,0,1850000,1,8565497,aggregate_candidate_needs_confirmation,,,,,https://monitor.statnipokladna.gov.cz/api/ukazatele?ic=00637327&obdobi=2512
2025,,single_school,founder:00637343,00637343,Obec Bohutice,obec,1,1,1075000,0,1075000,1,9245306,aggregate_candidate_needs_confirmation,,,,,https://monitor.statnipokladna.gov.cz/api/ukazatele?ic=00637343&obdobi=2512
2025,,single_school,founder:00637360,00637360,Obec Branišovice,obec,1,1,700000,0,700000,1,3221484,aggregate_candidate_needs_confirmation,,,,,https://monitor.statnipokladna.gov.cz/api/ukazatele?ic=00637360&obdobi=2512
2025,,single_school,founder:00637475,00637475,Městys Oleksovice,obec,1,1,970000,0,970000,1,5688132,aggregate_candidate_needs_confirmation,,,,,https://monitor.statnipokladna.gov.cz/api/ukazatele?ic=00637475&obdobi=2512
2025,,single_school,founder:00637483,00637483,Obec Plaveč,obec,1,1,500000,0,500000,1,2576367,aggregate_candidate_needs_confirmation,,,,,https://monitor.statnipokladna.gov.cz/api/ukazatele?ic=00637483&obdobi=2512
2025,,single_school,founder:00637521,00637521,Obec Čučice,obec,1,1,320000,0,320000,1,2916492,aggregate_candidate_needs_confirmation,,,,,https://monitor.statnipokladna.gov.cz/api/ukazatele?ic=00637521&obdobi=2512
2025,,single_school,founder:00637530,00637530,Obec Nová Ves,obec,1,1,1316000,0,1316000,1,11411999,aggregate_candidate_needs_confirmation,,,,,https://monitor.statnipokladna.gov.cz/api/ukazatele?ic=00637530&obdobi=2512
2025,,single_school,founder:00637548,00637548,Obec Přibyslavice,obec,1,1,405000,0,405000,1,3520043,aggregate_candidate_needs_confirmation,,,,,https://monitor.statnipokladna.gov.cz/api/ukazatele?ic=00637548&obdobi=2512
2025,,single_school,founder:00637599,00637599,Obec Suchohrdly u Miroslavi,obec,1,1,800000,0,800000,1,9697780,aggregate_candidate_needs_confirmation,,,,,https://monitor.statnipokladna.gov.cz/api/ukazatele?ic=00637599&obdobi=2512
2025,,single_school,founder:00637611,00637611,Obec Tasovice,obec,1,2,5588427,613488,6201915,1,46797913,aggregate_candidate_needs_confirmation,,,,,https://monitor.statnipokladna.gov.cz/api/ukazatele?ic=00637611&obdobi=2512
2025,,single_school,founder:00637629,00637629,Obec Těšetice,obec,1,1,486500,0,486500,1,4441862,aggregate_candidate_needs_confirmation,,,,,https://monitor.statnipokladna.gov.cz/api/ukazatele?ic=00637629&obdobi=2512
2025,,single_school,founder:00637637,00637637,Městys Troskotovice,obec,1,1,1710000,0,1710000,1,11054028,aggregate_candidate_needs_confirmation,,,,,https://monitor.statnipokladna.gov.cz/api/ukazatele?ic=00637637&obdobi=2512
2025,,single_school,founder:00637653,00637653,Obec Valtrovice,obec,1,1,320000,0,320000,1,2944106,aggregate_candidate_needs_confirmation,,,,,https://monitor.statnipokladna.gov.cz/api/ukazatele?ic=00637653&obdobi=2512
2025,,single_school,founder:00637700,00637700,Obec Svinošice,obec,1,1,500000,0,500000,1,4445177,aggregate_candidate_needs_confirmation,,,,,https://monitor.statnipokladna.gov.cz/api/ukazatele?ic=00637700&obdobi=2512
2025,,single_school,founder:00637769,00637769,Obec Újezd u Černé Hory,obec,1,1,625000,0,625000,1,3230290,aggregate_candidate_needs_confirmation,,,,,https://monitor.statnipokladna.gov.cz/api/ukazatele?ic=00637769&obdobi=2512
2025,,single_school,founder:00637785,00637785,Obec Prostřední Poříčí,obec,1,1,371000,0,371000,1,2759301,aggregate_candidate_needs_confirmation,,,,,https://monitor.statnipokladna.gov.cz/api/ukazatele?ic=00637785&obdobi=2512
2025,,single_school,founder:00639672,00639672,Obec Svémyslice,obec,1,1,738352,0,738352,1,2866680,aggregate_candidate_needs_confirmation,,,,,https://monitor.statnipokladna.gov.cz/api/ukazatele?ic=00639672&obdobi=2512
2025,,single_school,founder:00639966,00639966,Obec Roztoky,obec,1,1,660000,0,660000,1,11841712,aggregate_candidate_needs_confirmation,,,,,https://monitor.statnipokladna.gov.cz/api/ukazatele?ic=00639966&obdobi=2512
2025,,single_school,founder:00640042,00640042,obec Květnice,obec,1,2,1200000,757557,1957557,1,10567804,aggregate_candidate_needs_confirmation,,,,,https://monitor.statnipokladna.gov.cz/api/ukazatele?ic=00640042&obdobi=2512
2025,,single_school,founder:00640077,00640077,Obec Močovice,obec,1,1,316000,0,316000,1,4325301,aggregate_candidate_needs_confirmation,,,,,https://monitor.statnipokladna.gov.cz/api/ukazatele?ic=00640077&obdobi=2512
2025,,single_school,founder:00640115,00640115,Obec Čakovičky,obec,1,1,800000,0,800000,1,5311739,aggregate_candidate_needs_confirmation,,,,,https://monitor.statnipokladna.gov.cz/api/ukazatele?ic=00640115&obdobi=2512
2025,,single_school,founder:00640123,00640123,Obec Březí,obec,1,1,371124,0,371124,1,3283414,aggregate_candidate_needs_confirmation,,,,,https://monitor.statnipokladna.gov.cz/api/ukazatele?ic=00640123&obdobi=2512
2025,,single_school,founder:00640140,00640140,Obec Herink,obec,1,1,1500000,0,1500000,1,5650385,aggregate_candidate_needs_confirmation,,,,,https://monitor.statnipokladna.gov.cz/api/ukazatele?ic=00640140&obdobi=2512
2025,,single_school,founder:00640158,00640158,Obec Modletice,obec,1,1,3600000,0,3600000,1,14144938,aggregate_candidate_needs_confirmation,,,,,https://monitor.statnipokladna.gov.cz/api/ukazatele?ic=00640158&obdobi=2512
2025,,single_school,founder:00640204,00640204,Obec Drobovice,obec,1,1,300000,0,300000,1,2117675,aggregate_candidate_needs_confirmation,,,,,https://monitor.statnipokladna.gov.cz/api/ukazatele?ic=00640204&obdobi=2512
2025,,single_school,founder:00640221,00640221,Obec Zbuzany,obec,1,1,810000,0,810000,1,6305902,aggregate_candidate_needs_confirmation,,,,,https://monitor.statnipokladna.gov.cz/api/ukazatele?ic=00640221&obdobi=2512
2025,,single_school,founder:00640255,00640255,Obec Doubek,obec,1,1,400000,0,400000,1,3127411,aggregate_candidate_needs_confirmation,,,,,https://monitor.statnipokladna.gov.cz/api/ukazatele?ic=00640255&obdobi=2512
2025,,single_school,founder:00640263,00640263,Obec Běleč,obec,1,1,374112,0,374112,1,2943107,aggregate_candidate_needs_confirmation,,,,,https://monitor.statnipokladna.gov.cz/api/ukazatele?ic=00640263&obdobi=2512
2025,,single_school,founder:00640336,00640336,Obec Hlízov,obec,1,1,370000,0,370000,1,2284085,aggregate_candidate_needs_confirmation,,,,,https://monitor.statnipokladna.gov.cz/api/ukazatele?ic=00640336&obdobi=2512
2025,,single_school,founder:00640361,00640361,obec Kobylnice,obec,1,1,110000,0,110000,1,2629357,aggregate_candidate_needs_confirmation,,,,,https://monitor.statnipokladna.gov.cz/api/ukazatele?ic=00640361&obdobi=2512
2025,,single_school,founder:00640433,00640433,obec Královice,obec,1,1,369000,0,369000,1,3168811,aggregate_candidate_needs_confirmation,,,,,https://monitor.statnipokladna.gov.cz/api/ukazatele?ic=00640433&obdobi=2512
2025,,single_school,founder:00640557,00640557,Obec Malé Kyšice,obec,1,1,635000,0,635000,1,3381040,aggregate_candidate_needs_confirmation,,,,,https://monitor.statnipokladna.gov.cz/api/ukazatele?ic=00640557&obdobi=2512
2025,,single_school,founder:00640581,00640581,Obec Netřebice,obec,1,1,403000,0,403000,1,2929828,aggregate_candidate_needs_confirmation,,,,,https://monitor.statnipokladna.gov.cz/api/ukazatele?ic=00640581&obdobi=2512
2025,,single_school,founder:00640671,00640671,Obec Záhornice,obec,1,1,816000,0,816000,1,5846664,aggregate_candidate_needs_confirmation,,,,,https://monitor.statnipokladna.gov.cz/api/ukazatele?ic=00640671&obdobi=2512
2025,,single_school,founder:00640719,00640719,Obec Klínec,obec,1,1,500000,0,500000,1,2364214,aggregate_candidate_needs_confirmation,,,,,https://monitor.statnipokladna.gov.cz/api/ukazatele?ic=00640719&obdobi=2512
2025,,single_school,founder:00640727,00640727,Obec Úholičky,obec,1,1,1056320,0,1056320,1,6174148,aggregate_candidate_needs_confirmation,,,,,https://monitor.statnipokladna.gov.cz/api/ukazatele?ic=00640727&obdobi=2512
2025,,single_school,founder:00640735,00640735,Obec Lichoceves,obec,1,1,820000,0,820000,1,7516632,aggregate_candidate_needs_confirmation,,,,,https://monitor.statnipokladna.gov.cz/api/ukazatele?ic=00640735&obdobi=2512
2025,,single_school,founder:00640816,00640816,Obec Nupaky,obec,1,1,1432800,0,1432800,1,7476787,aggregate_candidate_needs_confirmation,,,,,https://monitor.statnipokladna.gov.cz/api/ukazatele?ic=00640816&obdobi=2512
2025,,single_school,founder:00653357,00653357,Obec Neděliště,obec,1,1,700000,0,700000,1,4555931,aggregate_candidate_needs_confirmation,,,,,https://monitor.statnipokladna.gov.cz/api/ukazatele?ic=00653357&obdobi=2512
2025,,single_school,founder:00653381,00653381,Obec Osice,obec,1,2,2500000,620000,3120000,1,27308491,aggregate_candidate_needs_confirmation,,,,,https://monitor.statnipokladna.gov.cz/api/ukazatele?ic=00653381&obdobi=2512
2025,,single_school,founder:00653411,00653411,Obec Sloupno,obec,1,1,970000,0,970000,1,8422642,aggregate_candidate_needs_confirmation,,,,,https://monitor.statnipokladna.gov.cz/api/ukazatele?ic=00653411&obdobi=2512
2025,,single_school,founder:00653420,00653420,Obec Starý Bydžov,obec,1,1,670000,0,670000,1,2665201,aggregate_candidate_needs_confirmation,,,,,https://monitor.statnipokladna.gov.cz/api/ukazatele?ic=00653420&obdobi=2512
2025,,single_school,founder:00653446,00653446,Obec Holohlavy,obec,1,1,1168252,0,1168252,1,9218675,aggregate_candidate_needs_confirmation,,,,,https://monitor.statnipokladna.gov.cz/api/ukazatele?ic=00653446&obdobi=2512
2025,,single_school,founder:00653454,00653454,Obec Jeníkovice,obec,1,2,652200,200697,852897,1,5142637,aggregate_candidate_needs_confirmation,,,,,https://monitor.statnipokladna.gov.cz/api/ukazatele?ic=00653454&obdobi=2512
2025,,single_school,founder:00653560,00653560,Obec Adršpach,obec,1,3,1503000,0,1503000,1,8227923,aggregate_candidate_needs_confirmation,,,,,https://monitor.statnipokladna.gov.cz/api/ukazatele?ic=00653560&obdobi=2512
2025,,single_school,founder:00653594,00653594,Obec Hejtmánkovice,obec,1,1,435520,0,435520,1,2544891,aggregate_candidate_needs_confirmation,,,,,https://monitor.statnipokladna.gov.cz/api/ukazatele?ic=00653594&obdobi=2512
2025,,single_school,founder:00653616,00653616,Obec Heřmánkovice,obec,1,1,180000,0,180000,1,2327906,aggregate_candidate_needs_confirmation,,,,,https://monitor.statnipokladna.gov.cz/api/ukazatele?ic=00653616&obdobi=2512
2025,,single_school,founder:00653675,00653675,Obec Bukovice,obec,1,1,750000,0,750000,1,8166861,aggregate_candidate_needs_confirmation,,,,,https://monitor.statnipokladna.gov.cz/api/ukazatele?ic=00653675&obdobi=2512
2025,,single_school,founder:00653683,00653683,Obec Suchý Důl,obec,1,1,1000000,0,1000000,1,9733776,aggregate_candidate_needs_confirmation,,,,,https://monitor.statnipokladna.gov.cz/api/ukazatele?ic=00653683&obdobi=2512
2025,,single_school,founder:00653691,00653691,Obec Bezděkov nad Metují,obec,1,1,1014200,0,1014200,1,6220242,aggregate_candidate_needs_confirmation,,,,,https://monitor.statnipokladna.gov.cz/api/ukazatele?ic=00653691&obdobi=2512
2025,,single_school,founder:00654116,00654116,Obec Jetřichov,obec,1,1,366000,0,366000,1,7110751,aggregate_candidate_needs_confirmation,,,,,https://monitor.statnipokladna.gov.cz/api/ukazatele?ic=00654116&obdobi=2512
2025,,single_school,founder:00654124,00654124,Obec Vernéřovice,obec,1,1,1150000,0,1150000,1,6058321,aggregate_candidate_needs_confirmation,,,,,https://monitor.statnipokladna.gov.cz/api/ukazatele?ic=00654124&obdobi=2512
2025,,single_school,founder:00654621,00654621,Obec Předhradí,obec,1,1,445000,0,445000,1,2770695,aggregate_candidate_needs_confirmation,,,,,https://monitor.statnipokladna.gov.cz/api/ukazatele?ic=00654621&obdobi=2512
2025,,single_school,founder:00654752,00654752,Obec Stolany,obec,1,1,900000,0,900000,1,9153099,aggregate_candidate_needs_confirmation,,,,,https://monitor.statnipokladna.gov.cz/api/ukazatele?ic=00654752&obdobi=2512
2025,,single_school,founder:00662178,00662178,Obec Tuhaň,obec,1,1,475000,0,475000,1,4861802,aggregate_candidate_needs_confirmation,,,,,https://monitor.statnipokladna.gov.cz/api/ukazatele?ic=00662178&obdobi=2512
2025,,single_school,founder:00662259,00662259,Obec Nedomice,obec,1,1,801000,0,801000,1,8104367,aggregate_candidate_needs_confirmation,,,,,https://monitor.statnipokladna.gov.cz/api/ukazatele?ic=00662259&obdobi=2512
2025,,single_school,founder:00662291,00662291,Obec Hostín u Vojkovic,obec,1,2,1351500,354000,1705500,1,10923035,aggregate_candidate_needs_confirmation,,,,,https://monitor.statnipokladna.gov.cz/api/ukazatele?ic=00662291&obdobi=2512
2025,,single_school,founder:00662861,00662861,Obec Korkyně,obec,1,1,490395,0,490395,1,2907884,aggregate_candidate_needs_confirmation,,,,,https://monitor.statnipokladna.gov.cz/api/ukazatele?ic=00662861&obdobi=2512
2025,,single_school,founder:00662887,00662887,Obec Lhota u Příbramě,obec,1,1,830000,0,830000,1,4709695,aggregate_candidate_needs_confirmation,,,,,https://monitor.statnipokladna.gov.cz/api/ukazatele?ic=00662887&obdobi=2512
2025,,single_school,founder:00662941,00662941,Obec Podlesí,obec,1,1,1588310,0,1588310,1,4816881,aggregate_candidate_needs_confirmation,,,,,https://monitor.statnipokladna.gov.cz/api/ukazatele?ic=00662941&obdobi=2512
2025,,single_school,founder:00662984,00662984,Obec Svaté Pole,obec,1,1,450000,0,450000,1,3977568,aggregate_candidate_needs_confirmation,,,,,https://monitor.statnipokladna.gov.cz/api/ukazatele?ic=00662984&obdobi=2512
2025,,single_school,founder:00665100,00665100,Obec Hradešín,obec,1,1,471300,0,471300,1,3982611,aggregate_candidate_needs_confirmation,,,,,https://monitor.statnipokladna.gov.cz/api/ukazatele?ic=00665100&obdobi=2512
2025,,single_school,founder:00666521,00666521,Obec Rapšach,obec,1,1,2122083,0,2122083,1,17302276,aggregate_candidate_needs_confirmation,,,,,https://monitor.statnipokladna.gov.cz/api/ukazatele?ic=00666521&obdobi=2512
2025,,single_school,founder:00666564,00666564,Obec Zahrádky,obec,1,1,187500,0,187500,1,2518301,aggregate_candidate_needs_confirmation,,,,,https://monitor.statnipokladna.gov.cz/api/ukazatele?ic=00666564&obdobi=2512
2025,,single_school,founder:00667161,00667161,Obec Slapy,obec,1,1,1020000,0,1020000,1,11095034,aggregate_candidate_needs_confirmation,,,,,https://monitor.statnipokladna.gov.cz/api/ukazatele?ic=00667161&obdobi=2512
2025,,single_school,founder:00667188,00667188,Obec Sviny,obec,1,1,870000,0,870000,1,4320979,aggregate_candidate_needs_confirmation,,,,,https://monitor.statnipokladna.gov.cz/api/ukazatele?ic=00667188&obdobi=2512
2025,,single_school,founder:00667315,00667315,Obec Zlukov,obec,1,1,688000,0,688000,1,2877193,aggregate_candidate_needs_confirmation,,,,,https://monitor.statnipokladna.gov.cz/api/ukazatele?ic=00667315&obdobi=2512
2025,,single_school,founder:00667820,00667820,Obec Řepice,obec,1,1,157500,0,157500,1,2321388,aggregate_candidate_needs_confirmation,,,,,https://monitor.statnipokladna.gov.cz/api/ukazatele?ic=00667820&obdobi=2512
2025,,single_school,founder:00671886,00671886,obec Šimonovice,obec,1,1,1498682,0,1498682,1,8124957,aggregate_candidate_needs_confirmation,,,,,https://monitor.statnipokladna.gov.cz/api/ukazatele?ic=00671886&obdobi=2512
2025,,single_school,founder:00671894,00671894,Obec Svijanský Újezd,obec,1,1,1000000,0,1000000,1,8735946,aggregate_candidate_needs_confirmation,,,,,https://monitor.statnipokladna.gov.cz/api/ukazatele?ic=00671894&obdobi=2512
2025,,single_school,founder:00671916,00671916,Obec Stráž nad Nisou,obec,1,2,8939679,890000,9829679,1,40227833,aggregate_candidate_needs_confirmation,,,,,https://monitor.statnipokladna.gov.cz/api/ukazatele?ic=00671916&obdobi=2512
2025,,single_school,founder:00671967,00671967,Obec Paceřice,obec,1,1,685000,0,685000,1,3226516,aggregate_candidate_needs_confirmation,,,,,https://monitor.statnipokladna.gov.cz/api/ukazatele?ic=00671967&obdobi=2512
2025,,single_school,founder:00672009,00672009,Obec Krásný Les,obec,1,1,370000,0,370000,1,5089344,aggregate_candidate_needs_confirmation,,,,,https://monitor.statnipokladna.gov.cz/api/ukazatele?ic=00672009&obdobi=2512
2025,,single_school,founder:00672017,00672017,Obec Kobyly,obec,1,1,1447000,0,1447000,1,13653772,aggregate_candidate_needs_confirmation,,,,,https://monitor.statnipokladna.gov.cz/api/ukazatele?ic=00672017&obdobi=2512
2025,,single_school,founder:00672025,00672025,Obec Jindřichovice pod Smrkem,obec,1,1,786000,0,786000,1,10150258,aggregate_candidate_needs_confirmation,,,,,https://monitor.statnipokladna.gov.cz/api/ukazatele?ic=00672025&obdobi=2512
2025,,single_school,founder:00672033,00672033,Obec Chotyně,obec,1,1,1300000,0,1300000,1,12693361,aggregate_candidate_needs_confirmation,,,,,https://monitor.statnipokladna.gov.cz/api/ukazatele?ic=00672033&obdobi=2512
2025,,single_school,founder:00672050,00672050,Obec Hlavice,obec,1,1,1062000,0,1062000,1,4702119,aggregate_candidate_needs_confirmation,,,,,https://monitor.statnipokladna.gov.cz/api/ukazatele?ic=00672050&obdobi=2512
2025,,single_school,founder:00672106,00672106,Obec Bílý Kostel nad Nisou,obec,1,1,2180000,0,2180000,1,12575009,aggregate_candidate_needs_confirmation,,,,,https://monitor.statnipokladna.gov.cz/api/ukazatele?ic=00672106&obdobi=2512
2025,,single_school,founder:00672904,00672904,Obec Noviny pod Ralskem,obec,1,1,460175,0,460175,1,2921628,aggregate_candidate_needs_confirmation,,,,,https://monitor.statnipokladna.gov.cz/api/ukazatele?ic=00672904&obdobi=2512
2025,,single_school,founder:00673161,00673161,Obec Račetice,obec,1,1,540000,0,540000,1,3062522,aggregate_candidate_needs_confirmation,,,,,https://monitor.statnipokladna.gov.cz/api/ukazatele?ic=00673161&obdobi=2512
2025,,single_school,founder:00673170,00673170,Obec Nezabylice,obec,1,1,454000,0,454000,1,2969354,aggregate_candidate_needs_confirmation,,,,,https://monitor.statnipokladna.gov.cz/api/ukazatele?ic=00673170&obdobi=2512
2025,,single_school,founder:00673374,00673374,Obec Sosnová,obec,1,1,1081603,0,1081603,1,4708116,aggregate_candidate_needs_confirmation,,,,,https://monitor.statnipokladna.gov.cz/api/ukazatele?ic=00673374&obdobi=2512
2025,,single_school,founder:00673412,00673412,Obec Okna,obec,1,2,3524968,295724,3820692,1,24588627,aggregate_candidate_needs_confirmation,,,,,https://monitor.statnipokladna.gov.cz/api/ukazatele?ic=00673412&obdobi=2512
2025,,single_school,founder:00673447,00673447,Obec Okrouhlá,obec,1,1,400000,0,400000,1,4733557,aggregate_candidate_needs_confirmation,,,,,https://monitor.statnipokladna.gov.cz/api/ukazatele?ic=00673447&obdobi=2512
2025,,single_school,founder:00673455,00673455,Obec Skalice u České Lípy,obec,1,1,3200000,0,3200000,1,25577219,aggregate_candidate_needs_confirmation,,,,,https://monitor.statnipokladna.gov.cz/api/ukazatele?ic=00673455&obdobi=2512
2025,,missing_finm_total,founder:00828807,00828807,Obec Vrbičany,obec,1,0,0,0,0,1,650511,founder_source_required,,,,,https://monitor.statnipokladna.gov.cz/api/ukazatele?ic=00828807&obdobi=2512
2025,,single_school,founder:00831387,00831387,Obec Srbská Kamenice,obec,1,1,150000,0,150000,1,2870640,aggregate_candidate_needs_confirmation,,,,,https://monitor.statnipokladna.gov.cz/api/ukazatele?ic=00831387&obdobi=2512
2025,,single_school,founder:00831417,00831417,Obec Bílý Potok,obec,1,1,1342000,0,1342000,1,8113027,aggregate_candidate_needs_confirmation,,,,,https://monitor.statnipokladna.gov.cz/api/ukazatele?ic=00831417&obdobi=2512
2025,,single_school,founder:00831433,00831433,Obec Nová Ves,obec,1,1,1970000,0,1970000,1,15109232,aggregate_candidate_needs_confirmation,,,,,https://monitor.statnipokladna.gov.cz/api/ukazatele?ic=00831433&obdobi=2512
2025,,single_school,founder:00831468,00831468,Obec Dětřichov,obec,1,1,2100000,0,2100000,1,15867444,aggregate_candidate_needs_confirmation,,,,,https://monitor.statnipokladna.gov.cz/api/ukazatele?ic=00831468&obdobi=2512
2025,,single_school,founder:00831514,00831514,Město Ralsko,obec,1,2,3283000,300000,3583000,1,14278244,aggregate_candidate_needs_confirmation,,,,,https://monitor.statnipokladna.gov.cz/api/ukazatele?ic=00831514&obdobi=2512
2025,,single_school,founder:00831786,00831786,Obec Dobroměřice,obec,1,2,870000,0,870000,1,6526620,aggregate_candidate_needs_confirmation,,,,,https://monitor.statnipokladna.gov.cz/api/ukazatele?ic=00831786&obdobi=2512
2025,,single_school,founder:00831964,00831964,Obec Ludvíkovice,obec,1,1,1700000,0,1700000,1,13628986,aggregate_candidate_needs_confirmation,,,,,https://monitor.statnipokladna.gov.cz/api/ukazatele?ic=00831964&obdobi=2512
2025,,single_school,founder:00837300,00837300,Obec Jestřabí,obec,1,1,403000,0,403000,1,3110553,aggregate_candidate_needs_confirmation,,,,,https://monitor.statnipokladna.gov.cz/api/ukazatele?ic=00837300&obdobi=2512
2025,,single_school,founder:00839582,00839582,Obec Bítovčice,obec,1,1,240000,0,240000,1,1988958,aggregate_candidate_needs_confirmation,,,,,https://monitor.statnipokladna.gov.cz/api/ukazatele?ic=00839582&obdobi=2512
2025,,single_school,founder:00839591,00839591,Obec Kozlov,obec,1,1,350000,0,350000,1,3987718,aggregate_candidate_needs_confirmation,,,,,https://monitor.statnipokladna.gov.cz/api/ukazatele?ic=00839591&obdobi=2512
2025,,single_school,founder:00840670,00840670,Obec Polnička,obec,1,1,2261000,0,2261000,1,21041485,aggregate_candidate_needs_confirmation,,,,,https://monitor.statnipokladna.gov.cz/api/ukazatele?ic=00840670&obdobi=2512
2025,,single_school,founder:00841811,00841811,Obec Němčice,obec,1,1,377000,0,377000,1,2616528,aggregate_candidate_needs_confirmation,,,,,https://monitor.statnipokladna.gov.cz/api/ukazatele?ic=00841811&obdobi=2512
2025,,single_school,founder:00841838,00841838,Obec Valchov,obec,1,1,479000,0,479000,1,3019661,aggregate_candidate_needs_confirmation,,,,,https://monitor.statnipokladna.gov.cz/api/ukazatele?ic=00841838&obdobi=2512
2025,,single_school,founder:00842133,00842133,Obec Jámy,obec,1,1,446000,0,446000,1,4307581,aggregate_candidate_needs_confirmation,,,,,https://monitor.statnipokladna.gov.cz/api/ukazatele?ic=00842133&obdobi=2512
2025,,single_school,founder:00842184,00842184,Obec Věchnov,obec,1,1,574600,0,574600,1,2659327,aggregate_candidate_needs_confirmation,,,,,https://monitor.statnipokladna.gov.cz/api/ukazatele?ic=00842184&obdobi=2512
2025,,single_school,founder:00842206,00842206,Obec Písečné,obec,1,1,450000,0,450000,1,6797453,aggregate_candidate_needs_confirmation,,,,,https://monitor.statnipokladna.gov.cz/api/ukazatele?ic=00842206&obdobi=2512
2025,,single_school,founder:00842231,00842231,Obec Nové Dvory,obec,1,1,450000,0,450000,1,2504843,aggregate_candidate_needs_confirmation,,,,,https://monitor.statnipokladna.gov.cz/api/ukazatele?ic=00842231&obdobi=2512
2025,,single_school,founder:00842362,00842362,Obec Vatín,obec,1,1,342602,0,342602,1,2649828,aggregate_candidate_needs_confirmation,,,,,https://monitor.statnipokladna.gov.cz/api/ukazatele?ic=00842362&obdobi=2512
2025,,single_school,founder:00842443,00842443,Obec Dolní Heřmanice,obec,1,1,865910,0,865910,1,6710758,aggregate_candidate_needs_confirmation,,,,,https://monitor.statnipokladna.gov.cz/api/ukazatele?ic=00842443&obdobi=2512
2025,,single_school,founder:00842524,00842524,Obec Oslavice,obec,1,1,1277000,0,1277000,1,11360121,aggregate_candidate_needs_confirmation,,,,,https://monitor.statnipokladna.gov.cz/api/ukazatele?ic=00842524&obdobi=2512
2025,,single_school,founder:00842567,00842567,Obec Ruda,obec,1,1,630000,0,630000,1,5329287,aggregate_candidate_needs_confirmation,,,,,https://monitor.statnipokladna.gov.cz/api/ukazatele?ic=00842567&obdobi=2512
2025,,single_school,founder:00842575,00842575,Obec Uhřínov,obec,1,1,410000,0,410000,1,4354104,aggregate_candidate_needs_confirmation,,,,,https://monitor.statnipokladna.gov.cz/api/ukazatele?ic=00842575&obdobi=2512
2025,,single_school,founder:00842583,00842583,Obec Vídeň,obec,1,1,370000,0,370000,1,2597987,aggregate_candidate_needs_confirmation,,,,,https://monitor.statnipokladna.gov.cz/api/ukazatele?ic=00842583&obdobi=2512
2025,,single_school,founder:00842630,00842630,Obec Nová Ves u Nového Města na Moravě,obec,1,1,1450000,0,1450000,1,8425359,aggregate_candidate_needs_confirmation,,,,,https://monitor.statnipokladna.gov.cz/api/ukazatele?ic=00842630&obdobi=2512
2025,,single_school,founder:00842648,00842648,Obec Křídla,obec,1,1,660000,0,660000,1,5381784,aggregate_candidate_needs_confirmation,,,,,https://monitor.statnipokladna.gov.cz/api/ukazatele?ic=00842648&obdobi=2512
2025,,single_school,founder:00842656,00842656,Obec Zubří,obec,1,1,611000,0,611000,1,7939631,aggregate_candidate_needs_confirmation,,,,,https://monitor.statnipokladna.gov.cz/api/ukazatele?ic=00842656&obdobi=2512
2025,,single_school,founder:00842672,00842672,Obec Katov,obec,1,1,800000,0,800000,1,8330031,aggregate_candidate_needs_confirmation,,,,,https://monitor.statnipokladna.gov.cz/api/ukazatele?ic=00842672&obdobi=2512
2025,,single_school,founder:00842699,00842699,Obec Níhov,obec,1,1,290000,0,290000,1,2241048,aggregate_candidate_needs_confirmation,,,,,https://monitor.statnipokladna.gov.cz/api/ukazatele?ic=00842699&obdobi=2512
2025,,single_school,founder:00845132,00845132,Obec Domaželice,obec,1,1,2167031,0,2167031,1,8271905,aggregate_candidate_needs_confirmation,,,,,https://monitor.statnipokladna.gov.cz/api/ukazatele?ic=00845132&obdobi=2512
2025,,single_school,founder:00846511,00846511,Obec Milotice nad Opavou,obec,1,1,430000,0,430000,1,2897358,aggregate_candidate_needs_confirmation,,,,,https://monitor.statnipokladna.gov.cz/api/ukazatele?ic=00846511&obdobi=2512
2025,,single_school,founder:00846520,00846520,Obec Oborná,obec,1,1,350000,0,350000,1,2831219,aggregate_candidate_needs_confirmation,,,,,https://monitor.statnipokladna.gov.cz/api/ukazatele?ic=00846520&obdobi=2512
2025,,single_school,founder:00848441,00848441,Obec Trnávka,obec,1,1,812000,0,812000,1,5918812,aggregate_candidate_needs_confirmation,,,,,https://monitor.statnipokladna.gov.cz/api/ukazatele?ic=00848441&obdobi=2512
2025,,single_school,founder:00848468,00848468,Obec Hladké Životice,obec,1,1,1200000,0,1200000,1,12204938,aggregate_candidate_needs_confirmation,,,,,https://monitor.statnipokladna.gov.cz/api/ukazatele?ic=00848468&obdobi=2512
2025,,single_school,founder:00849529,00849529,Obec Lužice,obec,1,1,482000,0,482000,1,5132587,aggregate_candidate_needs_confirmation,,,,,https://monitor.statnipokladna.gov.cz/api/ukazatele?ic=00849529&obdobi=2512
2025,,single_school,founder:00849731,00849731,Obec Dobroslavice,obec,1,1,740000,0,740000,1,5672818,aggregate_candidate_needs_confirmation,,,,,https://monitor.statnipokladna.gov.cz/api/ukazatele?ic=00849731&obdobi=2512
2025,,single_school,founder:00849740,00849740,Obec Větřkovice,obec,1,1,1328800,0,1328800,1,9339836,aggregate_candidate_needs_confirmation,,,,,https://monitor.statnipokladna.gov.cz/api/ukazatele?ic=00849740&obdobi=2512
2025,,single_school,founder:00849952,00849952,Obec Jezdkovice,obec,1,1,465800,0,465800,1,4072270,aggregate_candidate_needs_confirmation,,,,,https://monitor.statnipokladna.gov.cz/api/ukazatele?ic=00849952&obdobi=2512
2025,,single_school,founder:00849961,00849961,Obec Kozmice,obec,1,1,2690000,0,2690000,1,16002556,aggregate_candidate_needs_confirmation,,,,,https://monitor.statnipokladna.gov.cz/api/ukazatele?ic=00849961&obdobi=2512
2025,,single_school,founder:00850641,00850641,Obec Týn nad Bečvou,obec,1,1,1064525,0,1064525,1,10848707,aggregate_candidate_needs_confirmation,,,,,https://monitor.statnipokladna.gov.cz/api/ukazatele?ic=00850641&obdobi=2512
2025,,single_school,founder:00850659,00850659,Obec Výkleky,obec,1,1,270000,0,270000,1,2485651,aggregate_candidate_needs_confirmation,,,,,https://monitor.statnipokladna.gov.cz/api/ukazatele?ic=00850659&obdobi=2512
2025,,single_school,founder:00850675,00850675,Obec Polom,obec,1,1,250000,0,250000,1,2553957,aggregate_candidate_needs_confirmation,,,,,https://monitor.statnipokladna.gov.cz/api/ukazatele?ic=00850675&obdobi=2512
2025,,single_school,founder:00850705,00850705,Obec Špičky,obec,1,1,450800,0,450800,1,2558292,aggregate_candidate_needs_confirmation,,,,,https://monitor.statnipokladna.gov.cz/api/ukazatele?ic=00850705&obdobi=2512
2025,,single_school,founder:00851825,00851825,Obec Ústí,obec,1,1,300000,0,300000,1,2475069,aggregate_candidate_needs_confirmation,,,,,https://monitor.statnipokladna.gov.cz/api/ukazatele?ic=00851825&obdobi=2512
2025,,single_school,founder:00851841,00851841,Obec Janová,obec,1,1,595000,0,595000,1,2914022,aggregate_candidate_needs_confirmation,,,,,https://monitor.statnipokladna.gov.cz/api/ukazatele?ic=00851841&obdobi=2512
2025,,single_school,founder:00853151,00853151,Obec Drozdov,obec,1,1,700000,0,700000,1,2890384,aggregate_candidate_needs_confirmation,,,,,https://monitor.statnipokladna.gov.cz/api/ukazatele?ic=00853151&obdobi=2512
2025,,single_school,founder:00853976,00853976,Obec Sázava,obec,1,1,307000,0,307000,1,3043133,aggregate_candidate_needs_confirmation,,,,,https://monitor.statnipokladna.gov.cz/api/ukazatele?ic=00853976&obdobi=2512
2025,,single_school,founder:00854034,00854034,Obec Hrušová,obec,1,1,430400,0,430400,1,2456855,aggregate_candidate_needs_confirmation,,,,,https://monitor.statnipokladna.gov.cz/api/ukazatele?ic=00854034&obdobi=2512
2025,,single_school,founder:00854662,00854662,Obec Levínská Olešnice,obec,1,1,278446,0,278446,1,2580163,aggregate_candidate_needs_confirmation,,,,,https://monitor.statnipokladna.gov.cz/api/ukazatele?ic=00854662&obdobi=2512
2025,,single_school,founder:00875121,00875121,Obec Železná,obec,1,2,360000,0,360000,1,3019788,aggregate_candidate_needs_confirmation,,,,,https://monitor.statnipokladna.gov.cz/api/ukazatele?ic=00875121&obdobi=2512
2025,,single_school,founder:00876054,00876054,Obec Hrubý Jeseník,obec,1,2,1200000,160000,1360000,1,12434047,aggregate_candidate_needs_confirmation,,,,,https://monitor.statnipokladna.gov.cz/api/ukazatele?ic=00876054&obdobi=2512
2025,,single_school,founder:01265741,01265741,Obec Poličná,obec,1,1,3400000,0,3400000,1,25198544,aggregate_candidate_needs_confirmation,,,,,https://monitor.statnipokladna.gov.cz/api/ukazatele?ic=01265741&obdobi=2512
2025,,single_school,founder:04498704,04498704,Obec Město Libavá,obec,1,1,2803742,0,2803742,1,16565454,aggregate_candidate_needs_confirmation,,,,,https://monitor.statnipokladna.gov.cz/api/ukazatele?ic=04498704&obdobi=2512
2025,,single_school,founder:18243665,18243665,Obec Příkosice,obec,1,1,550000,0,550000,1,3212070,aggregate_candidate_needs_confirmation,,,,,https://monitor.statnipokladna.gov.cz/api/ukazatele?ic=18243665&obdobi=2512
2025,,single_school,founder:42634512,42634512,Obec Radkov,obec,1,1,154290,0,154290,1,2157663,aggregate_candidate_needs_confirmation,,,,,https://monitor.statnipokladna.gov.cz/api/ukazatele?ic=42634512&obdobi=2512
2025,,single_school,founder:42634610,42634610,obec Vysoké Studnice,obec,1,1,240000,0,240000,1,2251966,aggregate_candidate_needs_confirmation,,,,,https://monitor.statnipokladna.gov.cz/api/ukazatele?ic=42634610&obdobi=2512
2025,,single_school,founder:43750648,43750648,Obec Tehovec,obec,1,1,590000,0,590000,1,4843480,aggregate_candidate_needs_confirmation,,,,,https://monitor.statnipokladna.gov.cz/api/ukazatele?ic=43750648&obdobi=2512
2025,,single_school,founder:44026927,44026927,Obec Nový Šaldorf-Sedlešovice,obec,1,1,600000,0,600000,1,7301409,aggregate_candidate_needs_confirmation,,,,,https://monitor.statnipokladna.gov.cz/api/ukazatele?ic=44026927&obdobi=2512
2025,,single_school,founder:44164343,44164343,Obec Lužice,obec,1,1,5700000,0,5700000,1,34711683,aggregate_candidate_needs_confirmation,,,,,https://monitor.statnipokladna.gov.cz/api/ukazatele?ic=44164343&obdobi=2512
2025,,single_school,founder:44684983,44684983,Obec Březová - Oleško,obec,1,2,1511000,62272,1573272,1,6185078,aggregate_candidate_needs_confirmation,,,,,https://monitor.statnipokladna.gov.cz/api/ukazatele?ic=44684983&obdobi=2512
2025,,single_school,founder:44936362,44936362,Obec Suchonice,obec,1,1,600000,0,600000,1,6859756,aggregate_candidate_needs_confirmation,,,,,https://monitor.statnipokladna.gov.cz/api/ukazatele?ic=44936362&obdobi=2512
2025,,single_school,founder:44947917,44947917,Obec Tetčice,obec,1,2,1150703,119297,1270000,1,6360202,aggregate_candidate_needs_confirmation,,,,,https://monitor.statnipokladna.gov.cz/api/ukazatele?ic=44947917&obdobi=2512
2025,,single_school,founder:45670773,45670773,Obec Dobšice,obec,1,2,2600000,200000,2800000,1,18648699,aggregate_candidate_needs_confirmation,,,,,https://monitor.statnipokladna.gov.cz/api/ukazatele?ic=45670773&obdobi=2512
2025,,single_school,founder:45978140,45978140,Obec Librantice,obec,1,2,1400000,0,1400000,1,9142809,aggregate_candidate_needs_confirmation,,,,,https://monitor.statnipokladna.gov.cz/api/ukazatele?ic=45978140&obdobi=2512
2025,,single_school,founder:46276068,46276068,Obec Šanov,obec,1,1,250000,0,250000,1,4384796,aggregate_candidate_needs_confirmation,,,,,https://monitor.statnipokladna.gov.cz/api/ukazatele?ic=46276068&obdobi=2512
2025,,single_school,founder:46744941,46744941,Obec Dlouhý Most,obec,1,1,1787000,0,1787000,1,13504276,aggregate_candidate_needs_confirmation,,,,,https://monitor.statnipokladna.gov.cz/api/ukazatele?ic=46744941&obdobi=2512
2025,,single_school,founder:46744967,46744967,Obec Kunratice,obec,1,1,1080000,0,1080000,1,5021332,aggregate_candidate_needs_confirmation,,,,,https://monitor.statnipokladna.gov.cz/api/ukazatele?ic=46744967&obdobi=2512
2025,,single_school,founder:47812303,47812303,Obec Branka u Opavy,obec,1,1,1315000,0,1315000,1,11581644,aggregate_candidate_needs_confirmation,,,,,https://monitor.statnipokladna.gov.cz/api/ukazatele?ic=47812303&obdobi=2512
2025,,single_school,founder:47884541,47884541,Obec Velenov,obec,1,1,800000,0,800000,1,6886477,aggregate_candidate_needs_confirmation,,,,,https://monitor.statnipokladna.gov.cz/api/ukazatele?ic=47884541&obdobi=2512
2025,,single_school,founder:47997265,47997265,Obec Střeň,obec,1,1,958488,0,958488,1,7078242,aggregate_candidate_needs_confirmation,,,,,https://monitor.statnipokladna.gov.cz/api/ukazatele?ic=47997265&obdobi=2512
2025,,single_school,founder:48379701,48379701,Obec Litohlavy,obec,1,1,640000,0,640000,1,3108091,aggregate_candidate_needs_confirmation,,,,,https://monitor.statnipokladna.gov.cz/api/ukazatele?ic=48379701&obdobi=2512
2025,,single_school,founder:48430749,48430749,Obec Bílov,obec,1,1,449425,0,449425,1,3103919,aggregate_candidate_needs_confirmation,,,,,https://monitor.statnipokladna.gov.cz/api/ukazatele?ic=48430749&obdobi=2512
2025,,single_school,founder:48471828,48471828,Obec Březnice,obec,1,1,2390000,0,2390000,1,16444849,aggregate_candidate_needs_confirmation,,,,,https://monitor.statnipokladna.gov.cz/api/ukazatele?ic=48471828&obdobi=2512
2025,,single_school,founder:48527416,48527416,obec Kožichovice,obec,1,1,546000,0,546000,1,3627951,aggregate_candidate_needs_confirmation,,,,,https://monitor.statnipokladna.gov.cz/api/ukazatele?ic=48527416&obdobi=2512
2025,,single_school,founder:48769967,48769967,Obec Samotišky,obec,1,1,1700000,0,1700000,1,15760767,aggregate_candidate_needs_confirmation,,,,,https://monitor.statnipokladna.gov.cz/api/ukazatele?ic=48769967&obdobi=2512
2025,,single_school,founder:48770078,48770078,Obec Bystrovany,obec,1,1,1875000,0,1875000,1,13994737,aggregate_candidate_needs_confirmation,,,,,https://monitor.statnipokladna.gov.cz/api/ukazatele?ic=48770078&obdobi=2512
2025,,single_school,founder:48804711,48804711,Obec Životice u Nového Jičína,obec,1,1,1700000,0,1700000,1,8324480,aggregate_candidate_needs_confirmation,,,,,https://monitor.statnipokladna.gov.cz/api/ukazatele?ic=48804711&obdobi=2512
2025,,single_school,founder:60418559,60418559,obec Střítež,obec,1,1,600000,0,600000,1,2439942,aggregate_candidate_needs_confirmation,,,,,https://monitor.statnipokladna.gov.cz/api/ukazatele?ic=60418559&obdobi=2512
2025,,single_school,founder:60798416,60798416,Obec Olbramice,obec,1,1,1150000,0,1150000,1,8886358,aggregate_candidate_needs_confirmation,,,,,https://monitor.statnipokladna.gov.cz/api/ukazatele?ic=60798416&obdobi=2512
2025,,single_school,founder:60798432,60798432,Obec Šenov u Nového Jičína,obec,1,1,3795216,0,3795216,1,26595100,aggregate_candidate_needs_confirmation,,,,,https://monitor.statnipokladna.gov.cz/api/ukazatele?ic=60798432&obdobi=2512
2025,,single_school,founder:60798483,60798483,Obec Jakubčovice nad Odrou,obec,1,1,1320000,0,1320000,1,11980635,aggregate_candidate_needs_confirmation,,,,,https://monitor.statnipokladna.gov.cz/api/ukazatele?ic=60798483&obdobi=2512
2025,,single_school,founder:61729639,61729639,Obec Rostěnice - Zvonovice,obec,1,1,425000,0,425000,1,3350214,aggregate_candidate_needs_confirmation,,,,,https://monitor.statnipokladna.gov.cz/api/ukazatele?ic=61729639&obdobi=2512
2025,,single_school,founder:62351290,62351290,Obec Vražné,obec,1,1,974000,0,974000,1,8005731,aggregate_candidate_needs_confirmation,,,,,https://monitor.statnipokladna.gov.cz/api/ukazatele?ic=62351290&obdobi=2512
2025,,single_school,founder:63028255,63028255,Obec Křelov-Břuchotín,obec,1,1,1899000,0,1899000,1,12685588,aggregate_candidate_needs_confirmation,,,,,https://monitor.statnipokladna.gov.cz/api/ukazatele?ic=63028255&obdobi=2512
2025,,single_school,founder:64679446,64679446,Obec Těchlovice,obec,1,1,350000,0,350000,1,2951096,aggregate_candidate_needs_confirmation,,,,,https://monitor.statnipokladna.gov.cz/api/ukazatele?ic=64679446&obdobi=2512
2025,,missing_finm_total,founder:64990940,64990940,Zřizovatel IČO 64990940,obec,1,0,0,0,0,0,0,founder_source_required,,,,,https://monitor.statnipokladna.gov.cz/api/ukazatele?ic=64990940&obdobi=2512
2025,,single_school,founder:65197887,65197887,Obec Nová Ves u Světlé,obec,1,1,714873,0,714873,1,7036076,aggregate_candidate_needs_confirmation,,,,,https://monitor.statnipokladna.gov.cz/api/ukazatele?ic=65197887&obdobi=2512
2025,,single_school,founder:67339158,67339158,Obec Chotěbuz,obec,1,1,1556458,0,1556458,1,7613773,aggregate_candidate_needs_confirmation,,,,,https://monitor.statnipokladna.gov.cz/api/ukazatele?ic=67339158&obdobi=2512
2025,,single_school,founder:67340474,67340474,Obec Kujavy,obec,1,1,891372,0,891372,1,6833495,aggregate_candidate_needs_confirmation,,,,,https://monitor.statnipokladna.gov.cz/api/ukazatele?ic=67340474&obdobi=2512
2025,,single_school,founder:67441513,67441513,Obec Semanín,obec,1,1,1161700,0,1161700,1,12486562,aggregate_candidate_needs_confirmation,,,,,https://monitor.statnipokladna.gov.cz/api/ukazatele?ic=67441513&obdobi=2512
2025,,single_school,founder:68898797,68898797,Obec Lhota u Vsetína,obec,1,1,900000,0,900000,1,7944940,aggregate_candidate_needs_confirmation,,,,,https://monitor.statnipokladna.gov.cz/api/ukazatele?ic=68898797&obdobi=2512
2025,,single_school,founder:68921063,68921063,Obec Bravantice,obec,1,1,1800000,0,1800000,1,12997794,aggregate_candidate_needs_confirmation,,,,,https://monitor.statnipokladna.gov.cz/api/ukazatele?ic=68921063&obdobi=2512
2025,,single_school,founder:69171289,69171289,Obec Rabštejnská Lhota,obec,1,1,1500000,0,1500000,1,15320792,aggregate_candidate_needs_confirmation,,,,,https://monitor.statnipokladna.gov.cz/api/ukazatele?ic=69171289&obdobi=2512
2025,,single_school,founder:70040915,70040915,Obec Jezernice,obec,1,1,1047827,0,1047827,1,7939840,aggregate_candidate_needs_confirmation,,,,,https://monitor.statnipokladna.gov.cz/api/ukazatele?ic=70040915&obdobi=2512
2025,,single_school,founder:70287066,70287066,Obec Spešov,obec,1,1,850000,0,850000,1,6199793,aggregate_candidate_needs_confirmation,,,,,https://monitor.statnipokladna.gov.cz/api/ukazatele?ic=70287066&obdobi=2512
2025,,single_school,founder:70305587,70305587,Obec Ropice,obec,1,1,2370000,0,2370000,1,20197162,aggregate_candidate_needs_confirmation,,,,,https://monitor.statnipokladna.gov.cz/api/ukazatele?ic=70305587&obdobi=2512
2025,,single_school,founder:70565295,70565295,Obec Sojovice,obec,1,2,1711336,0,1711336,1,12012096,aggregate_candidate_needs_confirmation,,,,,https://monitor.statnipokladna.gov.cz/api/ukazatele?ic=70565295&obdobi=2512
2025,,single_school,founder:70599971,70599971,Obec Kobylá nad Vidnavkou,obec,1,1,750000,0,750000,1,7938204,aggregate_candidate_needs_confirmation,,,,,https://monitor.statnipokladna.gov.cz/api/ukazatele?ic=70599971&obdobi=2512
2025,,single_school,founder:70632430,70632430,Obec Písečná,obec,1,1,1151520,0,1151520,1,11955145,aggregate_candidate_needs_confirmation,,,,,https://monitor.statnipokladna.gov.cz/api/ukazatele?ic=70632430&obdobi=2512
2025,,single_school,founder:70805202,70805202,Obec Rokytnice,obec,1,1,598700,0,598700,1,4662914,aggregate_candidate_needs_confirmation,,,,,https://monitor.statnipokladna.gov.cz/api/ukazatele?ic=70805202&obdobi=2512
2025,,single_school,founder:70810877,70810877,Obec Mouřínov,obec,1,1,600000,0,600000,1,2816028,aggregate_candidate_needs_confirmation,,,,,https://monitor.statnipokladna.gov.cz/api/ukazatele?ic=70810877&obdobi=2512
2025,,single_school,founder:72086718,72086718,Obec Libhošť,obec,1,1,1988000,0,1988000,1,17111353,aggregate_candidate_needs_confirmation,,,,,https://monitor.statnipokladna.gov.cz/api/ukazatele?ic=72086718&obdobi=2512
2025,,single_school,founder:75082128,75082128,Obec Ladná,obec,1,2,3036913,162092,3199005,1,14934974,aggregate_candidate_needs_confirmation,,,,,https://monitor.statnipokladna.gov.cz/api/ukazatele?ic=75082128&obdobi=2512
2025,,single_school,founder:75082144,75082144,Obec Držovice,obec,1,1,1000000,0,1000000,1,8434916,aggregate_candidate_needs_confirmation,,,,,https://monitor.statnipokladna.gov.cz/api/ukazatele?ic=75082144&obdobi=2512
2025,,single_school,founder:75158094,75158094,Obec Želechovice nad Dřevnicí,obec,1,2,5000000,103365,5103365,1,49973221,aggregate_candidate_needs_confirmation,,,,,https://monitor.statnipokladna.gov.cz/api/ukazatele?ic=75158094&obdobi=2512
